<?xml version="1.0" encoding="UTF-8"?>
<gpx version="1.1" creator="Rana Sykkelklubb - https://ranasykkelklubb.no" xmlns="http://www.topografix.com/GPX/1/1" xmlns:xsi="http://www.w3.org/2001/XMLSchema-instance" xsi:schemaLocation="http://www.topografix.com/GPX/1/1 http://www.topografix.com/GPX/1/1/gpx.xsd">
  <metadata>
    <name>Dunderlandsdalen Skogsbilveier (Gravel Trail)</name>
    <desc>Dunderlandsdalen Skogsbilveier (Gravel Trail)</desc>
    <author>
      <name>Rana Sykkelklubb</name>
    </author>
  </metadata>
  <wpt lat="66.402000" lon="14.520000">
    <name>Start: Storforshei</name>
    <desc>Parkering ved idrettsbanen / stasjonen.</desc>
  </wpt>
  <wpt lat="66.455000" lon="14.710000">
    <name>Dunderland Grusplatå</name>
    <desc>Stille skogsbilveier langs elvebredden.</desc>
  </wpt>
  <trk>
    <name>Dunderlandsdalen Skogsbilveier (Gravel Trail)</name>
    <trkseg>
      <trkpt lat="66.401992" lon="14.517920"></trkpt>
      <trkpt lat="66.401942" lon="14.517920"></trkpt>
      <trkpt lat="66.401895" lon="14.517869"></trkpt>
      <trkpt lat="66.401851" lon="14.517843"></trkpt>
      <trkpt lat="66.401673" lon="14.517864"></trkpt>
      <trkpt lat="66.401622" lon="14.517824"></trkpt>
      <trkpt lat="66.401481" lon="14.517626"></trkpt>
      <trkpt lat="66.401489" lon="14.517391"></trkpt>
      <trkpt lat="66.401493" lon="14.516800"></trkpt>
      <trkpt lat="66.401516" lon="14.516432"></trkpt>
      <trkpt lat="66.401632" lon="14.515586"></trkpt>
      <trkpt lat="66.401659" lon="14.515450"></trkpt>
      <trkpt lat="66.401725" lon="14.515186"></trkpt>
      <trkpt lat="66.401824" lon="14.514913"></trkpt>
      <trkpt lat="66.401882" lon="14.514786"></trkpt>
      <trkpt lat="66.401910" lon="14.514725"></trkpt>
      <trkpt lat="66.401971" lon="14.514609"></trkpt>
      <trkpt lat="66.402043" lon="14.514488"></trkpt>
      <trkpt lat="66.402131" lon="14.514352"></trkpt>
      <trkpt lat="66.402237" lon="14.514236"></trkpt>
      <trkpt lat="66.402384" lon="14.514073"></trkpt>
      <trkpt lat="66.402519" lon="14.513901"></trkpt>
      <trkpt lat="66.402602" lon="14.513823"></trkpt>
      <trkpt lat="66.402685" lon="14.513770"></trkpt>
      <trkpt lat="66.402720" lon="14.513727"></trkpt>
      <trkpt lat="66.402896" lon="14.513592"></trkpt>
      <trkpt lat="66.403177" lon="14.513441"></trkpt>
      <trkpt lat="66.403368" lon="14.513383"></trkpt>
      <trkpt lat="66.403761" lon="14.513340"></trkpt>
      <trkpt lat="66.403854" lon="14.513327"></trkpt>
      <trkpt lat="66.403879" lon="14.513437"></trkpt>
      <trkpt lat="66.403921" lon="14.513625"></trkpt>
      <trkpt lat="66.403968" lon="14.513922"></trkpt>
      <trkpt lat="66.404023" lon="14.514189"></trkpt>
      <trkpt lat="66.404092" lon="14.514421"></trkpt>
      <trkpt lat="66.404167" lon="14.514596"></trkpt>
      <trkpt lat="66.404202" lon="14.514667"></trkpt>
      <trkpt lat="66.404285" lon="14.514790"></trkpt>
      <trkpt lat="66.404387" lon="14.514941"></trkpt>
      <trkpt lat="66.404423" lon="14.514963"></trkpt>
      <trkpt lat="66.404458" lon="14.514959"></trkpt>
      <trkpt lat="66.404473" lon="14.515023"></trkpt>
      <trkpt lat="66.404504" lon="14.515110"></trkpt>
      <trkpt lat="66.404530" lon="14.515167"></trkpt>
      <trkpt lat="66.404704" lon="14.515557"></trkpt>
      <trkpt lat="66.404804" lon="14.515795"></trkpt>
      <trkpt lat="66.404877" lon="14.515948"></trkpt>
      <trkpt lat="66.404950" lon="14.516057"></trkpt>
      <trkpt lat="66.405043" lon="14.516148"></trkpt>
      <trkpt lat="66.405157" lon="14.516234"></trkpt>
      <trkpt lat="66.405301" lon="14.516313"></trkpt>
      <trkpt lat="66.405413" lon="14.516405"></trkpt>
      <trkpt lat="66.405612" lon="14.516659"></trkpt>
      <trkpt lat="66.405534" lon="14.517132"></trkpt>
      <trkpt lat="66.405426" lon="14.517768"></trkpt>
      <trkpt lat="66.405372" lon="14.518212"></trkpt>
      <trkpt lat="66.405345" lon="14.518320"></trkpt>
      <trkpt lat="66.405353" lon="14.518474"></trkpt>
      <trkpt lat="66.405361" lon="14.518735"></trkpt>
      <trkpt lat="66.405369" lon="14.519156"></trkpt>
      <trkpt lat="66.405385" lon="14.520039"></trkpt>
      <trkpt lat="66.405402" lon="14.521342"></trkpt>
      <trkpt lat="66.405423" lon="14.522724"></trkpt>
      <trkpt lat="66.405416" lon="14.523963"></trkpt>
      <trkpt lat="66.405396" lon="14.524506"></trkpt>
      <trkpt lat="66.405377" lon="14.524804"></trkpt>
      <trkpt lat="66.405330" lon="14.525312"></trkpt>
      <trkpt lat="66.405274" lon="14.525719"></trkpt>
      <trkpt lat="66.405227" lon="14.525921"></trkpt>
      <trkpt lat="66.405141" lon="14.526236"></trkpt>
      <trkpt lat="66.405070" lon="14.526428"></trkpt>
      <trkpt lat="66.404979" lon="14.526639"></trkpt>
      <trkpt lat="66.404884" lon="14.526828"></trkpt>
      <trkpt lat="66.404735" lon="14.527152"></trkpt>
      <trkpt lat="66.404515" lon="14.527664"></trkpt>
      <trkpt lat="66.404501" lon="14.527638"></trkpt>
      <trkpt lat="66.404485" lon="14.527624"></trkpt>
      <trkpt lat="66.404468" lon="14.527623"></trkpt>
      <trkpt lat="66.404452" lon="14.527635"></trkpt>
      <trkpt lat="66.404438" lon="14.527659"></trkpt>
      <trkpt lat="66.404428" lon="14.527690"></trkpt>
      <trkpt lat="66.404422" lon="14.527727"></trkpt>
      <trkpt lat="66.404420" lon="14.527767"></trkpt>
      <trkpt lat="66.404423" lon="14.527806"></trkpt>
      <trkpt lat="66.404431" lon="14.527842"></trkpt>
      <trkpt lat="66.404328" lon="14.528044"></trkpt>
      <trkpt lat="66.404289" lon="14.528126"></trkpt>
      <trkpt lat="66.404223" lon="14.528267"></trkpt>
      <trkpt lat="66.404159" lon="14.528451"></trkpt>
      <trkpt lat="66.404089" lon="14.528691"></trkpt>
      <trkpt lat="66.404033" lon="14.528940"></trkpt>
      <trkpt lat="66.403810" lon="14.530138"></trkpt>
      <trkpt lat="66.403621" lon="14.531111"></trkpt>
      <trkpt lat="66.403483" lon="14.531836"></trkpt>
      <trkpt lat="66.403336" lon="14.532605"></trkpt>
      <trkpt lat="66.403307" lon="14.532756"></trkpt>
      <trkpt lat="66.403107" lon="14.533796"></trkpt>
      <trkpt lat="66.403009" lon="14.534335"></trkpt>
      <trkpt lat="66.403029" lon="14.534517"></trkpt>
      <trkpt lat="66.403036" lon="14.534660"></trkpt>
      <trkpt lat="66.403038" lon="14.534876"></trkpt>
      <trkpt lat="66.403017" lon="14.535500"></trkpt>
      <trkpt lat="66.403015" lon="14.535737"></trkpt>
      <trkpt lat="66.403025" lon="14.535966"></trkpt>
      <trkpt lat="66.403041" lon="14.536175"></trkpt>
      <trkpt lat="66.403065" lon="14.536373"></trkpt>
      <trkpt lat="66.403098" lon="14.536572"></trkpt>
      <trkpt lat="66.403149" lon="14.536800"></trkpt>
      <trkpt lat="66.403187" lon="14.536955"></trkpt>
      <trkpt lat="66.403268" lon="14.537197"></trkpt>
      <trkpt lat="66.403329" lon="14.537385"></trkpt>
      <trkpt lat="66.403392" lon="14.537586"></trkpt>
      <trkpt lat="66.403432" lon="14.537766"></trkpt>
      <trkpt lat="66.403466" lon="14.537958"></trkpt>
      <trkpt lat="66.403492" lon="14.538158"></trkpt>
      <trkpt lat="66.403527" lon="14.538458"></trkpt>
      <trkpt lat="66.403584" lon="14.539051"></trkpt>
      <trkpt lat="66.403627" lon="14.539544"></trkpt>
      <trkpt lat="66.403653" lon="14.539937"></trkpt>
      <trkpt lat="66.403664" lon="14.540328"></trkpt>
      <trkpt lat="66.403679" lon="14.541053"></trkpt>
      <trkpt lat="66.403719" lon="14.542084"></trkpt>
      <trkpt lat="66.403789" lon="14.543423"></trkpt>
      <trkpt lat="66.403916" lon="14.546081"></trkpt>
      <trkpt lat="66.403923" lon="14.546430"></trkpt>
      <trkpt lat="66.403921" lon="14.546702"></trkpt>
      <trkpt lat="66.403908" lon="14.546997"></trkpt>
      <trkpt lat="66.403766" lon="14.549093"></trkpt>
      <trkpt lat="66.403743" lon="14.549304"></trkpt>
      <trkpt lat="66.403712" lon="14.549505"></trkpt>
      <trkpt lat="66.403676" lon="14.549699"></trkpt>
      <trkpt lat="66.403574" lon="14.550171"></trkpt>
      <trkpt lat="66.403533" lon="14.550418"></trkpt>
      <trkpt lat="66.403500" lon="14.550682"></trkpt>
      <trkpt lat="66.403473" lon="14.550954"></trkpt>
      <trkpt lat="66.403451" lon="14.551314"></trkpt>
      <trkpt lat="66.403437" lon="14.551692"></trkpt>
      <trkpt lat="66.403429" lon="14.552119"></trkpt>
      <trkpt lat="66.403427" lon="14.552532"></trkpt>
      <trkpt lat="66.403431" lon="14.552737"></trkpt>
      <trkpt lat="66.403444" lon="14.552914"></trkpt>
      <trkpt lat="66.403470" lon="14.553091"></trkpt>
      <trkpt lat="66.403504" lon="14.553265"></trkpt>
      <trkpt lat="66.403571" lon="14.553464"></trkpt>
      <trkpt lat="66.403632" lon="14.553615"></trkpt>
      <trkpt lat="66.403687" lon="14.553704"></trkpt>
      <trkpt lat="66.403747" lon="14.553776"></trkpt>
      <trkpt lat="66.403803" lon="14.553812"></trkpt>
      <trkpt lat="66.403866" lon="14.553842"></trkpt>
      <trkpt lat="66.404044" lon="14.553874"></trkpt>
      <trkpt lat="66.404102" lon="14.553908"></trkpt>
      <trkpt lat="66.404145" lon="14.553956"></trkpt>
      <trkpt lat="66.404184" lon="14.554024"></trkpt>
      <trkpt lat="66.404214" lon="14.554111"></trkpt>
      <trkpt lat="66.404245" lon="14.554227"></trkpt>
      <trkpt lat="66.404274" lon="14.554390"></trkpt>
      <trkpt lat="66.404291" lon="14.554581"></trkpt>
      <trkpt lat="66.404297" lon="14.554747"></trkpt>
      <trkpt lat="66.404297" lon="14.554946"></trkpt>
      <trkpt lat="66.404287" lon="14.555258"></trkpt>
      <trkpt lat="66.404153" lon="14.558439"></trkpt>
      <trkpt lat="66.404104" lon="14.559126"></trkpt>
      <trkpt lat="66.404068" lon="14.559462"></trkpt>
      <trkpt lat="66.404050" lon="14.559577"></trkpt>
      <trkpt lat="66.404009" lon="14.559775"></trkpt>
      <trkpt lat="66.403963" lon="14.559948"></trkpt>
      <trkpt lat="66.403915" lon="14.560085"></trkpt>
      <trkpt lat="66.403673" lon="14.560687"></trkpt>
      <trkpt lat="66.403482" lon="14.561195"></trkpt>
      <trkpt lat="66.403285" lon="14.561764"></trkpt>
      <trkpt lat="66.403042" lon="14.562468"></trkpt>
      <trkpt lat="66.402646" lon="14.563606"></trkpt>
      <trkpt lat="66.402483" lon="14.564105"></trkpt>
      <trkpt lat="66.402445" lon="14.564218"></trkpt>
      <trkpt lat="66.402276" lon="14.564661"></trkpt>
      <trkpt lat="66.402185" lon="14.564911"></trkpt>
      <trkpt lat="66.402120" lon="14.565125"></trkpt>
      <trkpt lat="66.402063" lon="14.565373"></trkpt>
      <trkpt lat="66.402014" lon="14.565633"></trkpt>
      <trkpt lat="66.401986" lon="14.565853"></trkpt>
      <trkpt lat="66.401967" lon="14.566079"></trkpt>
      <trkpt lat="66.401956" lon="14.566360"></trkpt>
      <trkpt lat="66.401951" lon="14.566672"></trkpt>
      <trkpt lat="66.401959" lon="14.567135"></trkpt>
      <trkpt lat="66.401983" lon="14.567718"></trkpt>
      <trkpt lat="66.401987" lon="14.568166"></trkpt>
      <trkpt lat="66.401981" lon="14.568640"></trkpt>
      <trkpt lat="66.401952" lon="14.569586"></trkpt>
      <trkpt lat="66.401935" lon="14.569993"></trkpt>
      <trkpt lat="66.401904" lon="14.570427"></trkpt>
      <trkpt lat="66.401870" lon="14.570757"></trkpt>
      <trkpt lat="66.401830" lon="14.571072"></trkpt>
      <trkpt lat="66.401781" lon="14.571385"></trkpt>
      <trkpt lat="66.401736" lon="14.571744"></trkpt>
      <trkpt lat="66.401696" lon="14.572113"></trkpt>
      <trkpt lat="66.401662" lon="14.572400"></trkpt>
      <trkpt lat="66.401583" lon="14.572853"></trkpt>
      <trkpt lat="66.401485" lon="14.573328"></trkpt>
      <trkpt lat="66.401449" lon="14.573556"></trkpt>
      <trkpt lat="66.401434" lon="14.573733"></trkpt>
      <trkpt lat="66.401425" lon="14.573930"></trkpt>
      <trkpt lat="66.401426" lon="14.574133"></trkpt>
      <trkpt lat="66.401438" lon="14.574530"></trkpt>
      <trkpt lat="66.401472" lon="14.575305"></trkpt>
      <trkpt lat="66.401477" lon="14.575662"></trkpt>
      <trkpt lat="66.401466" lon="14.576115"></trkpt>
      <trkpt lat="66.401443" lon="14.576686"></trkpt>
      <trkpt lat="66.401414" lon="14.577081"></trkpt>
      <trkpt lat="66.401374" lon="14.577398"></trkpt>
      <trkpt lat="66.401316" lon="14.577767"></trkpt>
      <trkpt lat="66.401198" lon="14.578478"></trkpt>
      <trkpt lat="66.401158" lon="14.578659"></trkpt>
      <trkpt lat="66.401101" lon="14.578859"></trkpt>
      <trkpt lat="66.401051" lon="14.578996"></trkpt>
      <trkpt lat="66.400976" lon="14.579189"></trkpt>
      <trkpt lat="66.400911" lon="14.579386"></trkpt>
      <trkpt lat="66.400864" lon="14.579548"></trkpt>
      <trkpt lat="66.400817" lon="14.579772"></trkpt>
      <trkpt lat="66.400785" lon="14.580003"></trkpt>
      <trkpt lat="66.400743" lon="14.580243"></trkpt>
      <trkpt lat="66.400697" lon="14.580461"></trkpt>
      <trkpt lat="66.400634" lon="14.580704"></trkpt>
      <trkpt lat="66.400536" lon="14.581042"></trkpt>
      <trkpt lat="66.400481" lon="14.581280"></trkpt>
      <trkpt lat="66.400446" lon="14.581491"></trkpt>
      <trkpt lat="66.400418" lon="14.581718"></trkpt>
      <trkpt lat="66.400399" lon="14.581963"></trkpt>
      <trkpt lat="66.400370" lon="14.582619"></trkpt>
      <trkpt lat="66.400361" lon="14.583085"></trkpt>
      <trkpt lat="66.400361" lon="14.583385"></trkpt>
      <trkpt lat="66.400355" lon="14.583581"></trkpt>
      <trkpt lat="66.400339" lon="14.583797"></trkpt>
      <trkpt lat="66.400297" lon="14.584225"></trkpt>
      <trkpt lat="66.400280" lon="14.584432"></trkpt>
      <trkpt lat="66.400278" lon="14.584588"></trkpt>
      <trkpt lat="66.400282" lon="14.584732"></trkpt>
      <trkpt lat="66.400295" lon="14.584942"></trkpt>
      <trkpt lat="66.400347" lon="14.585513"></trkpt>
      <trkpt lat="66.400389" lon="14.585833"></trkpt>
      <trkpt lat="66.400438" lon="14.586166"></trkpt>
      <trkpt lat="66.400493" lon="14.586394"></trkpt>
      <trkpt lat="66.400539" lon="14.586555"></trkpt>
      <trkpt lat="66.400591" lon="14.586672"></trkpt>
      <trkpt lat="66.400708" lon="14.586920"></trkpt>
      <trkpt lat="66.400764" lon="14.587066"></trkpt>
      <trkpt lat="66.400800" lon="14.587211"></trkpt>
      <trkpt lat="66.400822" lon="14.587341"></trkpt>
      <trkpt lat="66.400837" lon="14.587522"></trkpt>
      <trkpt lat="66.400836" lon="14.587726"></trkpt>
      <trkpt lat="66.400823" lon="14.587922"></trkpt>
      <trkpt lat="66.400769" lon="14.588418"></trkpt>
      <trkpt lat="66.400756" lon="14.588614"></trkpt>
      <trkpt lat="66.400750" lon="14.588799"></trkpt>
      <trkpt lat="66.400758" lon="14.589035"></trkpt>
      <trkpt lat="66.400796" lon="14.589581"></trkpt>
      <trkpt lat="66.400803" lon="14.589796"></trkpt>
      <trkpt lat="66.400796" lon="14.589990"></trkpt>
      <trkpt lat="66.400778" lon="14.590211"></trkpt>
      <trkpt lat="66.400721" lon="14.590662"></trkpt>
      <trkpt lat="66.400708" lon="14.590839"></trkpt>
      <trkpt lat="66.400702" lon="14.591008"></trkpt>
      <trkpt lat="66.400706" lon="14.591155"></trkpt>
      <trkpt lat="66.400729" lon="14.591429"></trkpt>
      <trkpt lat="66.400746" lon="14.591697"></trkpt>
      <trkpt lat="66.400754" lon="14.591996"></trkpt>
      <trkpt lat="66.400752" lon="14.592273"></trkpt>
      <trkpt lat="66.400725" lon="14.592997"></trkpt>
      <trkpt lat="66.400720" lon="14.593485"></trkpt>
      <trkpt lat="66.400714" lon="14.593687"></trkpt>
      <trkpt lat="66.400691" lon="14.593976"></trkpt>
      <trkpt lat="66.400658" lon="14.594272"></trkpt>
      <trkpt lat="66.400605" lon="14.594678"></trkpt>
      <trkpt lat="66.400428" lon="14.595781"></trkpt>
      <trkpt lat="66.400388" lon="14.596084"></trkpt>
      <trkpt lat="66.400373" lon="14.596293"></trkpt>
      <trkpt lat="66.400369" lon="14.596462"></trkpt>
      <trkpt lat="66.400374" lon="14.596627"></trkpt>
      <trkpt lat="66.400387" lon="14.596795"></trkpt>
      <trkpt lat="66.400414" lon="14.597007"></trkpt>
      <trkpt lat="66.400454" lon="14.597249"></trkpt>
      <trkpt lat="66.400511" lon="14.597526"></trkpt>
      <trkpt lat="66.400634" lon="14.598043"></trkpt>
      <trkpt lat="66.400688" lon="14.598361"></trkpt>
      <trkpt lat="66.400723" lon="14.598633"></trkpt>
      <trkpt lat="66.400743" lon="14.598890"></trkpt>
      <trkpt lat="66.400756" lon="14.599154"></trkpt>
      <trkpt lat="66.400763" lon="14.599446"></trkpt>
      <trkpt lat="66.400758" lon="14.599705"></trkpt>
      <trkpt lat="66.400736" lon="14.600113"></trkpt>
      <trkpt lat="66.400707" lon="14.600748"></trkpt>
      <trkpt lat="66.400705" lon="14.600959"></trkpt>
      <trkpt lat="66.400719" lon="14.601219"></trkpt>
      <trkpt lat="66.400728" lon="14.601442"></trkpt>
      <trkpt lat="66.400729" lon="14.601710"></trkpt>
      <trkpt lat="66.400700" lon="14.602995"></trkpt>
      <trkpt lat="66.400700" lon="14.603475"></trkpt>
      <trkpt lat="66.400713" lon="14.604117"></trkpt>
      <trkpt lat="66.400715" lon="14.604483"></trkpt>
      <trkpt lat="66.400710" lon="14.604702"></trkpt>
      <trkpt lat="66.400693" lon="14.604934"></trkpt>
      <trkpt lat="66.400637" lon="14.605626"></trkpt>
      <trkpt lat="66.400629" lon="14.605851"></trkpt>
      <trkpt lat="66.400631" lon="14.606047"></trkpt>
      <trkpt lat="66.400645" lon="14.606201"></trkpt>
      <trkpt lat="66.400664" lon="14.606334"></trkpt>
      <trkpt lat="66.400742" lon="14.606723"></trkpt>
      <trkpt lat="66.400794" lon="14.607027"></trkpt>
      <trkpt lat="66.400846" lon="14.607415"></trkpt>
      <trkpt lat="66.400897" lon="14.607879"></trkpt>
      <trkpt lat="66.400942" lon="14.608324"></trkpt>
      <trkpt lat="66.400966" lon="14.608486"></trkpt>
      <trkpt lat="66.401006" lon="14.608668"></trkpt>
      <trkpt lat="66.401054" lon="14.608827"></trkpt>
      <trkpt lat="66.401111" lon="14.608983"></trkpt>
      <trkpt lat="66.401186" lon="14.609145"></trkpt>
      <trkpt lat="66.401351" lon="14.609396"></trkpt>
      <trkpt lat="66.401419" lon="14.609518"></trkpt>
      <trkpt lat="66.401478" lon="14.609657"></trkpt>
      <trkpt lat="66.401529" lon="14.609821"></trkpt>
      <trkpt lat="66.401568" lon="14.609989"></trkpt>
      <trkpt lat="66.401686" lon="14.610604"></trkpt>
      <trkpt lat="66.401735" lon="14.610800"></trkpt>
      <trkpt lat="66.401825" lon="14.611084"></trkpt>
      <trkpt lat="66.402005" lon="14.611540"></trkpt>
      <trkpt lat="66.402263" lon="14.612138"></trkpt>
      <trkpt lat="66.402474" lon="14.612657"></trkpt>
      <trkpt lat="66.402515" lon="14.612789"></trkpt>
      <trkpt lat="66.402554" lon="14.612951"></trkpt>
      <trkpt lat="66.402574" lon="14.613091"></trkpt>
      <trkpt lat="66.402586" lon="14.613286"></trkpt>
      <trkpt lat="66.402596" lon="14.613627"></trkpt>
      <trkpt lat="66.402611" lon="14.613922"></trkpt>
      <trkpt lat="66.402570" lon="14.613961"></trkpt>
      <trkpt lat="66.402533" lon="14.614021"></trkpt>
      <trkpt lat="66.402493" lon="14.614124"></trkpt>
      <trkpt lat="66.402443" lon="14.614292"></trkpt>
      <trkpt lat="66.402364" lon="14.614631"></trkpt>
      <trkpt lat="66.402301" lon="14.615003"></trkpt>
      <trkpt lat="66.402247" lon="14.615420"></trkpt>
      <trkpt lat="66.402221" lon="14.615714"></trkpt>
      <trkpt lat="66.402211" lon="14.615935"></trkpt>
      <trkpt lat="66.402219" lon="14.616156"></trkpt>
      <trkpt lat="66.402242" lon="14.616497"></trkpt>
      <trkpt lat="66.402254" lon="14.616760"></trkpt>
      <trkpt lat="66.402249" lon="14.616986"></trkpt>
      <trkpt lat="66.402220" lon="14.617308"></trkpt>
      <trkpt lat="66.402152" lon="14.617840"></trkpt>
      <trkpt lat="66.401983" lon="14.618572"></trkpt>
      <trkpt lat="66.401882" lon="14.619055"></trkpt>
      <trkpt lat="66.401854" lon="14.619260"></trkpt>
      <trkpt lat="66.401841" lon="14.619460"></trkpt>
      <trkpt lat="66.401836" lon="14.619687"></trkpt>
      <trkpt lat="66.401848" lon="14.620099"></trkpt>
      <trkpt lat="66.401873" lon="14.620444"></trkpt>
      <trkpt lat="66.401901" lon="14.620715"></trkpt>
      <trkpt lat="66.401949" lon="14.621074"></trkpt>
      <trkpt lat="66.401980" lon="14.621238"></trkpt>
      <trkpt lat="66.402007" lon="14.621349"></trkpt>
      <trkpt lat="66.402046" lon="14.621446"></trkpt>
      <trkpt lat="66.402104" lon="14.621556"></trkpt>
      <trkpt lat="66.402181" lon="14.621674"></trkpt>
      <trkpt lat="66.402337" lon="14.621853"></trkpt>
      <trkpt lat="66.402419" lon="14.622006"></trkpt>
      <trkpt lat="66.402489" lon="14.622148"></trkpt>
      <trkpt lat="66.402552" lon="14.622307"></trkpt>
      <trkpt lat="66.402649" lon="14.622649"></trkpt>
      <trkpt lat="66.402743" lon="14.623072"></trkpt>
      <trkpt lat="66.402812" lon="14.623504"></trkpt>
      <trkpt lat="66.402870" lon="14.623941"></trkpt>
      <trkpt lat="66.403027" lon="14.624710"></trkpt>
      <trkpt lat="66.403070" lon="14.624960"></trkpt>
      <trkpt lat="66.403091" lon="14.625179"></trkpt>
      <trkpt lat="66.403101" lon="14.625329"></trkpt>
      <trkpt lat="66.403096" lon="14.625528"></trkpt>
      <trkpt lat="66.403075" lon="14.625969"></trkpt>
      <trkpt lat="66.403046" lon="14.626441"></trkpt>
      <trkpt lat="66.403013" lon="14.626951"></trkpt>
      <trkpt lat="66.402975" lon="14.627572"></trkpt>
      <trkpt lat="66.402937" lon="14.628064"></trkpt>
      <trkpt lat="66.402850" lon="14.628821"></trkpt>
      <trkpt lat="66.402822" lon="14.629117"></trkpt>
      <trkpt lat="66.402783" lon="14.629545"></trkpt>
      <trkpt lat="66.402776" lon="14.629874"></trkpt>
      <trkpt lat="66.402821" lon="14.630594"></trkpt>
      <trkpt lat="66.402844" lon="14.631340"></trkpt>
      <trkpt lat="66.402844" lon="14.631980"></trkpt>
      <trkpt lat="66.402851" lon="14.632233"></trkpt>
      <trkpt lat="66.402869" lon="14.632418"></trkpt>
      <trkpt lat="66.402898" lon="14.632575"></trkpt>
      <trkpt lat="66.402976" lon="14.632905"></trkpt>
      <trkpt lat="66.403070" lon="14.633412"></trkpt>
      <trkpt lat="66.403188" lon="14.633815"></trkpt>
      <trkpt lat="66.403287" lon="14.634087"></trkpt>
      <trkpt lat="66.403340" lon="14.634196"></trkpt>
      <trkpt lat="66.403514" lon="14.634471"></trkpt>
      <trkpt lat="66.403559" lon="14.634573"></trkpt>
      <trkpt lat="66.403668" lon="14.634921"></trkpt>
      <trkpt lat="66.403697" lon="14.635055"></trkpt>
      <trkpt lat="66.403837" lon="14.635941"></trkpt>
      <trkpt lat="66.403854" lon="14.636111"></trkpt>
      <trkpt lat="66.403871" lon="14.636431"></trkpt>
      <trkpt lat="66.403965" lon="14.637316"></trkpt>
      <trkpt lat="66.404068" lon="14.637792"></trkpt>
      <trkpt lat="66.404095" lon="14.637959"></trkpt>
      <trkpt lat="66.404208" lon="14.638455"></trkpt>
      <trkpt lat="66.404359" lon="14.638902"></trkpt>
      <trkpt lat="66.404433" lon="14.639228"></trkpt>
      <trkpt lat="66.404513" lon="14.639489"></trkpt>
      <trkpt lat="66.404634" lon="14.640054"></trkpt>
      <trkpt lat="66.404676" lon="14.640165"></trkpt>
      <trkpt lat="66.404844" lon="14.640496"></trkpt>
      <trkpt lat="66.404987" lon="14.640749"></trkpt>
      <trkpt lat="66.405032" lon="14.640850"></trkpt>
      <trkpt lat="66.405141" lon="14.641020"></trkpt>
      <trkpt lat="66.405322" lon="14.641235"></trkpt>
      <trkpt lat="66.405369" lon="14.641313"></trkpt>
      <trkpt lat="66.405403" lon="14.641413"></trkpt>
      <trkpt lat="66.405444" lon="14.641627"></trkpt>
      <trkpt lat="66.405464" lon="14.641893"></trkpt>
      <trkpt lat="66.405472" lon="14.642849"></trkpt>
      <trkpt lat="66.405491" lon="14.642970"></trkpt>
      <trkpt lat="66.405524" lon="14.643070"></trkpt>
      <trkpt lat="66.405566" lon="14.643132"></trkpt>
      <trkpt lat="66.405783" lon="14.643161"></trkpt>
      <trkpt lat="66.405898" lon="14.643246"></trkpt>
      <trkpt lat="66.406121" lon="14.643521"></trkpt>
      <trkpt lat="66.406176" lon="14.643639"></trkpt>
      <trkpt lat="66.406215" lon="14.643768"></trkpt>
      <trkpt lat="66.406242" lon="14.643902"></trkpt>
      <trkpt lat="66.406265" lon="14.644092"></trkpt>
      <trkpt lat="66.406282" lon="14.644392"></trkpt>
      <trkpt lat="66.406279" lon="14.644873"></trkpt>
      <trkpt lat="66.406258" lon="14.645435"></trkpt>
      <trkpt lat="66.406262" lon="14.645567"></trkpt>
      <trkpt lat="66.406276" lon="14.645686"></trkpt>
      <trkpt lat="66.406417" lon="14.646154"></trkpt>
      <trkpt lat="66.406505" lon="14.646321"></trkpt>
      <trkpt lat="66.406638" lon="14.646527"></trkpt>
      <trkpt lat="66.406747" lon="14.646723"></trkpt>
      <trkpt lat="66.406797" lon="14.646827"></trkpt>
      <trkpt lat="66.406836" lon="14.646936"></trkpt>
      <trkpt lat="66.407043" lon="14.647571"></trkpt>
      <trkpt lat="66.407205" lon="14.648239"></trkpt>
      <trkpt lat="66.407323" lon="14.648752"></trkpt>
      <trkpt lat="66.407352" lon="14.648864"></trkpt>
      <trkpt lat="66.407413" lon="14.649127"></trkpt>
      <trkpt lat="66.407546" lon="14.649594"></trkpt>
      <trkpt lat="66.407680" lon="14.650039"></trkpt>
      <trkpt lat="66.407755" lon="14.650239"></trkpt>
      <trkpt lat="66.407814" lon="14.650373"></trkpt>
      <trkpt lat="66.407896" lon="14.650521"></trkpt>
      <trkpt lat="66.408076" lon="14.650784"></trkpt>
      <trkpt lat="66.408329" lon="14.651107"></trkpt>
      <trkpt lat="66.408399" lon="14.651213"></trkpt>
      <trkpt lat="66.408443" lon="14.651315"></trkpt>
      <trkpt lat="66.408479" lon="14.651419"></trkpt>
      <trkpt lat="66.408508" lon="14.651539"></trkpt>
      <trkpt lat="66.408543" lon="14.651769"></trkpt>
      <trkpt lat="66.408571" lon="14.651983"></trkpt>
      <trkpt lat="66.408601" lon="14.652141"></trkpt>
      <trkpt lat="66.408640" lon="14.652276"></trkpt>
      <trkpt lat="66.408689" lon="14.652409"></trkpt>
      <trkpt lat="66.408747" lon="14.652523"></trkpt>
      <trkpt lat="66.408877" lon="14.652754"></trkpt>
      <trkpt lat="66.408950" lon="14.652864"></trkpt>
      <trkpt lat="66.408950" lon="14.652864"></trkpt>
      <trkpt lat="66.408877" lon="14.652754"></trkpt>
      <trkpt lat="66.408747" lon="14.652523"></trkpt>
      <trkpt lat="66.408689" lon="14.652409"></trkpt>
      <trkpt lat="66.408640" lon="14.652276"></trkpt>
      <trkpt lat="66.408601" lon="14.652141"></trkpt>
      <trkpt lat="66.408571" lon="14.651983"></trkpt>
      <trkpt lat="66.408543" lon="14.651769"></trkpt>
      <trkpt lat="66.408508" lon="14.651539"></trkpt>
      <trkpt lat="66.408479" lon="14.651419"></trkpt>
      <trkpt lat="66.408443" lon="14.651315"></trkpt>
      <trkpt lat="66.408399" lon="14.651213"></trkpt>
      <trkpt lat="66.408329" lon="14.651107"></trkpt>
      <trkpt lat="66.408076" lon="14.650784"></trkpt>
      <trkpt lat="66.407896" lon="14.650521"></trkpt>
      <trkpt lat="66.407814" lon="14.650373"></trkpt>
      <trkpt lat="66.407755" lon="14.650239"></trkpt>
      <trkpt lat="66.407680" lon="14.650039"></trkpt>
      <trkpt lat="66.407546" lon="14.649594"></trkpt>
      <trkpt lat="66.407413" lon="14.649127"></trkpt>
      <trkpt lat="66.407352" lon="14.648864"></trkpt>
      <trkpt lat="66.407323" lon="14.648752"></trkpt>
      <trkpt lat="66.407205" lon="14.648239"></trkpt>
      <trkpt lat="66.407043" lon="14.647571"></trkpt>
      <trkpt lat="66.406836" lon="14.646936"></trkpt>
      <trkpt lat="66.406797" lon="14.646827"></trkpt>
      <trkpt lat="66.406747" lon="14.646723"></trkpt>
      <trkpt lat="66.406638" lon="14.646527"></trkpt>
      <trkpt lat="66.406505" lon="14.646321"></trkpt>
      <trkpt lat="66.406417" lon="14.646154"></trkpt>
      <trkpt lat="66.406276" lon="14.645686"></trkpt>
      <trkpt lat="66.406262" lon="14.645567"></trkpt>
      <trkpt lat="66.406258" lon="14.645435"></trkpt>
      <trkpt lat="66.406279" lon="14.644873"></trkpt>
      <trkpt lat="66.406282" lon="14.644392"></trkpt>
      <trkpt lat="66.406265" lon="14.644092"></trkpt>
      <trkpt lat="66.406242" lon="14.643902"></trkpt>
      <trkpt lat="66.406215" lon="14.643768"></trkpt>
      <trkpt lat="66.406176" lon="14.643639"></trkpt>
      <trkpt lat="66.406121" lon="14.643521"></trkpt>
      <trkpt lat="66.405898" lon="14.643246"></trkpt>
      <trkpt lat="66.405783" lon="14.643161"></trkpt>
      <trkpt lat="66.405566" lon="14.643132"></trkpt>
      <trkpt lat="66.405524" lon="14.643070"></trkpt>
      <trkpt lat="66.405491" lon="14.642970"></trkpt>
      <trkpt lat="66.405472" lon="14.642849"></trkpt>
      <trkpt lat="66.405464" lon="14.641893"></trkpt>
      <trkpt lat="66.405444" lon="14.641627"></trkpt>
      <trkpt lat="66.405403" lon="14.641413"></trkpt>
      <trkpt lat="66.405369" lon="14.641313"></trkpt>
      <trkpt lat="66.405322" lon="14.641235"></trkpt>
      <trkpt lat="66.405141" lon="14.641020"></trkpt>
      <trkpt lat="66.405032" lon="14.640850"></trkpt>
      <trkpt lat="66.404987" lon="14.640749"></trkpt>
      <trkpt lat="66.404844" lon="14.640496"></trkpt>
      <trkpt lat="66.404676" lon="14.640165"></trkpt>
      <trkpt lat="66.404634" lon="14.640054"></trkpt>
      <trkpt lat="66.404513" lon="14.639489"></trkpt>
      <trkpt lat="66.404433" lon="14.639228"></trkpt>
      <trkpt lat="66.404359" lon="14.638902"></trkpt>
      <trkpt lat="66.404208" lon="14.638455"></trkpt>
      <trkpt lat="66.404095" lon="14.637959"></trkpt>
      <trkpt lat="66.404068" lon="14.637792"></trkpt>
      <trkpt lat="66.403965" lon="14.637316"></trkpt>
      <trkpt lat="66.403871" lon="14.636431"></trkpt>
      <trkpt lat="66.403854" lon="14.636111"></trkpt>
      <trkpt lat="66.403837" lon="14.635941"></trkpt>
      <trkpt lat="66.403697" lon="14.635055"></trkpt>
      <trkpt lat="66.403668" lon="14.634921"></trkpt>
      <trkpt lat="66.403559" lon="14.634573"></trkpt>
      <trkpt lat="66.403514" lon="14.634471"></trkpt>
      <trkpt lat="66.403340" lon="14.634196"></trkpt>
      <trkpt lat="66.403287" lon="14.634087"></trkpt>
      <trkpt lat="66.403188" lon="14.633815"></trkpt>
      <trkpt lat="66.403070" lon="14.633412"></trkpt>
      <trkpt lat="66.402976" lon="14.632905"></trkpt>
      <trkpt lat="66.402898" lon="14.632575"></trkpt>
      <trkpt lat="66.402869" lon="14.632418"></trkpt>
      <trkpt lat="66.402851" lon="14.632233"></trkpt>
      <trkpt lat="66.402844" lon="14.631980"></trkpt>
      <trkpt lat="66.402844" lon="14.631340"></trkpt>
      <trkpt lat="66.402821" lon="14.630594"></trkpt>
      <trkpt lat="66.402776" lon="14.629874"></trkpt>
      <trkpt lat="66.402783" lon="14.629545"></trkpt>
      <trkpt lat="66.402822" lon="14.629117"></trkpt>
      <trkpt lat="66.402850" lon="14.628821"></trkpt>
      <trkpt lat="66.402937" lon="14.628064"></trkpt>
      <trkpt lat="66.402975" lon="14.627572"></trkpt>
      <trkpt lat="66.403013" lon="14.626951"></trkpt>
      <trkpt lat="66.403046" lon="14.626441"></trkpt>
      <trkpt lat="66.403075" lon="14.625969"></trkpt>
      <trkpt lat="66.403096" lon="14.625528"></trkpt>
      <trkpt lat="66.403101" lon="14.625329"></trkpt>
      <trkpt lat="66.403091" lon="14.625179"></trkpt>
      <trkpt lat="66.403070" lon="14.624960"></trkpt>
      <trkpt lat="66.403027" lon="14.624710"></trkpt>
      <trkpt lat="66.402870" lon="14.623941"></trkpt>
      <trkpt lat="66.402812" lon="14.623504"></trkpt>
      <trkpt lat="66.402743" lon="14.623072"></trkpt>
      <trkpt lat="66.402649" lon="14.622649"></trkpt>
      <trkpt lat="66.402552" lon="14.622307"></trkpt>
      <trkpt lat="66.402489" lon="14.622148"></trkpt>
      <trkpt lat="66.402419" lon="14.622006"></trkpt>
      <trkpt lat="66.402337" lon="14.621853"></trkpt>
      <trkpt lat="66.402181" lon="14.621674"></trkpt>
      <trkpt lat="66.402104" lon="14.621556"></trkpt>
      <trkpt lat="66.402046" lon="14.621446"></trkpt>
      <trkpt lat="66.402007" lon="14.621349"></trkpt>
      <trkpt lat="66.401980" lon="14.621238"></trkpt>
      <trkpt lat="66.401949" lon="14.621074"></trkpt>
      <trkpt lat="66.401901" lon="14.620715"></trkpt>
      <trkpt lat="66.401873" lon="14.620444"></trkpt>
      <trkpt lat="66.401848" lon="14.620099"></trkpt>
      <trkpt lat="66.401836" lon="14.619687"></trkpt>
      <trkpt lat="66.401841" lon="14.619460"></trkpt>
      <trkpt lat="66.401854" lon="14.619260"></trkpt>
      <trkpt lat="66.401882" lon="14.619055"></trkpt>
      <trkpt lat="66.401983" lon="14.618572"></trkpt>
      <trkpt lat="66.402152" lon="14.617840"></trkpt>
      <trkpt lat="66.402220" lon="14.617308"></trkpt>
      <trkpt lat="66.402249" lon="14.616986"></trkpt>
      <trkpt lat="66.402254" lon="14.616760"></trkpt>
      <trkpt lat="66.402242" lon="14.616497"></trkpt>
      <trkpt lat="66.402219" lon="14.616156"></trkpt>
      <trkpt lat="66.402211" lon="14.615935"></trkpt>
      <trkpt lat="66.402221" lon="14.615714"></trkpt>
      <trkpt lat="66.402247" lon="14.615420"></trkpt>
      <trkpt lat="66.402301" lon="14.615003"></trkpt>
      <trkpt lat="66.402364" lon="14.614631"></trkpt>
      <trkpt lat="66.402443" lon="14.614292"></trkpt>
      <trkpt lat="66.402493" lon="14.614124"></trkpt>
      <trkpt lat="66.402533" lon="14.614021"></trkpt>
      <trkpt lat="66.402570" lon="14.613961"></trkpt>
      <trkpt lat="66.402611" lon="14.613922"></trkpt>
      <trkpt lat="66.402596" lon="14.613627"></trkpt>
      <trkpt lat="66.402586" lon="14.613286"></trkpt>
      <trkpt lat="66.402574" lon="14.613091"></trkpt>
      <trkpt lat="66.402554" lon="14.612951"></trkpt>
      <trkpt lat="66.402515" lon="14.612789"></trkpt>
      <trkpt lat="66.402474" lon="14.612657"></trkpt>
      <trkpt lat="66.402263" lon="14.612138"></trkpt>
      <trkpt lat="66.402005" lon="14.611540"></trkpt>
      <trkpt lat="66.401825" lon="14.611084"></trkpt>
      <trkpt lat="66.401735" lon="14.610800"></trkpt>
      <trkpt lat="66.401686" lon="14.610604"></trkpt>
      <trkpt lat="66.401568" lon="14.609989"></trkpt>
      <trkpt lat="66.401529" lon="14.609821"></trkpt>
      <trkpt lat="66.401478" lon="14.609657"></trkpt>
      <trkpt lat="66.401419" lon="14.609518"></trkpt>
      <trkpt lat="66.401351" lon="14.609396"></trkpt>
      <trkpt lat="66.401186" lon="14.609145"></trkpt>
      <trkpt lat="66.401111" lon="14.608983"></trkpt>
      <trkpt lat="66.401054" lon="14.608827"></trkpt>
      <trkpt lat="66.401006" lon="14.608668"></trkpt>
      <trkpt lat="66.400966" lon="14.608486"></trkpt>
      <trkpt lat="66.400942" lon="14.608324"></trkpt>
      <trkpt lat="66.400897" lon="14.607879"></trkpt>
      <trkpt lat="66.400846" lon="14.607415"></trkpt>
      <trkpt lat="66.400794" lon="14.607027"></trkpt>
      <trkpt lat="66.400742" lon="14.606723"></trkpt>
      <trkpt lat="66.400664" lon="14.606334"></trkpt>
      <trkpt lat="66.400645" lon="14.606201"></trkpt>
      <trkpt lat="66.400631" lon="14.606047"></trkpt>
      <trkpt lat="66.400629" lon="14.605851"></trkpt>
      <trkpt lat="66.400637" lon="14.605626"></trkpt>
      <trkpt lat="66.400693" lon="14.604934"></trkpt>
      <trkpt lat="66.400710" lon="14.604702"></trkpt>
      <trkpt lat="66.400715" lon="14.604483"></trkpt>
      <trkpt lat="66.400713" lon="14.604117"></trkpt>
      <trkpt lat="66.400700" lon="14.603475"></trkpt>
      <trkpt lat="66.400700" lon="14.602995"></trkpt>
      <trkpt lat="66.400729" lon="14.601710"></trkpt>
      <trkpt lat="66.400728" lon="14.601442"></trkpt>
      <trkpt lat="66.400719" lon="14.601219"></trkpt>
      <trkpt lat="66.400705" lon="14.600959"></trkpt>
      <trkpt lat="66.400707" lon="14.600748"></trkpt>
      <trkpt lat="66.400736" lon="14.600113"></trkpt>
      <trkpt lat="66.400758" lon="14.599705"></trkpt>
      <trkpt lat="66.400763" lon="14.599446"></trkpt>
      <trkpt lat="66.400756" lon="14.599154"></trkpt>
      <trkpt lat="66.400743" lon="14.598890"></trkpt>
      <trkpt lat="66.400723" lon="14.598633"></trkpt>
      <trkpt lat="66.400688" lon="14.598361"></trkpt>
      <trkpt lat="66.400634" lon="14.598043"></trkpt>
      <trkpt lat="66.400511" lon="14.597526"></trkpt>
      <trkpt lat="66.400454" lon="14.597249"></trkpt>
      <trkpt lat="66.400414" lon="14.597007"></trkpt>
      <trkpt lat="66.400387" lon="14.596795"></trkpt>
      <trkpt lat="66.400374" lon="14.596627"></trkpt>
      <trkpt lat="66.400369" lon="14.596462"></trkpt>
      <trkpt lat="66.400373" lon="14.596293"></trkpt>
      <trkpt lat="66.400388" lon="14.596084"></trkpt>
      <trkpt lat="66.400428" lon="14.595781"></trkpt>
      <trkpt lat="66.400605" lon="14.594678"></trkpt>
      <trkpt lat="66.400658" lon="14.594272"></trkpt>
      <trkpt lat="66.400691" lon="14.593976"></trkpt>
      <trkpt lat="66.400714" lon="14.593687"></trkpt>
      <trkpt lat="66.400720" lon="14.593485"></trkpt>
      <trkpt lat="66.400725" lon="14.592997"></trkpt>
      <trkpt lat="66.400752" lon="14.592273"></trkpt>
      <trkpt lat="66.400754" lon="14.591996"></trkpt>
      <trkpt lat="66.400746" lon="14.591697"></trkpt>
      <trkpt lat="66.400729" lon="14.591429"></trkpt>
      <trkpt lat="66.400706" lon="14.591155"></trkpt>
      <trkpt lat="66.400702" lon="14.591008"></trkpt>
      <trkpt lat="66.400708" lon="14.590839"></trkpt>
      <trkpt lat="66.400721" lon="14.590662"></trkpt>
      <trkpt lat="66.400778" lon="14.590211"></trkpt>
      <trkpt lat="66.400796" lon="14.589990"></trkpt>
      <trkpt lat="66.400803" lon="14.589796"></trkpt>
      <trkpt lat="66.400796" lon="14.589581"></trkpt>
      <trkpt lat="66.400758" lon="14.589035"></trkpt>
      <trkpt lat="66.400750" lon="14.588799"></trkpt>
      <trkpt lat="66.400756" lon="14.588614"></trkpt>
      <trkpt lat="66.400769" lon="14.588418"></trkpt>
      <trkpt lat="66.400823" lon="14.587922"></trkpt>
      <trkpt lat="66.400836" lon="14.587726"></trkpt>
      <trkpt lat="66.400837" lon="14.587522"></trkpt>
      <trkpt lat="66.400822" lon="14.587341"></trkpt>
      <trkpt lat="66.400800" lon="14.587211"></trkpt>
      <trkpt lat="66.400764" lon="14.587066"></trkpt>
      <trkpt lat="66.400708" lon="14.586920"></trkpt>
      <trkpt lat="66.400591" lon="14.586672"></trkpt>
      <trkpt lat="66.400539" lon="14.586555"></trkpt>
      <trkpt lat="66.400493" lon="14.586394"></trkpt>
      <trkpt lat="66.400438" lon="14.586166"></trkpt>
      <trkpt lat="66.400389" lon="14.585833"></trkpt>
      <trkpt lat="66.400347" lon="14.585513"></trkpt>
      <trkpt lat="66.400295" lon="14.584942"></trkpt>
      <trkpt lat="66.400282" lon="14.584732"></trkpt>
      <trkpt lat="66.400278" lon="14.584588"></trkpt>
      <trkpt lat="66.400280" lon="14.584432"></trkpt>
      <trkpt lat="66.400297" lon="14.584225"></trkpt>
      <trkpt lat="66.400339" lon="14.583797"></trkpt>
      <trkpt lat="66.400355" lon="14.583581"></trkpt>
      <trkpt lat="66.400361" lon="14.583385"></trkpt>
      <trkpt lat="66.400361" lon="14.583085"></trkpt>
      <trkpt lat="66.400370" lon="14.582619"></trkpt>
      <trkpt lat="66.400399" lon="14.581963"></trkpt>
      <trkpt lat="66.400418" lon="14.581718"></trkpt>
      <trkpt lat="66.400446" lon="14.581491"></trkpt>
      <trkpt lat="66.400481" lon="14.581280"></trkpt>
      <trkpt lat="66.400536" lon="14.581042"></trkpt>
      <trkpt lat="66.400634" lon="14.580704"></trkpt>
      <trkpt lat="66.400697" lon="14.580461"></trkpt>
      <trkpt lat="66.400743" lon="14.580243"></trkpt>
      <trkpt lat="66.400785" lon="14.580003"></trkpt>
      <trkpt lat="66.400817" lon="14.579772"></trkpt>
      <trkpt lat="66.400864" lon="14.579548"></trkpt>
      <trkpt lat="66.400911" lon="14.579386"></trkpt>
      <trkpt lat="66.400976" lon="14.579189"></trkpt>
      <trkpt lat="66.401051" lon="14.578996"></trkpt>
      <trkpt lat="66.401101" lon="14.578859"></trkpt>
      <trkpt lat="66.401158" lon="14.578659"></trkpt>
      <trkpt lat="66.401198" lon="14.578478"></trkpt>
      <trkpt lat="66.401316" lon="14.577767"></trkpt>
      <trkpt lat="66.401374" lon="14.577398"></trkpt>
      <trkpt lat="66.401414" lon="14.577081"></trkpt>
      <trkpt lat="66.401443" lon="14.576686"></trkpt>
      <trkpt lat="66.401466" lon="14.576115"></trkpt>
      <trkpt lat="66.401477" lon="14.575662"></trkpt>
      <trkpt lat="66.401472" lon="14.575305"></trkpt>
      <trkpt lat="66.401438" lon="14.574530"></trkpt>
      <trkpt lat="66.401426" lon="14.574133"></trkpt>
      <trkpt lat="66.401425" lon="14.573930"></trkpt>
      <trkpt lat="66.401434" lon="14.573733"></trkpt>
      <trkpt lat="66.401449" lon="14.573556"></trkpt>
      <trkpt lat="66.401485" lon="14.573328"></trkpt>
      <trkpt lat="66.401583" lon="14.572853"></trkpt>
      <trkpt lat="66.401662" lon="14.572400"></trkpt>
      <trkpt lat="66.401696" lon="14.572113"></trkpt>
      <trkpt lat="66.401736" lon="14.571744"></trkpt>
      <trkpt lat="66.401781" lon="14.571385"></trkpt>
      <trkpt lat="66.401830" lon="14.571072"></trkpt>
      <trkpt lat="66.401870" lon="14.570757"></trkpt>
      <trkpt lat="66.401904" lon="14.570427"></trkpt>
      <trkpt lat="66.401935" lon="14.569993"></trkpt>
      <trkpt lat="66.401952" lon="14.569586"></trkpt>
      <trkpt lat="66.401981" lon="14.568640"></trkpt>
      <trkpt lat="66.401987" lon="14.568166"></trkpt>
      <trkpt lat="66.401983" lon="14.567718"></trkpt>
      <trkpt lat="66.401959" lon="14.567135"></trkpt>
      <trkpt lat="66.401951" lon="14.566672"></trkpt>
      <trkpt lat="66.401956" lon="14.566360"></trkpt>
      <trkpt lat="66.401967" lon="14.566079"></trkpt>
      <trkpt lat="66.401986" lon="14.565853"></trkpt>
      <trkpt lat="66.402014" lon="14.565633"></trkpt>
      <trkpt lat="66.402063" lon="14.565373"></trkpt>
      <trkpt lat="66.402120" lon="14.565125"></trkpt>
      <trkpt lat="66.402185" lon="14.564911"></trkpt>
      <trkpt lat="66.402276" lon="14.564661"></trkpt>
      <trkpt lat="66.402445" lon="14.564218"></trkpt>
      <trkpt lat="66.402483" lon="14.564105"></trkpt>
      <trkpt lat="66.402646" lon="14.563606"></trkpt>
      <trkpt lat="66.403042" lon="14.562468"></trkpt>
      <trkpt lat="66.403285" lon="14.561764"></trkpt>
      <trkpt lat="66.403482" lon="14.561195"></trkpt>
      <trkpt lat="66.403673" lon="14.560687"></trkpt>
      <trkpt lat="66.403915" lon="14.560085"></trkpt>
      <trkpt lat="66.403963" lon="14.559948"></trkpt>
      <trkpt lat="66.404009" lon="14.559775"></trkpt>
      <trkpt lat="66.404050" lon="14.559577"></trkpt>
      <trkpt lat="66.404068" lon="14.559462"></trkpt>
      <trkpt lat="66.404104" lon="14.559126"></trkpt>
      <trkpt lat="66.404153" lon="14.558439"></trkpt>
      <trkpt lat="66.404287" lon="14.555258"></trkpt>
      <trkpt lat="66.404297" lon="14.554946"></trkpt>
      <trkpt lat="66.404297" lon="14.554747"></trkpt>
      <trkpt lat="66.404291" lon="14.554581"></trkpt>
      <trkpt lat="66.404274" lon="14.554390"></trkpt>
      <trkpt lat="66.404245" lon="14.554227"></trkpt>
      <trkpt lat="66.404214" lon="14.554111"></trkpt>
      <trkpt lat="66.404184" lon="14.554024"></trkpt>
      <trkpt lat="66.404145" lon="14.553956"></trkpt>
      <trkpt lat="66.404102" lon="14.553908"></trkpt>
      <trkpt lat="66.404044" lon="14.553874"></trkpt>
      <trkpt lat="66.403866" lon="14.553842"></trkpt>
      <trkpt lat="66.403803" lon="14.553812"></trkpt>
      <trkpt lat="66.403747" lon="14.553776"></trkpt>
      <trkpt lat="66.403687" lon="14.553704"></trkpt>
      <trkpt lat="66.403632" lon="14.553615"></trkpt>
      <trkpt lat="66.403571" lon="14.553464"></trkpt>
      <trkpt lat="66.403504" lon="14.553265"></trkpt>
      <trkpt lat="66.403470" lon="14.553091"></trkpt>
      <trkpt lat="66.403444" lon="14.552914"></trkpt>
      <trkpt lat="66.403431" lon="14.552737"></trkpt>
      <trkpt lat="66.403427" lon="14.552532"></trkpt>
      <trkpt lat="66.403429" lon="14.552119"></trkpt>
      <trkpt lat="66.403437" lon="14.551692"></trkpt>
      <trkpt lat="66.403451" lon="14.551314"></trkpt>
      <trkpt lat="66.403473" lon="14.550954"></trkpt>
      <trkpt lat="66.403500" lon="14.550682"></trkpt>
      <trkpt lat="66.403533" lon="14.550418"></trkpt>
      <trkpt lat="66.403574" lon="14.550171"></trkpt>
      <trkpt lat="66.403676" lon="14.549699"></trkpt>
      <trkpt lat="66.403712" lon="14.549505"></trkpt>
      <trkpt lat="66.403743" lon="14.549304"></trkpt>
      <trkpt lat="66.403766" lon="14.549093"></trkpt>
      <trkpt lat="66.403908" lon="14.546997"></trkpt>
      <trkpt lat="66.403921" lon="14.546702"></trkpt>
      <trkpt lat="66.403923" lon="14.546430"></trkpt>
      <trkpt lat="66.403916" lon="14.546081"></trkpt>
      <trkpt lat="66.403789" lon="14.543423"></trkpt>
      <trkpt lat="66.403719" lon="14.542084"></trkpt>
      <trkpt lat="66.403679" lon="14.541053"></trkpt>
      <trkpt lat="66.403664" lon="14.540328"></trkpt>
      <trkpt lat="66.403653" lon="14.539937"></trkpt>
      <trkpt lat="66.403627" lon="14.539544"></trkpt>
      <trkpt lat="66.403584" lon="14.539051"></trkpt>
      <trkpt lat="66.403527" lon="14.538458"></trkpt>
      <trkpt lat="66.403492" lon="14.538158"></trkpt>
      <trkpt lat="66.403466" lon="14.537958"></trkpt>
      <trkpt lat="66.403432" lon="14.537766"></trkpt>
      <trkpt lat="66.403392" lon="14.537586"></trkpt>
      <trkpt lat="66.403329" lon="14.537385"></trkpt>
      <trkpt lat="66.403268" lon="14.537197"></trkpt>
      <trkpt lat="66.403187" lon="14.536955"></trkpt>
      <trkpt lat="66.403149" lon="14.536800"></trkpt>
      <trkpt lat="66.403098" lon="14.536572"></trkpt>
      <trkpt lat="66.403065" lon="14.536373"></trkpt>
      <trkpt lat="66.403041" lon="14.536175"></trkpt>
      <trkpt lat="66.403025" lon="14.535966"></trkpt>
      <trkpt lat="66.403015" lon="14.535737"></trkpt>
      <trkpt lat="66.403017" lon="14.535500"></trkpt>
      <trkpt lat="66.403038" lon="14.534876"></trkpt>
      <trkpt lat="66.403036" lon="14.534660"></trkpt>
      <trkpt lat="66.403029" lon="14.534517"></trkpt>
      <trkpt lat="66.403009" lon="14.534335"></trkpt>
      <trkpt lat="66.403107" lon="14.533796"></trkpt>
      <trkpt lat="66.403307" lon="14.532756"></trkpt>
      <trkpt lat="66.403336" lon="14.532605"></trkpt>
      <trkpt lat="66.403483" lon="14.531836"></trkpt>
      <trkpt lat="66.403621" lon="14.531111"></trkpt>
      <trkpt lat="66.403984" lon="14.531496"></trkpt>
      <trkpt lat="66.404116" lon="14.531712"></trkpt>
      <trkpt lat="66.404185" lon="14.531798"></trkpt>
      <trkpt lat="66.404256" lon="14.531872"></trkpt>
      <trkpt lat="66.404134" lon="14.532563"></trkpt>
      <trkpt lat="66.404045" lon="14.533106"></trkpt>
      <trkpt lat="66.403966" lon="14.533617"></trkpt>
      <trkpt lat="66.403894" lon="14.534119"></trkpt>
      <trkpt lat="66.403776" lon="14.534990"></trkpt>
      <trkpt lat="66.403715" lon="14.535362"></trkpt>
      <trkpt lat="66.403649" lon="14.535692"></trkpt>
      <trkpt lat="66.403629" lon="14.535865"></trkpt>
      <trkpt lat="66.403617" lon="14.535917"></trkpt>
      <trkpt lat="66.403552" lon="14.536174"></trkpt>
      <trkpt lat="66.403467" lon="14.536471"></trkpt>
      <trkpt lat="66.403390" lon="14.536707"></trkpt>
      <trkpt lat="66.403302" lon="14.536948"></trkpt>
      <trkpt lat="66.403186" lon="14.537228"></trkpt>
      <trkpt lat="66.403090" lon="14.537431"></trkpt>
      <trkpt lat="66.402957" lon="14.537679"></trkpt>
      <trkpt lat="66.402875" lon="14.537812"></trkpt>
      <trkpt lat="66.402749" lon="14.537995"></trkpt>
      <trkpt lat="66.402662" lon="14.538105"></trkpt>
      <trkpt lat="66.402528" lon="14.538253"></trkpt>
      <trkpt lat="66.402437" lon="14.538339"></trkpt>
      <trkpt lat="66.402345" lon="14.538415"></trkpt>
      <trkpt lat="66.402204" lon="14.538510"></trkpt>
      <trkpt lat="66.402061" lon="14.538583"></trkpt>
      <trkpt lat="66.401964" lon="14.538618"></trkpt>
      <trkpt lat="66.401819" lon="14.538651"></trkpt>
      <trkpt lat="66.401697" lon="14.538661"></trkpt>
      <trkpt lat="66.401575" lon="14.538654"></trkpt>
      <trkpt lat="66.401502" lon="14.538642"></trkpt>
      <trkpt lat="66.401357" lon="14.538600"></trkpt>
      <trkpt lat="66.401237" lon="14.538547"></trkpt>
      <trkpt lat="66.401072" lon="14.538446"></trkpt>
      <trkpt lat="66.400979" lon="14.538374"></trkpt>
      <trkpt lat="66.400882" lon="14.538287"></trkpt>
      <trkpt lat="66.400737" lon="14.538136"></trkpt>
      <trkpt lat="66.400666" lon="14.538052"></trkpt>
      <trkpt lat="66.400596" lon="14.537965"></trkpt>
      <trkpt lat="66.400458" lon="14.537778"></trkpt>
      <trkpt lat="66.400256" lon="14.537477"></trkpt>
      <trkpt lat="66.399300" lon="14.535934"></trkpt>
      <trkpt lat="66.398758" lon="14.535082"></trkpt>
      <trkpt lat="66.398342" lon="14.534445"></trkpt>
      <trkpt lat="66.397793" lon="14.533629"></trkpt>
      <trkpt lat="66.397313" lon="14.532937"></trkpt>
      <trkpt lat="66.396935" lon="14.532406"></trkpt>
      <trkpt lat="66.396387" lon="14.531657"></trkpt>
      <trkpt lat="66.395766" lon="14.530839"></trkpt>
      <trkpt lat="66.395461" lon="14.530464"></trkpt>
      <trkpt lat="66.395329" lon="14.530314"></trkpt>
      <trkpt lat="66.395187" lon="14.530163"></trkpt>
      <trkpt lat="66.395014" lon="14.529998"></trkpt>
      <trkpt lat="66.394807" lon="14.529830"></trkpt>
      <trkpt lat="66.394692" lon="14.529754"></trkpt>
      <trkpt lat="66.394595" lon="14.529696"></trkpt>
      <trkpt lat="66.394419" lon="14.529616"></trkpt>
      <trkpt lat="66.394229" lon="14.529563"></trkpt>
      <trkpt lat="66.394065" lon="14.529545"></trkpt>
      <trkpt lat="66.393945" lon="14.529548"></trkpt>
      <trkpt lat="66.393766" lon="14.529574"></trkpt>
      <trkpt lat="66.393587" lon="14.529627"></trkpt>
      <trkpt lat="66.393499" lon="14.529662"></trkpt>
      <trkpt lat="66.393323" lon="14.529751"></trkpt>
      <trkpt lat="66.393236" lon="14.529805"></trkpt>
      <trkpt lat="66.393064" lon="14.529930"></trkpt>
      <trkpt lat="66.392895" lon="14.530079"></trkpt>
      <trkpt lat="66.392811" lon="14.530162"></trkpt>
      <trkpt lat="66.392648" lon="14.530346"></trkpt>
      <trkpt lat="66.392488" lon="14.530552"></trkpt>
      <trkpt lat="66.392334" lon="14.530780"></trkpt>
      <trkpt lat="66.392259" lon="14.530902"></trkpt>
      <trkpt lat="66.392113" lon="14.531161"></trkpt>
      <trkpt lat="66.391972" lon="14.531439"></trkpt>
      <trkpt lat="66.391772" lon="14.531888"></trkpt>
      <trkpt lat="66.391580" lon="14.532359"></trkpt>
      <trkpt lat="66.390700" lon="14.534593"></trkpt>
      <trkpt lat="66.390451" lon="14.535182"></trkpt>
      <trkpt lat="66.390303" lon="14.535501"></trkpt>
      <trkpt lat="66.390101" lon="14.535905"></trkpt>
      <trkpt lat="66.389948" lon="14.536183"></trkpt>
      <trkpt lat="66.389800" lon="14.536435"></trkpt>
      <trkpt lat="66.389648" lon="14.536674"></trkpt>
      <trkpt lat="66.389493" lon="14.536900"></trkpt>
      <trkpt lat="66.389336" lon="14.537115"></trkpt>
      <trkpt lat="66.389126" lon="14.537387"></trkpt>
      <trkpt lat="66.389054" lon="14.537477"></trkpt>
      <trkpt lat="66.388933" lon="14.537627"></trkpt>
      <trkpt lat="66.388805" lon="14.537787"></trkpt>
      <trkpt lat="66.388487" lon="14.538184"></trkpt>
      <trkpt lat="66.388412" lon="14.538239"></trkpt>
      <trkpt lat="66.388161" lon="14.538578"></trkpt>
      <trkpt lat="66.387953" lon="14.538892"></trkpt>
      <trkpt lat="66.387761" lon="14.539216"></trkpt>
      <trkpt lat="66.387696" lon="14.539335"></trkpt>
      <trkpt lat="66.387587" lon="14.539540"></trkpt>
      <trkpt lat="66.387411" lon="14.539900"></trkpt>
      <trkpt lat="66.387285" lon="14.540181"></trkpt>
      <trkpt lat="66.387163" lon="14.540473"></trkpt>
      <trkpt lat="66.387016" lon="14.540855"></trkpt>
      <trkpt lat="66.386888" lon="14.541216"></trkpt>
      <trkpt lat="66.386821" lon="14.541420"></trkpt>
      <trkpt lat="66.386807" lon="14.541518"></trkpt>
      <trkpt lat="66.386702" lon="14.541861"></trkpt>
      <trkpt lat="66.386634" lon="14.542095"></trkpt>
      <trkpt lat="66.386537" lon="14.542454"></trkpt>
      <trkpt lat="66.386416" lon="14.542945"></trkpt>
      <trkpt lat="66.386305" lon="14.543450"></trkpt>
      <trkpt lat="66.386228" lon="14.543838"></trkpt>
      <trkpt lat="66.386180" lon="14.544100"></trkpt>
      <trkpt lat="66.386091" lon="14.544633"></trkpt>
      <trkpt lat="66.386013" lon="14.545175"></trkpt>
      <trkpt lat="66.385946" lon="14.545727"></trkpt>
      <trkpt lat="66.385916" lon="14.546005"></trkpt>
      <trkpt lat="66.385877" lon="14.546426"></trkpt>
      <trkpt lat="66.385834" lon="14.546993"></trkpt>
      <trkpt lat="66.385800" lon="14.547635"></trkpt>
      <trkpt lat="66.385796" lon="14.547725"></trkpt>
      <trkpt lat="66.385784" lon="14.548024"></trkpt>
      <trkpt lat="66.385772" lon="14.548473"></trkpt>
      <trkpt lat="66.385763" lon="14.548923"></trkpt>
      <trkpt lat="66.385756" lon="14.549523"></trkpt>
      <trkpt lat="66.385698" lon="14.557770"></trkpt>
      <trkpt lat="66.385679" lon="14.559889"></trkpt>
      <trkpt lat="66.385654" lon="14.562007"></trkpt>
      <trkpt lat="66.385623" lon="14.564125"></trkpt>
      <trkpt lat="66.385593" lon="14.565890"></trkpt>
      <trkpt lat="66.385524" lon="14.569390"></trkpt>
      <trkpt lat="66.385495" lon="14.571005"></trkpt>
      <trkpt lat="66.385445" lon="14.574237"></trkpt>
      <trkpt lat="66.385424" lon="14.575853"></trkpt>
      <trkpt lat="66.385390" lon="14.579086"></trkpt>
      <trkpt lat="66.385372" lon="14.581512"></trkpt>
      <trkpt lat="66.385356" lon="14.585554"></trkpt>
      <trkpt lat="66.385355" lon="14.588788"></trkpt>
      <trkpt lat="66.385359" lon="14.590406"></trkpt>
      <trkpt lat="66.385370" lon="14.592831"></trkpt>
      <trkpt lat="66.385380" lon="14.594448"></trkpt>
      <trkpt lat="66.385401" lon="14.596873"></trkpt>
      <trkpt lat="66.385444" lon="14.600437"></trkpt>
      <trkpt lat="66.385466" lon="14.601678"></trkpt>
      <trkpt lat="66.385495" lon="14.602918"></trkpt>
      <trkpt lat="66.385517" lon="14.603744"></trkpt>
      <trkpt lat="66.385571" lon="14.605262"></trkpt>
      <trkpt lat="66.385618" lon="14.606632"></trkpt>
      <trkpt lat="66.385691" lon="14.608278"></trkpt>
      <trkpt lat="66.385731" lon="14.609100"></trkpt>
      <trkpt lat="66.385797" lon="14.610331"></trkpt>
      <trkpt lat="66.385895" lon="14.611970"></trkpt>
      <trkpt lat="66.385948" lon="14.612787"></trkpt>
      <trkpt lat="66.386062" lon="14.614419"></trkpt>
      <trkpt lat="66.386155" lon="14.615639"></trkpt>
      <trkpt lat="66.386254" lon="14.616857"></trkpt>
      <trkpt lat="66.386324" lon="14.617667"></trkpt>
      <trkpt lat="66.386433" lon="14.618879"></trkpt>
      <trkpt lat="66.386509" lon="14.619685"></trkpt>
      <trkpt lat="66.386629" lon="14.620891"></trkpt>
      <trkpt lat="66.386797" lon="14.622502"></trkpt>
      <trkpt lat="66.387063" lon="14.624897"></trkpt>
      <trkpt lat="66.387230" lon="14.626328"></trkpt>
      <trkpt lat="66.387345" lon="14.627280"></trkpt>
      <trkpt lat="66.387522" lon="14.628704"></trkpt>
      <trkpt lat="66.387644" lon="14.629651"></trkpt>
      <trkpt lat="66.387831" lon="14.631067"></trkpt>
      <trkpt lat="66.388024" lon="14.632478"></trkpt>
      <trkpt lat="66.388223" lon="14.633884"></trkpt>
      <trkpt lat="66.388497" lon="14.635751"></trkpt>
      <trkpt lat="66.388638" lon="14.636680"></trkpt>
      <trkpt lat="66.388928" lon="14.638533"></trkpt>
      <trkpt lat="66.389114" lon="14.639685"></trkpt>
      <trkpt lat="66.389343" lon="14.641062"></trkpt>
      <trkpt lat="66.389617" lon="14.642662"></trkpt>
      <trkpt lat="66.389789" lon="14.643630"></trkpt>
      <trkpt lat="66.389972" lon="14.644586"></trkpt>
      <trkpt lat="66.390118" lon="14.645281"></trkpt>
      <trkpt lat="66.390274" lon="14.645963"></trkpt>
      <trkpt lat="66.390439" lon="14.646631"></trkpt>
      <trkpt lat="66.390613" lon="14.647284"></trkpt>
      <trkpt lat="66.390796" lon="14.647921"></trkpt>
      <trkpt lat="66.390892" lon="14.648233"></trkpt>
      <trkpt lat="66.390923" lon="14.648396"></trkpt>
      <trkpt lat="66.391117" lon="14.649003"></trkpt>
      <trkpt lat="66.391325" lon="14.649622"></trkpt>
      <trkpt lat="66.391467" lon="14.650027"></trkpt>
      <trkpt lat="66.391647" lon="14.650525"></trkpt>
      <trkpt lat="66.391988" lon="14.651441"></trkpt>
      <trkpt lat="66.392057" lon="14.651627"></trkpt>
      <trkpt lat="66.392379" lon="14.652492"></trkpt>
      <trkpt lat="66.392504" lon="14.652812"></trkpt>
      <trkpt lat="66.392757" lon="14.653448"></trkpt>
      <trkpt lat="66.392825" lon="14.653571"></trkpt>
      <trkpt lat="66.393361" lon="14.655011"></trkpt>
      <trkpt lat="66.395290" lon="14.660185"></trkpt>
      <trkpt lat="66.395579" lon="14.660966"></trkpt>
      <trkpt lat="66.395674" lon="14.661230"></trkpt>
      <trkpt lat="66.395861" lon="14.661733"></trkpt>
      <trkpt lat="66.396063" lon="14.662275"></trkpt>
      <trkpt lat="66.397021" lon="14.664851"></trkpt>
      <trkpt lat="66.397189" lon="14.665312"></trkpt>
      <trkpt lat="66.397345" lon="14.665755"></trkpt>
      <trkpt lat="66.397435" lon="14.666022"></trkpt>
      <trkpt lat="66.397567" lon="14.666428"></trkpt>
      <trkpt lat="66.397661" lon="14.666730"></trkpt>
      <trkpt lat="66.397860" lon="14.667397"></trkpt>
      <trkpt lat="66.398379" lon="14.669178"></trkpt>
      <trkpt lat="66.398578" lon="14.669875"></trkpt>
      <trkpt lat="66.398687" lon="14.670282"></trkpt>
      <trkpt lat="66.398739" lon="14.670490"></trkpt>
      <trkpt lat="66.398813" lon="14.670808"></trkpt>
      <trkpt lat="66.398853" lon="14.670994"></trkpt>
      <trkpt lat="66.398909" lon="14.671279"></trkpt>
      <trkpt lat="66.398962" lon="14.671580"></trkpt>
      <trkpt lat="66.399042" lon="14.672109"></trkpt>
      <trkpt lat="66.399114" lon="14.672685"></trkpt>
      <trkpt lat="66.399139" lon="14.672910"></trkpt>
      <trkpt lat="66.399195" lon="14.673478"></trkpt>
      <trkpt lat="66.399264" lon="14.674278"></trkpt>
      <trkpt lat="66.399393" lon="14.675865"></trkpt>
      <trkpt lat="66.399543" lon="14.677681"></trkpt>
      <trkpt lat="66.399669" lon="14.679162"></trkpt>
      <trkpt lat="66.399772" lon="14.680363"></trkpt>
      <trkpt lat="66.399819" lon="14.680910"></trkpt>
      <trkpt lat="66.400126" lon="14.684369"></trkpt>
      <trkpt lat="66.400257" lon="14.685802"></trkpt>
      <trkpt lat="66.400332" lon="14.686565"></trkpt>
      <trkpt lat="66.400346" lon="14.686701"></trkpt>
      <trkpt lat="66.400396" lon="14.687131"></trkpt>
      <trkpt lat="66.400451" lon="14.687558"></trkpt>
      <trkpt lat="66.400543" lon="14.688189"></trkpt>
      <trkpt lat="66.400612" lon="14.688602"></trkpt>
      <trkpt lat="66.400686" lon="14.689010"></trkpt>
      <trkpt lat="66.400725" lon="14.689211"></trkpt>
      <trkpt lat="66.400821" lon="14.689667"></trkpt>
      <trkpt lat="66.400897" lon="14.689997"></trkpt>
      <trkpt lat="66.400990" lon="14.690379"></trkpt>
      <trkpt lat="66.401089" lon="14.690753"></trkpt>
      <trkpt lat="66.401141" lon="14.690936"></trkpt>
      <trkpt lat="66.401247" lon="14.691296"></trkpt>
      <trkpt lat="66.401359" lon="14.691646"></trkpt>
      <trkpt lat="66.401536" lon="14.692154"></trkpt>
      <trkpt lat="66.401722" lon="14.692637"></trkpt>
      <trkpt lat="66.401852" lon="14.692946"></trkpt>
      <trkpt lat="66.402052" lon="14.693395"></trkpt>
      <trkpt lat="66.402323" lon="14.693984"></trkpt>
      <trkpt lat="66.402523" lon="14.694432"></trkpt>
      <trkpt lat="66.402718" lon="14.694895"></trkpt>
      <trkpt lat="66.402907" lon="14.695374"></trkpt>
      <trkpt lat="66.403089" lon="14.695868"></trkpt>
      <trkpt lat="66.403264" lon="14.696377"></trkpt>
      <trkpt lat="66.403378" lon="14.696725"></trkpt>
      <trkpt lat="66.403818" lon="14.698138"></trkpt>
      <trkpt lat="66.403989" lon="14.698657"></trkpt>
      <trkpt lat="66.404108" lon="14.698992"></trkpt>
      <trkpt lat="66.404297" lon="14.699471"></trkpt>
      <trkpt lat="66.404495" lon="14.699924"></trkpt>
      <trkpt lat="66.404700" lon="14.700360"></trkpt>
      <trkpt lat="66.406161" lon="14.703330"></trkpt>
      <trkpt lat="66.406437" lon="14.703902"></trkpt>
      <trkpt lat="66.406708" lon="14.704489"></trkpt>
      <trkpt lat="66.406907" lon="14.704942"></trkpt>
      <trkpt lat="66.407102" lon="14.705404"></trkpt>
      <trkpt lat="66.407230" lon="14.705717"></trkpt>
      <trkpt lat="66.407419" lon="14.706195"></trkpt>
      <trkpt lat="66.407684" lon="14.706898"></trkpt>
      <trkpt lat="66.407785" lon="14.707180"></trkpt>
      <trkpt lat="66.407902" lon="14.707520"></trkpt>
      <trkpt lat="66.408013" lon="14.707872"></trkpt>
      <trkpt lat="66.408117" lon="14.708237"></trkpt>
      <trkpt lat="66.408212" lon="14.708616"></trkpt>
      <trkpt lat="66.408300" lon="14.709007"></trkpt>
      <trkpt lat="66.408340" lon="14.709206"></trkpt>
      <trkpt lat="66.408415" lon="14.709613"></trkpt>
      <trkpt lat="66.408481" lon="14.710030"></trkpt>
      <trkpt lat="66.408538" lon="14.710455"></trkpt>
      <trkpt lat="66.408563" lon="14.710670"></trkpt>
      <trkpt lat="66.408613" lon="14.711179"></trkpt>
      <trkpt lat="66.408641" lon="14.711543"></trkpt>
      <trkpt lat="66.408671" lon="14.711985"></trkpt>
      <trkpt lat="66.408710" lon="14.712650"></trkpt>
      <trkpt lat="66.408754" lon="14.713539"></trkpt>
      <trkpt lat="66.408772" lon="14.713984"></trkpt>
      <trkpt lat="66.408795" lon="14.714654"></trkpt>
      <trkpt lat="66.408810" lon="14.715217"></trkpt>
      <trkpt lat="66.408817" lon="14.715547"></trkpt>
      <trkpt lat="66.408824" lon="14.715995"></trkpt>
      <trkpt lat="66.408831" lon="14.716200"></trkpt>
      <trkpt lat="66.408832" lon="14.717562"></trkpt>
      <trkpt lat="66.408825" lon="14.718346"></trkpt>
      <trkpt lat="66.408815" lon="14.718921"></trkpt>
      <trkpt lat="66.408799" lon="14.719576"></trkpt>
      <trkpt lat="66.408770" lon="14.720693"></trkpt>
      <trkpt lat="66.408760" lon="14.721364"></trkpt>
      <trkpt lat="66.408759" lon="14.721812"></trkpt>
      <trkpt lat="66.408765" lon="14.722259"></trkpt>
      <trkpt lat="66.408777" lon="14.722706"></trkpt>
      <trkpt lat="66.408807" lon="14.723374"></trkpt>
      <trkpt lat="66.408836" lon="14.723816"></trkpt>
      <trkpt lat="66.408871" lon="14.724255"></trkpt>
      <trkpt lat="66.408912" lon="14.724691"></trkpt>
      <trkpt lat="66.408959" lon="14.725123"></trkpt>
      <trkpt lat="66.409042" lon="14.725762"></trkpt>
      <trkpt lat="66.409105" lon="14.726181"></trkpt>
      <trkpt lat="66.409174" lon="14.726594"></trkpt>
      <trkpt lat="66.409249" lon="14.727001"></trkpt>
      <trkpt lat="66.409356" lon="14.727519"></trkpt>
      <trkpt lat="66.409557" lon="14.728366"></trkpt>
      <trkpt lat="66.409710" lon="14.728919"></trkpt>
      <trkpt lat="66.409818" lon="14.729276"></trkpt>
      <trkpt lat="66.409932" lon="14.729622"></trkpt>
      <trkpt lat="66.410051" lon="14.729958"></trkpt>
      <trkpt lat="66.410174" lon="14.730283"></trkpt>
      <trkpt lat="66.410302" lon="14.730597"></trkpt>
      <trkpt lat="66.410503" lon="14.731045"></trkpt>
      <trkpt lat="66.410712" lon="14.731466"></trkpt>
      <trkpt lat="66.411002" lon="14.731994"></trkpt>
      <trkpt lat="66.411371" lon="14.732633"></trkpt>
      <trkpt lat="66.411458" lon="14.732787"></trkpt>
      <trkpt lat="66.411590" lon="14.733021"></trkpt>
      <trkpt lat="66.411807" lon="14.733421"></trkpt>
      <trkpt lat="66.412020" lon="14.733830"></trkpt>
      <trkpt lat="66.412368" lon="14.734537"></trkpt>
      <trkpt lat="66.412639" lon="14.735122"></trkpt>
      <trkpt lat="66.412773" lon="14.735422"></trkpt>
      <trkpt lat="66.412970" lon="14.735879"></trkpt>
      <trkpt lat="66.413163" lon="14.736347"></trkpt>
      <trkpt lat="66.413353" lon="14.736824"></trkpt>
      <trkpt lat="66.413600" lon="14.737474"></trkpt>
      <trkpt lat="66.414126" lon="14.738912"></trkpt>
      <trkpt lat="66.414420" lon="14.739713"></trkpt>
      <trkpt lat="66.414458" lon="14.739819"></trkpt>
      <trkpt lat="66.414681" lon="14.740468"></trkpt>
      <trkpt lat="66.414792" lon="14.740820"></trkpt>
      <trkpt lat="66.414899" lon="14.741180"></trkpt>
      <trkpt lat="66.415051" lon="14.741734"></trkpt>
      <trkpt lat="66.415143" lon="14.742099"></trkpt>
      <trkpt lat="66.415281" lon="14.742694"></trkpt>
      <trkpt lat="66.415538" lon="14.743875"></trkpt>
      <trkpt lat="66.415713" lon="14.744657"></trkpt>
      <trkpt lat="66.415851" lon="14.745234"></trkpt>
      <trkpt lat="66.415946" lon="14.745614"></trkpt>
      <trkpt lat="66.416143" lon="14.746363"></trkpt>
      <trkpt lat="66.417777" lon="14.752257"></trkpt>
      <trkpt lat="66.417877" lon="14.752629"></trkpt>
      <trkpt lat="66.418023" lon="14.753193"></trkpt>
      <trkpt lat="66.418161" lon="14.753771"></trkpt>
      <trkpt lat="66.418288" lon="14.754363"></trkpt>
      <trkpt lat="66.418366" lon="14.754766"></trkpt>
      <trkpt lat="66.418440" lon="14.755175"></trkpt>
      <trkpt lat="66.418508" lon="14.755589"></trkpt>
      <trkpt lat="66.418571" lon="14.756008"></trkpt>
      <trkpt lat="66.418629" lon="14.756432"></trkpt>
      <trkpt lat="66.418683" lon="14.756860"></trkpt>
      <trkpt lat="66.418733" lon="14.757290"></trkpt>
      <trkpt lat="66.418876" lon="14.758585"></trkpt>
      <trkpt lat="66.418928" lon="14.759014"></trkpt>
      <trkpt lat="66.418987" lon="14.759468"></trkpt>
      <trkpt lat="66.419042" lon="14.759840"></trkpt>
      <trkpt lat="66.419061" lon="14.759968"></trkpt>
      <trkpt lat="66.419124" lon="14.760349"></trkpt>
      <trkpt lat="66.419196" lon="14.760743"></trkpt>
      <trkpt lat="66.419216" lon="14.760849"></trkpt>
      <trkpt lat="66.419290" lon="14.761212"></trkpt>
      <trkpt lat="66.419368" lon="14.761569"></trkpt>
      <trkpt lat="66.419504" lon="14.762149"></trkpt>
      <trkpt lat="66.419602" lon="14.762546"></trkpt>
      <trkpt lat="66.420125" lon="14.764599"></trkpt>
      <trkpt lat="66.420203" lon="14.764907"></trkpt>
      <trkpt lat="66.420804" lon="14.767252"></trkpt>
      <trkpt lat="66.420948" lon="14.767779"></trkpt>
      <trkpt lat="66.421110" lon="14.768336"></trkpt>
      <trkpt lat="66.421255" lon="14.768802"></trkpt>
      <trkpt lat="66.421339" lon="14.769059"></trkpt>
      <trkpt lat="66.421514" lon="14.769572"></trkpt>
      <trkpt lat="66.421962" lon="14.770843"></trkpt>
      <trkpt lat="66.422120" lon="14.771312"></trkpt>
      <trkpt lat="66.422165" lon="14.771212"></trkpt>
      <trkpt lat="66.422205" lon="14.771136"></trkpt>
      <trkpt lat="66.422252" lon="14.771102"></trkpt>
      <trkpt lat="66.422298" lon="14.771117"></trkpt>
      <trkpt lat="66.422355" lon="14.771179"></trkpt>
      <trkpt lat="66.422365" lon="14.771190"></trkpt>
      <trkpt lat="66.422434" lon="14.771275"></trkpt>
      <trkpt lat="66.422639" lon="14.771626"></trkpt>
      <trkpt lat="66.422751" lon="14.771780"></trkpt>
      <trkpt lat="66.422817" lon="14.771843"></trkpt>
      <trkpt lat="66.422858" lon="14.771860"></trkpt>
      <trkpt lat="66.422891" lon="14.771852"></trkpt>
      <trkpt lat="66.422950" lon="14.771791"></trkpt>
      <trkpt lat="66.422971" lon="14.771747"></trkpt>
      <trkpt lat="66.423001" lon="14.771633"></trkpt>
      <trkpt lat="66.423034" lon="14.771339"></trkpt>
      <trkpt lat="66.423053" lon="14.770750"></trkpt>
      <trkpt lat="66.423123" lon="14.769904"></trkpt>
      <trkpt lat="66.423128" lon="14.769570"></trkpt>
      <trkpt lat="66.423084" lon="14.768953"></trkpt>
      <trkpt lat="66.423005" lon="14.768364"></trkpt>
      <trkpt lat="66.422956" lon="14.768091"></trkpt>
      <trkpt lat="66.422803" lon="14.767383"></trkpt>
      <trkpt lat="66.422682" lon="14.766725"></trkpt>
      <trkpt lat="66.422626" lon="14.766364"></trkpt>
      <trkpt lat="66.422515" lon="14.765501"></trkpt>
      <trkpt lat="66.422476" lon="14.764947"></trkpt>
      <trkpt lat="66.422482" lon="14.764603"></trkpt>
      <trkpt lat="66.422487" lon="14.764429"></trkpt>
      <trkpt lat="66.422531" lon="14.763966"></trkpt>
      <trkpt lat="66.422533" lon="14.763592"></trkpt>
      <trkpt lat="66.422488" lon="14.763175"></trkpt>
      <trkpt lat="66.422349" lon="14.762240"></trkpt>
      <trkpt lat="66.422328" lon="14.762114"></trkpt>
      <trkpt lat="66.422176" lon="14.761196"></trkpt>
      <trkpt lat="66.422117" lon="14.760766"></trkpt>
      <trkpt lat="66.422140" lon="14.760503"></trkpt>
      <trkpt lat="66.422158" lon="14.760286"></trkpt>
      <trkpt lat="66.422158" lon="14.760286"></trkpt>
      <trkpt lat="66.422144" lon="14.760230"></trkpt>
      <trkpt lat="66.422116" lon="14.760193"></trkpt>
      <trkpt lat="66.422088" lon="14.760190"></trkpt>
      <trkpt lat="66.422064" lon="14.760210"></trkpt>
      <trkpt lat="66.422043" lon="14.760264"></trkpt>
      <trkpt lat="66.422032" lon="14.760345"></trkpt>
      <trkpt lat="66.422035" lon="14.760451"></trkpt>
      <trkpt lat="66.422065" lon="14.760597"></trkpt>
      <trkpt lat="66.422117" lon="14.760766"></trkpt>
      <trkpt lat="66.422176" lon="14.761196"></trkpt>
      <trkpt lat="66.422328" lon="14.762114"></trkpt>
      <trkpt lat="66.422349" lon="14.762240"></trkpt>
      <trkpt lat="66.422488" lon="14.763175"></trkpt>
      <trkpt lat="66.422533" lon="14.763592"></trkpt>
      <trkpt lat="66.422531" lon="14.763966"></trkpt>
      <trkpt lat="66.422487" lon="14.764429"></trkpt>
      <trkpt lat="66.422482" lon="14.764603"></trkpt>
      <trkpt lat="66.422476" lon="14.764947"></trkpt>
      <trkpt lat="66.422515" lon="14.765501"></trkpt>
      <trkpt lat="66.422626" lon="14.766364"></trkpt>
      <trkpt lat="66.422682" lon="14.766725"></trkpt>
      <trkpt lat="66.422803" lon="14.767383"></trkpt>
      <trkpt lat="66.422956" lon="14.768091"></trkpt>
      <trkpt lat="66.423005" lon="14.768364"></trkpt>
      <trkpt lat="66.423084" lon="14.768953"></trkpt>
      <trkpt lat="66.423128" lon="14.769570"></trkpt>
      <trkpt lat="66.423123" lon="14.769904"></trkpt>
      <trkpt lat="66.423053" lon="14.770750"></trkpt>
      <trkpt lat="66.423034" lon="14.771339"></trkpt>
      <trkpt lat="66.423001" lon="14.771633"></trkpt>
      <trkpt lat="66.422971" lon="14.771747"></trkpt>
      <trkpt lat="66.422950" lon="14.771791"></trkpt>
      <trkpt lat="66.422891" lon="14.771852"></trkpt>
      <trkpt lat="66.422858" lon="14.771860"></trkpt>
      <trkpt lat="66.422817" lon="14.771843"></trkpt>
      <trkpt lat="66.422751" lon="14.771780"></trkpt>
      <trkpt lat="66.422639" lon="14.771626"></trkpt>
      <trkpt lat="66.422434" lon="14.771275"></trkpt>
      <trkpt lat="66.422365" lon="14.771190"></trkpt>
      <trkpt lat="66.422355" lon="14.771179"></trkpt>
      <trkpt lat="66.422298" lon="14.771117"></trkpt>
      <trkpt lat="66.422252" lon="14.771102"></trkpt>
      <trkpt lat="66.422205" lon="14.771136"></trkpt>
      <trkpt lat="66.422165" lon="14.771212"></trkpt>
      <trkpt lat="66.422120" lon="14.771312"></trkpt>
      <trkpt lat="66.421962" lon="14.770843"></trkpt>
      <trkpt lat="66.421514" lon="14.769572"></trkpt>
      <trkpt lat="66.421339" lon="14.769059"></trkpt>
      <trkpt lat="66.421255" lon="14.768802"></trkpt>
      <trkpt lat="66.421110" lon="14.768336"></trkpt>
      <trkpt lat="66.420948" lon="14.767779"></trkpt>
      <trkpt lat="66.420804" lon="14.767252"></trkpt>
      <trkpt lat="66.420203" lon="14.764907"></trkpt>
      <trkpt lat="66.420125" lon="14.764599"></trkpt>
      <trkpt lat="66.419602" lon="14.762546"></trkpt>
      <trkpt lat="66.419504" lon="14.762149"></trkpt>
      <trkpt lat="66.419368" lon="14.761569"></trkpt>
      <trkpt lat="66.419290" lon="14.761212"></trkpt>
      <trkpt lat="66.419216" lon="14.760849"></trkpt>
      <trkpt lat="66.419196" lon="14.760743"></trkpt>
      <trkpt lat="66.419124" lon="14.760349"></trkpt>
      <trkpt lat="66.419061" lon="14.759968"></trkpt>
      <trkpt lat="66.419042" lon="14.759840"></trkpt>
      <trkpt lat="66.418987" lon="14.759468"></trkpt>
      <trkpt lat="66.418928" lon="14.759014"></trkpt>
      <trkpt lat="66.418876" lon="14.758585"></trkpt>
      <trkpt lat="66.418733" lon="14.757290"></trkpt>
      <trkpt lat="66.418683" lon="14.756860"></trkpt>
      <trkpt lat="66.418629" lon="14.756432"></trkpt>
      <trkpt lat="66.418571" lon="14.756008"></trkpt>
      <trkpt lat="66.418508" lon="14.755589"></trkpt>
      <trkpt lat="66.418440" lon="14.755175"></trkpt>
      <trkpt lat="66.418366" lon="14.754766"></trkpt>
      <trkpt lat="66.418288" lon="14.754363"></trkpt>
      <trkpt lat="66.418161" lon="14.753771"></trkpt>
      <trkpt lat="66.418023" lon="14.753193"></trkpt>
      <trkpt lat="66.417877" lon="14.752629"></trkpt>
      <trkpt lat="66.417777" lon="14.752257"></trkpt>
      <trkpt lat="66.416143" lon="14.746363"></trkpt>
      <trkpt lat="66.415946" lon="14.745614"></trkpt>
      <trkpt lat="66.415851" lon="14.745234"></trkpt>
      <trkpt lat="66.415713" lon="14.744657"></trkpt>
      <trkpt lat="66.415538" lon="14.743875"></trkpt>
      <trkpt lat="66.415281" lon="14.742694"></trkpt>
      <trkpt lat="66.415143" lon="14.742099"></trkpt>
      <trkpt lat="66.415051" lon="14.741734"></trkpt>
      <trkpt lat="66.414899" lon="14.741180"></trkpt>
      <trkpt lat="66.414792" lon="14.740820"></trkpt>
      <trkpt lat="66.414681" lon="14.740468"></trkpt>
      <trkpt lat="66.414458" lon="14.739819"></trkpt>
      <trkpt lat="66.414420" lon="14.739713"></trkpt>
      <trkpt lat="66.414126" lon="14.738912"></trkpt>
      <trkpt lat="66.413600" lon="14.737474"></trkpt>
      <trkpt lat="66.413353" lon="14.736824"></trkpt>
      <trkpt lat="66.413163" lon="14.736347"></trkpt>
      <trkpt lat="66.412970" lon="14.735879"></trkpt>
      <trkpt lat="66.412773" lon="14.735422"></trkpt>
      <trkpt lat="66.412639" lon="14.735122"></trkpt>
      <trkpt lat="66.412368" lon="14.734537"></trkpt>
      <trkpt lat="66.412020" lon="14.733830"></trkpt>
      <trkpt lat="66.411807" lon="14.733421"></trkpt>
      <trkpt lat="66.411590" lon="14.733021"></trkpt>
      <trkpt lat="66.411458" lon="14.732787"></trkpt>
      <trkpt lat="66.411371" lon="14.732633"></trkpt>
      <trkpt lat="66.411002" lon="14.731994"></trkpt>
      <trkpt lat="66.410712" lon="14.731466"></trkpt>
      <trkpt lat="66.410503" lon="14.731045"></trkpt>
      <trkpt lat="66.410302" lon="14.730597"></trkpt>
      <trkpt lat="66.410174" lon="14.730283"></trkpt>
      <trkpt lat="66.410051" lon="14.729958"></trkpt>
      <trkpt lat="66.409932" lon="14.729622"></trkpt>
      <trkpt lat="66.409818" lon="14.729276"></trkpt>
      <trkpt lat="66.409710" lon="14.728919"></trkpt>
      <trkpt lat="66.409557" lon="14.728366"></trkpt>
      <trkpt lat="66.409356" lon="14.727519"></trkpt>
      <trkpt lat="66.409249" lon="14.727001"></trkpt>
      <trkpt lat="66.409174" lon="14.726594"></trkpt>
      <trkpt lat="66.409105" lon="14.726181"></trkpt>
      <trkpt lat="66.409042" lon="14.725762"></trkpt>
      <trkpt lat="66.408959" lon="14.725123"></trkpt>
      <trkpt lat="66.408912" lon="14.724691"></trkpt>
      <trkpt lat="66.408871" lon="14.724255"></trkpt>
      <trkpt lat="66.408836" lon="14.723816"></trkpt>
      <trkpt lat="66.408807" lon="14.723374"></trkpt>
      <trkpt lat="66.408777" lon="14.722706"></trkpt>
      <trkpt lat="66.408765" lon="14.722259"></trkpt>
      <trkpt lat="66.408759" lon="14.721812"></trkpt>
      <trkpt lat="66.408760" lon="14.721364"></trkpt>
      <trkpt lat="66.408770" lon="14.720693"></trkpt>
      <trkpt lat="66.408799" lon="14.719576"></trkpt>
      <trkpt lat="66.408815" lon="14.718921"></trkpt>
      <trkpt lat="66.408825" lon="14.718346"></trkpt>
      <trkpt lat="66.408832" lon="14.717562"></trkpt>
      <trkpt lat="66.408831" lon="14.716200"></trkpt>
      <trkpt lat="66.408824" lon="14.715995"></trkpt>
      <trkpt lat="66.408817" lon="14.715547"></trkpt>
      <trkpt lat="66.408810" lon="14.715217"></trkpt>
      <trkpt lat="66.408795" lon="14.714654"></trkpt>
      <trkpt lat="66.408772" lon="14.713984"></trkpt>
      <trkpt lat="66.408754" lon="14.713539"></trkpt>
      <trkpt lat="66.408710" lon="14.712650"></trkpt>
      <trkpt lat="66.408671" lon="14.711985"></trkpt>
      <trkpt lat="66.408641" lon="14.711543"></trkpt>
      <trkpt lat="66.408613" lon="14.711179"></trkpt>
      <trkpt lat="66.408563" lon="14.710670"></trkpt>
      <trkpt lat="66.408538" lon="14.710455"></trkpt>
      <trkpt lat="66.408481" lon="14.710030"></trkpt>
      <trkpt lat="66.408415" lon="14.709613"></trkpt>
      <trkpt lat="66.408340" lon="14.709206"></trkpt>
      <trkpt lat="66.408300" lon="14.709007"></trkpt>
      <trkpt lat="66.408212" lon="14.708616"></trkpt>
      <trkpt lat="66.408117" lon="14.708237"></trkpt>
      <trkpt lat="66.408013" lon="14.707872"></trkpt>
      <trkpt lat="66.407902" lon="14.707520"></trkpt>
      <trkpt lat="66.407785" lon="14.707180"></trkpt>
      <trkpt lat="66.407684" lon="14.706898"></trkpt>
      <trkpt lat="66.407419" lon="14.706195"></trkpt>
      <trkpt lat="66.407230" lon="14.705717"></trkpt>
      <trkpt lat="66.407102" lon="14.705404"></trkpt>
      <trkpt lat="66.406907" lon="14.704942"></trkpt>
      <trkpt lat="66.406708" lon="14.704489"></trkpt>
      <trkpt lat="66.406437" lon="14.703902"></trkpt>
      <trkpt lat="66.406161" lon="14.703330"></trkpt>
      <trkpt lat="66.404700" lon="14.700360"></trkpt>
      <trkpt lat="66.404495" lon="14.699924"></trkpt>
      <trkpt lat="66.404297" lon="14.699471"></trkpt>
      <trkpt lat="66.404108" lon="14.698992"></trkpt>
      <trkpt lat="66.403989" lon="14.698657"></trkpt>
      <trkpt lat="66.403818" lon="14.698138"></trkpt>
      <trkpt lat="66.403378" lon="14.696725"></trkpt>
      <trkpt lat="66.403264" lon="14.696377"></trkpt>
      <trkpt lat="66.403089" lon="14.695868"></trkpt>
      <trkpt lat="66.402907" lon="14.695374"></trkpt>
      <trkpt lat="66.402718" lon="14.694895"></trkpt>
      <trkpt lat="66.402523" lon="14.694432"></trkpt>
      <trkpt lat="66.402323" lon="14.693984"></trkpt>
      <trkpt lat="66.402052" lon="14.693395"></trkpt>
      <trkpt lat="66.401852" lon="14.692946"></trkpt>
      <trkpt lat="66.401722" lon="14.692637"></trkpt>
      <trkpt lat="66.401536" lon="14.692154"></trkpt>
      <trkpt lat="66.401359" lon="14.691646"></trkpt>
      <trkpt lat="66.401247" lon="14.691296"></trkpt>
      <trkpt lat="66.401141" lon="14.690936"></trkpt>
      <trkpt lat="66.401089" lon="14.690753"></trkpt>
      <trkpt lat="66.400990" lon="14.690379"></trkpt>
      <trkpt lat="66.400897" lon="14.689997"></trkpt>
      <trkpt lat="66.400821" lon="14.689667"></trkpt>
      <trkpt lat="66.400725" lon="14.689211"></trkpt>
      <trkpt lat="66.400686" lon="14.689010"></trkpt>
      <trkpt lat="66.400612" lon="14.688602"></trkpt>
      <trkpt lat="66.400543" lon="14.688189"></trkpt>
      <trkpt lat="66.400451" lon="14.687558"></trkpt>
      <trkpt lat="66.400396" lon="14.687131"></trkpt>
      <trkpt lat="66.400346" lon="14.686701"></trkpt>
      <trkpt lat="66.400332" lon="14.686565"></trkpt>
      <trkpt lat="66.400257" lon="14.685802"></trkpt>
      <trkpt lat="66.400126" lon="14.684369"></trkpt>
      <trkpt lat="66.399819" lon="14.680910"></trkpt>
      <trkpt lat="66.399772" lon="14.680363"></trkpt>
      <trkpt lat="66.399669" lon="14.679162"></trkpt>
      <trkpt lat="66.399543" lon="14.677681"></trkpt>
      <trkpt lat="66.399393" lon="14.675865"></trkpt>
      <trkpt lat="66.399264" lon="14.674278"></trkpt>
      <trkpt lat="66.399195" lon="14.673478"></trkpt>
      <trkpt lat="66.399139" lon="14.672910"></trkpt>
      <trkpt lat="66.399114" lon="14.672685"></trkpt>
      <trkpt lat="66.399042" lon="14.672109"></trkpt>
      <trkpt lat="66.398962" lon="14.671580"></trkpt>
      <trkpt lat="66.398909" lon="14.671279"></trkpt>
      <trkpt lat="66.398853" lon="14.670994"></trkpt>
      <trkpt lat="66.398813" lon="14.670808"></trkpt>
      <trkpt lat="66.398739" lon="14.670490"></trkpt>
      <trkpt lat="66.398687" lon="14.670282"></trkpt>
      <trkpt lat="66.398578" lon="14.669875"></trkpt>
      <trkpt lat="66.398379" lon="14.669178"></trkpt>
      <trkpt lat="66.397860" lon="14.667397"></trkpt>
      <trkpt lat="66.397661" lon="14.666730"></trkpt>
      <trkpt lat="66.397567" lon="14.666428"></trkpt>
      <trkpt lat="66.397435" lon="14.666022"></trkpt>
      <trkpt lat="66.397345" lon="14.665755"></trkpt>
      <trkpt lat="66.397189" lon="14.665312"></trkpt>
      <trkpt lat="66.397021" lon="14.664851"></trkpt>
      <trkpt lat="66.396063" lon="14.662275"></trkpt>
      <trkpt lat="66.395861" lon="14.661733"></trkpt>
      <trkpt lat="66.395674" lon="14.661230"></trkpt>
      <trkpt lat="66.395579" lon="14.660966"></trkpt>
      <trkpt lat="66.395290" lon="14.660185"></trkpt>
      <trkpt lat="66.393361" lon="14.655011"></trkpt>
      <trkpt lat="66.392825" lon="14.653571"></trkpt>
      <trkpt lat="66.392781" lon="14.653392"></trkpt>
      <trkpt lat="66.392458" lon="14.652460"></trkpt>
      <trkpt lat="66.392071" lon="14.651416"></trkpt>
      <trkpt lat="66.391179" lon="14.649020"></trkpt>
      <trkpt lat="66.391089" lon="14.648771"></trkpt>
      <trkpt lat="66.390945" lon="14.648343"></trkpt>
      <trkpt lat="66.390892" lon="14.648233"></trkpt>
      <trkpt lat="66.390796" lon="14.647921"></trkpt>
      <trkpt lat="66.390613" lon="14.647284"></trkpt>
      <trkpt lat="66.390439" lon="14.646631"></trkpt>
      <trkpt lat="66.390274" lon="14.645963"></trkpt>
      <trkpt lat="66.390118" lon="14.645281"></trkpt>
      <trkpt lat="66.389972" lon="14.644586"></trkpt>
      <trkpt lat="66.389789" lon="14.643630"></trkpt>
      <trkpt lat="66.389617" lon="14.642662"></trkpt>
      <trkpt lat="66.389343" lon="14.641062"></trkpt>
      <trkpt lat="66.389114" lon="14.639685"></trkpt>
      <trkpt lat="66.388928" lon="14.638533"></trkpt>
      <trkpt lat="66.388638" lon="14.636680"></trkpt>
      <trkpt lat="66.388497" lon="14.635751"></trkpt>
      <trkpt lat="66.388223" lon="14.633884"></trkpt>
      <trkpt lat="66.388024" lon="14.632478"></trkpt>
      <trkpt lat="66.387831" lon="14.631067"></trkpt>
      <trkpt lat="66.387644" lon="14.629651"></trkpt>
      <trkpt lat="66.387522" lon="14.628704"></trkpt>
      <trkpt lat="66.387345" lon="14.627280"></trkpt>
      <trkpt lat="66.387230" lon="14.626328"></trkpt>
      <trkpt lat="66.387063" lon="14.624897"></trkpt>
      <trkpt lat="66.386797" lon="14.622502"></trkpt>
      <trkpt lat="66.386629" lon="14.620891"></trkpt>
      <trkpt lat="66.386509" lon="14.619685"></trkpt>
      <trkpt lat="66.386433" lon="14.618879"></trkpt>
      <trkpt lat="66.386324" lon="14.617667"></trkpt>
      <trkpt lat="66.386254" lon="14.616857"></trkpt>
      <trkpt lat="66.386155" lon="14.615639"></trkpt>
      <trkpt lat="66.386062" lon="14.614419"></trkpt>
      <trkpt lat="66.385948" lon="14.612787"></trkpt>
      <trkpt lat="66.385895" lon="14.611970"></trkpt>
      <trkpt lat="66.385797" lon="14.610331"></trkpt>
      <trkpt lat="66.385731" lon="14.609100"></trkpt>
      <trkpt lat="66.385691" lon="14.608278"></trkpt>
      <trkpt lat="66.385618" lon="14.606632"></trkpt>
      <trkpt lat="66.385571" lon="14.605262"></trkpt>
      <trkpt lat="66.385517" lon="14.603744"></trkpt>
      <trkpt lat="66.385495" lon="14.602918"></trkpt>
      <trkpt lat="66.385466" lon="14.601678"></trkpt>
      <trkpt lat="66.385444" lon="14.600437"></trkpt>
      <trkpt lat="66.385401" lon="14.596873"></trkpt>
      <trkpt lat="66.385380" lon="14.594448"></trkpt>
      <trkpt lat="66.385370" lon="14.592831"></trkpt>
      <trkpt lat="66.385359" lon="14.590406"></trkpt>
      <trkpt lat="66.385355" lon="14.588788"></trkpt>
      <trkpt lat="66.385356" lon="14.585554"></trkpt>
      <trkpt lat="66.385372" lon="14.581512"></trkpt>
      <trkpt lat="66.385390" lon="14.579086"></trkpt>
      <trkpt lat="66.385424" lon="14.575853"></trkpt>
      <trkpt lat="66.385445" lon="14.574237"></trkpt>
      <trkpt lat="66.385495" lon="14.571005"></trkpt>
      <trkpt lat="66.385524" lon="14.569390"></trkpt>
      <trkpt lat="66.385593" lon="14.565890"></trkpt>
      <trkpt lat="66.385623" lon="14.564125"></trkpt>
      <trkpt lat="66.385654" lon="14.562007"></trkpt>
      <trkpt lat="66.385679" lon="14.559889"></trkpt>
      <trkpt lat="66.385698" lon="14.557770"></trkpt>
      <trkpt lat="66.385756" lon="14.549523"></trkpt>
      <trkpt lat="66.385763" lon="14.548923"></trkpt>
      <trkpt lat="66.385772" lon="14.548473"></trkpt>
      <trkpt lat="66.385784" lon="14.548024"></trkpt>
      <trkpt lat="66.385796" lon="14.547725"></trkpt>
      <trkpt lat="66.385800" lon="14.547635"></trkpt>
      <trkpt lat="66.385834" lon="14.546993"></trkpt>
      <trkpt lat="66.385877" lon="14.546426"></trkpt>
      <trkpt lat="66.385916" lon="14.546005"></trkpt>
      <trkpt lat="66.385946" lon="14.545727"></trkpt>
      <trkpt lat="66.386013" lon="14.545175"></trkpt>
      <trkpt lat="66.386091" lon="14.544633"></trkpt>
      <trkpt lat="66.386180" lon="14.544100"></trkpt>
      <trkpt lat="66.386228" lon="14.543838"></trkpt>
      <trkpt lat="66.386305" lon="14.543450"></trkpt>
      <trkpt lat="66.386416" lon="14.542945"></trkpt>
      <trkpt lat="66.386537" lon="14.542454"></trkpt>
      <trkpt lat="66.386634" lon="14.542095"></trkpt>
      <trkpt lat="66.386702" lon="14.541861"></trkpt>
      <trkpt lat="66.386807" lon="14.541518"></trkpt>
      <trkpt lat="66.386844" lon="14.541483"></trkpt>
      <trkpt lat="66.386953" lon="14.541180"></trkpt>
      <trkpt lat="66.387053" lon="14.540924"></trkpt>
      <trkpt lat="66.387183" lon="14.540620"></trkpt>
      <trkpt lat="66.387318" lon="14.540331"></trkpt>
      <trkpt lat="66.387531" lon="14.539867"></trkpt>
      <trkpt lat="66.387698" lon="14.539538"></trkpt>
      <trkpt lat="66.387766" lon="14.539414"></trkpt>
      <trkpt lat="66.388193" lon="14.538680"></trkpt>
      <trkpt lat="66.388422" lon="14.538327"></trkpt>
      <trkpt lat="66.388487" lon="14.538184"></trkpt>
      <trkpt lat="66.388805" lon="14.537787"></trkpt>
      <trkpt lat="66.388933" lon="14.537627"></trkpt>
      <trkpt lat="66.389054" lon="14.537477"></trkpt>
      <trkpt lat="66.389126" lon="14.537387"></trkpt>
      <trkpt lat="66.389336" lon="14.537115"></trkpt>
      <trkpt lat="66.389493" lon="14.536900"></trkpt>
      <trkpt lat="66.389648" lon="14.536674"></trkpt>
      <trkpt lat="66.389800" lon="14.536435"></trkpt>
      <trkpt lat="66.389948" lon="14.536183"></trkpt>
      <trkpt lat="66.390101" lon="14.535905"></trkpt>
      <trkpt lat="66.390303" lon="14.535501"></trkpt>
      <trkpt lat="66.390451" lon="14.535182"></trkpt>
      <trkpt lat="66.390700" lon="14.534593"></trkpt>
      <trkpt lat="66.391580" lon="14.532359"></trkpt>
      <trkpt lat="66.391772" lon="14.531888"></trkpt>
      <trkpt lat="66.391972" lon="14.531439"></trkpt>
      <trkpt lat="66.392113" lon="14.531161"></trkpt>
      <trkpt lat="66.392259" lon="14.530902"></trkpt>
      <trkpt lat="66.392334" lon="14.530780"></trkpt>
      <trkpt lat="66.392488" lon="14.530552"></trkpt>
      <trkpt lat="66.392648" lon="14.530346"></trkpt>
      <trkpt lat="66.392811" lon="14.530162"></trkpt>
      <trkpt lat="66.392895" lon="14.530079"></trkpt>
      <trkpt lat="66.393064" lon="14.529930"></trkpt>
      <trkpt lat="66.393236" lon="14.529805"></trkpt>
      <trkpt lat="66.393323" lon="14.529751"></trkpt>
      <trkpt lat="66.393499" lon="14.529662"></trkpt>
      <trkpt lat="66.393587" lon="14.529627"></trkpt>
      <trkpt lat="66.393766" lon="14.529574"></trkpt>
      <trkpt lat="66.393945" lon="14.529548"></trkpt>
      <trkpt lat="66.394065" lon="14.529545"></trkpt>
      <trkpt lat="66.394229" lon="14.529563"></trkpt>
      <trkpt lat="66.394419" lon="14.529616"></trkpt>
      <trkpt lat="66.394595" lon="14.529696"></trkpt>
      <trkpt lat="66.394692" lon="14.529754"></trkpt>
      <trkpt lat="66.394807" lon="14.529830"></trkpt>
      <trkpt lat="66.395014" lon="14.529998"></trkpt>
      <trkpt lat="66.395187" lon="14.530163"></trkpt>
      <trkpt lat="66.395329" lon="14.530314"></trkpt>
      <trkpt lat="66.395461" lon="14.530464"></trkpt>
      <trkpt lat="66.395766" lon="14.530839"></trkpt>
      <trkpt lat="66.396387" lon="14.531657"></trkpt>
      <trkpt lat="66.396935" lon="14.532406"></trkpt>
      <trkpt lat="66.397313" lon="14.532937"></trkpt>
      <trkpt lat="66.397793" lon="14.533629"></trkpt>
      <trkpt lat="66.398342" lon="14.534445"></trkpt>
      <trkpt lat="66.398758" lon="14.535082"></trkpt>
      <trkpt lat="66.399300" lon="14.535934"></trkpt>
      <trkpt lat="66.400256" lon="14.537477"></trkpt>
      <trkpt lat="66.400458" lon="14.537778"></trkpt>
      <trkpt lat="66.400596" lon="14.537965"></trkpt>
      <trkpt lat="66.400666" lon="14.538052"></trkpt>
      <trkpt lat="66.400737" lon="14.538136"></trkpt>
      <trkpt lat="66.400882" lon="14.538287"></trkpt>
      <trkpt lat="66.400979" lon="14.538374"></trkpt>
      <trkpt lat="66.401072" lon="14.538446"></trkpt>
      <trkpt lat="66.401237" lon="14.538547"></trkpt>
      <trkpt lat="66.401357" lon="14.538600"></trkpt>
      <trkpt lat="66.401502" lon="14.538642"></trkpt>
      <trkpt lat="66.401575" lon="14.538654"></trkpt>
      <trkpt lat="66.401697" lon="14.538661"></trkpt>
      <trkpt lat="66.401819" lon="14.538651"></trkpt>
      <trkpt lat="66.401964" lon="14.538618"></trkpt>
      <trkpt lat="66.402061" lon="14.538583"></trkpt>
      <trkpt lat="66.402204" lon="14.538510"></trkpt>
      <trkpt lat="66.402345" lon="14.538415"></trkpt>
      <trkpt lat="66.402437" lon="14.538339"></trkpt>
      <trkpt lat="66.402528" lon="14.538253"></trkpt>
      <trkpt lat="66.402662" lon="14.538105"></trkpt>
      <trkpt lat="66.402749" lon="14.537995"></trkpt>
      <trkpt lat="66.402875" lon="14.537812"></trkpt>
      <trkpt lat="66.402957" lon="14.537679"></trkpt>
      <trkpt lat="66.403090" lon="14.537431"></trkpt>
      <trkpt lat="66.403186" lon="14.537228"></trkpt>
      <trkpt lat="66.403302" lon="14.536948"></trkpt>
      <trkpt lat="66.403390" lon="14.536707"></trkpt>
      <trkpt lat="66.403467" lon="14.536471"></trkpt>
      <trkpt lat="66.403552" lon="14.536174"></trkpt>
      <trkpt lat="66.403617" lon="14.535917"></trkpt>
      <trkpt lat="66.403629" lon="14.535865"></trkpt>
      <trkpt lat="66.403678" lon="14.535726"></trkpt>
      <trkpt lat="66.403734" lon="14.535462"></trkpt>
      <trkpt lat="66.403788" lon="14.535188"></trkpt>
      <trkpt lat="66.403878" lon="14.534688"></trkpt>
      <trkpt lat="66.403930" lon="14.534364"></trkpt>
      <trkpt lat="66.404059" lon="14.533484"></trkpt>
      <trkpt lat="66.404187" lon="14.532683"></trkpt>
      <trkpt lat="66.404271" lon="14.532193"></trkpt>
      <trkpt lat="66.404327" lon="14.531863"></trkpt>
      <trkpt lat="66.404280" lon="14.531729"></trkpt>
      <trkpt lat="66.404202" lon="14.531634"></trkpt>
      <trkpt lat="66.404136" lon="14.531586"></trkpt>
      <trkpt lat="66.403984" lon="14.531496"></trkpt>
      <trkpt lat="66.403621" lon="14.531111"></trkpt>
      <trkpt lat="66.403483" lon="14.531836"></trkpt>
      <trkpt lat="66.403336" lon="14.532605"></trkpt>
      <trkpt lat="66.403307" lon="14.532756"></trkpt>
      <trkpt lat="66.403107" lon="14.533796"></trkpt>
      <trkpt lat="66.403009" lon="14.534335"></trkpt>
      <trkpt lat="66.403029" lon="14.534517"></trkpt>
      <trkpt lat="66.403036" lon="14.534660"></trkpt>
      <trkpt lat="66.403038" lon="14.534876"></trkpt>
      <trkpt lat="66.403017" lon="14.535500"></trkpt>
      <trkpt lat="66.403015" lon="14.535737"></trkpt>
      <trkpt lat="66.403025" lon="14.535966"></trkpt>
      <trkpt lat="66.403041" lon="14.536175"></trkpt>
      <trkpt lat="66.403065" lon="14.536373"></trkpt>
      <trkpt lat="66.403098" lon="14.536572"></trkpt>
      <trkpt lat="66.403149" lon="14.536800"></trkpt>
      <trkpt lat="66.403187" lon="14.536955"></trkpt>
      <trkpt lat="66.403268" lon="14.537197"></trkpt>
      <trkpt lat="66.403329" lon="14.537385"></trkpt>
      <trkpt lat="66.403392" lon="14.537586"></trkpt>
      <trkpt lat="66.403432" lon="14.537766"></trkpt>
      <trkpt lat="66.403466" lon="14.537958"></trkpt>
      <trkpt lat="66.403492" lon="14.538158"></trkpt>
      <trkpt lat="66.403527" lon="14.538458"></trkpt>
      <trkpt lat="66.403584" lon="14.539051"></trkpt>
      <trkpt lat="66.403627" lon="14.539544"></trkpt>
      <trkpt lat="66.403653" lon="14.539937"></trkpt>
      <trkpt lat="66.403664" lon="14.540328"></trkpt>
      <trkpt lat="66.403679" lon="14.541053"></trkpt>
      <trkpt lat="66.403719" lon="14.542084"></trkpt>
      <trkpt lat="66.403789" lon="14.543423"></trkpt>
      <trkpt lat="66.403916" lon="14.546081"></trkpt>
      <trkpt lat="66.403923" lon="14.546430"></trkpt>
      <trkpt lat="66.403921" lon="14.546702"></trkpt>
      <trkpt lat="66.403908" lon="14.546997"></trkpt>
      <trkpt lat="66.403766" lon="14.549093"></trkpt>
      <trkpt lat="66.403743" lon="14.549304"></trkpt>
      <trkpt lat="66.403712" lon="14.549505"></trkpt>
      <trkpt lat="66.403676" lon="14.549699"></trkpt>
      <trkpt lat="66.403574" lon="14.550171"></trkpt>
      <trkpt lat="66.403533" lon="14.550418"></trkpt>
      <trkpt lat="66.403500" lon="14.550682"></trkpt>
      <trkpt lat="66.403473" lon="14.550954"></trkpt>
      <trkpt lat="66.403451" lon="14.551314"></trkpt>
      <trkpt lat="66.403437" lon="14.551692"></trkpt>
      <trkpt lat="66.403429" lon="14.552119"></trkpt>
      <trkpt lat="66.403427" lon="14.552532"></trkpt>
      <trkpt lat="66.403431" lon="14.552737"></trkpt>
      <trkpt lat="66.403444" lon="14.552914"></trkpt>
      <trkpt lat="66.403470" lon="14.553091"></trkpt>
      <trkpt lat="66.403504" lon="14.553265"></trkpt>
      <trkpt lat="66.403571" lon="14.553464"></trkpt>
      <trkpt lat="66.403632" lon="14.553615"></trkpt>
      <trkpt lat="66.403687" lon="14.553704"></trkpt>
      <trkpt lat="66.403747" lon="14.553776"></trkpt>
      <trkpt lat="66.403803" lon="14.553812"></trkpt>
      <trkpt lat="66.403866" lon="14.553842"></trkpt>
      <trkpt lat="66.404044" lon="14.553874"></trkpt>
      <trkpt lat="66.404102" lon="14.553908"></trkpt>
      <trkpt lat="66.404145" lon="14.553956"></trkpt>
      <trkpt lat="66.404184" lon="14.554024"></trkpt>
      <trkpt lat="66.404214" lon="14.554111"></trkpt>
      <trkpt lat="66.404245" lon="14.554227"></trkpt>
      <trkpt lat="66.404274" lon="14.554390"></trkpt>
      <trkpt lat="66.404291" lon="14.554581"></trkpt>
      <trkpt lat="66.404297" lon="14.554747"></trkpt>
      <trkpt lat="66.404297" lon="14.554946"></trkpt>
      <trkpt lat="66.404287" lon="14.555258"></trkpt>
      <trkpt lat="66.404153" lon="14.558439"></trkpt>
      <trkpt lat="66.404104" lon="14.559126"></trkpt>
      <trkpt lat="66.404068" lon="14.559462"></trkpt>
      <trkpt lat="66.404050" lon="14.559577"></trkpt>
      <trkpt lat="66.404009" lon="14.559775"></trkpt>
      <trkpt lat="66.403963" lon="14.559948"></trkpt>
      <trkpt lat="66.403915" lon="14.560085"></trkpt>
      <trkpt lat="66.403673" lon="14.560687"></trkpt>
      <trkpt lat="66.403482" lon="14.561195"></trkpt>
      <trkpt lat="66.403285" lon="14.561764"></trkpt>
      <trkpt lat="66.403042" lon="14.562468"></trkpt>
      <trkpt lat="66.402646" lon="14.563606"></trkpt>
      <trkpt lat="66.402483" lon="14.564105"></trkpt>
      <trkpt lat="66.402445" lon="14.564218"></trkpt>
      <trkpt lat="66.402276" lon="14.564661"></trkpt>
      <trkpt lat="66.402185" lon="14.564911"></trkpt>
      <trkpt lat="66.402120" lon="14.565125"></trkpt>
      <trkpt lat="66.402063" lon="14.565373"></trkpt>
      <trkpt lat="66.402014" lon="14.565633"></trkpt>
      <trkpt lat="66.401986" lon="14.565853"></trkpt>
      <trkpt lat="66.401967" lon="14.566079"></trkpt>
      <trkpt lat="66.401956" lon="14.566360"></trkpt>
      <trkpt lat="66.401951" lon="14.566672"></trkpt>
      <trkpt lat="66.401959" lon="14.567135"></trkpt>
      <trkpt lat="66.401983" lon="14.567718"></trkpt>
      <trkpt lat="66.401987" lon="14.568166"></trkpt>
      <trkpt lat="66.401981" lon="14.568640"></trkpt>
      <trkpt lat="66.401952" lon="14.569586"></trkpt>
      <trkpt lat="66.401935" lon="14.569993"></trkpt>
      <trkpt lat="66.401904" lon="14.570427"></trkpt>
      <trkpt lat="66.401870" lon="14.570757"></trkpt>
      <trkpt lat="66.401830" lon="14.571072"></trkpt>
      <trkpt lat="66.401781" lon="14.571385"></trkpt>
      <trkpt lat="66.401736" lon="14.571744"></trkpt>
      <trkpt lat="66.401696" lon="14.572113"></trkpt>
      <trkpt lat="66.401662" lon="14.572400"></trkpt>
      <trkpt lat="66.401583" lon="14.572853"></trkpt>
      <trkpt lat="66.401485" lon="14.573328"></trkpt>
      <trkpt lat="66.401449" lon="14.573556"></trkpt>
      <trkpt lat="66.401434" lon="14.573733"></trkpt>
      <trkpt lat="66.401425" lon="14.573930"></trkpt>
      <trkpt lat="66.401426" lon="14.574133"></trkpt>
      <trkpt lat="66.401438" lon="14.574530"></trkpt>
      <trkpt lat="66.401472" lon="14.575305"></trkpt>
      <trkpt lat="66.401477" lon="14.575662"></trkpt>
      <trkpt lat="66.401466" lon="14.576115"></trkpt>
      <trkpt lat="66.401443" lon="14.576686"></trkpt>
      <trkpt lat="66.401414" lon="14.577081"></trkpt>
      <trkpt lat="66.401374" lon="14.577398"></trkpt>
      <trkpt lat="66.401316" lon="14.577767"></trkpt>
      <trkpt lat="66.401198" lon="14.578478"></trkpt>
      <trkpt lat="66.401158" lon="14.578659"></trkpt>
      <trkpt lat="66.401101" lon="14.578859"></trkpt>
      <trkpt lat="66.401051" lon="14.578996"></trkpt>
      <trkpt lat="66.400976" lon="14.579189"></trkpt>
      <trkpt lat="66.400911" lon="14.579386"></trkpt>
      <trkpt lat="66.400864" lon="14.579548"></trkpt>
      <trkpt lat="66.400817" lon="14.579772"></trkpt>
      <trkpt lat="66.400785" lon="14.580003"></trkpt>
      <trkpt lat="66.400743" lon="14.580243"></trkpt>
      <trkpt lat="66.400697" lon="14.580461"></trkpt>
      <trkpt lat="66.400634" lon="14.580704"></trkpt>
      <trkpt lat="66.400536" lon="14.581042"></trkpt>
      <trkpt lat="66.400481" lon="14.581280"></trkpt>
      <trkpt lat="66.400446" lon="14.581491"></trkpt>
      <trkpt lat="66.400418" lon="14.581718"></trkpt>
      <trkpt lat="66.400399" lon="14.581963"></trkpt>
      <trkpt lat="66.400370" lon="14.582619"></trkpt>
      <trkpt lat="66.400361" lon="14.583085"></trkpt>
      <trkpt lat="66.400361" lon="14.583385"></trkpt>
      <trkpt lat="66.400355" lon="14.583581"></trkpt>
      <trkpt lat="66.400339" lon="14.583797"></trkpt>
      <trkpt lat="66.400297" lon="14.584225"></trkpt>
      <trkpt lat="66.400280" lon="14.584432"></trkpt>
      <trkpt lat="66.400278" lon="14.584588"></trkpt>
      <trkpt lat="66.400282" lon="14.584732"></trkpt>
      <trkpt lat="66.400295" lon="14.584942"></trkpt>
      <trkpt lat="66.400347" lon="14.585513"></trkpt>
      <trkpt lat="66.400389" lon="14.585833"></trkpt>
      <trkpt lat="66.400438" lon="14.586166"></trkpt>
      <trkpt lat="66.400493" lon="14.586394"></trkpt>
      <trkpt lat="66.400539" lon="14.586555"></trkpt>
      <trkpt lat="66.400591" lon="14.586672"></trkpt>
      <trkpt lat="66.400708" lon="14.586920"></trkpt>
      <trkpt lat="66.400764" lon="14.587066"></trkpt>
      <trkpt lat="66.400800" lon="14.587211"></trkpt>
      <trkpt lat="66.400822" lon="14.587341"></trkpt>
      <trkpt lat="66.400837" lon="14.587522"></trkpt>
      <trkpt lat="66.400836" lon="14.587726"></trkpt>
      <trkpt lat="66.400823" lon="14.587922"></trkpt>
      <trkpt lat="66.400769" lon="14.588418"></trkpt>
      <trkpt lat="66.400756" lon="14.588614"></trkpt>
      <trkpt lat="66.400750" lon="14.588799"></trkpt>
      <trkpt lat="66.400758" lon="14.589035"></trkpt>
      <trkpt lat="66.400796" lon="14.589581"></trkpt>
      <trkpt lat="66.400803" lon="14.589796"></trkpt>
      <trkpt lat="66.400796" lon="14.589990"></trkpt>
      <trkpt lat="66.400778" lon="14.590211"></trkpt>
      <trkpt lat="66.400721" lon="14.590662"></trkpt>
      <trkpt lat="66.400708" lon="14.590839"></trkpt>
      <trkpt lat="66.400702" lon="14.591008"></trkpt>
      <trkpt lat="66.400706" lon="14.591155"></trkpt>
      <trkpt lat="66.400729" lon="14.591429"></trkpt>
      <trkpt lat="66.400746" lon="14.591697"></trkpt>
      <trkpt lat="66.400754" lon="14.591996"></trkpt>
      <trkpt lat="66.400752" lon="14.592273"></trkpt>
      <trkpt lat="66.400725" lon="14.592997"></trkpt>
      <trkpt lat="66.400720" lon="14.593485"></trkpt>
      <trkpt lat="66.400714" lon="14.593687"></trkpt>
      <trkpt lat="66.400691" lon="14.593976"></trkpt>
      <trkpt lat="66.400658" lon="14.594272"></trkpt>
      <trkpt lat="66.400605" lon="14.594678"></trkpt>
      <trkpt lat="66.400428" lon="14.595781"></trkpt>
      <trkpt lat="66.400388" lon="14.596084"></trkpt>
      <trkpt lat="66.400373" lon="14.596293"></trkpt>
      <trkpt lat="66.400369" lon="14.596462"></trkpt>
      <trkpt lat="66.400374" lon="14.596627"></trkpt>
      <trkpt lat="66.400387" lon="14.596795"></trkpt>
      <trkpt lat="66.400414" lon="14.597007"></trkpt>
      <trkpt lat="66.400454" lon="14.597249"></trkpt>
      <trkpt lat="66.400511" lon="14.597526"></trkpt>
      <trkpt lat="66.400634" lon="14.598043"></trkpt>
      <trkpt lat="66.400688" lon="14.598361"></trkpt>
      <trkpt lat="66.400723" lon="14.598633"></trkpt>
      <trkpt lat="66.400743" lon="14.598890"></trkpt>
      <trkpt lat="66.400756" lon="14.599154"></trkpt>
      <trkpt lat="66.400763" lon="14.599446"></trkpt>
      <trkpt lat="66.400758" lon="14.599705"></trkpt>
      <trkpt lat="66.400736" lon="14.600113"></trkpt>
      <trkpt lat="66.400707" lon="14.600748"></trkpt>
      <trkpt lat="66.400705" lon="14.600959"></trkpt>
      <trkpt lat="66.400719" lon="14.601219"></trkpt>
      <trkpt lat="66.400728" lon="14.601442"></trkpt>
      <trkpt lat="66.400729" lon="14.601710"></trkpt>
      <trkpt lat="66.400700" lon="14.602995"></trkpt>
      <trkpt lat="66.400700" lon="14.603475"></trkpt>
      <trkpt lat="66.400713" lon="14.604117"></trkpt>
      <trkpt lat="66.400715" lon="14.604483"></trkpt>
      <trkpt lat="66.400710" lon="14.604702"></trkpt>
      <trkpt lat="66.400693" lon="14.604934"></trkpt>
      <trkpt lat="66.400637" lon="14.605626"></trkpt>
      <trkpt lat="66.400629" lon="14.605851"></trkpt>
      <trkpt lat="66.400631" lon="14.606047"></trkpt>
      <trkpt lat="66.400645" lon="14.606201"></trkpt>
      <trkpt lat="66.400664" lon="14.606334"></trkpt>
      <trkpt lat="66.400742" lon="14.606723"></trkpt>
      <trkpt lat="66.400794" lon="14.607027"></trkpt>
      <trkpt lat="66.400846" lon="14.607415"></trkpt>
      <trkpt lat="66.400897" lon="14.607879"></trkpt>
      <trkpt lat="66.400942" lon="14.608324"></trkpt>
      <trkpt lat="66.400966" lon="14.608486"></trkpt>
      <trkpt lat="66.401006" lon="14.608668"></trkpt>
      <trkpt lat="66.401054" lon="14.608827"></trkpt>
      <trkpt lat="66.401111" lon="14.608983"></trkpt>
      <trkpt lat="66.401186" lon="14.609145"></trkpt>
      <trkpt lat="66.401351" lon="14.609396"></trkpt>
      <trkpt lat="66.401419" lon="14.609518"></trkpt>
      <trkpt lat="66.401478" lon="14.609657"></trkpt>
      <trkpt lat="66.401529" lon="14.609821"></trkpt>
      <trkpt lat="66.401568" lon="14.609989"></trkpt>
      <trkpt lat="66.401686" lon="14.610604"></trkpt>
      <trkpt lat="66.401735" lon="14.610800"></trkpt>
      <trkpt lat="66.401825" lon="14.611084"></trkpt>
      <trkpt lat="66.402005" lon="14.611540"></trkpt>
      <trkpt lat="66.402263" lon="14.612138"></trkpt>
      <trkpt lat="66.402474" lon="14.612657"></trkpt>
      <trkpt lat="66.402515" lon="14.612789"></trkpt>
      <trkpt lat="66.402554" lon="14.612951"></trkpt>
      <trkpt lat="66.402574" lon="14.613091"></trkpt>
      <trkpt lat="66.402586" lon="14.613286"></trkpt>
      <trkpt lat="66.402596" lon="14.613627"></trkpt>
      <trkpt lat="66.402611" lon="14.613922"></trkpt>
      <trkpt lat="66.402570" lon="14.613961"></trkpt>
      <trkpt lat="66.402533" lon="14.614021"></trkpt>
      <trkpt lat="66.402493" lon="14.614124"></trkpt>
      <trkpt lat="66.402443" lon="14.614292"></trkpt>
      <trkpt lat="66.402364" lon="14.614631"></trkpt>
      <trkpt lat="66.402301" lon="14.615003"></trkpt>
      <trkpt lat="66.402247" lon="14.615420"></trkpt>
      <trkpt lat="66.402221" lon="14.615714"></trkpt>
      <trkpt lat="66.402211" lon="14.615935"></trkpt>
      <trkpt lat="66.402219" lon="14.616156"></trkpt>
      <trkpt lat="66.402242" lon="14.616497"></trkpt>
      <trkpt lat="66.402254" lon="14.616760"></trkpt>
      <trkpt lat="66.402249" lon="14.616986"></trkpt>
      <trkpt lat="66.402220" lon="14.617308"></trkpt>
      <trkpt lat="66.402152" lon="14.617840"></trkpt>
      <trkpt lat="66.401983" lon="14.618572"></trkpt>
      <trkpt lat="66.401882" lon="14.619055"></trkpt>
      <trkpt lat="66.401854" lon="14.619260"></trkpt>
      <trkpt lat="66.401841" lon="14.619460"></trkpt>
      <trkpt lat="66.401836" lon="14.619687"></trkpt>
      <trkpt lat="66.401848" lon="14.620099"></trkpt>
      <trkpt lat="66.401873" lon="14.620444"></trkpt>
      <trkpt lat="66.401901" lon="14.620715"></trkpt>
      <trkpt lat="66.401949" lon="14.621074"></trkpt>
      <trkpt lat="66.401980" lon="14.621238"></trkpt>
      <trkpt lat="66.402007" lon="14.621349"></trkpt>
      <trkpt lat="66.402046" lon="14.621446"></trkpt>
      <trkpt lat="66.402104" lon="14.621556"></trkpt>
      <trkpt lat="66.402181" lon="14.621674"></trkpt>
      <trkpt lat="66.402337" lon="14.621853"></trkpt>
      <trkpt lat="66.402419" lon="14.622006"></trkpt>
      <trkpt lat="66.402489" lon="14.622148"></trkpt>
      <trkpt lat="66.402552" lon="14.622307"></trkpt>
      <trkpt lat="66.402649" lon="14.622649"></trkpt>
      <trkpt lat="66.402743" lon="14.623072"></trkpt>
      <trkpt lat="66.402812" lon="14.623504"></trkpt>
      <trkpt lat="66.402870" lon="14.623941"></trkpt>
      <trkpt lat="66.403027" lon="14.624710"></trkpt>
      <trkpt lat="66.403070" lon="14.624960"></trkpt>
      <trkpt lat="66.403091" lon="14.625179"></trkpt>
      <trkpt lat="66.403101" lon="14.625329"></trkpt>
      <trkpt lat="66.403096" lon="14.625528"></trkpt>
      <trkpt lat="66.403075" lon="14.625969"></trkpt>
      <trkpt lat="66.403046" lon="14.626441"></trkpt>
      <trkpt lat="66.403013" lon="14.626951"></trkpt>
      <trkpt lat="66.402975" lon="14.627572"></trkpt>
      <trkpt lat="66.402937" lon="14.628064"></trkpt>
      <trkpt lat="66.402850" lon="14.628821"></trkpt>
      <trkpt lat="66.402822" lon="14.629117"></trkpt>
      <trkpt lat="66.402783" lon="14.629545"></trkpt>
      <trkpt lat="66.402776" lon="14.629874"></trkpt>
      <trkpt lat="66.402821" lon="14.630594"></trkpt>
      <trkpt lat="66.402844" lon="14.631340"></trkpt>
      <trkpt lat="66.402844" lon="14.631980"></trkpt>
      <trkpt lat="66.402851" lon="14.632233"></trkpt>
      <trkpt lat="66.402869" lon="14.632418"></trkpt>
      <trkpt lat="66.402898" lon="14.632575"></trkpt>
      <trkpt lat="66.402976" lon="14.632905"></trkpt>
      <trkpt lat="66.403070" lon="14.633412"></trkpt>
      <trkpt lat="66.403188" lon="14.633815"></trkpt>
      <trkpt lat="66.403287" lon="14.634087"></trkpt>
      <trkpt lat="66.403340" lon="14.634196"></trkpt>
      <trkpt lat="66.403514" lon="14.634471"></trkpt>
      <trkpt lat="66.403559" lon="14.634573"></trkpt>
      <trkpt lat="66.403668" lon="14.634921"></trkpt>
      <trkpt lat="66.403697" lon="14.635055"></trkpt>
      <trkpt lat="66.403837" lon="14.635941"></trkpt>
      <trkpt lat="66.403854" lon="14.636111"></trkpt>
      <trkpt lat="66.403871" lon="14.636431"></trkpt>
      <trkpt lat="66.403965" lon="14.637316"></trkpt>
      <trkpt lat="66.404068" lon="14.637792"></trkpt>
      <trkpt lat="66.404095" lon="14.637959"></trkpt>
      <trkpt lat="66.404208" lon="14.638455"></trkpt>
      <trkpt lat="66.404359" lon="14.638902"></trkpt>
      <trkpt lat="66.404433" lon="14.639228"></trkpt>
      <trkpt lat="66.404513" lon="14.639489"></trkpt>
      <trkpt lat="66.404634" lon="14.640054"></trkpt>
      <trkpt lat="66.404676" lon="14.640165"></trkpt>
      <trkpt lat="66.404844" lon="14.640496"></trkpt>
      <trkpt lat="66.404987" lon="14.640749"></trkpt>
      <trkpt lat="66.405032" lon="14.640850"></trkpt>
      <trkpt lat="66.405141" lon="14.641020"></trkpt>
      <trkpt lat="66.405322" lon="14.641235"></trkpt>
      <trkpt lat="66.405369" lon="14.641313"></trkpt>
      <trkpt lat="66.405403" lon="14.641413"></trkpt>
      <trkpt lat="66.405444" lon="14.641627"></trkpt>
      <trkpt lat="66.405464" lon="14.641893"></trkpt>
      <trkpt lat="66.405472" lon="14.642849"></trkpt>
      <trkpt lat="66.405491" lon="14.642970"></trkpt>
      <trkpt lat="66.405524" lon="14.643070"></trkpt>
      <trkpt lat="66.405566" lon="14.643132"></trkpt>
      <trkpt lat="66.405783" lon="14.643161"></trkpt>
      <trkpt lat="66.405898" lon="14.643246"></trkpt>
      <trkpt lat="66.406121" lon="14.643521"></trkpt>
      <trkpt lat="66.406176" lon="14.643639"></trkpt>
      <trkpt lat="66.406215" lon="14.643768"></trkpt>
      <trkpt lat="66.406242" lon="14.643902"></trkpt>
      <trkpt lat="66.406265" lon="14.644092"></trkpt>
      <trkpt lat="66.406282" lon="14.644392"></trkpt>
      <trkpt lat="66.406279" lon="14.644873"></trkpt>
      <trkpt lat="66.406258" lon="14.645435"></trkpt>
      <trkpt lat="66.406262" lon="14.645567"></trkpt>
      <trkpt lat="66.406276" lon="14.645686"></trkpt>
      <trkpt lat="66.406417" lon="14.646154"></trkpt>
      <trkpt lat="66.406505" lon="14.646321"></trkpt>
      <trkpt lat="66.406638" lon="14.646527"></trkpt>
      <trkpt lat="66.406747" lon="14.646723"></trkpt>
      <trkpt lat="66.406797" lon="14.646827"></trkpt>
      <trkpt lat="66.406836" lon="14.646936"></trkpt>
      <trkpt lat="66.407043" lon="14.647571"></trkpt>
      <trkpt lat="66.407205" lon="14.648239"></trkpt>
      <trkpt lat="66.407323" lon="14.648752"></trkpt>
      <trkpt lat="66.407352" lon="14.648864"></trkpt>
      <trkpt lat="66.407413" lon="14.649127"></trkpt>
      <trkpt lat="66.407546" lon="14.649594"></trkpt>
      <trkpt lat="66.407680" lon="14.650039"></trkpt>
      <trkpt lat="66.407755" lon="14.650239"></trkpt>
      <trkpt lat="66.407814" lon="14.650373"></trkpt>
      <trkpt lat="66.407896" lon="14.650521"></trkpt>
      <trkpt lat="66.408076" lon="14.650784"></trkpt>
      <trkpt lat="66.408329" lon="14.651107"></trkpt>
      <trkpt lat="66.408399" lon="14.651213"></trkpt>
      <trkpt lat="66.408443" lon="14.651315"></trkpt>
      <trkpt lat="66.408479" lon="14.651419"></trkpt>
      <trkpt lat="66.408508" lon="14.651539"></trkpt>
      <trkpt lat="66.408543" lon="14.651769"></trkpt>
      <trkpt lat="66.408571" lon="14.651983"></trkpt>
      <trkpt lat="66.408601" lon="14.652141"></trkpt>
      <trkpt lat="66.408640" lon="14.652276"></trkpt>
      <trkpt lat="66.408689" lon="14.652409"></trkpt>
      <trkpt lat="66.408747" lon="14.652523"></trkpt>
      <trkpt lat="66.408877" lon="14.652754"></trkpt>
      <trkpt lat="66.408950" lon="14.652864"></trkpt>
      <trkpt lat="66.408950" lon="14.652864"></trkpt>
      <trkpt lat="66.408877" lon="14.652754"></trkpt>
      <trkpt lat="66.408747" lon="14.652523"></trkpt>
      <trkpt lat="66.408689" lon="14.652409"></trkpt>
      <trkpt lat="66.408640" lon="14.652276"></trkpt>
      <trkpt lat="66.408601" lon="14.652141"></trkpt>
      <trkpt lat="66.408571" lon="14.651983"></trkpt>
      <trkpt lat="66.408543" lon="14.651769"></trkpt>
      <trkpt lat="66.408508" lon="14.651539"></trkpt>
      <trkpt lat="66.408479" lon="14.651419"></trkpt>
      <trkpt lat="66.408443" lon="14.651315"></trkpt>
      <trkpt lat="66.408399" lon="14.651213"></trkpt>
      <trkpt lat="66.408329" lon="14.651107"></trkpt>
      <trkpt lat="66.408076" lon="14.650784"></trkpt>
      <trkpt lat="66.407896" lon="14.650521"></trkpt>
      <trkpt lat="66.407814" lon="14.650373"></trkpt>
      <trkpt lat="66.407755" lon="14.650239"></trkpt>
      <trkpt lat="66.407680" lon="14.650039"></trkpt>
      <trkpt lat="66.407546" lon="14.649594"></trkpt>
      <trkpt lat="66.407413" lon="14.649127"></trkpt>
      <trkpt lat="66.407352" lon="14.648864"></trkpt>
      <trkpt lat="66.407323" lon="14.648752"></trkpt>
      <trkpt lat="66.407205" lon="14.648239"></trkpt>
      <trkpt lat="66.407043" lon="14.647571"></trkpt>
      <trkpt lat="66.406836" lon="14.646936"></trkpt>
      <trkpt lat="66.406797" lon="14.646827"></trkpt>
      <trkpt lat="66.406747" lon="14.646723"></trkpt>
      <trkpt lat="66.406638" lon="14.646527"></trkpt>
      <trkpt lat="66.406505" lon="14.646321"></trkpt>
      <trkpt lat="66.406417" lon="14.646154"></trkpt>
      <trkpt lat="66.406276" lon="14.645686"></trkpt>
      <trkpt lat="66.406262" lon="14.645567"></trkpt>
      <trkpt lat="66.406258" lon="14.645435"></trkpt>
      <trkpt lat="66.406279" lon="14.644873"></trkpt>
      <trkpt lat="66.406282" lon="14.644392"></trkpt>
      <trkpt lat="66.406265" lon="14.644092"></trkpt>
      <trkpt lat="66.406242" lon="14.643902"></trkpt>
      <trkpt lat="66.406215" lon="14.643768"></trkpt>
      <trkpt lat="66.406176" lon="14.643639"></trkpt>
      <trkpt lat="66.406121" lon="14.643521"></trkpt>
      <trkpt lat="66.405898" lon="14.643246"></trkpt>
      <trkpt lat="66.405783" lon="14.643161"></trkpt>
      <trkpt lat="66.405566" lon="14.643132"></trkpt>
      <trkpt lat="66.405524" lon="14.643070"></trkpt>
      <trkpt lat="66.405491" lon="14.642970"></trkpt>
      <trkpt lat="66.405472" lon="14.642849"></trkpt>
      <trkpt lat="66.405464" lon="14.641893"></trkpt>
      <trkpt lat="66.405444" lon="14.641627"></trkpt>
      <trkpt lat="66.405403" lon="14.641413"></trkpt>
      <trkpt lat="66.405369" lon="14.641313"></trkpt>
      <trkpt lat="66.405322" lon="14.641235"></trkpt>
      <trkpt lat="66.405141" lon="14.641020"></trkpt>
      <trkpt lat="66.405032" lon="14.640850"></trkpt>
      <trkpt lat="66.404987" lon="14.640749"></trkpt>
      <trkpt lat="66.404844" lon="14.640496"></trkpt>
      <trkpt lat="66.404676" lon="14.640165"></trkpt>
      <trkpt lat="66.404634" lon="14.640054"></trkpt>
      <trkpt lat="66.404513" lon="14.639489"></trkpt>
      <trkpt lat="66.404433" lon="14.639228"></trkpt>
      <trkpt lat="66.404359" lon="14.638902"></trkpt>
      <trkpt lat="66.404208" lon="14.638455"></trkpt>
      <trkpt lat="66.404095" lon="14.637959"></trkpt>
      <trkpt lat="66.404068" lon="14.637792"></trkpt>
      <trkpt lat="66.403965" lon="14.637316"></trkpt>
      <trkpt lat="66.403871" lon="14.636431"></trkpt>
      <trkpt lat="66.403854" lon="14.636111"></trkpt>
      <trkpt lat="66.403837" lon="14.635941"></trkpt>
      <trkpt lat="66.403697" lon="14.635055"></trkpt>
      <trkpt lat="66.403668" lon="14.634921"></trkpt>
      <trkpt lat="66.403559" lon="14.634573"></trkpt>
      <trkpt lat="66.403514" lon="14.634471"></trkpt>
      <trkpt lat="66.403340" lon="14.634196"></trkpt>
      <trkpt lat="66.403287" lon="14.634087"></trkpt>
      <trkpt lat="66.403188" lon="14.633815"></trkpt>
      <trkpt lat="66.403070" lon="14.633412"></trkpt>
      <trkpt lat="66.402976" lon="14.632905"></trkpt>
      <trkpt lat="66.402898" lon="14.632575"></trkpt>
      <trkpt lat="66.402869" lon="14.632418"></trkpt>
      <trkpt lat="66.402851" lon="14.632233"></trkpt>
      <trkpt lat="66.402844" lon="14.631980"></trkpt>
      <trkpt lat="66.402844" lon="14.631340"></trkpt>
      <trkpt lat="66.402821" lon="14.630594"></trkpt>
      <trkpt lat="66.402776" lon="14.629874"></trkpt>
      <trkpt lat="66.402783" lon="14.629545"></trkpt>
      <trkpt lat="66.402822" lon="14.629117"></trkpt>
      <trkpt lat="66.402850" lon="14.628821"></trkpt>
      <trkpt lat="66.402937" lon="14.628064"></trkpt>
      <trkpt lat="66.402975" lon="14.627572"></trkpt>
      <trkpt lat="66.403013" lon="14.626951"></trkpt>
      <trkpt lat="66.403046" lon="14.626441"></trkpt>
      <trkpt lat="66.403075" lon="14.625969"></trkpt>
      <trkpt lat="66.403096" lon="14.625528"></trkpt>
      <trkpt lat="66.403101" lon="14.625329"></trkpt>
      <trkpt lat="66.403091" lon="14.625179"></trkpt>
      <trkpt lat="66.403070" lon="14.624960"></trkpt>
      <trkpt lat="66.403027" lon="14.624710"></trkpt>
      <trkpt lat="66.402870" lon="14.623941"></trkpt>
      <trkpt lat="66.402812" lon="14.623504"></trkpt>
      <trkpt lat="66.402743" lon="14.623072"></trkpt>
      <trkpt lat="66.402649" lon="14.622649"></trkpt>
      <trkpt lat="66.402552" lon="14.622307"></trkpt>
      <trkpt lat="66.402489" lon="14.622148"></trkpt>
      <trkpt lat="66.402419" lon="14.622006"></trkpt>
      <trkpt lat="66.402337" lon="14.621853"></trkpt>
      <trkpt lat="66.402181" lon="14.621674"></trkpt>
      <trkpt lat="66.402104" lon="14.621556"></trkpt>
      <trkpt lat="66.402046" lon="14.621446"></trkpt>
      <trkpt lat="66.402007" lon="14.621349"></trkpt>
      <trkpt lat="66.401980" lon="14.621238"></trkpt>
      <trkpt lat="66.401949" lon="14.621074"></trkpt>
      <trkpt lat="66.401901" lon="14.620715"></trkpt>
      <trkpt lat="66.401873" lon="14.620444"></trkpt>
      <trkpt lat="66.401848" lon="14.620099"></trkpt>
      <trkpt lat="66.401836" lon="14.619687"></trkpt>
      <trkpt lat="66.401841" lon="14.619460"></trkpt>
      <trkpt lat="66.401854" lon="14.619260"></trkpt>
      <trkpt lat="66.401882" lon="14.619055"></trkpt>
      <trkpt lat="66.401983" lon="14.618572"></trkpt>
      <trkpt lat="66.402152" lon="14.617840"></trkpt>
      <trkpt lat="66.402220" lon="14.617308"></trkpt>
      <trkpt lat="66.402249" lon="14.616986"></trkpt>
      <trkpt lat="66.402254" lon="14.616760"></trkpt>
      <trkpt lat="66.402242" lon="14.616497"></trkpt>
      <trkpt lat="66.402219" lon="14.616156"></trkpt>
      <trkpt lat="66.402211" lon="14.615935"></trkpt>
      <trkpt lat="66.402221" lon="14.615714"></trkpt>
      <trkpt lat="66.402247" lon="14.615420"></trkpt>
      <trkpt lat="66.402301" lon="14.615003"></trkpt>
      <trkpt lat="66.402364" lon="14.614631"></trkpt>
      <trkpt lat="66.402443" lon="14.614292"></trkpt>
      <trkpt lat="66.402493" lon="14.614124"></trkpt>
      <trkpt lat="66.402533" lon="14.614021"></trkpt>
      <trkpt lat="66.402570" lon="14.613961"></trkpt>
      <trkpt lat="66.402611" lon="14.613922"></trkpt>
      <trkpt lat="66.402596" lon="14.613627"></trkpt>
      <trkpt lat="66.402586" lon="14.613286"></trkpt>
      <trkpt lat="66.402574" lon="14.613091"></trkpt>
      <trkpt lat="66.402554" lon="14.612951"></trkpt>
      <trkpt lat="66.402515" lon="14.612789"></trkpt>
      <trkpt lat="66.402474" lon="14.612657"></trkpt>
      <trkpt lat="66.402263" lon="14.612138"></trkpt>
      <trkpt lat="66.402005" lon="14.611540"></trkpt>
      <trkpt lat="66.401825" lon="14.611084"></trkpt>
      <trkpt lat="66.401735" lon="14.610800"></trkpt>
      <trkpt lat="66.401686" lon="14.610604"></trkpt>
      <trkpt lat="66.401568" lon="14.609989"></trkpt>
      <trkpt lat="66.401529" lon="14.609821"></trkpt>
      <trkpt lat="66.401478" lon="14.609657"></trkpt>
      <trkpt lat="66.401419" lon="14.609518"></trkpt>
      <trkpt lat="66.401351" lon="14.609396"></trkpt>
      <trkpt lat="66.401186" lon="14.609145"></trkpt>
      <trkpt lat="66.401111" lon="14.608983"></trkpt>
      <trkpt lat="66.401054" lon="14.608827"></trkpt>
      <trkpt lat="66.401006" lon="14.608668"></trkpt>
      <trkpt lat="66.400966" lon="14.608486"></trkpt>
      <trkpt lat="66.400942" lon="14.608324"></trkpt>
      <trkpt lat="66.400897" lon="14.607879"></trkpt>
      <trkpt lat="66.400846" lon="14.607415"></trkpt>
      <trkpt lat="66.400794" lon="14.607027"></trkpt>
      <trkpt lat="66.400742" lon="14.606723"></trkpt>
      <trkpt lat="66.400664" lon="14.606334"></trkpt>
      <trkpt lat="66.400645" lon="14.606201"></trkpt>
      <trkpt lat="66.400631" lon="14.606047"></trkpt>
      <trkpt lat="66.400629" lon="14.605851"></trkpt>
      <trkpt lat="66.400637" lon="14.605626"></trkpt>
      <trkpt lat="66.400693" lon="14.604934"></trkpt>
      <trkpt lat="66.400710" lon="14.604702"></trkpt>
      <trkpt lat="66.400715" lon="14.604483"></trkpt>
      <trkpt lat="66.400713" lon="14.604117"></trkpt>
      <trkpt lat="66.400700" lon="14.603475"></trkpt>
      <trkpt lat="66.400700" lon="14.602995"></trkpt>
      <trkpt lat="66.400729" lon="14.601710"></trkpt>
      <trkpt lat="66.400728" lon="14.601442"></trkpt>
      <trkpt lat="66.400719" lon="14.601219"></trkpt>
      <trkpt lat="66.400705" lon="14.600959"></trkpt>
      <trkpt lat="66.400707" lon="14.600748"></trkpt>
      <trkpt lat="66.400736" lon="14.600113"></trkpt>
      <trkpt lat="66.400758" lon="14.599705"></trkpt>
      <trkpt lat="66.400763" lon="14.599446"></trkpt>
      <trkpt lat="66.400756" lon="14.599154"></trkpt>
      <trkpt lat="66.400743" lon="14.598890"></trkpt>
      <trkpt lat="66.400723" lon="14.598633"></trkpt>
      <trkpt lat="66.400688" lon="14.598361"></trkpt>
      <trkpt lat="66.400634" lon="14.598043"></trkpt>
      <trkpt lat="66.400511" lon="14.597526"></trkpt>
      <trkpt lat="66.400454" lon="14.597249"></trkpt>
      <trkpt lat="66.400414" lon="14.597007"></trkpt>
      <trkpt lat="66.400387" lon="14.596795"></trkpt>
      <trkpt lat="66.400374" lon="14.596627"></trkpt>
      <trkpt lat="66.400369" lon="14.596462"></trkpt>
      <trkpt lat="66.400373" lon="14.596293"></trkpt>
      <trkpt lat="66.400388" lon="14.596084"></trkpt>
      <trkpt lat="66.400428" lon="14.595781"></trkpt>
      <trkpt lat="66.400605" lon="14.594678"></trkpt>
      <trkpt lat="66.400658" lon="14.594272"></trkpt>
      <trkpt lat="66.400691" lon="14.593976"></trkpt>
      <trkpt lat="66.400714" lon="14.593687"></trkpt>
      <trkpt lat="66.400720" lon="14.593485"></trkpt>
      <trkpt lat="66.400725" lon="14.592997"></trkpt>
      <trkpt lat="66.400752" lon="14.592273"></trkpt>
      <trkpt lat="66.400754" lon="14.591996"></trkpt>
      <trkpt lat="66.400746" lon="14.591697"></trkpt>
      <trkpt lat="66.400729" lon="14.591429"></trkpt>
      <trkpt lat="66.400706" lon="14.591155"></trkpt>
      <trkpt lat="66.400702" lon="14.591008"></trkpt>
      <trkpt lat="66.400708" lon="14.590839"></trkpt>
      <trkpt lat="66.400721" lon="14.590662"></trkpt>
      <trkpt lat="66.400778" lon="14.590211"></trkpt>
      <trkpt lat="66.400796" lon="14.589990"></trkpt>
      <trkpt lat="66.400803" lon="14.589796"></trkpt>
      <trkpt lat="66.400796" lon="14.589581"></trkpt>
      <trkpt lat="66.400758" lon="14.589035"></trkpt>
      <trkpt lat="66.400750" lon="14.588799"></trkpt>
      <trkpt lat="66.400756" lon="14.588614"></trkpt>
      <trkpt lat="66.400769" lon="14.588418"></trkpt>
      <trkpt lat="66.400823" lon="14.587922"></trkpt>
      <trkpt lat="66.400836" lon="14.587726"></trkpt>
      <trkpt lat="66.400837" lon="14.587522"></trkpt>
      <trkpt lat="66.400822" lon="14.587341"></trkpt>
      <trkpt lat="66.400800" lon="14.587211"></trkpt>
      <trkpt lat="66.400764" lon="14.587066"></trkpt>
      <trkpt lat="66.400708" lon="14.586920"></trkpt>
      <trkpt lat="66.400591" lon="14.586672"></trkpt>
      <trkpt lat="66.400539" lon="14.586555"></trkpt>
      <trkpt lat="66.400493" lon="14.586394"></trkpt>
      <trkpt lat="66.400438" lon="14.586166"></trkpt>
      <trkpt lat="66.400389" lon="14.585833"></trkpt>
      <trkpt lat="66.400347" lon="14.585513"></trkpt>
      <trkpt lat="66.400295" lon="14.584942"></trkpt>
      <trkpt lat="66.400282" lon="14.584732"></trkpt>
      <trkpt lat="66.400278" lon="14.584588"></trkpt>
      <trkpt lat="66.400280" lon="14.584432"></trkpt>
      <trkpt lat="66.400297" lon="14.584225"></trkpt>
      <trkpt lat="66.400339" lon="14.583797"></trkpt>
      <trkpt lat="66.400355" lon="14.583581"></trkpt>
      <trkpt lat="66.400361" lon="14.583385"></trkpt>
      <trkpt lat="66.400361" lon="14.583085"></trkpt>
      <trkpt lat="66.400370" lon="14.582619"></trkpt>
      <trkpt lat="66.400399" lon="14.581963"></trkpt>
      <trkpt lat="66.400418" lon="14.581718"></trkpt>
      <trkpt lat="66.400446" lon="14.581491"></trkpt>
      <trkpt lat="66.400481" lon="14.581280"></trkpt>
      <trkpt lat="66.400536" lon="14.581042"></trkpt>
      <trkpt lat="66.400634" lon="14.580704"></trkpt>
      <trkpt lat="66.400697" lon="14.580461"></trkpt>
      <trkpt lat="66.400743" lon="14.580243"></trkpt>
      <trkpt lat="66.400785" lon="14.580003"></trkpt>
      <trkpt lat="66.400817" lon="14.579772"></trkpt>
      <trkpt lat="66.400864" lon="14.579548"></trkpt>
      <trkpt lat="66.400911" lon="14.579386"></trkpt>
      <trkpt lat="66.400976" lon="14.579189"></trkpt>
      <trkpt lat="66.401051" lon="14.578996"></trkpt>
      <trkpt lat="66.401101" lon="14.578859"></trkpt>
      <trkpt lat="66.401158" lon="14.578659"></trkpt>
      <trkpt lat="66.401198" lon="14.578478"></trkpt>
      <trkpt lat="66.401316" lon="14.577767"></trkpt>
      <trkpt lat="66.401374" lon="14.577398"></trkpt>
      <trkpt lat="66.401414" lon="14.577081"></trkpt>
      <trkpt lat="66.401443" lon="14.576686"></trkpt>
      <trkpt lat="66.401466" lon="14.576115"></trkpt>
      <trkpt lat="66.401477" lon="14.575662"></trkpt>
      <trkpt lat="66.401472" lon="14.575305"></trkpt>
      <trkpt lat="66.401438" lon="14.574530"></trkpt>
      <trkpt lat="66.401426" lon="14.574133"></trkpt>
      <trkpt lat="66.401425" lon="14.573930"></trkpt>
      <trkpt lat="66.401434" lon="14.573733"></trkpt>
      <trkpt lat="66.401449" lon="14.573556"></trkpt>
      <trkpt lat="66.401485" lon="14.573328"></trkpt>
      <trkpt lat="66.401583" lon="14.572853"></trkpt>
      <trkpt lat="66.401662" lon="14.572400"></trkpt>
      <trkpt lat="66.401696" lon="14.572113"></trkpt>
      <trkpt lat="66.401736" lon="14.571744"></trkpt>
      <trkpt lat="66.401781" lon="14.571385"></trkpt>
      <trkpt lat="66.401830" lon="14.571072"></trkpt>
      <trkpt lat="66.401870" lon="14.570757"></trkpt>
      <trkpt lat="66.401904" lon="14.570427"></trkpt>
      <trkpt lat="66.401935" lon="14.569993"></trkpt>
      <trkpt lat="66.401952" lon="14.569586"></trkpt>
      <trkpt lat="66.401981" lon="14.568640"></trkpt>
      <trkpt lat="66.401987" lon="14.568166"></trkpt>
      <trkpt lat="66.401983" lon="14.567718"></trkpt>
      <trkpt lat="66.401959" lon="14.567135"></trkpt>
      <trkpt lat="66.401951" lon="14.566672"></trkpt>
      <trkpt lat="66.401956" lon="14.566360"></trkpt>
      <trkpt lat="66.401967" lon="14.566079"></trkpt>
      <trkpt lat="66.401986" lon="14.565853"></trkpt>
      <trkpt lat="66.402014" lon="14.565633"></trkpt>
      <trkpt lat="66.402063" lon="14.565373"></trkpt>
      <trkpt lat="66.402120" lon="14.565125"></trkpt>
      <trkpt lat="66.402185" lon="14.564911"></trkpt>
      <trkpt lat="66.402276" lon="14.564661"></trkpt>
      <trkpt lat="66.402445" lon="14.564218"></trkpt>
      <trkpt lat="66.402483" lon="14.564105"></trkpt>
      <trkpt lat="66.402646" lon="14.563606"></trkpt>
      <trkpt lat="66.403042" lon="14.562468"></trkpt>
      <trkpt lat="66.403285" lon="14.561764"></trkpt>
      <trkpt lat="66.403482" lon="14.561195"></trkpt>
      <trkpt lat="66.403673" lon="14.560687"></trkpt>
      <trkpt lat="66.403915" lon="14.560085"></trkpt>
      <trkpt lat="66.403963" lon="14.559948"></trkpt>
      <trkpt lat="66.404009" lon="14.559775"></trkpt>
      <trkpt lat="66.404050" lon="14.559577"></trkpt>
      <trkpt lat="66.404068" lon="14.559462"></trkpt>
      <trkpt lat="66.404104" lon="14.559126"></trkpt>
      <trkpt lat="66.404153" lon="14.558439"></trkpt>
      <trkpt lat="66.404287" lon="14.555258"></trkpt>
      <trkpt lat="66.404297" lon="14.554946"></trkpt>
      <trkpt lat="66.404297" lon="14.554747"></trkpt>
      <trkpt lat="66.404291" lon="14.554581"></trkpt>
      <trkpt lat="66.404274" lon="14.554390"></trkpt>
      <trkpt lat="66.404245" lon="14.554227"></trkpt>
      <trkpt lat="66.404214" lon="14.554111"></trkpt>
      <trkpt lat="66.404184" lon="14.554024"></trkpt>
      <trkpt lat="66.404145" lon="14.553956"></trkpt>
      <trkpt lat="66.404102" lon="14.553908"></trkpt>
      <trkpt lat="66.404044" lon="14.553874"></trkpt>
      <trkpt lat="66.403866" lon="14.553842"></trkpt>
      <trkpt lat="66.403803" lon="14.553812"></trkpt>
      <trkpt lat="66.403747" lon="14.553776"></trkpt>
      <trkpt lat="66.403687" lon="14.553704"></trkpt>
      <trkpt lat="66.403632" lon="14.553615"></trkpt>
      <trkpt lat="66.403571" lon="14.553464"></trkpt>
      <trkpt lat="66.403504" lon="14.553265"></trkpt>
      <trkpt lat="66.403470" lon="14.553091"></trkpt>
      <trkpt lat="66.403444" lon="14.552914"></trkpt>
      <trkpt lat="66.403431" lon="14.552737"></trkpt>
      <trkpt lat="66.403427" lon="14.552532"></trkpt>
      <trkpt lat="66.403429" lon="14.552119"></trkpt>
      <trkpt lat="66.403437" lon="14.551692"></trkpt>
      <trkpt lat="66.403451" lon="14.551314"></trkpt>
      <trkpt lat="66.403473" lon="14.550954"></trkpt>
      <trkpt lat="66.403500" lon="14.550682"></trkpt>
      <trkpt lat="66.403533" lon="14.550418"></trkpt>
      <trkpt lat="66.403574" lon="14.550171"></trkpt>
      <trkpt lat="66.403676" lon="14.549699"></trkpt>
      <trkpt lat="66.403712" lon="14.549505"></trkpt>
      <trkpt lat="66.403743" lon="14.549304"></trkpt>
      <trkpt lat="66.403766" lon="14.549093"></trkpt>
      <trkpt lat="66.403908" lon="14.546997"></trkpt>
      <trkpt lat="66.403921" lon="14.546702"></trkpt>
      <trkpt lat="66.403923" lon="14.546430"></trkpt>
      <trkpt lat="66.403916" lon="14.546081"></trkpt>
      <trkpt lat="66.403789" lon="14.543423"></trkpt>
      <trkpt lat="66.403719" lon="14.542084"></trkpt>
      <trkpt lat="66.403679" lon="14.541053"></trkpt>
      <trkpt lat="66.403664" lon="14.540328"></trkpt>
      <trkpt lat="66.403653" lon="14.539937"></trkpt>
      <trkpt lat="66.403627" lon="14.539544"></trkpt>
      <trkpt lat="66.403584" lon="14.539051"></trkpt>
      <trkpt lat="66.403527" lon="14.538458"></trkpt>
      <trkpt lat="66.403492" lon="14.538158"></trkpt>
      <trkpt lat="66.403466" lon="14.537958"></trkpt>
      <trkpt lat="66.403432" lon="14.537766"></trkpt>
      <trkpt lat="66.403392" lon="14.537586"></trkpt>
      <trkpt lat="66.403329" lon="14.537385"></trkpt>
      <trkpt lat="66.403268" lon="14.537197"></trkpt>
      <trkpt lat="66.403187" lon="14.536955"></trkpt>
      <trkpt lat="66.403149" lon="14.536800"></trkpt>
      <trkpt lat="66.403098" lon="14.536572"></trkpt>
      <trkpt lat="66.403065" lon="14.536373"></trkpt>
      <trkpt lat="66.403041" lon="14.536175"></trkpt>
      <trkpt lat="66.403025" lon="14.535966"></trkpt>
      <trkpt lat="66.403015" lon="14.535737"></trkpt>
      <trkpt lat="66.403017" lon="14.535500"></trkpt>
      <trkpt lat="66.403038" lon="14.534876"></trkpt>
      <trkpt lat="66.403036" lon="14.534660"></trkpt>
      <trkpt lat="66.403029" lon="14.534517"></trkpt>
      <trkpt lat="66.403009" lon="14.534335"></trkpt>
      <trkpt lat="66.403107" lon="14.533796"></trkpt>
      <trkpt lat="66.403307" lon="14.532756"></trkpt>
      <trkpt lat="66.403336" lon="14.532605"></trkpt>
      <trkpt lat="66.403483" lon="14.531836"></trkpt>
      <trkpt lat="66.403621" lon="14.531111"></trkpt>
      <trkpt lat="66.403810" lon="14.530138"></trkpt>
      <trkpt lat="66.404033" lon="14.528940"></trkpt>
      <trkpt lat="66.404089" lon="14.528691"></trkpt>
      <trkpt lat="66.404159" lon="14.528451"></trkpt>
      <trkpt lat="66.404223" lon="14.528267"></trkpt>
      <trkpt lat="66.404289" lon="14.528126"></trkpt>
      <trkpt lat="66.404328" lon="14.528044"></trkpt>
      <trkpt lat="66.404431" lon="14.527842"></trkpt>
      <trkpt lat="66.404444" lon="14.527874"></trkpt>
      <trkpt lat="66.404461" lon="14.527893"></trkpt>
      <trkpt lat="66.404479" lon="14.527898"></trkpt>
      <trkpt lat="66.404497" lon="14.527887"></trkpt>
      <trkpt lat="66.404513" lon="14.527861"></trkpt>
      <trkpt lat="66.404524" lon="14.527827"></trkpt>
      <trkpt lat="66.404530" lon="14.527785"></trkpt>
      <trkpt lat="66.404530" lon="14.527742"></trkpt>
      <trkpt lat="66.404525" lon="14.527700"></trkpt>
      <trkpt lat="66.404515" lon="14.527664"></trkpt>
      <trkpt lat="66.404735" lon="14.527152"></trkpt>
      <trkpt lat="66.404884" lon="14.526828"></trkpt>
      <trkpt lat="66.404979" lon="14.526639"></trkpt>
      <trkpt lat="66.405070" lon="14.526428"></trkpt>
      <trkpt lat="66.405141" lon="14.526236"></trkpt>
      <trkpt lat="66.405227" lon="14.525921"></trkpt>
      <trkpt lat="66.405274" lon="14.525719"></trkpt>
      <trkpt lat="66.405330" lon="14.525312"></trkpt>
      <trkpt lat="66.405377" lon="14.524804"></trkpt>
      <trkpt lat="66.405396" lon="14.524506"></trkpt>
      <trkpt lat="66.405416" lon="14.523963"></trkpt>
      <trkpt lat="66.405423" lon="14.522724"></trkpt>
      <trkpt lat="66.405402" lon="14.521342"></trkpt>
      <trkpt lat="66.405385" lon="14.520039"></trkpt>
      <trkpt lat="66.405369" lon="14.519156"></trkpt>
      <trkpt lat="66.405361" lon="14.518735"></trkpt>
      <trkpt lat="66.405353" lon="14.518474"></trkpt>
      <trkpt lat="66.405345" lon="14.518320"></trkpt>
      <trkpt lat="66.405372" lon="14.518212"></trkpt>
      <trkpt lat="66.405426" lon="14.517768"></trkpt>
      <trkpt lat="66.405534" lon="14.517132"></trkpt>
      <trkpt lat="66.405612" lon="14.516659"></trkpt>
      <trkpt lat="66.405413" lon="14.516405"></trkpt>
      <trkpt lat="66.405301" lon="14.516313"></trkpt>
      <trkpt lat="66.405157" lon="14.516234"></trkpt>
      <trkpt lat="66.405043" lon="14.516148"></trkpt>
      <trkpt lat="66.404950" lon="14.516057"></trkpt>
      <trkpt lat="66.404877" lon="14.515948"></trkpt>
      <trkpt lat="66.404804" lon="14.515795"></trkpt>
      <trkpt lat="66.404704" lon="14.515557"></trkpt>
      <trkpt lat="66.404530" lon="14.515167"></trkpt>
      <trkpt lat="66.404504" lon="14.515110"></trkpt>
      <trkpt lat="66.404473" lon="14.515023"></trkpt>
      <trkpt lat="66.404458" lon="14.514959"></trkpt>
      <trkpt lat="66.404423" lon="14.514963"></trkpt>
      <trkpt lat="66.404387" lon="14.514941"></trkpt>
      <trkpt lat="66.404285" lon="14.514790"></trkpt>
      <trkpt lat="66.404202" lon="14.514667"></trkpt>
      <trkpt lat="66.404167" lon="14.514596"></trkpt>
      <trkpt lat="66.404092" lon="14.514421"></trkpt>
      <trkpt lat="66.404023" lon="14.514189"></trkpt>
      <trkpt lat="66.403968" lon="14.513922"></trkpt>
      <trkpt lat="66.403921" lon="14.513625"></trkpt>
      <trkpt lat="66.403879" lon="14.513437"></trkpt>
      <trkpt lat="66.403854" lon="14.513327"></trkpt>
      <trkpt lat="66.403761" lon="14.513340"></trkpt>
      <trkpt lat="66.403368" lon="14.513383"></trkpt>
      <trkpt lat="66.403177" lon="14.513441"></trkpt>
      <trkpt lat="66.402896" lon="14.513592"></trkpt>
      <trkpt lat="66.402720" lon="14.513727"></trkpt>
      <trkpt lat="66.402685" lon="14.513770"></trkpt>
      <trkpt lat="66.402602" lon="14.513823"></trkpt>
      <trkpt lat="66.402519" lon="14.513901"></trkpt>
      <trkpt lat="66.402384" lon="14.514073"></trkpt>
      <trkpt lat="66.402237" lon="14.514236"></trkpt>
      <trkpt lat="66.402131" lon="14.514352"></trkpt>
      <trkpt lat="66.402043" lon="14.514488"></trkpt>
      <trkpt lat="66.401971" lon="14.514609"></trkpt>
      <trkpt lat="66.401910" lon="14.514725"></trkpt>
      <trkpt lat="66.401882" lon="14.514786"></trkpt>
      <trkpt lat="66.401824" lon="14.514913"></trkpt>
      <trkpt lat="66.401725" lon="14.515186"></trkpt>
      <trkpt lat="66.401659" lon="14.515450"></trkpt>
      <trkpt lat="66.401632" lon="14.515586"></trkpt>
      <trkpt lat="66.401516" lon="14.516432"></trkpt>
      <trkpt lat="66.401493" lon="14.516800"></trkpt>
      <trkpt lat="66.401489" lon="14.517391"></trkpt>
      <trkpt lat="66.401481" lon="14.517626"></trkpt>
      <trkpt lat="66.401622" lon="14.517824"></trkpt>
      <trkpt lat="66.401673" lon="14.517864"></trkpt>
      <trkpt lat="66.401851" lon="14.517843"></trkpt>
      <trkpt lat="66.401895" lon="14.517869"></trkpt>
      <trkpt lat="66.401942" lon="14.517920"></trkpt>
      <trkpt lat="66.401992" lon="14.517920"></trkpt>
    </trkseg>
  </trk>
</gpx>