<?xml version="1.0" encoding="UTF-8"?>
<gpx version="1.1" creator="Rana Sykkelklubb - https://ranasykkelklubb.no" xmlns="http://www.topografix.com/GPX/1/1" xmlns:xsi="http://www.w3.org/2001/XMLSchema-instance" xsi:schemaLocation="http://www.topografix.com/GPX/1/1 http://www.topografix.com/GPX/1/1/gpx.xsd">
  <metadata>
    <name>Hemnesberget Fjordtur</name>
    <desc>Hemnesberget Fjordtur</desc>
    <author>
      <name>Rana Sykkelklubb</name>
    </author>
  </metadata>
  <wpt lat="66.312500" lon="14.142800">
    <name>Start: Mo i Rana</name>
    <desc>Start sørover langs Ranfjorden.</desc>
  </wpt>
  <wpt lat="66.185000" lon="13.792000">
    <name>Finneidfjord</name>
    <desc>Knuteledd mot Hemneshalvøya.</desc>
  </wpt>
  <wpt lat="66.223000" lon="13.618000">
    <name>Hemnesberget Torg</name>
    <desc>Sjarmerende trehusbebyggelse, kafé og båthavn.</desc>
  </wpt>
  <trk>
    <name>Hemnesberget Fjordtur</name>
    <trkseg>
      <trkpt lat="66.312580" lon="14.142741"></trkpt>
      <trkpt lat="66.312747" lon="14.142851"></trkpt>
      <trkpt lat="66.312960" lon="14.142966"></trkpt>
      <trkpt lat="66.313066" lon="14.141765"></trkpt>
      <trkpt lat="66.313147" lon="14.140843"></trkpt>
      <trkpt lat="66.313173" lon="14.140450"></trkpt>
      <trkpt lat="66.313184" lon="14.140177"></trkpt>
      <trkpt lat="66.313182" lon="14.139936"></trkpt>
      <trkpt lat="66.313177" lon="14.139643"></trkpt>
      <trkpt lat="66.313162" lon="14.139311"></trkpt>
      <trkpt lat="66.313061" lon="14.137874"></trkpt>
      <trkpt lat="66.312941" lon="14.136239"></trkpt>
      <trkpt lat="66.312916" lon="14.135995"></trkpt>
      <trkpt lat="66.312875" lon="14.135660"></trkpt>
      <trkpt lat="66.312782" lon="14.135035"></trkpt>
      <trkpt lat="66.312695" lon="14.134453"></trkpt>
      <trkpt lat="66.312656" lon="14.134146"></trkpt>
      <trkpt lat="66.312634" lon="14.133802"></trkpt>
      <trkpt lat="66.312606" lon="14.133395"></trkpt>
      <trkpt lat="66.312578" lon="14.132986"></trkpt>
      <trkpt lat="66.312552" lon="14.132745"></trkpt>
      <trkpt lat="66.312545" lon="14.132639"></trkpt>
      <trkpt lat="66.312526" lon="14.132534"></trkpt>
      <trkpt lat="66.312490" lon="14.132378"></trkpt>
      <trkpt lat="66.312488" lon="14.132328"></trkpt>
      <trkpt lat="66.312480" lon="14.132268"></trkpt>
      <trkpt lat="66.312465" lon="14.132216"></trkpt>
      <trkpt lat="66.312445" lon="14.132177"></trkpt>
      <trkpt lat="66.312421" lon="14.132154"></trkpt>
      <trkpt lat="66.312395" lon="14.132148"></trkpt>
      <trkpt lat="66.312370" lon="14.132160"></trkpt>
      <trkpt lat="66.312347" lon="14.132190"></trkpt>
      <trkpt lat="66.312329" lon="14.132234"></trkpt>
      <trkpt lat="66.312272" lon="14.132316"></trkpt>
      <trkpt lat="66.312163" lon="14.132416"></trkpt>
      <trkpt lat="66.312015" lon="14.132517"></trkpt>
      <trkpt lat="66.311966" lon="14.132542"></trkpt>
      <trkpt lat="66.311838" lon="14.132596"></trkpt>
      <trkpt lat="66.311647" lon="14.132669"></trkpt>
      <trkpt lat="66.311588" lon="14.132695"></trkpt>
      <trkpt lat="66.311110" lon="14.132893"></trkpt>
      <trkpt lat="66.311015" lon="14.132927"></trkpt>
      <trkpt lat="66.310952" lon="14.132937"></trkpt>
      <trkpt lat="66.310908" lon="14.132921"></trkpt>
      <trkpt lat="66.310811" lon="14.132848"></trkpt>
      <trkpt lat="66.310755" lon="14.132808"></trkpt>
      <trkpt lat="66.310729" lon="14.132797"></trkpt>
      <trkpt lat="66.310691" lon="14.132799"></trkpt>
      <trkpt lat="66.310472" lon="14.132878"></trkpt>
      <trkpt lat="66.310440" lon="14.132894"></trkpt>
      <trkpt lat="66.310412" lon="14.132917"></trkpt>
      <trkpt lat="66.310388" lon="14.132954"></trkpt>
      <trkpt lat="66.310368" lon="14.132993"></trkpt>
      <trkpt lat="66.310344" lon="14.133061"></trkpt>
      <trkpt lat="66.310320" lon="14.133154"></trkpt>
      <trkpt lat="66.310237" lon="14.133470"></trkpt>
      <trkpt lat="66.310209" lon="14.133543"></trkpt>
      <trkpt lat="66.310177" lon="14.133622"></trkpt>
      <trkpt lat="66.310118" lon="14.133714"></trkpt>
      <trkpt lat="66.310059" lon="14.133776"></trkpt>
      <trkpt lat="66.309988" lon="14.133830"></trkpt>
      <trkpt lat="66.309917" lon="14.133876"></trkpt>
      <trkpt lat="66.309845" lon="14.133919"></trkpt>
      <trkpt lat="66.309751" lon="14.133971"></trkpt>
      <trkpt lat="66.309491" lon="14.134104"></trkpt>
      <trkpt lat="66.309440" lon="14.134144"></trkpt>
      <trkpt lat="66.309380" lon="14.134215"></trkpt>
      <trkpt lat="66.309359" lon="14.134473"></trkpt>
      <trkpt lat="66.309363" lon="14.134805"></trkpt>
      <trkpt lat="66.309347" lon="14.134845"></trkpt>
      <trkpt lat="66.309256" lon="14.134963"></trkpt>
      <trkpt lat="66.309225" lon="14.134997"></trkpt>
      <trkpt lat="66.309104" lon="14.135085"></trkpt>
      <trkpt lat="66.308920" lon="14.135216"></trkpt>
      <trkpt lat="66.308891" lon="14.135228"></trkpt>
      <trkpt lat="66.308783" lon="14.135261"></trkpt>
      <trkpt lat="66.308499" lon="14.135347"></trkpt>
      <trkpt lat="66.308306" lon="14.135392"></trkpt>
      <trkpt lat="66.308181" lon="14.135420"></trkpt>
      <trkpt lat="66.307506" lon="14.135396"></trkpt>
      <trkpt lat="66.307447" lon="14.135377"></trkpt>
      <trkpt lat="66.307423" lon="14.135369"></trkpt>
      <trkpt lat="66.307242" lon="14.135216"></trkpt>
      <trkpt lat="66.307162" lon="14.135181"></trkpt>
      <trkpt lat="66.307096" lon="14.135146"></trkpt>
      <trkpt lat="66.306976" lon="14.135150"></trkpt>
      <trkpt lat="66.306948" lon="14.135135"></trkpt>
      <trkpt lat="66.306922" lon="14.135137"></trkpt>
      <trkpt lat="66.306897" lon="14.135154"></trkpt>
      <trkpt lat="66.306875" lon="14.135184"></trkpt>
      <trkpt lat="66.306855" lon="14.135226"></trkpt>
      <trkpt lat="66.306840" lon="14.135278"></trkpt>
      <trkpt lat="66.306751" lon="14.135323"></trkpt>
      <trkpt lat="66.306699" lon="14.135340"></trkpt>
      <trkpt lat="66.306648" lon="14.135341"></trkpt>
      <trkpt lat="66.306563" lon="14.135328"></trkpt>
      <trkpt lat="66.306504" lon="14.135327"></trkpt>
      <trkpt lat="66.306410" lon="14.135357"></trkpt>
      <trkpt lat="66.306310" lon="14.135424"></trkpt>
      <trkpt lat="66.306203" lon="14.135433"></trkpt>
      <trkpt lat="66.306096" lon="14.135405"></trkpt>
      <trkpt lat="66.305991" lon="14.135342"></trkpt>
      <trkpt lat="66.305891" lon="14.135245"></trkpt>
      <trkpt lat="66.305797" lon="14.135116"></trkpt>
      <trkpt lat="66.305709" lon="14.134869"></trkpt>
      <trkpt lat="66.305663" lon="14.134725"></trkpt>
      <trkpt lat="66.305626" lon="14.134573"></trkpt>
      <trkpt lat="66.305613" lon="14.134510"></trkpt>
      <trkpt lat="66.305570" lon="14.134325"></trkpt>
      <trkpt lat="66.305570" lon="14.134308"></trkpt>
      <trkpt lat="66.305565" lon="14.134213"></trkpt>
      <trkpt lat="66.305547" lon="14.134126"></trkpt>
      <trkpt lat="66.305520" lon="14.134057"></trkpt>
      <trkpt lat="66.305499" lon="14.134025"></trkpt>
      <trkpt lat="66.305476" lon="14.134005"></trkpt>
      <trkpt lat="66.305437" lon="14.133804"></trkpt>
      <trkpt lat="66.305404" lon="14.133513"></trkpt>
      <trkpt lat="66.305387" lon="14.133238"></trkpt>
      <trkpt lat="66.305377" lon="14.133071"></trkpt>
      <trkpt lat="66.305375" lon="14.133002"></trkpt>
      <trkpt lat="66.305371" lon="14.132774"></trkpt>
      <trkpt lat="66.305381" lon="14.132584"></trkpt>
      <trkpt lat="66.305392" lon="14.132510"></trkpt>
      <trkpt lat="66.305396" lon="14.132431"></trkpt>
      <trkpt lat="66.305392" lon="14.132352"></trkpt>
      <trkpt lat="66.305380" lon="14.132278"></trkpt>
      <trkpt lat="66.305362" lon="14.132214"></trkpt>
      <trkpt lat="66.305337" lon="14.132163"></trkpt>
      <trkpt lat="66.305308" lon="14.132128"></trkpt>
      <trkpt lat="66.305227" lon="14.131941"></trkpt>
      <trkpt lat="66.305169" lon="14.131667"></trkpt>
      <trkpt lat="66.305116" lon="14.131446"></trkpt>
      <trkpt lat="66.305036" lon="14.131200"></trkpt>
      <trkpt lat="66.304946" lon="14.130853"></trkpt>
      <trkpt lat="66.304850" lon="14.130463"></trkpt>
      <trkpt lat="66.304798" lon="14.130253"></trkpt>
      <trkpt lat="66.304758" lon="14.129984"></trkpt>
      <trkpt lat="66.304740" lon="14.129862"></trkpt>
      <trkpt lat="66.304695" lon="14.129628"></trkpt>
      <trkpt lat="66.304633" lon="14.129211"></trkpt>
      <trkpt lat="66.304602" lon="14.128948"></trkpt>
      <trkpt lat="66.304582" lon="14.128728"></trkpt>
      <trkpt lat="66.304566" lon="14.128499"></trkpt>
      <trkpt lat="66.304548" lon="14.128174"></trkpt>
      <trkpt lat="66.304526" lon="14.127596"></trkpt>
      <trkpt lat="66.304499" lon="14.127272"></trkpt>
      <trkpt lat="66.304440" lon="14.125701"></trkpt>
      <trkpt lat="66.304437" lon="14.125620"></trkpt>
      <trkpt lat="66.304400" lon="14.124606"></trkpt>
      <trkpt lat="66.304373" lon="14.123687"></trkpt>
      <trkpt lat="66.304353" lon="14.123037"></trkpt>
      <trkpt lat="66.304339" lon="14.122408"></trkpt>
      <trkpt lat="66.304324" lon="14.121561"></trkpt>
      <trkpt lat="66.304310" lon="14.120269"></trkpt>
      <trkpt lat="66.304300" lon="14.119783"></trkpt>
      <trkpt lat="66.304279" lon="14.119197"></trkpt>
      <trkpt lat="66.304256" lon="14.118856"></trkpt>
      <trkpt lat="66.304240" lon="14.118684"></trkpt>
      <trkpt lat="66.304221" lon="14.118504"></trkpt>
      <trkpt lat="66.304200" lon="14.118348"></trkpt>
      <trkpt lat="66.304179" lon="14.118209"></trkpt>
      <trkpt lat="66.304106" lon="14.117851"></trkpt>
      <trkpt lat="66.304048" lon="14.117595"></trkpt>
      <trkpt lat="66.303976" lon="14.117294"></trkpt>
      <trkpt lat="66.303878" lon="14.116972"></trkpt>
      <trkpt lat="66.303727" lon="14.116537"></trkpt>
      <trkpt lat="66.303592" lon="14.116236"></trkpt>
      <trkpt lat="66.303274" lon="14.115656"></trkpt>
      <trkpt lat="66.303094" lon="14.115348"></trkpt>
      <trkpt lat="66.302930" lon="14.115081"></trkpt>
      <trkpt lat="66.302594" lon="14.114521"></trkpt>
      <trkpt lat="66.302278" lon="14.113999"></trkpt>
      <trkpt lat="66.302130" lon="14.113766"></trkpt>
      <trkpt lat="66.301955" lon="14.113510"></trkpt>
      <trkpt lat="66.301784" lon="14.113327"></trkpt>
      <trkpt lat="66.301285" lon="14.112799"></trkpt>
      <trkpt lat="66.301186" lon="14.112672"></trkpt>
      <trkpt lat="66.300988" lon="14.112363"></trkpt>
      <trkpt lat="66.300963" lon="14.112318"></trkpt>
      <trkpt lat="66.300838" lon="14.112080"></trkpt>
      <trkpt lat="66.300630" lon="14.111637"></trkpt>
      <trkpt lat="66.300470" lon="14.111253"></trkpt>
      <trkpt lat="66.300297" lon="14.110793"></trkpt>
      <trkpt lat="66.300175" lon="14.110435"></trkpt>
      <trkpt lat="66.300074" lon="14.110106"></trkpt>
      <trkpt lat="66.300042" lon="14.109988"></trkpt>
      <trkpt lat="66.299986" lon="14.109755"></trkpt>
      <trkpt lat="66.299951" lon="14.109598"></trkpt>
      <trkpt lat="66.299907" lon="14.109368"></trkpt>
      <trkpt lat="66.299861" lon="14.109081"></trkpt>
      <trkpt lat="66.299829" lon="14.108835"></trkpt>
      <trkpt lat="66.299796" lon="14.108526"></trkpt>
      <trkpt lat="66.299766" lon="14.108147"></trkpt>
      <trkpt lat="66.299744" lon="14.107711"></trkpt>
      <trkpt lat="66.299728" lon="14.107269"></trkpt>
      <trkpt lat="66.299714" lon="14.106630"></trkpt>
      <trkpt lat="66.299685" lon="14.105871"></trkpt>
      <trkpt lat="66.299672" lon="14.105644"></trkpt>
      <trkpt lat="66.299651" lon="14.105303"></trkpt>
      <trkpt lat="66.299617" lon="14.104862"></trkpt>
      <trkpt lat="66.299581" lon="14.104470"></trkpt>
      <trkpt lat="66.299517" lon="14.103853"></trkpt>
      <trkpt lat="66.299491" lon="14.103623"></trkpt>
      <trkpt lat="66.299430" lon="14.103140"></trkpt>
      <trkpt lat="66.299376" lon="14.102751"></trkpt>
      <trkpt lat="66.299261" lon="14.102005"></trkpt>
      <trkpt lat="66.299204" lon="14.101670"></trkpt>
      <trkpt lat="66.299084" lon="14.101047"></trkpt>
      <trkpt lat="66.298949" lon="14.100418"></trkpt>
      <trkpt lat="66.298698" lon="14.099288"></trkpt>
      <trkpt lat="66.298589" lon="14.098818"></trkpt>
      <trkpt lat="66.298486" lon="14.098424"></trkpt>
      <trkpt lat="66.298430" lon="14.098249"></trkpt>
      <trkpt lat="66.298292" lon="14.097865"></trkpt>
      <trkpt lat="66.298170" lon="14.097549"></trkpt>
      <trkpt lat="66.298079" lon="14.097331"></trkpt>
      <trkpt lat="66.297944" lon="14.097034"></trkpt>
      <trkpt lat="66.297809" lon="14.096765"></trkpt>
      <trkpt lat="66.297735" lon="14.096634"></trkpt>
      <trkpt lat="66.297562" lon="14.096367"></trkpt>
      <trkpt lat="66.297478" lon="14.096246"></trkpt>
      <trkpt lat="66.296806" lon="14.095403"></trkpt>
      <trkpt lat="66.296631" lon="14.095174"></trkpt>
      <trkpt lat="66.296466" lon="14.094942"></trkpt>
      <trkpt lat="66.296303" lon="14.094689"></trkpt>
      <trkpt lat="66.296212" lon="14.094538"></trkpt>
      <trkpt lat="66.295974" lon="14.094093"></trkpt>
      <trkpt lat="66.295638" lon="14.093421"></trkpt>
      <trkpt lat="66.295106" lon="14.092333"></trkpt>
      <trkpt lat="66.294947" lon="14.092035"></trkpt>
      <trkpt lat="66.294905" lon="14.091961"></trkpt>
      <trkpt lat="66.294842" lon="14.091864"></trkpt>
      <trkpt lat="66.294785" lon="14.091780"></trkpt>
      <trkpt lat="66.294711" lon="14.091684"></trkpt>
      <trkpt lat="66.294665" lon="14.091627"></trkpt>
      <trkpt lat="66.294579" lon="14.091538"></trkpt>
      <trkpt lat="66.294410" lon="14.091378"></trkpt>
      <trkpt lat="66.294003" lon="14.091023"></trkpt>
      <trkpt lat="66.293727" lon="14.090768"></trkpt>
      <trkpt lat="66.293608" lon="14.090645"></trkpt>
      <trkpt lat="66.293393" lon="14.090411"></trkpt>
      <trkpt lat="66.293327" lon="14.090331"></trkpt>
      <trkpt lat="66.293294" lon="14.090288"></trkpt>
      <trkpt lat="66.293162" lon="14.090081"></trkpt>
      <trkpt lat="66.293088" lon="14.089944"></trkpt>
      <trkpt lat="66.293009" lon="14.089784"></trkpt>
      <trkpt lat="66.292931" lon="14.089575"></trkpt>
      <trkpt lat="66.292857" lon="14.089352"></trkpt>
      <trkpt lat="66.292741" lon="14.088980"></trkpt>
      <trkpt lat="66.292684" lon="14.088773"></trkpt>
      <trkpt lat="66.292393" lon="14.087642"></trkpt>
      <trkpt lat="66.292349" lon="14.087479"></trkpt>
      <trkpt lat="66.292314" lon="14.087295"></trkpt>
      <trkpt lat="66.292280" lon="14.087142"></trkpt>
      <trkpt lat="66.292265" lon="14.087088"></trkpt>
      <trkpt lat="66.292135" lon="14.086671"></trkpt>
      <trkpt lat="66.292031" lon="14.086375"></trkpt>
      <trkpt lat="66.291884" lon="14.085985"></trkpt>
      <trkpt lat="66.291814" lon="14.085796"></trkpt>
      <trkpt lat="66.291634" lon="14.085316"></trkpt>
      <trkpt lat="66.291482" lon="14.084867"></trkpt>
      <trkpt lat="66.291442" lon="14.084741"></trkpt>
      <trkpt lat="66.291356" lon="14.084443"></trkpt>
      <trkpt lat="66.291317" lon="14.084299"></trkpt>
      <trkpt lat="66.291135" lon="14.083562"></trkpt>
      <trkpt lat="66.291083" lon="14.083245"></trkpt>
      <trkpt lat="66.291008" lon="14.082747"></trkpt>
      <trkpt lat="66.290843" lon="14.081606"></trkpt>
      <trkpt lat="66.290520" lon="14.079294"></trkpt>
      <trkpt lat="66.290353" lon="14.078049"></trkpt>
      <trkpt lat="66.290271" lon="14.077321"></trkpt>
      <trkpt lat="66.290241" lon="14.077019"></trkpt>
      <trkpt lat="66.290188" lon="14.076434"></trkpt>
      <trkpt lat="66.290119" lon="14.075347"></trkpt>
      <trkpt lat="66.290088" lon="14.074765"></trkpt>
      <trkpt lat="66.290050" lon="14.073871"></trkpt>
      <trkpt lat="66.290029" lon="14.073227"></trkpt>
      <trkpt lat="66.290014" lon="14.072543"></trkpt>
      <trkpt lat="66.290000" lon="14.071681"></trkpt>
      <trkpt lat="66.289996" lon="14.071197"></trkpt>
      <trkpt lat="66.289997" lon="14.070509"></trkpt>
      <trkpt lat="66.290009" lon="14.069675"></trkpt>
      <trkpt lat="66.290026" lon="14.068882"></trkpt>
      <trkpt lat="66.290058" lon="14.067739"></trkpt>
      <trkpt lat="66.290067" lon="14.067100"></trkpt>
      <trkpt lat="66.290067" lon="14.066741"></trkpt>
      <trkpt lat="66.290051" lon="14.066142"></trkpt>
      <trkpt lat="66.290042" lon="14.065940"></trkpt>
      <trkpt lat="66.290020" lon="14.065553"></trkpt>
      <trkpt lat="66.289991" lon="14.065172"></trkpt>
      <trkpt lat="66.289971" lon="14.064975"></trkpt>
      <trkpt lat="66.289912" lon="14.064491"></trkpt>
      <trkpt lat="66.289847" lon="14.064011"></trkpt>
      <trkpt lat="66.289598" lon="14.062392"></trkpt>
      <trkpt lat="66.289500" lon="14.061624"></trkpt>
      <trkpt lat="66.289472" lon="14.061370"></trkpt>
      <trkpt lat="66.289326" lon="14.059814"></trkpt>
      <trkpt lat="66.289217" lon="14.058904"></trkpt>
      <trkpt lat="66.289158" lon="14.058452"></trkpt>
      <trkpt lat="66.289035" lon="14.057587"></trkpt>
      <trkpt lat="66.288634" lon="14.054842"></trkpt>
      <trkpt lat="66.288620" lon="14.054744"></trkpt>
      <trkpt lat="66.288400" lon="14.053240"></trkpt>
      <trkpt lat="66.288334" lon="14.052868"></trkpt>
      <trkpt lat="66.288298" lon="14.052682"></trkpt>
      <trkpt lat="66.288208" lon="14.052295"></trkpt>
      <trkpt lat="66.288160" lon="14.052112"></trkpt>
      <trkpt lat="66.288008" lon="14.051591"></trkpt>
      <trkpt lat="66.287928" lon="14.051347"></trkpt>
      <trkpt lat="66.287843" lon="14.051123"></trkpt>
      <trkpt lat="66.287768" lon="14.050913"></trkpt>
      <trkpt lat="66.287690" lon="14.050622"></trkpt>
      <trkpt lat="66.287532" lon="14.050215"></trkpt>
      <trkpt lat="66.287325" lon="14.049743"></trkpt>
      <trkpt lat="66.287191" lon="14.049461"></trkpt>
      <trkpt lat="66.287068" lon="14.049219"></trkpt>
      <trkpt lat="66.286896" lon="14.048906"></trkpt>
      <trkpt lat="66.286721" lon="14.048604"></trkpt>
      <trkpt lat="66.286513" lon="14.048288"></trkpt>
      <trkpt lat="66.286381" lon="14.048153"></trkpt>
      <trkpt lat="66.286252" lon="14.047973"></trkpt>
      <trkpt lat="66.286043" lon="14.047713"></trkpt>
      <trkpt lat="66.286011" lon="14.047679"></trkpt>
      <trkpt lat="66.285891" lon="14.047553"></trkpt>
      <trkpt lat="66.285680" lon="14.047345"></trkpt>
      <trkpt lat="66.285456" lon="14.047155"></trkpt>
      <trkpt lat="66.285188" lon="14.046939"></trkpt>
      <trkpt lat="66.284641" lon="14.046539"></trkpt>
      <trkpt lat="66.283425" lon="14.045665"></trkpt>
      <trkpt lat="66.282818" lon="14.045223"></trkpt>
      <trkpt lat="66.282516" lon="14.044996"></trkpt>
      <trkpt lat="66.282322" lon="14.044830"></trkpt>
      <trkpt lat="66.282032" lon="14.044546"></trkpt>
      <trkpt lat="66.281942" lon="14.044450"></trkpt>
      <trkpt lat="66.281771" lon="14.044242"></trkpt>
      <trkpt lat="66.281680" lon="14.044112"></trkpt>
      <trkpt lat="66.281495" lon="14.043826"></trkpt>
      <trkpt lat="66.281258" lon="14.043392"></trkpt>
      <trkpt lat="66.281176" lon="14.043214"></trkpt>
      <trkpt lat="66.281058" lon="14.042936"></trkpt>
      <trkpt lat="66.280983" lon="14.042743"></trkpt>
      <trkpt lat="66.280874" lon="14.042446"></trkpt>
      <trkpt lat="66.280801" lon="14.042229"></trkpt>
      <trkpt lat="66.280732" lon="14.042006"></trkpt>
      <trkpt lat="66.280669" lon="14.041786"></trkpt>
      <trkpt lat="66.280609" lon="14.041561"></trkpt>
      <trkpt lat="66.280562" lon="14.041368"></trkpt>
      <trkpt lat="66.280516" lon="14.041174"></trkpt>
      <trkpt lat="66.280406" lon="14.040658"></trkpt>
      <trkpt lat="66.280245" lon="14.039866"></trkpt>
      <trkpt lat="66.280147" lon="14.039416"></trkpt>
      <trkpt lat="66.280061" lon="14.039091"></trkpt>
      <trkpt lat="66.279945" lon="14.038695"></trkpt>
      <trkpt lat="66.279924" lon="14.038630"></trkpt>
      <trkpt lat="66.279814" lon="14.038284"></trkpt>
      <trkpt lat="66.279700" lon="14.037980"></trkpt>
      <trkpt lat="66.279563" lon="14.037668"></trkpt>
      <trkpt lat="66.279386" lon="14.037295"></trkpt>
      <trkpt lat="66.279313" lon="14.037156"></trkpt>
      <trkpt lat="66.279162" lon="14.036901"></trkpt>
      <trkpt lat="66.279016" lon="14.036695"></trkpt>
      <trkpt lat="66.278933" lon="14.036599"></trkpt>
      <trkpt lat="66.278849" lon="14.036514"></trkpt>
      <trkpt lat="66.278763" lon="14.036439"></trkpt>
      <trkpt lat="66.278693" lon="14.036387"></trkpt>
      <trkpt lat="66.278599" lon="14.036331"></trkpt>
      <trkpt lat="66.278518" lon="14.036298"></trkpt>
      <trkpt lat="66.278434" lon="14.036272"></trkpt>
      <trkpt lat="66.278236" lon="14.036234"></trkpt>
      <trkpt lat="66.277682" lon="14.036180"></trkpt>
      <trkpt lat="66.277418" lon="14.036149"></trkpt>
      <trkpt lat="66.277319" lon="14.036130"></trkpt>
      <trkpt lat="66.277220" lon="14.036100"></trkpt>
      <trkpt lat="66.277034" lon="14.036021"></trkpt>
      <trkpt lat="66.276909" lon="14.035941"></trkpt>
      <trkpt lat="66.276780" lon="14.035836"></trkpt>
      <trkpt lat="66.276703" lon="14.035760"></trkpt>
      <trkpt lat="66.276614" lon="14.035653"></trkpt>
      <trkpt lat="66.276538" lon="14.035540"></trkpt>
      <trkpt lat="66.276477" lon="14.035437"></trkpt>
      <trkpt lat="66.276415" lon="14.035320"></trkpt>
      <trkpt lat="66.276344" lon="14.035171"></trkpt>
      <trkpt lat="66.276303" lon="14.035072"></trkpt>
      <trkpt lat="66.276233" lon="14.034885"></trkpt>
      <trkpt lat="66.276189" lon="14.034750"></trkpt>
      <trkpt lat="66.276131" lon="14.034541"></trkpt>
      <trkpt lat="66.276091" lon="14.034366"></trkpt>
      <trkpt lat="66.275999" lon="14.033886"></trkpt>
      <trkpt lat="66.275967" lon="14.033670"></trkpt>
      <trkpt lat="66.275941" lon="14.033474"></trkpt>
      <trkpt lat="66.275814" lon="14.032437"></trkpt>
      <trkpt lat="66.275749" lon="14.031956"></trkpt>
      <trkpt lat="66.275715" lon="14.031727"></trkpt>
      <trkpt lat="66.275677" lon="14.031503"></trkpt>
      <trkpt lat="66.275636" lon="14.031270"></trkpt>
      <trkpt lat="66.275587" lon="14.031021"></trkpt>
      <trkpt lat="66.275538" lon="14.030775"></trkpt>
      <trkpt lat="66.275464" lon="14.030442"></trkpt>
      <trkpt lat="66.275182" lon="14.029198"></trkpt>
      <trkpt lat="66.275027" lon="14.028532"></trkpt>
      <trkpt lat="66.274711" lon="14.027125"></trkpt>
      <trkpt lat="66.274280" lon="14.025122"></trkpt>
      <trkpt lat="66.274072" lon="14.024127"></trkpt>
      <trkpt lat="66.273816" lon="14.022859"></trkpt>
      <trkpt lat="66.273717" lon="14.022339"></trkpt>
      <trkpt lat="66.273566" lon="14.021509"></trkpt>
      <trkpt lat="66.273449" lon="14.020814"></trkpt>
      <trkpt lat="66.273385" lon="14.020410"></trkpt>
      <trkpt lat="66.273170" lon="14.018946"></trkpt>
      <trkpt lat="66.273065" lon="14.018206"></trkpt>
      <trkpt lat="66.272864" lon="14.016726"></trkpt>
      <trkpt lat="66.272731" lon="14.015708"></trkpt>
      <trkpt lat="66.272688" lon="14.015348"></trkpt>
      <trkpt lat="66.272660" lon="14.015077"></trkpt>
      <trkpt lat="66.272625" lon="14.014672"></trkpt>
      <trkpt lat="66.272605" lon="14.014403"></trkpt>
      <trkpt lat="66.272595" lon="14.014191"></trkpt>
      <trkpt lat="66.272583" lon="14.013908"></trkpt>
      <trkpt lat="66.272578" lon="14.013617"></trkpt>
      <trkpt lat="66.272577" lon="14.013360"></trkpt>
      <trkpt lat="66.272580" lon="14.013076"></trkpt>
      <trkpt lat="66.272592" lon="14.012679"></trkpt>
      <trkpt lat="66.272631" lon="14.011930"></trkpt>
      <trkpt lat="66.272653" lon="14.011540"></trkpt>
      <trkpt lat="66.272671" lon="14.011257"></trkpt>
      <trkpt lat="66.272817" lon="14.008797"></trkpt>
      <trkpt lat="66.272938" lon="14.006883"></trkpt>
      <trkpt lat="66.272980" lon="14.006125"></trkpt>
      <trkpt lat="66.272996" lon="14.005784"></trkpt>
      <trkpt lat="66.273007" lon="14.005446"></trkpt>
      <trkpt lat="66.273015" lon="14.004973"></trkpt>
      <trkpt lat="66.273007" lon="14.004458"></trkpt>
      <trkpt lat="66.272994" lon="14.004073"></trkpt>
      <trkpt lat="66.272970" lon="14.003607"></trkpt>
      <trkpt lat="66.272872" lon="14.001971"></trkpt>
      <trkpt lat="66.272842" lon="14.001335"></trkpt>
      <trkpt lat="66.272827" lon="14.000953"></trkpt>
      <trkpt lat="66.272824" lon="14.000864"></trkpt>
      <trkpt lat="66.272808" lon="14.000175"></trkpt>
      <trkpt lat="66.272802" lon="13.999452"></trkpt>
      <trkpt lat="66.272804" lon="13.998663"></trkpt>
      <trkpt lat="66.272811" lon="13.998041"></trkpt>
      <trkpt lat="66.272816" lon="13.997411"></trkpt>
      <trkpt lat="66.272822" lon="13.997032"></trkpt>
      <trkpt lat="66.272826" lon="13.996783"></trkpt>
      <trkpt lat="66.272835" lon="13.996481"></trkpt>
      <trkpt lat="66.272848" lon="13.996179"></trkpt>
      <trkpt lat="66.272907" lon="13.995075"></trkpt>
      <trkpt lat="66.272931" lon="13.994558"></trkpt>
      <trkpt lat="66.272947" lon="13.993975"></trkpt>
      <trkpt lat="66.272947" lon="13.993692"></trkpt>
      <trkpt lat="66.272934" lon="13.993187"></trkpt>
      <trkpt lat="66.272913" lon="13.992785"></trkpt>
      <trkpt lat="66.272867" lon="13.992225"></trkpt>
      <trkpt lat="66.272836" lon="13.991907"></trkpt>
      <trkpt lat="66.272816" lon="13.991739"></trkpt>
      <trkpt lat="66.272790" lon="13.991528"></trkpt>
      <trkpt lat="66.272746" lon="13.991216"></trkpt>
      <trkpt lat="66.272706" lon="13.990968"></trkpt>
      <trkpt lat="66.272642" lon="13.990616"></trkpt>
      <trkpt lat="66.272573" lon="13.990276"></trkpt>
      <trkpt lat="66.272351" lon="13.989309"></trkpt>
      <trkpt lat="66.272009" lon="13.987905"></trkpt>
      <trkpt lat="66.271638" lon="13.986397"></trkpt>
      <trkpt lat="66.271496" lon="13.985811"></trkpt>
      <trkpt lat="66.271355" lon="13.985249"></trkpt>
      <trkpt lat="66.271202" lon="13.984605"></trkpt>
      <trkpt lat="66.270960" lon="13.983622"></trkpt>
      <trkpt lat="66.270739" lon="13.982733"></trkpt>
      <trkpt lat="66.270659" lon="13.982425"></trkpt>
      <trkpt lat="66.270487" lon="13.981799"></trkpt>
      <trkpt lat="66.270342" lon="13.981324"></trkpt>
      <trkpt lat="66.270246" lon="13.981025"></trkpt>
      <trkpt lat="66.270007" lon="13.980331"></trkpt>
      <trkpt lat="66.269855" lon="13.979921"></trkpt>
      <trkpt lat="66.269757" lon="13.979669"></trkpt>
      <trkpt lat="66.269683" lon="13.979488"></trkpt>
      <trkpt lat="66.269490" lon="13.979047"></trkpt>
      <trkpt lat="66.269322" lon="13.978709"></trkpt>
      <trkpt lat="66.269169" lon="13.978440"></trkpt>
      <trkpt lat="66.268992" lon="13.978168"></trkpt>
      <trkpt lat="66.268833" lon="13.977965"></trkpt>
      <trkpt lat="66.268736" lon="13.977856"></trkpt>
      <trkpt lat="66.268546" lon="13.977679"></trkpt>
      <trkpt lat="66.268283" lon="13.977473"></trkpt>
      <trkpt lat="66.267886" lon="13.977175"></trkpt>
      <trkpt lat="66.267383" lon="13.976810"></trkpt>
      <trkpt lat="66.267322" lon="13.976767"></trkpt>
      <trkpt lat="66.266950" lon="13.976512"></trkpt>
      <trkpt lat="66.266495" lon="13.976228"></trkpt>
      <trkpt lat="66.266184" lon="13.976055"></trkpt>
      <trkpt lat="66.265797" lon="13.975865"></trkpt>
      <trkpt lat="66.265334" lon="13.975671"></trkpt>
      <trkpt lat="66.264222" lon="13.975248"></trkpt>
      <trkpt lat="66.263710" lon="13.975057"></trkpt>
      <trkpt lat="66.263513" lon="13.974979"></trkpt>
      <trkpt lat="66.262829" lon="13.974719"></trkpt>
      <trkpt lat="66.262178" lon="13.974471"></trkpt>
      <trkpt lat="66.261869" lon="13.974364"></trkpt>
      <trkpt lat="66.261817" lon="13.974347"></trkpt>
      <trkpt lat="66.261754" lon="13.974338"></trkpt>
      <trkpt lat="66.261611" lon="13.974313"></trkpt>
      <trkpt lat="66.261394" lon="13.974295"></trkpt>
      <trkpt lat="66.261135" lon="13.974308"></trkpt>
      <trkpt lat="66.260962" lon="13.974343"></trkpt>
      <trkpt lat="66.260831" lon="13.974382"></trkpt>
      <trkpt lat="66.260385" lon="13.974538"></trkpt>
      <trkpt lat="66.260287" lon="13.974572"></trkpt>
      <trkpt lat="66.260167" lon="13.974595"></trkpt>
      <trkpt lat="66.260004" lon="13.974609"></trkpt>
      <trkpt lat="66.259877" lon="13.974601"></trkpt>
      <trkpt lat="66.259711" lon="13.974574"></trkpt>
      <trkpt lat="66.259194" lon="13.974459"></trkpt>
      <trkpt lat="66.259046" lon="13.974437"></trkpt>
      <trkpt lat="66.258905" lon="13.974434"></trkpt>
      <trkpt lat="66.258777" lon="13.974445"></trkpt>
      <trkpt lat="66.258639" lon="13.974476"></trkpt>
      <trkpt lat="66.258391" lon="13.974562"></trkpt>
      <trkpt lat="66.258121" lon="13.974687"></trkpt>
      <trkpt lat="66.257676" lon="13.974908"></trkpt>
      <trkpt lat="66.256996" lon="13.975253"></trkpt>
      <trkpt lat="66.255471" lon="13.976154"></trkpt>
      <trkpt lat="66.255187" lon="13.976325"></trkpt>
      <trkpt lat="66.255174" lon="13.976334"></trkpt>
      <trkpt lat="66.255002" lon="13.976451"></trkpt>
      <trkpt lat="66.254827" lon="13.976580"></trkpt>
      <trkpt lat="66.254574" lon="13.976791"></trkpt>
      <trkpt lat="66.254481" lon="13.976883"></trkpt>
      <trkpt lat="66.254376" lon="13.976995"></trkpt>
      <trkpt lat="66.254186" lon="13.977220"></trkpt>
      <trkpt lat="66.253796" lon="13.977710"></trkpt>
      <trkpt lat="66.253637" lon="13.977887"></trkpt>
      <trkpt lat="66.253500" lon="13.978019"></trkpt>
      <trkpt lat="66.253315" lon="13.978166"></trkpt>
      <trkpt lat="66.253205" lon="13.978237"></trkpt>
      <trkpt lat="66.253118" lon="13.978283"></trkpt>
      <trkpt lat="66.252935" lon="13.978352"></trkpt>
      <trkpt lat="66.252799" lon="13.978381"></trkpt>
      <trkpt lat="66.252728" lon="13.978387"></trkpt>
      <trkpt lat="66.252634" lon="13.978359"></trkpt>
      <trkpt lat="66.252460" lon="13.978312"></trkpt>
      <trkpt lat="66.252343" lon="13.978269"></trkpt>
      <trkpt lat="66.252280" lon="13.978246"></trkpt>
      <trkpt lat="66.252132" lon="13.978170"></trkpt>
      <trkpt lat="66.251886" lon="13.978027"></trkpt>
      <trkpt lat="66.251611" lon="13.977840"></trkpt>
      <trkpt lat="66.251483" lon="13.977737"></trkpt>
      <trkpt lat="66.251311" lon="13.977638"></trkpt>
      <trkpt lat="66.251187" lon="13.977509"></trkpt>
      <trkpt lat="66.251034" lon="13.977338"></trkpt>
      <trkpt lat="66.250814" lon="13.977079"></trkpt>
      <trkpt lat="66.250636" lon="13.976853"></trkpt>
      <trkpt lat="66.250454" lon="13.976607"></trkpt>
      <trkpt lat="66.250241" lon="13.976287"></trkpt>
      <trkpt lat="66.250063" lon="13.976016"></trkpt>
      <trkpt lat="66.249958" lon="13.975843"></trkpt>
      <trkpt lat="66.249841" lon="13.975646"></trkpt>
      <trkpt lat="66.249740" lon="13.975462"></trkpt>
      <trkpt lat="66.249633" lon="13.975252"></trkpt>
      <trkpt lat="66.249526" lon="13.975026"></trkpt>
      <trkpt lat="66.249401" lon="13.974746"></trkpt>
      <trkpt lat="66.249277" lon="13.974436"></trkpt>
      <trkpt lat="66.249160" lon="13.974105"></trkpt>
      <trkpt lat="66.249036" lon="13.973721"></trkpt>
      <trkpt lat="66.248925" lon="13.973340"></trkpt>
      <trkpt lat="66.248833" lon="13.972994"></trkpt>
      <trkpt lat="66.248727" lon="13.972555"></trkpt>
      <trkpt lat="66.248679" lon="13.972324"></trkpt>
      <trkpt lat="66.248613" lon="13.971982"></trkpt>
      <trkpt lat="66.248517" lon="13.971456"></trkpt>
      <trkpt lat="66.248436" lon="13.970992"></trkpt>
      <trkpt lat="66.248297" lon="13.970163"></trkpt>
      <trkpt lat="66.247925" lon="13.967816"></trkpt>
      <trkpt lat="66.247831" lon="13.967293"></trkpt>
      <trkpt lat="66.247770" lon="13.966990"></trkpt>
      <trkpt lat="66.247703" lon="13.966689"></trkpt>
      <trkpt lat="66.247414" lon="13.965568"></trkpt>
      <trkpt lat="66.247371" lon="13.965388"></trkpt>
      <trkpt lat="66.247287" lon="13.965005"></trkpt>
      <trkpt lat="66.247162" lon="13.964381"></trkpt>
      <trkpt lat="66.246901" lon="13.962987"></trkpt>
      <trkpt lat="66.246789" lon="13.962380"></trkpt>
      <trkpt lat="66.246687" lon="13.961716"></trkpt>
      <trkpt lat="66.246624" lon="13.961257"></trkpt>
      <trkpt lat="66.246536" lon="13.960480"></trkpt>
      <trkpt lat="66.246455" lon="13.959513"></trkpt>
      <trkpt lat="66.246399" lon="13.959062"></trkpt>
      <trkpt lat="66.246329" lon="13.958631"></trkpt>
      <trkpt lat="66.246261" lon="13.958266"></trkpt>
      <trkpt lat="66.246171" lon="13.957899"></trkpt>
      <trkpt lat="66.246088" lon="13.957622"></trkpt>
      <trkpt lat="66.245936" lon="13.957208"></trkpt>
      <trkpt lat="66.245820" lon="13.956936"></trkpt>
      <trkpt lat="66.245693" lon="13.956671"></trkpt>
      <trkpt lat="66.245308" lon="13.955923"></trkpt>
      <trkpt lat="66.245228" lon="13.955777"></trkpt>
      <trkpt lat="66.245096" lon="13.955485"></trkpt>
      <trkpt lat="66.245007" lon="13.955315"></trkpt>
      <trkpt lat="66.244912" lon="13.955106"></trkpt>
      <trkpt lat="66.244724" lon="13.954712"></trkpt>
      <trkpt lat="66.244584" lon="13.954389"></trkpt>
      <trkpt lat="66.244113" lon="13.953345"></trkpt>
      <trkpt lat="66.243935" lon="13.953011"></trkpt>
      <trkpt lat="66.243775" lon="13.952803"></trkpt>
      <trkpt lat="66.243613" lon="13.952645"></trkpt>
      <trkpt lat="66.243479" lon="13.952532"></trkpt>
      <trkpt lat="66.243302" lon="13.952429"></trkpt>
      <trkpt lat="66.243123" lon="13.952347"></trkpt>
      <trkpt lat="66.242992" lon="13.952321"></trkpt>
      <trkpt lat="66.242851" lon="13.952318"></trkpt>
      <trkpt lat="66.242470" lon="13.952229"></trkpt>
      <trkpt lat="66.242273" lon="13.952151"></trkpt>
      <trkpt lat="66.242131" lon="13.952070"></trkpt>
      <trkpt lat="66.242014" lon="13.951925"></trkpt>
      <trkpt lat="66.241870" lon="13.951758"></trkpt>
      <trkpt lat="66.241704" lon="13.951492"></trkpt>
      <trkpt lat="66.241551" lon="13.951233"></trkpt>
      <trkpt lat="66.241442" lon="13.951017"></trkpt>
      <trkpt lat="66.241249" lon="13.950643"></trkpt>
      <trkpt lat="66.241088" lon="13.950347"></trkpt>
      <trkpt lat="66.240986" lon="13.950130"></trkpt>
      <trkpt lat="66.240769" lon="13.949702"></trkpt>
      <trkpt lat="66.240627" lon="13.949445"></trkpt>
      <trkpt lat="66.240529" lon="13.949238"></trkpt>
      <trkpt lat="66.240385" lon="13.948872"></trkpt>
      <trkpt lat="66.240258" lon="13.948491"></trkpt>
      <trkpt lat="66.240177" lon="13.948169"></trkpt>
      <trkpt lat="66.240074" lon="13.947691"></trkpt>
      <trkpt lat="66.239988" lon="13.947210"></trkpt>
      <trkpt lat="66.239897" lon="13.946780"></trkpt>
      <trkpt lat="66.239806" lon="13.946261"></trkpt>
      <trkpt lat="66.239690" lon="13.945747"></trkpt>
      <trkpt lat="66.239614" lon="13.945435"></trkpt>
      <trkpt lat="66.239532" lon="13.945098"></trkpt>
      <trkpt lat="66.239366" lon="13.944397"></trkpt>
      <trkpt lat="66.239239" lon="13.943931"></trkpt>
      <trkpt lat="66.239133" lon="13.943486"></trkpt>
      <trkpt lat="66.239012" lon="13.943026"></trkpt>
      <trkpt lat="66.238904" lon="13.942557"></trkpt>
      <trkpt lat="66.238805" lon="13.942107"></trkpt>
      <trkpt lat="66.238728" lon="13.941677"></trkpt>
      <trkpt lat="66.238703" lon="13.941461"></trkpt>
      <trkpt lat="66.238664" lon="13.941035"></trkpt>
      <trkpt lat="66.238646" lon="13.940697"></trkpt>
      <trkpt lat="66.238636" lon="13.940245"></trkpt>
      <trkpt lat="66.238636" lon="13.939765"></trkpt>
      <trkpt lat="66.238657" lon="13.938671"></trkpt>
      <trkpt lat="66.238651" lon="13.938056"></trkpt>
      <trkpt lat="66.238625" lon="13.937396"></trkpt>
      <trkpt lat="66.238576" lon="13.936803"></trkpt>
      <trkpt lat="66.238463" lon="13.935641"></trkpt>
      <trkpt lat="66.238400" lon="13.934989"></trkpt>
      <trkpt lat="66.238346" lon="13.934484"></trkpt>
      <trkpt lat="66.238307" lon="13.934177"></trkpt>
      <trkpt lat="66.238284" lon="13.934019"></trkpt>
      <trkpt lat="66.238262" lon="13.933874"></trkpt>
      <trkpt lat="66.238212" lon="13.933589"></trkpt>
      <trkpt lat="66.238166" lon="13.933360"></trkpt>
      <trkpt lat="66.238116" lon="13.933136"></trkpt>
      <trkpt lat="66.238047" lon="13.932863"></trkpt>
      <trkpt lat="66.238006" lon="13.932716"></trkpt>
      <trkpt lat="66.237958" lon="13.932556"></trkpt>
      <trkpt lat="66.237882" lon="13.932323"></trkpt>
      <trkpt lat="66.237757" lon="13.931990"></trkpt>
      <trkpt lat="66.237698" lon="13.931851"></trkpt>
      <trkpt lat="66.237617" lon="13.931676"></trkpt>
      <trkpt lat="66.237486" lon="13.931424"></trkpt>
      <trkpt lat="66.237382" lon="13.931250"></trkpt>
      <trkpt lat="66.237243" lon="13.931048"></trkpt>
      <trkpt lat="66.237147" lon="13.930927"></trkpt>
      <trkpt lat="66.237008" lon="13.930770"></trkpt>
      <trkpt lat="66.236542" lon="13.930304"></trkpt>
      <trkpt lat="66.236382" lon="13.930130"></trkpt>
      <trkpt lat="66.236218" lon="13.929925"></trkpt>
      <trkpt lat="66.236069" lon="13.929700"></trkpt>
      <trkpt lat="66.235966" lon="13.929521"></trkpt>
      <trkpt lat="66.235864" lon="13.929321"></trkpt>
      <trkpt lat="66.235760" lon="13.929091"></trkpt>
      <trkpt lat="66.235709" lon="13.928966"></trkpt>
      <trkpt lat="66.235624" lon="13.928739"></trkpt>
      <trkpt lat="66.235571" lon="13.928586"></trkpt>
      <trkpt lat="66.235505" lon="13.928376"></trkpt>
      <trkpt lat="66.235443" lon="13.928158"></trkpt>
      <trkpt lat="66.235411" lon="13.928037"></trkpt>
      <trkpt lat="66.235345" lon="13.927760"></trkpt>
      <trkpt lat="66.235289" lon="13.927493"></trkpt>
      <trkpt lat="66.235239" lon="13.927220"></trkpt>
      <trkpt lat="66.235195" lon="13.926940"></trkpt>
      <trkpt lat="66.235160" lon="13.926677"></trkpt>
      <trkpt lat="66.235113" lon="13.926225"></trkpt>
      <trkpt lat="66.235090" lon="13.925919"></trkpt>
      <trkpt lat="66.235066" lon="13.925467"></trkpt>
      <trkpt lat="66.235049" lon="13.924957"></trkpt>
      <trkpt lat="66.235024" lon="13.923904"></trkpt>
      <trkpt lat="66.234999" lon="13.923291"></trkpt>
      <trkpt lat="66.234970" lon="13.922846"></trkpt>
      <trkpt lat="66.234939" lon="13.922499"></trkpt>
      <trkpt lat="66.234899" lon="13.922146"></trkpt>
      <trkpt lat="66.234879" lon="13.921998"></trkpt>
      <trkpt lat="66.234856" lon="13.921830"></trkpt>
      <trkpt lat="66.234810" lon="13.921540"></trkpt>
      <trkpt lat="66.234742" lon="13.921165"></trkpt>
      <trkpt lat="66.234684" lon="13.920889"></trkpt>
      <trkpt lat="66.234642" lon="13.920706"></trkpt>
      <trkpt lat="66.234595" lon="13.920516"></trkpt>
      <trkpt lat="66.234520" lon="13.920239"></trkpt>
      <trkpt lat="66.234398" lon="13.919841"></trkpt>
      <trkpt lat="66.234279" lon="13.919494"></trkpt>
      <trkpt lat="66.234149" lon="13.919141"></trkpt>
      <trkpt lat="66.233877" lon="13.918431"></trkpt>
      <trkpt lat="66.233735" lon="13.918046"></trkpt>
      <trkpt lat="66.233626" lon="13.917735"></trkpt>
      <trkpt lat="66.233536" lon="13.917458"></trkpt>
      <trkpt lat="66.233450" lon="13.917174"></trkpt>
      <trkpt lat="66.233388" lon="13.916956"></trkpt>
      <trkpt lat="66.233271" lon="13.916508"></trkpt>
      <trkpt lat="66.233156" lon="13.916006"></trkpt>
      <trkpt lat="66.233060" lon="13.915528"></trkpt>
      <trkpt lat="66.232971" lon="13.915018"></trkpt>
      <trkpt lat="66.232901" lon="13.914549"></trkpt>
      <trkpt lat="66.232862" lon="13.914253"></trkpt>
      <trkpt lat="66.232800" lon="13.913696"></trkpt>
      <trkpt lat="66.232772" lon="13.913393"></trkpt>
      <trkpt lat="66.232743" lon="13.913022"></trkpt>
      <trkpt lat="66.232724" lon="13.912725"></trkpt>
      <trkpt lat="66.232704" lon="13.912317"></trkpt>
      <trkpt lat="66.232686" lon="13.911674"></trkpt>
      <trkpt lat="66.232685" lon="13.911052"></trkpt>
      <trkpt lat="66.232690" lon="13.910741"></trkpt>
      <trkpt lat="66.232710" lon="13.910202"></trkpt>
      <trkpt lat="66.232733" lon="13.909747"></trkpt>
      <trkpt lat="66.232773" lon="13.909221"></trkpt>
      <trkpt lat="66.232809" lon="13.908833"></trkpt>
      <trkpt lat="66.232862" lon="13.908362"></trkpt>
      <trkpt lat="66.232925" lon="13.907864"></trkpt>
      <trkpt lat="66.233119" lon="13.906430"></trkpt>
      <trkpt lat="66.233179" lon="13.905941"></trkpt>
      <trkpt lat="66.233237" lon="13.905405"></trkpt>
      <trkpt lat="66.233293" lon="13.904775"></trkpt>
      <trkpt lat="66.233334" lon="13.904183"></trkpt>
      <trkpt lat="66.233357" lon="13.903754"></trkpt>
      <trkpt lat="66.233379" lon="13.903156"></trkpt>
      <trkpt lat="66.233391" lon="13.902524"></trkpt>
      <trkpt lat="66.233391" lon="13.901935"></trkpt>
      <trkpt lat="66.233385" lon="13.901513"></trkpt>
      <trkpt lat="66.233367" lon="13.900836"></trkpt>
      <trkpt lat="66.233256" lon="13.897603"></trkpt>
      <trkpt lat="66.233212" lon="13.896407"></trkpt>
      <trkpt lat="66.233173" lon="13.895636"></trkpt>
      <trkpt lat="66.233153" lon="13.895317"></trkpt>
      <trkpt lat="66.233108" lon="13.894716"></trkpt>
      <trkpt lat="66.233053" lon="13.894109"></trkpt>
      <trkpt lat="66.233023" lon="13.893818"></trkpt>
      <trkpt lat="66.232984" lon="13.893465"></trkpt>
      <trkpt lat="66.232935" lon="13.893060"></trkpt>
      <trkpt lat="66.232873" lon="13.892596"></trkpt>
      <trkpt lat="66.232797" lon="13.892084"></trkpt>
      <trkpt lat="66.232755" lon="13.891815"></trkpt>
      <trkpt lat="66.232682" lon="13.891385"></trkpt>
      <trkpt lat="66.232606" lon="13.890970"></trkpt>
      <trkpt lat="66.232516" lon="13.890510"></trkpt>
      <trkpt lat="66.232364" lon="13.889779"></trkpt>
      <trkpt lat="66.231851" lon="13.887359"></trkpt>
      <trkpt lat="66.231586" lon="13.886117"></trkpt>
      <trkpt lat="66.231459" lon="13.885509"></trkpt>
      <trkpt lat="66.231361" lon="13.885034"></trkpt>
      <trkpt lat="66.231252" lon="13.884461"></trkpt>
      <trkpt lat="66.231211" lon="13.884226"></trkpt>
      <trkpt lat="66.231157" lon="13.883882"></trkpt>
      <trkpt lat="66.231105" lon="13.883518"></trkpt>
      <trkpt lat="66.231062" lon="13.883172"></trkpt>
      <trkpt lat="66.231035" lon="13.882932"></trkpt>
      <trkpt lat="66.231001" lon="13.882582"></trkpt>
      <trkpt lat="66.230963" lon="13.882107"></trkpt>
      <trkpt lat="66.230929" lon="13.881547"></trkpt>
      <trkpt lat="66.230855" lon="13.879857"></trkpt>
      <trkpt lat="66.230827" lon="13.879316"></trkpt>
      <trkpt lat="66.230793" lon="13.878801"></trkpt>
      <trkpt lat="66.230752" lon="13.878312"></trkpt>
      <trkpt lat="66.230678" lon="13.877624"></trkpt>
      <trkpt lat="66.230590" lon="13.876971"></trkpt>
      <trkpt lat="66.230487" lon="13.876319"></trkpt>
      <trkpt lat="66.230300" lon="13.875222"></trkpt>
      <trkpt lat="66.230022" lon="13.873594"></trkpt>
      <trkpt lat="66.229797" lon="13.872265"></trkpt>
      <trkpt lat="66.229779" lon="13.872159"></trkpt>
      <trkpt lat="66.229651" lon="13.871393"></trkpt>
      <trkpt lat="66.229550" lon="13.870739"></trkpt>
      <trkpt lat="66.229466" lon="13.870129"></trkpt>
      <trkpt lat="66.229390" lon="13.869512"></trkpt>
      <trkpt lat="66.229288" lon="13.868545"></trkpt>
      <trkpt lat="66.228742" lon="13.862996"></trkpt>
      <trkpt lat="66.228668" lon="13.862355"></trkpt>
      <trkpt lat="66.228581" lon="13.861760"></trkpt>
      <trkpt lat="66.228499" lon="13.861303"></trkpt>
      <trkpt lat="66.228393" lon="13.860801"></trkpt>
      <trkpt lat="66.228275" lon="13.860329"></trkpt>
      <trkpt lat="66.228153" lon="13.859903"></trkpt>
      <trkpt lat="66.228011" lon="13.859473"></trkpt>
      <trkpt lat="66.227867" lon="13.859092"></trkpt>
      <trkpt lat="66.227714" lon="13.858734"></trkpt>
      <trkpt lat="66.227548" lon="13.858395"></trkpt>
      <trkpt lat="66.227339" lon="13.858028"></trkpt>
      <trkpt lat="66.227120" lon="13.857702"></trkpt>
      <trkpt lat="66.226896" lon="13.857425"></trkpt>
      <trkpt lat="66.226712" lon="13.857217"></trkpt>
      <trkpt lat="66.226559" lon="13.857070"></trkpt>
      <trkpt lat="66.226430" lon="13.856970"></trkpt>
      <trkpt lat="66.226245" lon="13.856855"></trkpt>
      <trkpt lat="66.226055" lon="13.856753"></trkpt>
      <trkpt lat="66.225761" lon="13.856619"></trkpt>
      <trkpt lat="66.225532" lon="13.856531"></trkpt>
      <trkpt lat="66.225396" lon="13.856466"></trkpt>
      <trkpt lat="66.225253" lon="13.856393"></trkpt>
      <trkpt lat="66.225122" lon="13.856308"></trkpt>
      <trkpt lat="66.224995" lon="13.856197"></trkpt>
      <trkpt lat="66.224874" lon="13.856083"></trkpt>
      <trkpt lat="66.224742" lon="13.855943"></trkpt>
      <trkpt lat="66.224518" lon="13.855663"></trkpt>
      <trkpt lat="66.224255" lon="13.855279"></trkpt>
      <trkpt lat="66.223126" lon="13.853501"></trkpt>
      <trkpt lat="66.222954" lon="13.853215"></trkpt>
      <trkpt lat="66.222823" lon="13.852979"></trkpt>
      <trkpt lat="66.222737" lon="13.852816"></trkpt>
      <trkpt lat="66.222585" lon="13.852492"></trkpt>
      <trkpt lat="66.222493" lon="13.852275"></trkpt>
      <trkpt lat="66.222367" lon="13.851948"></trkpt>
      <trkpt lat="66.222237" lon="13.851565"></trkpt>
      <trkpt lat="66.222192" lon="13.851421"></trkpt>
      <trkpt lat="66.222051" lon="13.850930"></trkpt>
      <trkpt lat="66.222026" lon="13.850835"></trkpt>
      <trkpt lat="66.221986" lon="13.850680"></trkpt>
      <trkpt lat="66.221890" lon="13.850285"></trkpt>
      <trkpt lat="66.221803" lon="13.849899"></trkpt>
      <trkpt lat="66.221650" lon="13.849146"></trkpt>
      <trkpt lat="66.221447" lon="13.848032"></trkpt>
      <trkpt lat="66.221284" lon="13.847062"></trkpt>
      <trkpt lat="66.221043" lon="13.845491"></trkpt>
      <trkpt lat="66.220973" lon="13.845095"></trkpt>
      <trkpt lat="66.220903" lon="13.844724"></trkpt>
      <trkpt lat="66.220822" lon="13.844351"></trkpt>
      <trkpt lat="66.220675" lon="13.843808"></trkpt>
      <trkpt lat="66.220627" lon="13.843641"></trkpt>
      <trkpt lat="66.220498" lon="13.843253"></trkpt>
      <trkpt lat="66.220229" lon="13.842560"></trkpt>
      <trkpt lat="66.220175" lon="13.842435"></trkpt>
      <trkpt lat="66.220072" lon="13.842198"></trkpt>
      <trkpt lat="66.219896" lon="13.841756"></trkpt>
      <trkpt lat="66.219719" lon="13.841230"></trkpt>
      <trkpt lat="66.219581" lon="13.840783"></trkpt>
      <trkpt lat="66.219306" lon="13.839854"></trkpt>
      <trkpt lat="66.219153" lon="13.839369"></trkpt>
      <trkpt lat="66.218935" lon="13.838817"></trkpt>
      <trkpt lat="66.218880" lon="13.838690"></trkpt>
      <trkpt lat="66.218682" lon="13.838265"></trkpt>
      <trkpt lat="66.218470" lon="13.837797"></trkpt>
      <trkpt lat="66.218351" lon="13.837506"></trkpt>
      <trkpt lat="66.218230" lon="13.837148"></trkpt>
      <trkpt lat="66.218128" lon="13.836795"></trkpt>
      <trkpt lat="66.218024" lon="13.836395"></trkpt>
      <trkpt lat="66.217875" lon="13.835724"></trkpt>
      <trkpt lat="66.217705" lon="13.834942"></trkpt>
      <trkpt lat="66.217515" lon="13.834073"></trkpt>
      <trkpt lat="66.217344" lon="13.833324"></trkpt>
      <trkpt lat="66.217141" lon="13.832461"></trkpt>
      <trkpt lat="66.216729" lon="13.830773"></trkpt>
      <trkpt lat="66.216130" lon="13.828318"></trkpt>
      <trkpt lat="66.216024" lon="13.827921"></trkpt>
      <trkpt lat="66.215830" lon="13.827152"></trkpt>
      <trkpt lat="66.215602" lon="13.826329"></trkpt>
      <trkpt lat="66.215322" lon="13.825330"></trkpt>
      <trkpt lat="66.215200" lon="13.824917"></trkpt>
      <trkpt lat="66.214985" lon="13.824163"></trkpt>
      <trkpt lat="66.214855" lon="13.823676"></trkpt>
      <trkpt lat="66.214749" lon="13.823243"></trkpt>
      <trkpt lat="66.214571" lon="13.822324"></trkpt>
      <trkpt lat="66.214477" lon="13.821855"></trkpt>
      <trkpt lat="66.214409" lon="13.821474"></trkpt>
      <trkpt lat="66.214310" lon="13.821001"></trkpt>
      <trkpt lat="66.214180" lon="13.820409"></trkpt>
      <trkpt lat="66.213949" lon="13.819429"></trkpt>
      <trkpt lat="66.213840" lon="13.818911"></trkpt>
      <trkpt lat="66.213771" lon="13.818560"></trkpt>
      <trkpt lat="66.213700" lon="13.818091"></trkpt>
      <trkpt lat="66.213647" lon="13.817726"></trkpt>
      <trkpt lat="66.213513" lon="13.816799"></trkpt>
      <trkpt lat="66.213410" lon="13.816116"></trkpt>
      <trkpt lat="66.213346" lon="13.815749"></trkpt>
      <trkpt lat="66.213263" lon="13.815320"></trkpt>
      <trkpt lat="66.213170" lon="13.814889"></trkpt>
      <trkpt lat="66.213095" lon="13.814558"></trkpt>
      <trkpt lat="66.213015" lon="13.814260"></trkpt>
      <trkpt lat="66.212926" lon="13.813965"></trkpt>
      <trkpt lat="66.212846" lon="13.813721"></trkpt>
      <trkpt lat="66.212752" lon="13.813464"></trkpt>
      <trkpt lat="66.212647" lon="13.813206"></trkpt>
      <trkpt lat="66.212536" lon="13.812963"></trkpt>
      <trkpt lat="66.212407" lon="13.812706"></trkpt>
      <trkpt lat="66.212282" lon="13.812477"></trkpt>
      <trkpt lat="66.212152" lon="13.812263"></trkpt>
      <trkpt lat="66.212008" lon="13.812054"></trkpt>
      <trkpt lat="66.211859" lon="13.811853"></trkpt>
      <trkpt lat="66.211571" lon="13.811488"></trkpt>
      <trkpt lat="66.211239" lon="13.811071"></trkpt>
      <trkpt lat="66.210996" lon="13.810747"></trkpt>
      <trkpt lat="66.210858" lon="13.810515"></trkpt>
      <trkpt lat="66.210725" lon="13.810256"></trkpt>
      <trkpt lat="66.210602" lon="13.809988"></trkpt>
      <trkpt lat="66.210519" lon="13.809764"></trkpt>
      <trkpt lat="66.210396" lon="13.809377"></trkpt>
      <trkpt lat="66.210262" lon="13.808905"></trkpt>
      <trkpt lat="66.210019" lon="13.807985"></trkpt>
      <trkpt lat="66.209796" lon="13.807135"></trkpt>
      <trkpt lat="66.209559" lon="13.806239"></trkpt>
      <trkpt lat="66.209378" lon="13.805607"></trkpt>
      <trkpt lat="66.209228" lon="13.805092"></trkpt>
      <trkpt lat="66.209037" lon="13.804509"></trkpt>
      <trkpt lat="66.208963" lon="13.804289"></trkpt>
      <trkpt lat="66.208801" lon="13.803864"></trkpt>
      <trkpt lat="66.208645" lon="13.803531"></trkpt>
      <trkpt lat="66.208497" lon="13.803240"></trkpt>
      <trkpt lat="66.208350" lon="13.802976"></trkpt>
      <trkpt lat="66.207975" lon="13.802260"></trkpt>
      <trkpt lat="66.207830" lon="13.801949"></trkpt>
      <trkpt lat="66.207664" lon="13.801495"></trkpt>
      <trkpt lat="66.207360" lon="13.800701"></trkpt>
      <trkpt lat="66.207276" lon="13.800486"></trkpt>
      <trkpt lat="66.207095" lon="13.799978"></trkpt>
      <trkpt lat="66.206940" lon="13.799501"></trkpt>
      <trkpt lat="66.206822" lon="13.799087"></trkpt>
      <trkpt lat="66.206708" lon="13.798619"></trkpt>
      <trkpt lat="66.206584" lon="13.798040"></trkpt>
      <trkpt lat="66.206175" lon="13.795918"></trkpt>
      <trkpt lat="66.206054" lon="13.795371"></trkpt>
      <trkpt lat="66.205941" lon="13.794930"></trkpt>
      <trkpt lat="66.205823" lon="13.794526"></trkpt>
      <trkpt lat="66.205693" lon="13.794144"></trkpt>
      <trkpt lat="66.205552" lon="13.793786"></trkpt>
      <trkpt lat="66.205402" lon="13.793454"></trkpt>
      <trkpt lat="66.205243" lon="13.793148"></trkpt>
      <trkpt lat="66.205075" lon="13.792872"></trkpt>
      <trkpt lat="66.204900" lon="13.792622"></trkpt>
      <trkpt lat="66.204717" lon="13.792407"></trkpt>
      <trkpt lat="66.204530" lon="13.792224"></trkpt>
      <trkpt lat="66.204338" lon="13.792074"></trkpt>
      <trkpt lat="66.204141" lon="13.791954"></trkpt>
      <trkpt lat="66.203943" lon="13.791873"></trkpt>
      <trkpt lat="66.203741" lon="13.791825"></trkpt>
      <trkpt lat="66.203540" lon="13.791810"></trkpt>
      <trkpt lat="66.203339" lon="13.791833"></trkpt>
      <trkpt lat="66.203116" lon="13.791894"></trkpt>
      <trkpt lat="66.202730" lon="13.792059"></trkpt>
      <trkpt lat="66.201010" lon="13.792973"></trkpt>
      <trkpt lat="66.200552" lon="13.793214"></trkpt>
      <trkpt lat="66.200401" lon="13.793292"></trkpt>
      <trkpt lat="66.199731" lon="13.793642"></trkpt>
      <trkpt lat="66.199079" lon="13.793999"></trkpt>
      <trkpt lat="66.198479" lon="13.794361"></trkpt>
      <trkpt lat="66.197565" lon="13.794969"></trkpt>
      <trkpt lat="66.196965" lon="13.795342"></trkpt>
      <trkpt lat="66.195684" lon="13.796060"></trkpt>
      <trkpt lat="66.195355" lon="13.796240"></trkpt>
      <trkpt lat="66.194817" lon="13.796539"></trkpt>
      <trkpt lat="66.194000" lon="13.796993"></trkpt>
      <trkpt lat="66.193195" lon="13.797440"></trkpt>
      <trkpt lat="66.192367" lon="13.797963"></trkpt>
      <trkpt lat="66.191988" lon="13.798159"></trkpt>
      <trkpt lat="66.191843" lon="13.798172"></trkpt>
      <trkpt lat="66.191710" lon="13.798210"></trkpt>
      <trkpt lat="66.191454" lon="13.798336"></trkpt>
      <trkpt lat="66.191182" lon="13.798473"></trkpt>
      <trkpt lat="66.191039" lon="13.798496"></trkpt>
      <trkpt lat="66.190995" lon="13.798494"></trkpt>
      <trkpt lat="66.190953" lon="13.798459"></trkpt>
      <trkpt lat="66.190913" lon="13.798408"></trkpt>
      <trkpt lat="66.190819" lon="13.798219"></trkpt>
      <trkpt lat="66.190768" lon="13.798127"></trkpt>
      <trkpt lat="66.190735" lon="13.798091"></trkpt>
      <trkpt lat="66.190685" lon="13.798074"></trkpt>
      <trkpt lat="66.190635" lon="13.798080"></trkpt>
      <trkpt lat="66.190583" lon="13.798091"></trkpt>
      <trkpt lat="66.190513" lon="13.798120"></trkpt>
      <trkpt lat="66.190400" lon="13.798190"></trkpt>
      <trkpt lat="66.190265" lon="13.798270"></trkpt>
      <trkpt lat="66.190186" lon="13.798292"></trkpt>
      <trkpt lat="66.190119" lon="13.798294"></trkpt>
      <trkpt lat="66.190052" lon="13.798265"></trkpt>
      <trkpt lat="66.189987" lon="13.798215"></trkpt>
      <trkpt lat="66.189926" lon="13.798146"></trkpt>
      <trkpt lat="66.189870" lon="13.798049"></trkpt>
      <trkpt lat="66.189825" lon="13.797952"></trkpt>
      <trkpt lat="66.189787" lon="13.797845"></trkpt>
      <trkpt lat="66.189755" lon="13.797731"></trkpt>
      <trkpt lat="66.189732" lon="13.797605"></trkpt>
      <trkpt lat="66.189718" lon="13.797502"></trkpt>
      <trkpt lat="66.189708" lon="13.797378"></trkpt>
      <trkpt lat="66.189700" lon="13.797161"></trkpt>
      <trkpt lat="66.189700" lon="13.796754"></trkpt>
      <trkpt lat="66.189701" lon="13.796566"></trkpt>
      <trkpt lat="66.189701" lon="13.796231"></trkpt>
      <trkpt lat="66.189691" lon="13.795957"></trkpt>
      <trkpt lat="66.189665" lon="13.795687"></trkpt>
      <trkpt lat="66.189628" lon="13.795427"></trkpt>
      <trkpt lat="66.189576" lon="13.795178"></trkpt>
      <trkpt lat="66.189519" lon="13.794999"></trkpt>
      <trkpt lat="66.189441" lon="13.794791"></trkpt>
      <trkpt lat="66.189357" lon="13.794596"></trkpt>
      <trkpt lat="66.189190" lon="13.794264"></trkpt>
      <trkpt lat="66.189022" lon="13.793963"></trkpt>
      <trkpt lat="66.188847" lon="13.793677"></trkpt>
      <trkpt lat="66.188744" lon="13.793485"></trkpt>
      <trkpt lat="66.188668" lon="13.793300"></trkpt>
      <trkpt lat="66.188636" lon="13.793190"></trkpt>
      <trkpt lat="66.188398" lon="13.792308"></trkpt>
      <trkpt lat="66.188359" lon="13.792193"></trkpt>
      <trkpt lat="66.188298" lon="13.792033"></trkpt>
      <trkpt lat="66.188192" lon="13.791850"></trkpt>
      <trkpt lat="66.188163" lon="13.791829"></trkpt>
      <trkpt lat="66.188040" lon="13.791764"></trkpt>
      <trkpt lat="66.187977" lon="13.791742"></trkpt>
      <trkpt lat="66.187881" lon="13.791745"></trkpt>
      <trkpt lat="66.187864" lon="13.791741"></trkpt>
      <trkpt lat="66.187777" lon="13.791781"></trkpt>
      <trkpt lat="66.187620" lon="13.791897"></trkpt>
      <trkpt lat="66.187505" lon="13.792023"></trkpt>
      <trkpt lat="66.187388" lon="13.792135"></trkpt>
      <trkpt lat="66.187185" lon="13.792377"></trkpt>
      <trkpt lat="66.186956" lon="13.792610"></trkpt>
      <trkpt lat="66.186860" lon="13.792693"></trkpt>
      <trkpt lat="66.186741" lon="13.792783"></trkpt>
      <trkpt lat="66.186614" lon="13.792858"></trkpt>
      <trkpt lat="66.186495" lon="13.792928"></trkpt>
      <trkpt lat="66.186379" lon="13.793033"></trkpt>
      <trkpt lat="66.186159" lon="13.793254"></trkpt>
      <trkpt lat="66.186034" lon="13.793365"></trkpt>
      <trkpt lat="66.185700" lon="13.793704"></trkpt>
      <trkpt lat="66.185667" lon="13.793737"></trkpt>
      <trkpt lat="66.185562" lon="13.793834"></trkpt>
      <trkpt lat="66.185415" lon="13.793945"></trkpt>
      <trkpt lat="66.185329" lon="13.794018"></trkpt>
      <trkpt lat="66.185044" lon="13.794180"></trkpt>
      <trkpt lat="66.184895" lon="13.794291"></trkpt>
      <trkpt lat="66.184749" lon="13.794438"></trkpt>
      <trkpt lat="66.184286" lon="13.795022"></trkpt>
      <trkpt lat="66.184236" lon="13.795069"></trkpt>
      <trkpt lat="66.184182" lon="13.795087"></trkpt>
      <trkpt lat="66.184129" lon="13.795071"></trkpt>
      <trkpt lat="66.184078" lon="13.795025"></trkpt>
      <trkpt lat="66.184065" lon="13.795002"></trkpt>
      <trkpt lat="66.183950" lon="13.794809"></trkpt>
      <trkpt lat="66.184117" lon="13.794404"></trkpt>
      <trkpt lat="66.184301" lon="13.793902"></trkpt>
      <trkpt lat="66.184475" lon="13.793379"></trkpt>
      <trkpt lat="66.184637" lon="13.792836"></trkpt>
      <trkpt lat="66.184789" lon="13.792274"></trkpt>
      <trkpt lat="66.184892" lon="13.791842"></trkpt>
      <trkpt lat="66.184928" lon="13.791690"></trkpt>
      <trkpt lat="66.185056" lon="13.791092"></trkpt>
      <trkpt lat="66.185170" lon="13.790478"></trkpt>
      <trkpt lat="66.185278" lon="13.789820"></trkpt>
      <trkpt lat="66.185426" lon="13.788770"></trkpt>
      <trkpt lat="66.185539" lon="13.787790"></trkpt>
      <trkpt lat="66.185609" lon="13.787088"></trkpt>
      <trkpt lat="66.185686" lon="13.786189"></trkpt>
      <trkpt lat="66.185745" lon="13.785314"></trkpt>
      <trkpt lat="66.185846" lon="13.783333"></trkpt>
      <trkpt lat="66.185944" lon="13.781799"></trkpt>
      <trkpt lat="66.186034" lon="13.779977"></trkpt>
      <trkpt lat="66.186082" lon="13.779170"></trkpt>
      <trkpt lat="66.186136" lon="13.778414"></trkpt>
      <trkpt lat="66.186237" lon="13.777468"></trkpt>
      <trkpt lat="66.186296" lon="13.776801"></trkpt>
      <trkpt lat="66.186398" lon="13.775952"></trkpt>
      <trkpt lat="66.186510" lon="13.775088"></trkpt>
      <trkpt lat="66.186640" lon="13.774263"></trkpt>
      <trkpt lat="66.186785" lon="13.773450"></trkpt>
      <trkpt lat="66.186943" lon="13.772652"></trkpt>
      <trkpt lat="66.187112" lon="13.771871"></trkpt>
      <trkpt lat="66.187293" lon="13.771103"></trkpt>
      <trkpt lat="66.187668" lon="13.769591"></trkpt>
      <trkpt lat="66.187800" lon="13.769012"></trkpt>
      <trkpt lat="66.187880" lon="13.768615"></trkpt>
      <trkpt lat="66.187948" lon="13.768203"></trkpt>
      <trkpt lat="66.188004" lon="13.767783"></trkpt>
      <trkpt lat="66.188049" lon="13.767352"></trkpt>
      <trkpt lat="66.188079" lon="13.766914"></trkpt>
      <trkpt lat="66.188098" lon="13.766473"></trkpt>
      <trkpt lat="66.188110" lon="13.765811"></trkpt>
      <trkpt lat="66.188122" lon="13.764700"></trkpt>
      <trkpt lat="66.188135" lon="13.764258"></trkpt>
      <trkpt lat="66.188161" lon="13.763819"></trkpt>
      <trkpt lat="66.188199" lon="13.763385"></trkpt>
      <trkpt lat="66.188312" lon="13.762311"></trkpt>
      <trkpt lat="66.188353" lon="13.761879"></trkpt>
      <trkpt lat="66.188384" lon="13.761442"></trkpt>
      <trkpt lat="66.188406" lon="13.761001"></trkpt>
      <trkpt lat="66.188411" lon="13.760781"></trkpt>
      <trkpt lat="66.188409" lon="13.760337"></trkpt>
      <trkpt lat="66.188402" lon="13.760116"></trkpt>
      <trkpt lat="66.188390" lon="13.759897"></trkpt>
      <trkpt lat="66.188372" lon="13.759678"></trkpt>
      <trkpt lat="66.188320" lon="13.759254"></trkpt>
      <trkpt lat="66.188287" lon="13.759049"></trkpt>
      <trkpt lat="66.188209" lon="13.758647"></trkpt>
      <trkpt lat="66.187904" lon="13.757292"></trkpt>
      <trkpt lat="66.187783" lon="13.756694"></trkpt>
      <trkpt lat="66.187676" lon="13.756086"></trkpt>
      <trkpt lat="66.187581" lon="13.755463"></trkpt>
      <trkpt lat="66.187499" lon="13.754830"></trkpt>
      <trkpt lat="66.187430" lon="13.754187"></trkpt>
      <trkpt lat="66.187373" lon="13.753535"></trkpt>
      <trkpt lat="66.187329" lon="13.752880"></trkpt>
      <trkpt lat="66.187300" lon="13.752218"></trkpt>
      <trkpt lat="66.187283" lon="13.751555"></trkpt>
      <trkpt lat="66.187279" lon="13.750889"></trkpt>
      <trkpt lat="66.187287" lon="13.749557"></trkpt>
      <trkpt lat="66.187282" lon="13.749113"></trkpt>
      <trkpt lat="66.187260" lon="13.748675"></trkpt>
      <trkpt lat="66.187243" lon="13.748456"></trkpt>
      <trkpt lat="66.187221" lon="13.748241"></trkpt>
      <trkpt lat="66.187159" lon="13.747825"></trkpt>
      <trkpt lat="66.187080" lon="13.747425"></trkpt>
      <trkpt lat="66.186986" lon="13.747048"></trkpt>
      <trkpt lat="66.186837" lon="13.746496"></trkpt>
      <trkpt lat="66.186786" lon="13.746309"></trkpt>
      <trkpt lat="66.186732" lon="13.746084"></trkpt>
      <trkpt lat="66.186653" lon="13.745734"></trkpt>
      <trkpt lat="66.186582" lon="13.745327"></trkpt>
      <trkpt lat="66.186529" lon="13.744901"></trkpt>
      <trkpt lat="66.186510" lon="13.744687"></trkpt>
      <trkpt lat="66.186494" lon="13.744466"></trkpt>
      <trkpt lat="66.186479" lon="13.744025"></trkpt>
      <trkpt lat="66.186478" lon="13.743803"></trkpt>
      <trkpt lat="66.186492" lon="13.743166"></trkpt>
      <trkpt lat="66.186522" lon="13.742256"></trkpt>
      <trkpt lat="66.186525" lon="13.742034"></trkpt>
      <trkpt lat="66.186520" lon="13.741812"></trkpt>
      <trkpt lat="66.186510" lon="13.741593"></trkpt>
      <trkpt lat="66.186493" lon="13.741374"></trkpt>
      <trkpt lat="66.186467" lon="13.741160"></trkpt>
      <trkpt lat="66.186433" lon="13.740955"></trkpt>
      <trkpt lat="66.186392" lon="13.740757"></trkpt>
      <trkpt lat="66.186345" lon="13.740571"></trkpt>
      <trkpt lat="66.186292" lon="13.740391"></trkpt>
      <trkpt lat="66.186175" lon="13.740055"></trkpt>
      <trkpt lat="66.185871" lon="13.739240"></trkpt>
      <trkpt lat="66.185696" lon="13.738736"></trkpt>
      <trkpt lat="66.185530" lon="13.738209"></trkpt>
      <trkpt lat="66.184952" lon="13.736234"></trkpt>
      <trkpt lat="66.184856" lon="13.735859"></trkpt>
      <trkpt lat="66.184813" lon="13.735664"></trkpt>
      <trkpt lat="66.184777" lon="13.735461"></trkpt>
      <trkpt lat="66.184747" lon="13.735252"></trkpt>
      <trkpt lat="66.184724" lon="13.735038"></trkpt>
      <trkpt lat="66.184707" lon="13.734819"></trkpt>
      <trkpt lat="66.184687" lon="13.734380"></trkpt>
      <trkpt lat="66.184656" lon="13.733272"></trkpt>
      <trkpt lat="66.184633" lon="13.732831"></trkpt>
      <trkpt lat="66.184615" lon="13.732615"></trkpt>
      <trkpt lat="66.184564" lon="13.732191"></trkpt>
      <trkpt lat="66.184495" lon="13.731780"></trkpt>
      <trkpt lat="66.184382" lon="13.731177"></trkpt>
      <trkpt lat="66.184316" lon="13.730765"></trkpt>
      <trkpt lat="66.184290" lon="13.730551"></trkpt>
      <trkpt lat="66.184271" lon="13.730335"></trkpt>
      <trkpt lat="66.184260" lon="13.730115"></trkpt>
      <trkpt lat="66.184257" lon="13.729894"></trkpt>
      <trkpt lat="66.184262" lon="13.729671"></trkpt>
      <trkpt lat="66.184276" lon="13.729453"></trkpt>
      <trkpt lat="66.184297" lon="13.729239"></trkpt>
      <trkpt lat="66.184326" lon="13.729029"></trkpt>
      <trkpt lat="66.184363" lon="13.728825"></trkpt>
      <trkpt lat="66.184405" lon="13.728630"></trkpt>
      <trkpt lat="66.184555" lon="13.728078"></trkpt>
      <trkpt lat="66.185089" lon="13.726294"></trkpt>
      <trkpt lat="66.185188" lon="13.725927"></trkpt>
      <trkpt lat="66.185233" lon="13.725734"></trkpt>
      <trkpt lat="66.185271" lon="13.725532"></trkpt>
      <trkpt lat="66.185302" lon="13.725324"></trkpt>
      <trkpt lat="66.185326" lon="13.725110"></trkpt>
      <trkpt lat="66.185341" lon="13.724894"></trkpt>
      <trkpt lat="66.185348" lon="13.724671"></trkpt>
      <trkpt lat="66.185347" lon="13.724449"></trkpt>
      <trkpt lat="66.185338" lon="13.724228"></trkpt>
      <trkpt lat="66.185323" lon="13.724009"></trkpt>
      <trkpt lat="66.185301" lon="13.723797"></trkpt>
      <trkpt lat="66.185238" lon="13.723380"></trkpt>
      <trkpt lat="66.185201" lon="13.723178"></trkpt>
      <trkpt lat="66.185115" lon="13.722789"></trkpt>
      <trkpt lat="66.185018" lon="13.722415"></trkpt>
      <trkpt lat="66.183731" lon="13.717894"></trkpt>
      <trkpt lat="66.183676" lon="13.717699"></trkpt>
      <trkpt lat="66.183564" lon="13.717350"></trkpt>
      <trkpt lat="66.183505" lon="13.717182"></trkpt>
      <trkpt lat="66.183406" lon="13.716938"></trkpt>
      <trkpt lat="66.183309" lon="13.716728"></trkpt>
      <trkpt lat="66.183238" lon="13.716594"></trkpt>
      <trkpt lat="66.183087" lon="13.716355"></trkpt>
      <trkpt lat="66.183008" lon="13.716250"></trkpt>
      <trkpt lat="66.182845" lon="13.716061"></trkpt>
      <trkpt lat="66.182515" lon="13.715718"></trkpt>
      <trkpt lat="66.182353" lon="13.715527"></trkpt>
      <trkpt lat="66.182199" lon="13.715301"></trkpt>
      <trkpt lat="66.181989" lon="13.714888"></trkpt>
      <trkpt lat="66.181689" lon="13.714247"></trkpt>
      <trkpt lat="66.181580" lon="13.714023"></trkpt>
      <trkpt lat="66.181507" lon="13.713896"></trkpt>
      <trkpt lat="66.181350" lon="13.713673"></trkpt>
      <trkpt lat="66.181270" lon="13.713582"></trkpt>
      <trkpt lat="66.181187" lon="13.713500"></trkpt>
      <trkpt lat="66.181016" lon="13.713364"></trkpt>
      <trkpt lat="66.180581" lon="13.713084"></trkpt>
      <trkpt lat="66.180409" lon="13.712955"></trkpt>
      <trkpt lat="66.180325" lon="13.712880"></trkpt>
      <trkpt lat="66.180163" lon="13.712695"></trkpt>
      <trkpt lat="66.180085" lon="13.712584"></trkpt>
      <trkpt lat="66.180012" lon="13.712459"></trkpt>
      <trkpt lat="66.179942" lon="13.712318"></trkpt>
      <trkpt lat="66.179878" lon="13.712164"></trkpt>
      <trkpt lat="66.179819" lon="13.711996"></trkpt>
      <trkpt lat="66.179767" lon="13.711812"></trkpt>
      <trkpt lat="66.179723" lon="13.711621"></trkpt>
      <trkpt lat="66.179683" lon="13.711421"></trkpt>
      <trkpt lat="66.179622" lon="13.711005"></trkpt>
      <trkpt lat="66.179576" lon="13.710579"></trkpt>
      <trkpt lat="66.179472" lon="13.709499"></trkpt>
      <trkpt lat="66.179397" lon="13.708857"></trkpt>
      <trkpt lat="66.179308" lon="13.708231"></trkpt>
      <trkpt lat="66.179064" lon="13.706801"></trkpt>
      <trkpt lat="66.179001" lon="13.706387"></trkpt>
      <trkpt lat="66.178975" lon="13.706173"></trkpt>
      <trkpt lat="66.178935" lon="13.705742"></trkpt>
      <trkpt lat="66.178923" lon="13.705521"></trkpt>
      <trkpt lat="66.178907" lon="13.705080"></trkpt>
      <trkpt lat="66.178887" lon="13.703972"></trkpt>
      <trkpt lat="66.178868" lon="13.703531"></trkpt>
      <trkpt lat="66.178853" lon="13.703314"></trkpt>
      <trkpt lat="66.178832" lon="13.703096"></trkpt>
      <trkpt lat="66.178782" lon="13.702672"></trkpt>
      <trkpt lat="66.178698" lon="13.702041"></trkpt>
      <trkpt lat="66.178641" lon="13.701616"></trkpt>
      <trkpt lat="66.178597" lon="13.701188"></trkpt>
      <trkpt lat="66.178580" lon="13.700972"></trkpt>
      <trkpt lat="66.178567" lon="13.700750"></trkpt>
      <trkpt lat="66.178561" lon="13.700529"></trkpt>
      <trkpt lat="66.178562" lon="13.700087"></trkpt>
      <trkpt lat="66.178578" lon="13.699645"></trkpt>
      <trkpt lat="66.178827" lon="13.695029"></trkpt>
      <trkpt lat="66.178832" lon="13.694593"></trkpt>
      <trkpt lat="66.178831" lon="13.694403"></trkpt>
      <trkpt lat="66.178825" lon="13.694129"></trkpt>
      <trkpt lat="66.178815" lon="13.693929"></trkpt>
      <trkpt lat="66.178795" lon="13.693709"></trkpt>
      <trkpt lat="66.178770" lon="13.693482"></trkpt>
      <trkpt lat="66.178743" lon="13.693270"></trkpt>
      <trkpt lat="66.178696" lon="13.693009"></trkpt>
      <trkpt lat="66.178629" lon="13.692707"></trkpt>
      <trkpt lat="66.178581" lon="13.692525"></trkpt>
      <trkpt lat="66.178525" lon="13.692356"></trkpt>
      <trkpt lat="66.178467" lon="13.692194"></trkpt>
      <trkpt lat="66.178402" lon="13.692037"></trkpt>
      <trkpt lat="66.178332" lon="13.691878"></trkpt>
      <trkpt lat="66.178190" lon="13.691596"></trkpt>
      <trkpt lat="66.177985" lon="13.691260"></trkpt>
      <trkpt lat="66.177749" lon="13.690835"></trkpt>
      <trkpt lat="66.177534" lon="13.690433"></trkpt>
      <trkpt lat="66.177330" lon="13.690005"></trkpt>
      <trkpt lat="66.177135" lon="13.689546"></trkpt>
      <trkpt lat="66.176951" lon="13.689059"></trkpt>
      <trkpt lat="66.176780" lon="13.688564"></trkpt>
      <trkpt lat="66.176672" lon="13.688205"></trkpt>
      <trkpt lat="66.176560" lon="13.687789"></trkpt>
      <trkpt lat="66.176484" lon="13.687436"></trkpt>
      <trkpt lat="66.176426" lon="13.687142"></trkpt>
      <trkpt lat="66.176344" lon="13.686621"></trkpt>
      <trkpt lat="66.176317" lon="13.686411"></trkpt>
      <trkpt lat="66.176295" lon="13.686195"></trkpt>
      <trkpt lat="66.176264" lon="13.685757"></trkpt>
      <trkpt lat="66.176246" lon="13.685316"></trkpt>
      <trkpt lat="66.176244" lon="13.685095"></trkpt>
      <trkpt lat="66.176253" lon="13.684652"></trkpt>
      <trkpt lat="66.176277" lon="13.684212"></trkpt>
      <trkpt lat="66.176318" lon="13.683779"></trkpt>
      <trkpt lat="66.176345" lon="13.683569"></trkpt>
      <trkpt lat="66.176375" lon="13.683359"></trkpt>
      <trkpt lat="66.176446" lon="13.682952"></trkpt>
      <trkpt lat="66.176532" lon="13.682563"></trkpt>
      <trkpt lat="66.176628" lon="13.682188"></trkpt>
      <trkpt lat="66.177197" lon="13.680189"></trkpt>
      <trkpt lat="66.177659" lon="13.678559"></trkpt>
      <trkpt lat="66.177770" lon="13.678211"></trkpt>
      <trkpt lat="66.177831" lon="13.678051"></trkpt>
      <trkpt lat="66.177897" lon="13.677899"></trkpt>
      <trkpt lat="66.177969" lon="13.677764"></trkpt>
      <trkpt lat="66.178044" lon="13.677645"></trkpt>
      <trkpt lat="66.178124" lon="13.677540"></trkpt>
      <trkpt lat="66.178205" lon="13.677448"></trkpt>
      <trkpt lat="66.178622" lon="13.677044"></trkpt>
      <trkpt lat="66.178703" lon="13.676947"></trkpt>
      <trkpt lat="66.178781" lon="13.676840"></trkpt>
      <trkpt lat="66.178857" lon="13.676721"></trkpt>
      <trkpt lat="66.179091" lon="13.676302"></trkpt>
      <trkpt lat="66.179220" lon="13.676072"></trkpt>
      <trkpt lat="66.179296" lon="13.675955"></trkpt>
      <trkpt lat="66.179376" lon="13.675851"></trkpt>
      <trkpt lat="66.179458" lon="13.675762"></trkpt>
      <trkpt lat="66.179543" lon="13.675691"></trkpt>
      <trkpt lat="66.179630" lon="13.675640"></trkpt>
      <trkpt lat="66.179719" lon="13.675608"></trkpt>
      <trkpt lat="66.179808" lon="13.675597"></trkpt>
      <trkpt lat="66.179897" lon="13.675597"></trkpt>
      <trkpt lat="66.180077" lon="13.675623"></trkpt>
      <trkpt lat="66.180345" lon="13.675676"></trkpt>
      <trkpt lat="66.180524" lon="13.675680"></trkpt>
      <trkpt lat="66.180628" lon="13.675659"></trkpt>
      <trkpt lat="66.180718" lon="13.675644"></trkpt>
      <trkpt lat="66.180794" lon="13.675610"></trkpt>
      <trkpt lat="66.180880" lon="13.675566"></trkpt>
      <trkpt lat="66.180968" lon="13.675514"></trkpt>
      <trkpt lat="66.181053" lon="13.675448"></trkpt>
      <trkpt lat="66.181307" lon="13.675237"></trkpt>
      <trkpt lat="66.182577" lon="13.674136"></trkpt>
      <trkpt lat="66.182749" lon="13.674007"></trkpt>
      <trkpt lat="66.182924" lon="13.673918"></trkpt>
      <trkpt lat="66.183012" lon="13.673891"></trkpt>
      <trkpt lat="66.183180" lon="13.673883"></trkpt>
      <trkpt lat="66.183371" lon="13.673908"></trkpt>
      <trkpt lat="66.183639" lon="13.673976"></trkpt>
      <trkpt lat="66.183817" lon="13.673998"></trkpt>
      <trkpt lat="66.183908" lon="13.673989"></trkpt>
      <trkpt lat="66.183996" lon="13.673964"></trkpt>
      <trkpt lat="66.184084" lon="13.673915"></trkpt>
      <trkpt lat="66.184170" lon="13.673853"></trkpt>
      <trkpt lat="66.184253" lon="13.673773"></trkpt>
      <trkpt lat="66.184416" lon="13.673587"></trkpt>
      <trkpt lat="66.185454" lon="13.672272"></trkpt>
      <trkpt lat="66.185617" lon="13.672088"></trkpt>
      <trkpt lat="66.185785" lon="13.671932"></trkpt>
      <trkpt lat="66.185958" lon="13.671817"></trkpt>
      <trkpt lat="66.186136" lon="13.671748"></trkpt>
      <trkpt lat="66.186224" lon="13.671730"></trkpt>
      <trkpt lat="66.186404" lon="13.671727"></trkpt>
      <trkpt lat="66.186494" lon="13.671744"></trkpt>
      <trkpt lat="66.186671" lon="13.671810"></trkpt>
      <trkpt lat="66.187111" lon="13.672032"></trkpt>
      <trkpt lat="66.187288" lon="13.672089"></trkpt>
      <trkpt lat="66.187467" lon="13.672117"></trkpt>
      <trkpt lat="66.187646" lon="13.672110"></trkpt>
      <trkpt lat="66.187825" lon="13.672067"></trkpt>
      <trkpt lat="66.187929" lon="13.672029"></trkpt>
      <trkpt lat="66.188053" lon="13.671969"></trkpt>
      <trkpt lat="66.188175" lon="13.671885"></trkpt>
      <trkpt lat="66.188346" lon="13.671747"></trkpt>
      <trkpt lat="66.188512" lon="13.671576"></trkpt>
      <trkpt lat="66.188683" lon="13.671370"></trkpt>
      <trkpt lat="66.189932" lon="13.669683"></trkpt>
      <trkpt lat="66.190094" lon="13.669493"></trkpt>
      <trkpt lat="66.190177" lon="13.669408"></trkpt>
      <trkpt lat="66.190261" lon="13.669335"></trkpt>
      <trkpt lat="66.190434" lon="13.669213"></trkpt>
      <trkpt lat="66.191306" lon="13.668692"></trkpt>
      <trkpt lat="66.191477" lon="13.668563"></trkpt>
      <trkpt lat="66.191561" lon="13.668483"></trkpt>
      <trkpt lat="66.191724" lon="13.668301"></trkpt>
      <trkpt lat="66.191807" lon="13.668190"></trkpt>
      <trkpt lat="66.191955" lon="13.667956"></trkpt>
      <trkpt lat="66.192097" lon="13.667689"></trkpt>
      <trkpt lat="66.192164" lon="13.667541"></trkpt>
      <trkpt lat="66.192480" lon="13.666752"></trkpt>
      <trkpt lat="66.192612" lon="13.666454"></trkpt>
      <trkpt lat="66.193048" lon="13.665674"></trkpt>
      <trkpt lat="66.193185" lon="13.665413"></trkpt>
      <trkpt lat="66.193389" lon="13.664981"></trkpt>
      <trkpt lat="66.193922" lon="13.663789"></trkpt>
      <trkpt lat="66.194129" lon="13.663365"></trkpt>
      <trkpt lat="66.194273" lon="13.663102"></trkpt>
      <trkpt lat="66.194423" lon="13.662854"></trkpt>
      <trkpt lat="66.194578" lon="13.662633"></trkpt>
      <trkpt lat="66.194740" lon="13.662442"></trkpt>
      <trkpt lat="66.194906" lon="13.662282"></trkpt>
      <trkpt lat="66.195079" lon="13.662153"></trkpt>
      <trkpt lat="66.195254" lon="13.662057"></trkpt>
      <trkpt lat="66.195782" lon="13.661812"></trkpt>
      <trkpt lat="66.195955" lon="13.661698"></trkpt>
      <trkpt lat="66.196041" lon="13.661627"></trkpt>
      <trkpt lat="66.196124" lon="13.661547"></trkpt>
      <trkpt lat="66.196285" lon="13.661354"></trkpt>
      <trkpt lat="66.196438" lon="13.661122"></trkpt>
      <trkpt lat="66.196581" lon="13.660855"></trkpt>
      <trkpt lat="66.196715" lon="13.660561"></trkpt>
      <trkpt lat="66.197159" lon="13.659460"></trkpt>
      <trkpt lat="66.197290" lon="13.659156"></trkpt>
      <trkpt lat="66.197427" lon="13.658871"></trkpt>
      <trkpt lat="66.197571" lon="13.658604"></trkpt>
      <trkpt lat="66.198093" lon="13.657745"></trkpt>
      <trkpt lat="66.198238" lon="13.657482"></trkpt>
      <trkpt lat="66.198375" lon="13.657195"></trkpt>
      <trkpt lat="66.198505" lon="13.656890"></trkpt>
      <trkpt lat="66.198878" lon="13.655929"></trkpt>
      <trkpt lat="66.199006" lon="13.655620"></trkpt>
      <trkpt lat="66.199142" lon="13.655329"></trkpt>
      <trkpt lat="66.199281" lon="13.655052"></trkpt>
      <trkpt lat="66.199427" lon="13.654794"></trkpt>
      <trkpt lat="66.199579" lon="13.654555"></trkpt>
      <trkpt lat="66.199806" lon="13.654232"></trkpt>
      <trkpt lat="66.200366" lon="13.653495"></trkpt>
      <trkpt lat="66.201003" lon="13.652680"></trkpt>
      <trkpt lat="66.201247" lon="13.652391"></trkpt>
      <trkpt lat="66.201494" lon="13.652129"></trkpt>
      <trkpt lat="66.201998" lon="13.651658"></trkpt>
      <trkpt lat="66.203006" lon="13.650736"></trkpt>
      <trkpt lat="66.203119" lon="13.650641"></trkpt>
      <trkpt lat="66.203347" lon="13.650453"></trkpt>
      <trkpt lat="66.203605" lon="13.650266"></trkpt>
      <trkpt lat="66.203779" lon="13.650162"></trkpt>
      <trkpt lat="66.203955" lon="13.650074"></trkpt>
      <trkpt lat="66.204132" lon="13.650009"></trkpt>
      <trkpt lat="66.204311" lon="13.649964"></trkpt>
      <trkpt lat="66.204490" lon="13.649941"></trkpt>
      <trkpt lat="66.204669" lon="13.649943"></trkpt>
      <trkpt lat="66.204849" lon="13.649964"></trkpt>
      <trkpt lat="66.205068" lon="13.650019"></trkpt>
      <trkpt lat="66.205204" lon="13.650074"></trkpt>
      <trkpt lat="66.205380" lon="13.650163"></trkpt>
      <trkpt lat="66.205553" lon="13.650273"></trkpt>
      <trkpt lat="66.205724" lon="13.650404"></trkpt>
      <trkpt lat="66.205893" lon="13.650557"></trkpt>
      <trkpt lat="66.206058" lon="13.650731"></trkpt>
      <trkpt lat="66.206220" lon="13.650922"></trkpt>
      <trkpt lat="66.206377" lon="13.651136"></trkpt>
      <trkpt lat="66.206531" lon="13.651368"></trkpt>
      <trkpt lat="66.206754" lon="13.651740"></trkpt>
      <trkpt lat="66.207928" lon="13.653854"></trkpt>
      <trkpt lat="66.207987" lon="13.653958"></trkpt>
      <trkpt lat="66.208136" lon="13.654206"></trkpt>
      <trkpt lat="66.208291" lon="13.654424"></trkpt>
      <trkpt lat="66.208456" lon="13.654604"></trkpt>
      <trkpt lat="66.208628" lon="13.654731"></trkpt>
      <trkpt lat="66.208716" lon="13.654775"></trkpt>
      <trkpt lat="66.208804" lon="13.654806"></trkpt>
      <trkpt lat="66.208894" lon="13.654823"></trkpt>
      <trkpt lat="66.209073" lon="13.654814"></trkpt>
      <trkpt lat="66.209162" lon="13.654789"></trkpt>
      <trkpt lat="66.209250" lon="13.654751"></trkpt>
      <trkpt lat="66.209337" lon="13.654698"></trkpt>
      <trkpt lat="66.209506" lon="13.654553"></trkpt>
      <trkpt lat="66.209588" lon="13.654462"></trkpt>
      <trkpt lat="66.209744" lon="13.654243"></trkpt>
      <trkpt lat="66.209888" lon="13.653975"></trkpt>
      <trkpt lat="66.210023" lon="13.653683"></trkpt>
      <trkpt lat="66.210285" lon="13.653078"></trkpt>
      <trkpt lat="66.210424" lon="13.652795"></trkpt>
      <trkpt lat="66.210525" lon="13.652620"></trkpt>
      <trkpt lat="66.210622" lon="13.652475"></trkpt>
      <trkpt lat="66.210738" lon="13.652326"></trkpt>
      <trkpt lat="66.210811" lon="13.652245"></trkpt>
      <trkpt lat="66.210952" lon="13.652118"></trkpt>
      <trkpt lat="66.211072" lon="13.652030"></trkpt>
      <trkpt lat="66.211159" lon="13.651985"></trkpt>
      <trkpt lat="66.211253" lon="13.651945"></trkpt>
      <trkpt lat="66.211391" lon="13.651906"></trkpt>
      <trkpt lat="66.212046" lon="13.651813"></trkpt>
      <trkpt lat="66.212315" lon="13.651799"></trkpt>
      <trkpt lat="66.212495" lon="13.651812"></trkpt>
      <trkpt lat="66.212675" lon="13.651849"></trkpt>
      <trkpt lat="66.212852" lon="13.651906"></trkpt>
      <trkpt lat="66.213028" lon="13.651985"></trkpt>
      <trkpt lat="66.213202" lon="13.652087"></trkpt>
      <trkpt lat="66.213376" lon="13.652209"></trkpt>
      <trkpt lat="66.213545" lon="13.652351"></trkpt>
      <trkpt lat="66.213711" lon="13.652518"></trkpt>
      <trkpt lat="66.213802" lon="13.652622"></trkpt>
      <trkpt lat="66.213874" lon="13.652703"></trkpt>
      <trkpt lat="66.214033" lon="13.652907"></trkpt>
      <trkpt lat="66.214188" lon="13.653133"></trkpt>
      <trkpt lat="66.214338" lon="13.653376"></trkpt>
      <trkpt lat="66.214555" lon="13.653771"></trkpt>
      <trkpt lat="66.214906" lon="13.654461"></trkpt>
      <trkpt lat="66.215050" lon="13.654727"></trkpt>
      <trkpt lat="66.215198" lon="13.654977"></trkpt>
      <trkpt lat="66.215427" lon="13.655325"></trkpt>
      <trkpt lat="66.216743" lon="13.657228"></trkpt>
      <trkpt lat="66.216901" lon="13.657442"></trkpt>
      <trkpt lat="66.216982" lon="13.657538"></trkpt>
      <trkpt lat="66.217148" lon="13.657702"></trkpt>
      <trkpt lat="66.217234" lon="13.657771"></trkpt>
      <trkpt lat="66.217409" lon="13.657871"></trkpt>
      <trkpt lat="66.217497" lon="13.657906"></trkpt>
      <trkpt lat="66.217676" lon="13.657943"></trkpt>
      <trkpt lat="66.217766" lon="13.657943"></trkpt>
      <trkpt lat="66.217944" lon="13.657911"></trkpt>
      <trkpt lat="66.218121" lon="13.657837"></trkpt>
      <trkpt lat="66.218208" lon="13.657784"></trkpt>
      <trkpt lat="66.218294" lon="13.657719"></trkpt>
      <trkpt lat="66.218461" lon="13.657559"></trkpt>
      <trkpt lat="66.218620" lon="13.657357"></trkpt>
      <trkpt lat="66.218697" lon="13.657242"></trkpt>
      <trkpt lat="66.218845" lon="13.656992"></trkpt>
      <trkpt lat="66.221127" lon="13.652645"></trkpt>
      <trkpt lat="66.221259" lon="13.652378"></trkpt>
      <trkpt lat="66.221326" lon="13.652230"></trkpt>
      <trkpt lat="66.221452" lon="13.651912"></trkpt>
      <trkpt lat="66.221508" lon="13.651742"></trkpt>
      <trkpt lat="66.221562" lon="13.651559"></trkpt>
      <trkpt lat="66.221657" lon="13.651185"></trkpt>
      <trkpt lat="66.221707" lon="13.650976"></trkpt>
      <trkpt lat="66.221751" lon="13.650791"></trkpt>
      <trkpt lat="66.221840" lon="13.650419"></trkpt>
      <trkpt lat="66.221951" lon="13.650005"></trkpt>
      <trkpt lat="66.222061" lon="13.649660"></trkpt>
      <trkpt lat="66.222138" lon="13.649466"></trkpt>
      <trkpt lat="66.222320" lon="13.649120"></trkpt>
      <trkpt lat="66.222396" lon="13.649000"></trkpt>
      <trkpt lat="66.222552" lon="13.648785"></trkpt>
      <trkpt lat="66.222805" lon="13.648472"></trkpt>
      <trkpt lat="66.222953" lon="13.648284"></trkpt>
      <trkpt lat="66.223172" lon="13.647968"></trkpt>
      <trkpt lat="66.223261" lon="13.647831"></trkpt>
      <trkpt lat="66.223409" lon="13.647579"></trkpt>
      <trkpt lat="66.223551" lon="13.647307"></trkpt>
      <trkpt lat="66.223686" lon="13.647019"></trkpt>
      <trkpt lat="66.223816" lon="13.646712"></trkpt>
      <trkpt lat="66.223941" lon="13.646392"></trkpt>
      <trkpt lat="66.224058" lon="13.646057"></trkpt>
      <trkpt lat="66.224168" lon="13.645704"></trkpt>
      <trkpt lat="66.224271" lon="13.645343"></trkpt>
      <trkpt lat="66.224367" lon="13.644966"></trkpt>
      <trkpt lat="66.224413" lon="13.644757"></trkpt>
      <trkpt lat="66.224451" lon="13.644580"></trkpt>
      <trkpt lat="66.224692" lon="13.643283"></trkpt>
      <trkpt lat="66.224723" lon="13.643102"></trkpt>
      <trkpt lat="66.224802" lon="13.642581"></trkpt>
      <trkpt lat="66.224834" lon="13.642303"></trkpt>
      <trkpt lat="66.224852" lon="13.642127"></trkpt>
      <trkpt lat="66.224858" lon="13.641836"></trkpt>
      <trkpt lat="66.224857" lon="13.641578"></trkpt>
      <trkpt lat="66.224844" lon="13.641370"></trkpt>
      <trkpt lat="66.224838" lon="13.641284"></trkpt>
      <trkpt lat="66.224801" lon="13.640950"></trkpt>
      <trkpt lat="66.224722" lon="13.640511"></trkpt>
      <trkpt lat="66.224635" lon="13.640010"></trkpt>
      <trkpt lat="66.224579" lon="13.639570"></trkpt>
      <trkpt lat="66.224559" lon="13.639257"></trkpt>
      <trkpt lat="66.224560" lon="13.638914"></trkpt>
      <trkpt lat="66.224589" lon="13.638538"></trkpt>
      <trkpt lat="66.224629" lon="13.638253"></trkpt>
      <trkpt lat="66.224684" lon="13.637962"></trkpt>
      <trkpt lat="66.224722" lon="13.637765"></trkpt>
      <trkpt lat="66.224824" lon="13.637256"></trkpt>
      <trkpt lat="66.224866" lon="13.637045"></trkpt>
      <trkpt lat="66.224898" lon="13.636884"></trkpt>
      <trkpt lat="66.224947" lon="13.636549"></trkpt>
      <trkpt lat="66.224998" lon="13.636135"></trkpt>
      <trkpt lat="66.225018" lon="13.635915"></trkpt>
      <trkpt lat="66.225050" lon="13.635469"></trkpt>
      <trkpt lat="66.225058" lon="13.635357"></trkpt>
      <trkpt lat="66.225068" lon="13.634935"></trkpt>
      <trkpt lat="66.225068" lon="13.634519"></trkpt>
      <trkpt lat="66.225065" lon="13.634292"></trkpt>
      <trkpt lat="66.225059" lon="13.634011"></trkpt>
      <trkpt lat="66.225043" lon="13.632803"></trkpt>
      <trkpt lat="66.224962" lon="13.632832"></trkpt>
      <trkpt lat="66.224894" lon="13.632884"></trkpt>
      <trkpt lat="66.224865" lon="13.632961"></trkpt>
      <trkpt lat="66.224852" lon="13.633029"></trkpt>
      <trkpt lat="66.224839" lon="13.633262"></trkpt>
      <trkpt lat="66.224844" lon="13.633643"></trkpt>
      <trkpt lat="66.224834" lon="13.633852"></trkpt>
      <trkpt lat="66.224799" lon="13.634048"></trkpt>
      <trkpt lat="66.224782" lon="13.634103"></trkpt>
      <trkpt lat="66.224732" lon="13.634202"></trkpt>
      <trkpt lat="66.224658" lon="13.634308"></trkpt>
      <trkpt lat="66.224593" lon="13.634380"></trkpt>
      <trkpt lat="66.224390" lon="13.634638"></trkpt>
      <trkpt lat="66.224125" lon="13.635011"></trkpt>
      <trkpt lat="66.224093" lon="13.634886"></trkpt>
      <trkpt lat="66.223952" lon="13.634246"></trkpt>
      <trkpt lat="66.223844" lon="13.633651"></trkpt>
      <trkpt lat="66.223751" lon="13.632992"></trkpt>
      <trkpt lat="66.223709" lon="13.632734"></trkpt>
      <trkpt lat="66.223610" lon="13.632043"></trkpt>
      <trkpt lat="66.223582" lon="13.631795"></trkpt>
      <trkpt lat="66.223567" lon="13.631596"></trkpt>
      <trkpt lat="66.223559" lon="13.631335"></trkpt>
      <trkpt lat="66.223563" lon="13.631025"></trkpt>
      <trkpt lat="66.223647" lon="13.629447"></trkpt>
      <trkpt lat="66.223648" lon="13.629116"></trkpt>
      <trkpt lat="66.223632" lon="13.628793"></trkpt>
      <trkpt lat="66.223591" lon="13.628350"></trkpt>
      <trkpt lat="66.223510" lon="13.627649"></trkpt>
      <trkpt lat="66.223359" lon="13.626261"></trkpt>
      <trkpt lat="66.223346" lon="13.626027"></trkpt>
      <trkpt lat="66.223329" lon="13.625076"></trkpt>
      <trkpt lat="66.223327" lon="13.624775"></trkpt>
      <trkpt lat="66.223327" lon="13.623759"></trkpt>
      <trkpt lat="66.223321" lon="13.623515"></trkpt>
      <trkpt lat="66.223293" lon="13.623187"></trkpt>
      <trkpt lat="66.223250" lon="13.622927"></trkpt>
      <trkpt lat="66.223189" lon="13.622620"></trkpt>
      <trkpt lat="66.223062" lon="13.621906"></trkpt>
      <trkpt lat="66.222993" lon="13.621552"></trkpt>
      <trkpt lat="66.222932" lon="13.621268"></trkpt>
      <trkpt lat="66.222899" lon="13.621049"></trkpt>
      <trkpt lat="66.222867" lon="13.620787"></trkpt>
      <trkpt lat="66.222840" lon="13.620444"></trkpt>
      <trkpt lat="66.222813" lon="13.619854"></trkpt>
      <trkpt lat="66.222801" lon="13.619379"></trkpt>
      <trkpt lat="66.222804" lon="13.619057"></trkpt>
      <trkpt lat="66.222819" lon="13.618848"></trkpt>
      <trkpt lat="66.222847" lon="13.618615"></trkpt>
      <trkpt lat="66.222966" lon="13.617962"></trkpt>
      <trkpt lat="66.223022" lon="13.617659"></trkpt>
      <trkpt lat="66.223045" lon="13.617462"></trkpt>
      <trkpt lat="66.223078" lon="13.617464"></trkpt>
      <trkpt lat="66.223144" lon="13.617238"></trkpt>
      <trkpt lat="66.223272" lon="13.616691"></trkpt>
      <trkpt lat="66.223364" lon="13.616334"></trkpt>
      <trkpt lat="66.223453" lon="13.616078"></trkpt>
      <trkpt lat="66.223523" lon="13.615821"></trkpt>
      <trkpt lat="66.223705" lon="13.615010"></trkpt>
      <trkpt lat="66.223721" lon="13.614970"></trkpt>
      <trkpt lat="66.223746" lon="13.614951"></trkpt>
      <trkpt lat="66.223772" lon="13.614945"></trkpt>
      <trkpt lat="66.223799" lon="13.614960"></trkpt>
      <trkpt lat="66.223828" lon="13.614976"></trkpt>
      <trkpt lat="66.223750" lon="13.615425"></trkpt>
      <trkpt lat="66.223704" lon="13.615722"></trkpt>
      <trkpt lat="66.223629" lon="13.616344"></trkpt>
      <trkpt lat="66.223486" lon="13.617912"></trkpt>
      <trkpt lat="66.223417" lon="13.618668"></trkpt>
      <trkpt lat="66.223378" lon="13.619145"></trkpt>
      <trkpt lat="66.223372" lon="13.619482"></trkpt>
      <trkpt lat="66.223392" lon="13.619867"></trkpt>
      <trkpt lat="66.223431" lon="13.620209"></trkpt>
      <trkpt lat="66.223730" lon="13.622168"></trkpt>
      <trkpt lat="66.223849" lon="13.622952"></trkpt>
      <trkpt lat="66.224093" lon="13.624540"></trkpt>
      <trkpt lat="66.224156" lon="13.624992"></trkpt>
      <trkpt lat="66.224360" lon="13.626354"></trkpt>
      <trkpt lat="66.224522" lon="13.627672"></trkpt>
      <trkpt lat="66.224561" lon="13.627928"></trkpt>
      <trkpt lat="66.224619" lon="13.628210"></trkpt>
      <trkpt lat="66.224673" lon="13.628418"></trkpt>
      <trkpt lat="66.224871" lon="13.629145"></trkpt>
      <trkpt lat="66.224929" lon="13.629433"></trkpt>
      <trkpt lat="66.224961" lon="13.629681"></trkpt>
      <trkpt lat="66.224977" lon="13.629801"></trkpt>
      <trkpt lat="66.225006" lon="13.630116"></trkpt>
      <trkpt lat="66.225022" lon="13.630930"></trkpt>
      <trkpt lat="66.225045" lon="13.632347"></trkpt>
      <trkpt lat="66.225043" lon="13.632803"></trkpt>
      <trkpt lat="66.225059" lon="13.634011"></trkpt>
      <trkpt lat="66.225065" lon="13.634292"></trkpt>
      <trkpt lat="66.225068" lon="13.634519"></trkpt>
      <trkpt lat="66.225068" lon="13.634935"></trkpt>
      <trkpt lat="66.225058" lon="13.635357"></trkpt>
      <trkpt lat="66.225050" lon="13.635469"></trkpt>
      <trkpt lat="66.225018" lon="13.635915"></trkpt>
      <trkpt lat="66.224998" lon="13.636135"></trkpt>
      <trkpt lat="66.224947" lon="13.636549"></trkpt>
      <trkpt lat="66.224898" lon="13.636884"></trkpt>
      <trkpt lat="66.224866" lon="13.637045"></trkpt>
      <trkpt lat="66.224824" lon="13.637256"></trkpt>
      <trkpt lat="66.224722" lon="13.637765"></trkpt>
      <trkpt lat="66.224684" lon="13.637962"></trkpt>
      <trkpt lat="66.224629" lon="13.638253"></trkpt>
      <trkpt lat="66.224589" lon="13.638538"></trkpt>
      <trkpt lat="66.224560" lon="13.638914"></trkpt>
      <trkpt lat="66.224559" lon="13.639257"></trkpt>
      <trkpt lat="66.224579" lon="13.639570"></trkpt>
      <trkpt lat="66.224635" lon="13.640010"></trkpt>
      <trkpt lat="66.224722" lon="13.640511"></trkpt>
      <trkpt lat="66.224801" lon="13.640950"></trkpt>
      <trkpt lat="66.224838" lon="13.641284"></trkpt>
      <trkpt lat="66.224844" lon="13.641370"></trkpt>
      <trkpt lat="66.224857" lon="13.641578"></trkpt>
      <trkpt lat="66.224858" lon="13.641836"></trkpt>
      <trkpt lat="66.224852" lon="13.642127"></trkpt>
      <trkpt lat="66.224834" lon="13.642303"></trkpt>
      <trkpt lat="66.224802" lon="13.642581"></trkpt>
      <trkpt lat="66.224723" lon="13.643102"></trkpt>
      <trkpt lat="66.224692" lon="13.643283"></trkpt>
      <trkpt lat="66.224451" lon="13.644580"></trkpt>
      <trkpt lat="66.224413" lon="13.644757"></trkpt>
      <trkpt lat="66.224367" lon="13.644966"></trkpt>
      <trkpt lat="66.224271" lon="13.645343"></trkpt>
      <trkpt lat="66.224168" lon="13.645704"></trkpt>
      <trkpt lat="66.224058" lon="13.646057"></trkpt>
      <trkpt lat="66.223941" lon="13.646392"></trkpt>
      <trkpt lat="66.223816" lon="13.646712"></trkpt>
      <trkpt lat="66.223686" lon="13.647019"></trkpt>
      <trkpt lat="66.223551" lon="13.647307"></trkpt>
      <trkpt lat="66.223409" lon="13.647579"></trkpt>
      <trkpt lat="66.223261" lon="13.647831"></trkpt>
      <trkpt lat="66.223172" lon="13.647968"></trkpt>
      <trkpt lat="66.222953" lon="13.648284"></trkpt>
      <trkpt lat="66.222805" lon="13.648472"></trkpt>
      <trkpt lat="66.222552" lon="13.648785"></trkpt>
      <trkpt lat="66.222396" lon="13.649000"></trkpt>
      <trkpt lat="66.222320" lon="13.649120"></trkpt>
      <trkpt lat="66.222138" lon="13.649466"></trkpt>
      <trkpt lat="66.222061" lon="13.649660"></trkpt>
      <trkpt lat="66.221951" lon="13.650005"></trkpt>
      <trkpt lat="66.221840" lon="13.650419"></trkpt>
      <trkpt lat="66.221751" lon="13.650791"></trkpt>
      <trkpt lat="66.221707" lon="13.650976"></trkpt>
      <trkpt lat="66.221657" lon="13.651185"></trkpt>
      <trkpt lat="66.221562" lon="13.651559"></trkpt>
      <trkpt lat="66.221508" lon="13.651742"></trkpt>
      <trkpt lat="66.221452" lon="13.651912"></trkpt>
      <trkpt lat="66.221326" lon="13.652230"></trkpt>
      <trkpt lat="66.221259" lon="13.652378"></trkpt>
      <trkpt lat="66.221127" lon="13.652645"></trkpt>
      <trkpt lat="66.218845" lon="13.656992"></trkpt>
      <trkpt lat="66.218697" lon="13.657242"></trkpt>
      <trkpt lat="66.218620" lon="13.657357"></trkpt>
      <trkpt lat="66.218461" lon="13.657559"></trkpt>
      <trkpt lat="66.218294" lon="13.657719"></trkpt>
      <trkpt lat="66.218208" lon="13.657784"></trkpt>
      <trkpt lat="66.218121" lon="13.657837"></trkpt>
      <trkpt lat="66.217944" lon="13.657911"></trkpt>
      <trkpt lat="66.217766" lon="13.657943"></trkpt>
      <trkpt lat="66.217676" lon="13.657943"></trkpt>
      <trkpt lat="66.217497" lon="13.657906"></trkpt>
      <trkpt lat="66.217409" lon="13.657871"></trkpt>
      <trkpt lat="66.217234" lon="13.657771"></trkpt>
      <trkpt lat="66.217148" lon="13.657702"></trkpt>
      <trkpt lat="66.216982" lon="13.657538"></trkpt>
      <trkpt lat="66.216901" lon="13.657442"></trkpt>
      <trkpt lat="66.216743" lon="13.657228"></trkpt>
      <trkpt lat="66.215427" lon="13.655325"></trkpt>
      <trkpt lat="66.215198" lon="13.654977"></trkpt>
      <trkpt lat="66.215050" lon="13.654727"></trkpt>
      <trkpt lat="66.214906" lon="13.654461"></trkpt>
      <trkpt lat="66.214555" lon="13.653771"></trkpt>
      <trkpt lat="66.214338" lon="13.653376"></trkpt>
      <trkpt lat="66.214188" lon="13.653133"></trkpt>
      <trkpt lat="66.214033" lon="13.652907"></trkpt>
      <trkpt lat="66.213874" lon="13.652703"></trkpt>
      <trkpt lat="66.213802" lon="13.652622"></trkpt>
      <trkpt lat="66.213711" lon="13.652518"></trkpt>
      <trkpt lat="66.213545" lon="13.652351"></trkpt>
      <trkpt lat="66.213376" lon="13.652209"></trkpt>
      <trkpt lat="66.213202" lon="13.652087"></trkpt>
      <trkpt lat="66.213028" lon="13.651985"></trkpt>
      <trkpt lat="66.212852" lon="13.651906"></trkpt>
      <trkpt lat="66.212675" lon="13.651849"></trkpt>
      <trkpt lat="66.212495" lon="13.651812"></trkpt>
      <trkpt lat="66.212315" lon="13.651799"></trkpt>
      <trkpt lat="66.212046" lon="13.651813"></trkpt>
      <trkpt lat="66.211391" lon="13.651906"></trkpt>
      <trkpt lat="66.211253" lon="13.651945"></trkpt>
      <trkpt lat="66.211159" lon="13.651985"></trkpt>
      <trkpt lat="66.211072" lon="13.652030"></trkpt>
      <trkpt lat="66.210952" lon="13.652118"></trkpt>
      <trkpt lat="66.210811" lon="13.652245"></trkpt>
      <trkpt lat="66.210738" lon="13.652326"></trkpt>
      <trkpt lat="66.210622" lon="13.652475"></trkpt>
      <trkpt lat="66.210525" lon="13.652620"></trkpt>
      <trkpt lat="66.210424" lon="13.652795"></trkpt>
      <trkpt lat="66.210285" lon="13.653078"></trkpt>
      <trkpt lat="66.210023" lon="13.653683"></trkpt>
      <trkpt lat="66.209888" lon="13.653975"></trkpt>
      <trkpt lat="66.209744" lon="13.654243"></trkpt>
      <trkpt lat="66.209588" lon="13.654462"></trkpt>
      <trkpt lat="66.209506" lon="13.654553"></trkpt>
      <trkpt lat="66.209337" lon="13.654698"></trkpt>
      <trkpt lat="66.209250" lon="13.654751"></trkpt>
      <trkpt lat="66.209162" lon="13.654789"></trkpt>
      <trkpt lat="66.209073" lon="13.654814"></trkpt>
      <trkpt lat="66.208894" lon="13.654823"></trkpt>
      <trkpt lat="66.208804" lon="13.654806"></trkpt>
      <trkpt lat="66.208716" lon="13.654775"></trkpt>
      <trkpt lat="66.208628" lon="13.654731"></trkpt>
      <trkpt lat="66.208456" lon="13.654604"></trkpt>
      <trkpt lat="66.208291" lon="13.654424"></trkpt>
      <trkpt lat="66.208136" lon="13.654206"></trkpt>
      <trkpt lat="66.207987" lon="13.653958"></trkpt>
      <trkpt lat="66.207928" lon="13.653854"></trkpt>
      <trkpt lat="66.206754" lon="13.651740"></trkpt>
      <trkpt lat="66.206531" lon="13.651368"></trkpt>
      <trkpt lat="66.206377" lon="13.651136"></trkpt>
      <trkpt lat="66.206220" lon="13.650922"></trkpt>
      <trkpt lat="66.206058" lon="13.650731"></trkpt>
      <trkpt lat="66.205893" lon="13.650557"></trkpt>
      <trkpt lat="66.205724" lon="13.650404"></trkpt>
      <trkpt lat="66.205553" lon="13.650273"></trkpt>
      <trkpt lat="66.205380" lon="13.650163"></trkpt>
      <trkpt lat="66.205204" lon="13.650074"></trkpt>
      <trkpt lat="66.205068" lon="13.650019"></trkpt>
      <trkpt lat="66.204849" lon="13.649964"></trkpt>
      <trkpt lat="66.204669" lon="13.649943"></trkpt>
      <trkpt lat="66.204490" lon="13.649941"></trkpt>
      <trkpt lat="66.204311" lon="13.649964"></trkpt>
      <trkpt lat="66.204132" lon="13.650009"></trkpt>
      <trkpt lat="66.203955" lon="13.650074"></trkpt>
      <trkpt lat="66.203779" lon="13.650162"></trkpt>
      <trkpt lat="66.203605" lon="13.650266"></trkpt>
      <trkpt lat="66.203347" lon="13.650453"></trkpt>
      <trkpt lat="66.203119" lon="13.650641"></trkpt>
      <trkpt lat="66.203006" lon="13.650736"></trkpt>
      <trkpt lat="66.201998" lon="13.651658"></trkpt>
      <trkpt lat="66.201494" lon="13.652129"></trkpt>
      <trkpt lat="66.201247" lon="13.652391"></trkpt>
      <trkpt lat="66.201003" lon="13.652680"></trkpt>
      <trkpt lat="66.200366" lon="13.653495"></trkpt>
      <trkpt lat="66.199806" lon="13.654232"></trkpt>
      <trkpt lat="66.199579" lon="13.654555"></trkpt>
      <trkpt lat="66.199427" lon="13.654794"></trkpt>
      <trkpt lat="66.199281" lon="13.655052"></trkpt>
      <trkpt lat="66.199142" lon="13.655329"></trkpt>
      <trkpt lat="66.199006" lon="13.655620"></trkpt>
      <trkpt lat="66.198878" lon="13.655929"></trkpt>
      <trkpt lat="66.198505" lon="13.656890"></trkpt>
      <trkpt lat="66.198375" lon="13.657195"></trkpt>
      <trkpt lat="66.198238" lon="13.657482"></trkpt>
      <trkpt lat="66.198093" lon="13.657745"></trkpt>
      <trkpt lat="66.197571" lon="13.658604"></trkpt>
      <trkpt lat="66.197427" lon="13.658871"></trkpt>
      <trkpt lat="66.197290" lon="13.659156"></trkpt>
      <trkpt lat="66.197159" lon="13.659460"></trkpt>
      <trkpt lat="66.196715" lon="13.660561"></trkpt>
      <trkpt lat="66.196581" lon="13.660855"></trkpt>
      <trkpt lat="66.196438" lon="13.661122"></trkpt>
      <trkpt lat="66.196285" lon="13.661354"></trkpt>
      <trkpt lat="66.196124" lon="13.661547"></trkpt>
      <trkpt lat="66.196041" lon="13.661627"></trkpt>
      <trkpt lat="66.195955" lon="13.661698"></trkpt>
      <trkpt lat="66.195782" lon="13.661812"></trkpt>
      <trkpt lat="66.195254" lon="13.662057"></trkpt>
      <trkpt lat="66.195079" lon="13.662153"></trkpt>
      <trkpt lat="66.194906" lon="13.662282"></trkpt>
      <trkpt lat="66.194740" lon="13.662442"></trkpt>
      <trkpt lat="66.194578" lon="13.662633"></trkpt>
      <trkpt lat="66.194423" lon="13.662854"></trkpt>
      <trkpt lat="66.194273" lon="13.663102"></trkpt>
      <trkpt lat="66.194129" lon="13.663365"></trkpt>
      <trkpt lat="66.193922" lon="13.663789"></trkpt>
      <trkpt lat="66.193389" lon="13.664981"></trkpt>
      <trkpt lat="66.193185" lon="13.665413"></trkpt>
      <trkpt lat="66.193048" lon="13.665674"></trkpt>
      <trkpt lat="66.192612" lon="13.666454"></trkpt>
      <trkpt lat="66.192480" lon="13.666752"></trkpt>
      <trkpt lat="66.192164" lon="13.667541"></trkpt>
      <trkpt lat="66.192097" lon="13.667689"></trkpt>
      <trkpt lat="66.191955" lon="13.667956"></trkpt>
      <trkpt lat="66.191807" lon="13.668190"></trkpt>
      <trkpt lat="66.191724" lon="13.668301"></trkpt>
      <trkpt lat="66.191561" lon="13.668483"></trkpt>
      <trkpt lat="66.191477" lon="13.668563"></trkpt>
      <trkpt lat="66.191306" lon="13.668692"></trkpt>
      <trkpt lat="66.190434" lon="13.669213"></trkpt>
      <trkpt lat="66.190261" lon="13.669335"></trkpt>
      <trkpt lat="66.190177" lon="13.669408"></trkpt>
      <trkpt lat="66.190094" lon="13.669493"></trkpt>
      <trkpt lat="66.189932" lon="13.669683"></trkpt>
      <trkpt lat="66.188683" lon="13.671370"></trkpt>
      <trkpt lat="66.188512" lon="13.671576"></trkpt>
      <trkpt lat="66.188346" lon="13.671747"></trkpt>
      <trkpt lat="66.188175" lon="13.671885"></trkpt>
      <trkpt lat="66.188053" lon="13.671969"></trkpt>
      <trkpt lat="66.187929" lon="13.672029"></trkpt>
      <trkpt lat="66.187825" lon="13.672067"></trkpt>
      <trkpt lat="66.187646" lon="13.672110"></trkpt>
      <trkpt lat="66.187467" lon="13.672117"></trkpt>
      <trkpt lat="66.187288" lon="13.672089"></trkpt>
      <trkpt lat="66.187111" lon="13.672032"></trkpt>
      <trkpt lat="66.186671" lon="13.671810"></trkpt>
      <trkpt lat="66.186494" lon="13.671744"></trkpt>
      <trkpt lat="66.186404" lon="13.671727"></trkpt>
      <trkpt lat="66.186224" lon="13.671730"></trkpt>
      <trkpt lat="66.186136" lon="13.671748"></trkpt>
      <trkpt lat="66.185958" lon="13.671817"></trkpt>
      <trkpt lat="66.185785" lon="13.671932"></trkpt>
      <trkpt lat="66.185617" lon="13.672088"></trkpt>
      <trkpt lat="66.185454" lon="13.672272"></trkpt>
      <trkpt lat="66.184416" lon="13.673587"></trkpt>
      <trkpt lat="66.184253" lon="13.673773"></trkpt>
      <trkpt lat="66.184170" lon="13.673853"></trkpt>
      <trkpt lat="66.184084" lon="13.673915"></trkpt>
      <trkpt lat="66.183996" lon="13.673964"></trkpt>
      <trkpt lat="66.183908" lon="13.673989"></trkpt>
      <trkpt lat="66.183817" lon="13.673998"></trkpt>
      <trkpt lat="66.183639" lon="13.673976"></trkpt>
      <trkpt lat="66.183371" lon="13.673908"></trkpt>
      <trkpt lat="66.183180" lon="13.673883"></trkpt>
      <trkpt lat="66.183012" lon="13.673891"></trkpt>
      <trkpt lat="66.182924" lon="13.673918"></trkpt>
      <trkpt lat="66.182749" lon="13.674007"></trkpt>
      <trkpt lat="66.182577" lon="13.674136"></trkpt>
      <trkpt lat="66.181307" lon="13.675237"></trkpt>
      <trkpt lat="66.181053" lon="13.675448"></trkpt>
      <trkpt lat="66.180968" lon="13.675514"></trkpt>
      <trkpt lat="66.180880" lon="13.675566"></trkpt>
      <trkpt lat="66.180794" lon="13.675610"></trkpt>
      <trkpt lat="66.180718" lon="13.675644"></trkpt>
      <trkpt lat="66.180628" lon="13.675659"></trkpt>
      <trkpt lat="66.180524" lon="13.675680"></trkpt>
      <trkpt lat="66.180345" lon="13.675676"></trkpt>
      <trkpt lat="66.180077" lon="13.675623"></trkpt>
      <trkpt lat="66.179897" lon="13.675597"></trkpt>
      <trkpt lat="66.179808" lon="13.675597"></trkpt>
      <trkpt lat="66.179719" lon="13.675608"></trkpt>
      <trkpt lat="66.179630" lon="13.675640"></trkpt>
      <trkpt lat="66.179543" lon="13.675691"></trkpt>
      <trkpt lat="66.179458" lon="13.675762"></trkpt>
      <trkpt lat="66.179376" lon="13.675851"></trkpt>
      <trkpt lat="66.179296" lon="13.675955"></trkpt>
      <trkpt lat="66.179220" lon="13.676072"></trkpt>
      <trkpt lat="66.179091" lon="13.676302"></trkpt>
      <trkpt lat="66.178857" lon="13.676721"></trkpt>
      <trkpt lat="66.178781" lon="13.676840"></trkpt>
      <trkpt lat="66.178703" lon="13.676947"></trkpt>
      <trkpt lat="66.178622" lon="13.677044"></trkpt>
      <trkpt lat="66.178205" lon="13.677448"></trkpt>
      <trkpt lat="66.178124" lon="13.677540"></trkpt>
      <trkpt lat="66.178044" lon="13.677645"></trkpt>
      <trkpt lat="66.177969" lon="13.677764"></trkpt>
      <trkpt lat="66.177897" lon="13.677899"></trkpt>
      <trkpt lat="66.177831" lon="13.678051"></trkpt>
      <trkpt lat="66.177770" lon="13.678211"></trkpt>
      <trkpt lat="66.177659" lon="13.678559"></trkpt>
      <trkpt lat="66.177197" lon="13.680189"></trkpt>
      <trkpt lat="66.176628" lon="13.682188"></trkpt>
      <trkpt lat="66.176532" lon="13.682563"></trkpt>
      <trkpt lat="66.176446" lon="13.682952"></trkpt>
      <trkpt lat="66.176375" lon="13.683359"></trkpt>
      <trkpt lat="66.176345" lon="13.683569"></trkpt>
      <trkpt lat="66.176318" lon="13.683779"></trkpt>
      <trkpt lat="66.176277" lon="13.684212"></trkpt>
      <trkpt lat="66.176253" lon="13.684652"></trkpt>
      <trkpt lat="66.176244" lon="13.685095"></trkpt>
      <trkpt lat="66.176246" lon="13.685316"></trkpt>
      <trkpt lat="66.176264" lon="13.685757"></trkpt>
      <trkpt lat="66.176295" lon="13.686195"></trkpt>
      <trkpt lat="66.176317" lon="13.686411"></trkpt>
      <trkpt lat="66.176344" lon="13.686621"></trkpt>
      <trkpt lat="66.176426" lon="13.687142"></trkpt>
      <trkpt lat="66.176484" lon="13.687436"></trkpt>
      <trkpt lat="66.176560" lon="13.687789"></trkpt>
      <trkpt lat="66.176672" lon="13.688205"></trkpt>
      <trkpt lat="66.176780" lon="13.688564"></trkpt>
      <trkpt lat="66.176951" lon="13.689059"></trkpt>
      <trkpt lat="66.177135" lon="13.689546"></trkpt>
      <trkpt lat="66.177330" lon="13.690005"></trkpt>
      <trkpt lat="66.177534" lon="13.690433"></trkpt>
      <trkpt lat="66.177749" lon="13.690835"></trkpt>
      <trkpt lat="66.177985" lon="13.691260"></trkpt>
      <trkpt lat="66.178190" lon="13.691596"></trkpt>
      <trkpt lat="66.178332" lon="13.691878"></trkpt>
      <trkpt lat="66.178402" lon="13.692037"></trkpt>
      <trkpt lat="66.178467" lon="13.692194"></trkpt>
      <trkpt lat="66.178525" lon="13.692356"></trkpt>
      <trkpt lat="66.178581" lon="13.692525"></trkpt>
      <trkpt lat="66.178629" lon="13.692707"></trkpt>
      <trkpt lat="66.178696" lon="13.693009"></trkpt>
      <trkpt lat="66.178743" lon="13.693270"></trkpt>
      <trkpt lat="66.178770" lon="13.693482"></trkpt>
      <trkpt lat="66.178795" lon="13.693709"></trkpt>
      <trkpt lat="66.178815" lon="13.693929"></trkpt>
      <trkpt lat="66.178825" lon="13.694129"></trkpt>
      <trkpt lat="66.178831" lon="13.694403"></trkpt>
      <trkpt lat="66.178832" lon="13.694593"></trkpt>
      <trkpt lat="66.178827" lon="13.695029"></trkpt>
      <trkpt lat="66.178578" lon="13.699645"></trkpt>
      <trkpt lat="66.178562" lon="13.700087"></trkpt>
      <trkpt lat="66.178561" lon="13.700529"></trkpt>
      <trkpt lat="66.178567" lon="13.700750"></trkpt>
      <trkpt lat="66.178580" lon="13.700972"></trkpt>
      <trkpt lat="66.178597" lon="13.701188"></trkpt>
      <trkpt lat="66.178641" lon="13.701616"></trkpt>
      <trkpt lat="66.178698" lon="13.702041"></trkpt>
      <trkpt lat="66.178782" lon="13.702672"></trkpt>
      <trkpt lat="66.178832" lon="13.703096"></trkpt>
      <trkpt lat="66.178853" lon="13.703314"></trkpt>
      <trkpt lat="66.178868" lon="13.703531"></trkpt>
      <trkpt lat="66.178887" lon="13.703972"></trkpt>
      <trkpt lat="66.178907" lon="13.705080"></trkpt>
      <trkpt lat="66.178923" lon="13.705521"></trkpt>
      <trkpt lat="66.178935" lon="13.705742"></trkpt>
      <trkpt lat="66.178975" lon="13.706173"></trkpt>
      <trkpt lat="66.179001" lon="13.706387"></trkpt>
      <trkpt lat="66.179064" lon="13.706801"></trkpt>
      <trkpt lat="66.179308" lon="13.708231"></trkpt>
      <trkpt lat="66.179397" lon="13.708857"></trkpt>
      <trkpt lat="66.179472" lon="13.709499"></trkpt>
      <trkpt lat="66.179576" lon="13.710579"></trkpt>
      <trkpt lat="66.179622" lon="13.711005"></trkpt>
      <trkpt lat="66.179683" lon="13.711421"></trkpt>
      <trkpt lat="66.179723" lon="13.711621"></trkpt>
      <trkpt lat="66.179767" lon="13.711812"></trkpt>
      <trkpt lat="66.179819" lon="13.711996"></trkpt>
      <trkpt lat="66.179878" lon="13.712164"></trkpt>
      <trkpt lat="66.179942" lon="13.712318"></trkpt>
      <trkpt lat="66.180012" lon="13.712459"></trkpt>
      <trkpt lat="66.180085" lon="13.712584"></trkpt>
      <trkpt lat="66.180163" lon="13.712695"></trkpt>
      <trkpt lat="66.180325" lon="13.712880"></trkpt>
      <trkpt lat="66.180409" lon="13.712955"></trkpt>
      <trkpt lat="66.180581" lon="13.713084"></trkpt>
      <trkpt lat="66.181016" lon="13.713364"></trkpt>
      <trkpt lat="66.181187" lon="13.713500"></trkpt>
      <trkpt lat="66.181270" lon="13.713582"></trkpt>
      <trkpt lat="66.181350" lon="13.713673"></trkpt>
      <trkpt lat="66.181507" lon="13.713896"></trkpt>
      <trkpt lat="66.181580" lon="13.714023"></trkpt>
      <trkpt lat="66.181689" lon="13.714247"></trkpt>
      <trkpt lat="66.181989" lon="13.714888"></trkpt>
      <trkpt lat="66.182199" lon="13.715301"></trkpt>
      <trkpt lat="66.182353" lon="13.715527"></trkpt>
      <trkpt lat="66.182515" lon="13.715718"></trkpt>
      <trkpt lat="66.182845" lon="13.716061"></trkpt>
      <trkpt lat="66.183008" lon="13.716250"></trkpt>
      <trkpt lat="66.183087" lon="13.716355"></trkpt>
      <trkpt lat="66.183238" lon="13.716594"></trkpt>
      <trkpt lat="66.183309" lon="13.716728"></trkpt>
      <trkpt lat="66.183406" lon="13.716938"></trkpt>
      <trkpt lat="66.183505" lon="13.717182"></trkpt>
      <trkpt lat="66.183564" lon="13.717350"></trkpt>
      <trkpt lat="66.183676" lon="13.717699"></trkpt>
      <trkpt lat="66.183731" lon="13.717894"></trkpt>
      <trkpt lat="66.185018" lon="13.722415"></trkpt>
      <trkpt lat="66.185115" lon="13.722789"></trkpt>
      <trkpt lat="66.185201" lon="13.723178"></trkpt>
      <trkpt lat="66.185238" lon="13.723380"></trkpt>
      <trkpt lat="66.185301" lon="13.723797"></trkpt>
      <trkpt lat="66.185323" lon="13.724009"></trkpt>
      <trkpt lat="66.185338" lon="13.724228"></trkpt>
      <trkpt lat="66.185347" lon="13.724449"></trkpt>
      <trkpt lat="66.185348" lon="13.724671"></trkpt>
      <trkpt lat="66.185341" lon="13.724894"></trkpt>
      <trkpt lat="66.185326" lon="13.725110"></trkpt>
      <trkpt lat="66.185302" lon="13.725324"></trkpt>
      <trkpt lat="66.185271" lon="13.725532"></trkpt>
      <trkpt lat="66.185233" lon="13.725734"></trkpt>
      <trkpt lat="66.185188" lon="13.725927"></trkpt>
      <trkpt lat="66.185089" lon="13.726294"></trkpt>
      <trkpt lat="66.184555" lon="13.728078"></trkpt>
      <trkpt lat="66.184405" lon="13.728630"></trkpt>
      <trkpt lat="66.184363" lon="13.728825"></trkpt>
      <trkpt lat="66.184326" lon="13.729029"></trkpt>
      <trkpt lat="66.184297" lon="13.729239"></trkpt>
      <trkpt lat="66.184276" lon="13.729453"></trkpt>
      <trkpt lat="66.184262" lon="13.729671"></trkpt>
      <trkpt lat="66.184257" lon="13.729894"></trkpt>
      <trkpt lat="66.184260" lon="13.730115"></trkpt>
      <trkpt lat="66.184271" lon="13.730335"></trkpt>
      <trkpt lat="66.184290" lon="13.730551"></trkpt>
      <trkpt lat="66.184316" lon="13.730765"></trkpt>
      <trkpt lat="66.184382" lon="13.731177"></trkpt>
      <trkpt lat="66.184495" lon="13.731780"></trkpt>
      <trkpt lat="66.184564" lon="13.732191"></trkpt>
      <trkpt lat="66.184615" lon="13.732615"></trkpt>
      <trkpt lat="66.184633" lon="13.732831"></trkpt>
      <trkpt lat="66.184656" lon="13.733272"></trkpt>
      <trkpt lat="66.184687" lon="13.734380"></trkpt>
      <trkpt lat="66.184707" lon="13.734819"></trkpt>
      <trkpt lat="66.184724" lon="13.735038"></trkpt>
      <trkpt lat="66.184747" lon="13.735252"></trkpt>
      <trkpt lat="66.184777" lon="13.735461"></trkpt>
      <trkpt lat="66.184813" lon="13.735664"></trkpt>
      <trkpt lat="66.184856" lon="13.735859"></trkpt>
      <trkpt lat="66.184952" lon="13.736234"></trkpt>
      <trkpt lat="66.185530" lon="13.738209"></trkpt>
      <trkpt lat="66.185696" lon="13.738736"></trkpt>
      <trkpt lat="66.185871" lon="13.739240"></trkpt>
      <trkpt lat="66.186175" lon="13.740055"></trkpt>
      <trkpt lat="66.186292" lon="13.740391"></trkpt>
      <trkpt lat="66.186345" lon="13.740571"></trkpt>
      <trkpt lat="66.186392" lon="13.740757"></trkpt>
      <trkpt lat="66.186433" lon="13.740955"></trkpt>
      <trkpt lat="66.186467" lon="13.741160"></trkpt>
      <trkpt lat="66.186493" lon="13.741374"></trkpt>
      <trkpt lat="66.186510" lon="13.741593"></trkpt>
      <trkpt lat="66.186520" lon="13.741812"></trkpt>
      <trkpt lat="66.186525" lon="13.742034"></trkpt>
      <trkpt lat="66.186522" lon="13.742256"></trkpt>
      <trkpt lat="66.186492" lon="13.743166"></trkpt>
      <trkpt lat="66.186478" lon="13.743803"></trkpt>
      <trkpt lat="66.186479" lon="13.744025"></trkpt>
      <trkpt lat="66.186494" lon="13.744466"></trkpt>
      <trkpt lat="66.186510" lon="13.744687"></trkpt>
      <trkpt lat="66.186529" lon="13.744901"></trkpt>
      <trkpt lat="66.186582" lon="13.745327"></trkpt>
      <trkpt lat="66.186653" lon="13.745734"></trkpt>
      <trkpt lat="66.186732" lon="13.746084"></trkpt>
      <trkpt lat="66.186786" lon="13.746309"></trkpt>
      <trkpt lat="66.186837" lon="13.746496"></trkpt>
      <trkpt lat="66.186986" lon="13.747048"></trkpt>
      <trkpt lat="66.187080" lon="13.747425"></trkpt>
      <trkpt lat="66.187159" lon="13.747825"></trkpt>
      <trkpt lat="66.187221" lon="13.748241"></trkpt>
      <trkpt lat="66.187243" lon="13.748456"></trkpt>
      <trkpt lat="66.187260" lon="13.748675"></trkpt>
      <trkpt lat="66.187282" lon="13.749113"></trkpt>
      <trkpt lat="66.187287" lon="13.749557"></trkpt>
      <trkpt lat="66.187279" lon="13.750889"></trkpt>
      <trkpt lat="66.187283" lon="13.751555"></trkpt>
      <trkpt lat="66.187300" lon="13.752218"></trkpt>
      <trkpt lat="66.187329" lon="13.752880"></trkpt>
      <trkpt lat="66.187373" lon="13.753535"></trkpt>
      <trkpt lat="66.187430" lon="13.754187"></trkpt>
      <trkpt lat="66.187499" lon="13.754830"></trkpt>
      <trkpt lat="66.187581" lon="13.755463"></trkpt>
      <trkpt lat="66.187676" lon="13.756086"></trkpt>
      <trkpt lat="66.187783" lon="13.756694"></trkpt>
      <trkpt lat="66.187904" lon="13.757292"></trkpt>
      <trkpt lat="66.188209" lon="13.758647"></trkpt>
      <trkpt lat="66.188287" lon="13.759049"></trkpt>
      <trkpt lat="66.188320" lon="13.759254"></trkpt>
      <trkpt lat="66.188372" lon="13.759678"></trkpt>
      <trkpt lat="66.188390" lon="13.759897"></trkpt>
      <trkpt lat="66.188402" lon="13.760116"></trkpt>
      <trkpt lat="66.188409" lon="13.760337"></trkpt>
      <trkpt lat="66.188411" lon="13.760781"></trkpt>
      <trkpt lat="66.188406" lon="13.761001"></trkpt>
      <trkpt lat="66.188384" lon="13.761442"></trkpt>
      <trkpt lat="66.188353" lon="13.761879"></trkpt>
      <trkpt lat="66.188312" lon="13.762311"></trkpt>
      <trkpt lat="66.188199" lon="13.763385"></trkpt>
      <trkpt lat="66.188161" lon="13.763819"></trkpt>
      <trkpt lat="66.188135" lon="13.764258"></trkpt>
      <trkpt lat="66.188122" lon="13.764700"></trkpt>
      <trkpt lat="66.188110" lon="13.765811"></trkpt>
      <trkpt lat="66.188098" lon="13.766473"></trkpt>
      <trkpt lat="66.188079" lon="13.766914"></trkpt>
      <trkpt lat="66.188049" lon="13.767352"></trkpt>
      <trkpt lat="66.188004" lon="13.767783"></trkpt>
      <trkpt lat="66.187948" lon="13.768203"></trkpt>
      <trkpt lat="66.187880" lon="13.768615"></trkpt>
      <trkpt lat="66.187800" lon="13.769012"></trkpt>
      <trkpt lat="66.187668" lon="13.769591"></trkpt>
      <trkpt lat="66.187293" lon="13.771103"></trkpt>
      <trkpt lat="66.187112" lon="13.771871"></trkpt>
      <trkpt lat="66.186943" lon="13.772652"></trkpt>
      <trkpt lat="66.186785" lon="13.773450"></trkpt>
      <trkpt lat="66.186640" lon="13.774263"></trkpt>
      <trkpt lat="66.186510" lon="13.775088"></trkpt>
      <trkpt lat="66.186398" lon="13.775952"></trkpt>
      <trkpt lat="66.186296" lon="13.776801"></trkpt>
      <trkpt lat="66.186237" lon="13.777468"></trkpt>
      <trkpt lat="66.186136" lon="13.778414"></trkpt>
      <trkpt lat="66.186082" lon="13.779170"></trkpt>
      <trkpt lat="66.186034" lon="13.779977"></trkpt>
      <trkpt lat="66.185944" lon="13.781799"></trkpt>
      <trkpt lat="66.185846" lon="13.783333"></trkpt>
      <trkpt lat="66.185745" lon="13.785314"></trkpt>
      <trkpt lat="66.185686" lon="13.786189"></trkpt>
      <trkpt lat="66.185609" lon="13.787088"></trkpt>
      <trkpt lat="66.185539" lon="13.787790"></trkpt>
      <trkpt lat="66.185426" lon="13.788770"></trkpt>
      <trkpt lat="66.185278" lon="13.789820"></trkpt>
      <trkpt lat="66.185170" lon="13.790478"></trkpt>
      <trkpt lat="66.185056" lon="13.791092"></trkpt>
      <trkpt lat="66.184928" lon="13.791690"></trkpt>
      <trkpt lat="66.184892" lon="13.791842"></trkpt>
      <trkpt lat="66.184789" lon="13.792274"></trkpt>
      <trkpt lat="66.184637" lon="13.792836"></trkpt>
      <trkpt lat="66.184475" lon="13.793379"></trkpt>
      <trkpt lat="66.184301" lon="13.793902"></trkpt>
      <trkpt lat="66.184117" lon="13.794404"></trkpt>
      <trkpt lat="66.183950" lon="13.794809"></trkpt>
      <trkpt lat="66.184065" lon="13.795002"></trkpt>
      <trkpt lat="66.184078" lon="13.795025"></trkpt>
      <trkpt lat="66.184129" lon="13.795071"></trkpt>
      <trkpt lat="66.184182" lon="13.795087"></trkpt>
      <trkpt lat="66.184236" lon="13.795069"></trkpt>
      <trkpt lat="66.184286" lon="13.795022"></trkpt>
      <trkpt lat="66.184749" lon="13.794438"></trkpt>
      <trkpt lat="66.184895" lon="13.794291"></trkpt>
      <trkpt lat="66.185044" lon="13.794180"></trkpt>
      <trkpt lat="66.185329" lon="13.794018"></trkpt>
      <trkpt lat="66.185415" lon="13.793945"></trkpt>
      <trkpt lat="66.185562" lon="13.793834"></trkpt>
      <trkpt lat="66.185667" lon="13.793737"></trkpt>
      <trkpt lat="66.185700" lon="13.793704"></trkpt>
      <trkpt lat="66.186034" lon="13.793365"></trkpt>
      <trkpt lat="66.186159" lon="13.793254"></trkpt>
      <trkpt lat="66.186379" lon="13.793033"></trkpt>
      <trkpt lat="66.186495" lon="13.792928"></trkpt>
      <trkpt lat="66.186614" lon="13.792858"></trkpt>
      <trkpt lat="66.186741" lon="13.792783"></trkpt>
      <trkpt lat="66.186860" lon="13.792693"></trkpt>
      <trkpt lat="66.186956" lon="13.792610"></trkpt>
      <trkpt lat="66.187185" lon="13.792377"></trkpt>
      <trkpt lat="66.187388" lon="13.792135"></trkpt>
      <trkpt lat="66.187505" lon="13.792023"></trkpt>
      <trkpt lat="66.187620" lon="13.791897"></trkpt>
      <trkpt lat="66.187777" lon="13.791781"></trkpt>
      <trkpt lat="66.187864" lon="13.791741"></trkpt>
      <trkpt lat="66.187881" lon="13.791745"></trkpt>
      <trkpt lat="66.187977" lon="13.791742"></trkpt>
      <trkpt lat="66.188040" lon="13.791764"></trkpt>
      <trkpt lat="66.188163" lon="13.791829"></trkpt>
      <trkpt lat="66.188192" lon="13.791850"></trkpt>
      <trkpt lat="66.188298" lon="13.792033"></trkpt>
      <trkpt lat="66.188359" lon="13.792193"></trkpt>
      <trkpt lat="66.188398" lon="13.792308"></trkpt>
      <trkpt lat="66.188636" lon="13.793190"></trkpt>
      <trkpt lat="66.188668" lon="13.793300"></trkpt>
      <trkpt lat="66.188744" lon="13.793485"></trkpt>
      <trkpt lat="66.188847" lon="13.793677"></trkpt>
      <trkpt lat="66.189022" lon="13.793963"></trkpt>
      <trkpt lat="66.189190" lon="13.794264"></trkpt>
      <trkpt lat="66.189357" lon="13.794596"></trkpt>
      <trkpt lat="66.189441" lon="13.794791"></trkpt>
      <trkpt lat="66.189519" lon="13.794999"></trkpt>
      <trkpt lat="66.189576" lon="13.795178"></trkpt>
      <trkpt lat="66.189628" lon="13.795427"></trkpt>
      <trkpt lat="66.189665" lon="13.795687"></trkpt>
      <trkpt lat="66.189691" lon="13.795957"></trkpt>
      <trkpt lat="66.189701" lon="13.796231"></trkpt>
      <trkpt lat="66.189701" lon="13.796566"></trkpt>
      <trkpt lat="66.189700" lon="13.796754"></trkpt>
      <trkpt lat="66.189700" lon="13.797161"></trkpt>
      <trkpt lat="66.189708" lon="13.797378"></trkpt>
      <trkpt lat="66.189718" lon="13.797502"></trkpt>
      <trkpt lat="66.189732" lon="13.797605"></trkpt>
      <trkpt lat="66.189755" lon="13.797731"></trkpt>
      <trkpt lat="66.189787" lon="13.797845"></trkpt>
      <trkpt lat="66.189825" lon="13.797952"></trkpt>
      <trkpt lat="66.189870" lon="13.798049"></trkpt>
      <trkpt lat="66.189926" lon="13.798146"></trkpt>
      <trkpt lat="66.189987" lon="13.798215"></trkpt>
      <trkpt lat="66.190052" lon="13.798265"></trkpt>
      <trkpt lat="66.190119" lon="13.798294"></trkpt>
      <trkpt lat="66.190186" lon="13.798292"></trkpt>
      <trkpt lat="66.190265" lon="13.798270"></trkpt>
      <trkpt lat="66.190400" lon="13.798190"></trkpt>
      <trkpt lat="66.190513" lon="13.798120"></trkpt>
      <trkpt lat="66.190583" lon="13.798091"></trkpt>
      <trkpt lat="66.190635" lon="13.798080"></trkpt>
      <trkpt lat="66.190692" lon="13.798183"></trkpt>
      <trkpt lat="66.190719" lon="13.798254"></trkpt>
      <trkpt lat="66.190752" lon="13.798374"></trkpt>
      <trkpt lat="66.190772" lon="13.798525"></trkpt>
      <trkpt lat="66.190788" lon="13.798698"></trkpt>
      <trkpt lat="66.190852" lon="13.798816"></trkpt>
      <trkpt lat="66.191656" lon="13.798403"></trkpt>
      <trkpt lat="66.191835" lon="13.798294"></trkpt>
      <trkpt lat="66.191988" lon="13.798159"></trkpt>
      <trkpt lat="66.192367" lon="13.797963"></trkpt>
      <trkpt lat="66.193195" lon="13.797440"></trkpt>
      <trkpt lat="66.194000" lon="13.796993"></trkpt>
      <trkpt lat="66.194817" lon="13.796539"></trkpt>
      <trkpt lat="66.195355" lon="13.796240"></trkpt>
      <trkpt lat="66.195684" lon="13.796060"></trkpt>
      <trkpt lat="66.196965" lon="13.795342"></trkpt>
      <trkpt lat="66.197565" lon="13.794969"></trkpt>
      <trkpt lat="66.198479" lon="13.794361"></trkpt>
      <trkpt lat="66.199079" lon="13.793999"></trkpt>
      <trkpt lat="66.199731" lon="13.793642"></trkpt>
      <trkpt lat="66.200401" lon="13.793292"></trkpt>
      <trkpt lat="66.200552" lon="13.793214"></trkpt>
      <trkpt lat="66.201010" lon="13.792973"></trkpt>
      <trkpt lat="66.202730" lon="13.792059"></trkpt>
      <trkpt lat="66.203116" lon="13.791894"></trkpt>
      <trkpt lat="66.203339" lon="13.791833"></trkpt>
      <trkpt lat="66.203540" lon="13.791810"></trkpt>
      <trkpt lat="66.203741" lon="13.791825"></trkpt>
      <trkpt lat="66.203943" lon="13.791873"></trkpt>
      <trkpt lat="66.204141" lon="13.791954"></trkpt>
      <trkpt lat="66.204338" lon="13.792074"></trkpt>
      <trkpt lat="66.204530" lon="13.792224"></trkpt>
      <trkpt lat="66.204717" lon="13.792407"></trkpt>
      <trkpt lat="66.204900" lon="13.792622"></trkpt>
      <trkpt lat="66.205075" lon="13.792872"></trkpt>
      <trkpt lat="66.205243" lon="13.793148"></trkpt>
      <trkpt lat="66.205402" lon="13.793454"></trkpt>
      <trkpt lat="66.205552" lon="13.793786"></trkpt>
      <trkpt lat="66.205693" lon="13.794144"></trkpt>
      <trkpt lat="66.205823" lon="13.794526"></trkpt>
      <trkpt lat="66.205941" lon="13.794930"></trkpt>
      <trkpt lat="66.206054" lon="13.795371"></trkpt>
      <trkpt lat="66.206175" lon="13.795918"></trkpt>
      <trkpt lat="66.206584" lon="13.798040"></trkpt>
      <trkpt lat="66.206708" lon="13.798619"></trkpt>
      <trkpt lat="66.206822" lon="13.799087"></trkpt>
      <trkpt lat="66.206940" lon="13.799501"></trkpt>
      <trkpt lat="66.207095" lon="13.799978"></trkpt>
      <trkpt lat="66.207276" lon="13.800486"></trkpt>
      <trkpt lat="66.207360" lon="13.800701"></trkpt>
      <trkpt lat="66.207664" lon="13.801495"></trkpt>
      <trkpt lat="66.207830" lon="13.801949"></trkpt>
      <trkpt lat="66.207975" lon="13.802260"></trkpt>
      <trkpt lat="66.208350" lon="13.802976"></trkpt>
      <trkpt lat="66.208497" lon="13.803240"></trkpt>
      <trkpt lat="66.208645" lon="13.803531"></trkpt>
      <trkpt lat="66.208801" lon="13.803864"></trkpt>
      <trkpt lat="66.208963" lon="13.804289"></trkpt>
      <trkpt lat="66.209037" lon="13.804509"></trkpt>
      <trkpt lat="66.209228" lon="13.805092"></trkpt>
      <trkpt lat="66.209378" lon="13.805607"></trkpt>
      <trkpt lat="66.209559" lon="13.806239"></trkpt>
      <trkpt lat="66.209796" lon="13.807135"></trkpt>
      <trkpt lat="66.210019" lon="13.807985"></trkpt>
      <trkpt lat="66.210262" lon="13.808905"></trkpt>
      <trkpt lat="66.210396" lon="13.809377"></trkpt>
      <trkpt lat="66.210519" lon="13.809764"></trkpt>
      <trkpt lat="66.210602" lon="13.809988"></trkpt>
      <trkpt lat="66.210725" lon="13.810256"></trkpt>
      <trkpt lat="66.210858" lon="13.810515"></trkpt>
      <trkpt lat="66.210996" lon="13.810747"></trkpt>
      <trkpt lat="66.211239" lon="13.811071"></trkpt>
      <trkpt lat="66.211571" lon="13.811488"></trkpt>
      <trkpt lat="66.211859" lon="13.811853"></trkpt>
      <trkpt lat="66.212008" lon="13.812054"></trkpt>
      <trkpt lat="66.212152" lon="13.812263"></trkpt>
      <trkpt lat="66.212282" lon="13.812477"></trkpt>
      <trkpt lat="66.212407" lon="13.812706"></trkpt>
      <trkpt lat="66.212536" lon="13.812963"></trkpt>
      <trkpt lat="66.212647" lon="13.813206"></trkpt>
      <trkpt lat="66.212752" lon="13.813464"></trkpt>
      <trkpt lat="66.212846" lon="13.813721"></trkpt>
      <trkpt lat="66.212926" lon="13.813965"></trkpt>
      <trkpt lat="66.213015" lon="13.814260"></trkpt>
      <trkpt lat="66.213095" lon="13.814558"></trkpt>
      <trkpt lat="66.213170" lon="13.814889"></trkpt>
      <trkpt lat="66.213263" lon="13.815320"></trkpt>
      <trkpt lat="66.213346" lon="13.815749"></trkpt>
      <trkpt lat="66.213410" lon="13.816116"></trkpt>
      <trkpt lat="66.213513" lon="13.816799"></trkpt>
      <trkpt lat="66.213647" lon="13.817726"></trkpt>
      <trkpt lat="66.213700" lon="13.818091"></trkpt>
      <trkpt lat="66.213771" lon="13.818560"></trkpt>
      <trkpt lat="66.213840" lon="13.818911"></trkpt>
      <trkpt lat="66.213949" lon="13.819429"></trkpt>
      <trkpt lat="66.214180" lon="13.820409"></trkpt>
      <trkpt lat="66.214310" lon="13.821001"></trkpt>
      <trkpt lat="66.214409" lon="13.821474"></trkpt>
      <trkpt lat="66.214477" lon="13.821855"></trkpt>
      <trkpt lat="66.214571" lon="13.822324"></trkpt>
      <trkpt lat="66.214749" lon="13.823243"></trkpt>
      <trkpt lat="66.214855" lon="13.823676"></trkpt>
      <trkpt lat="66.214985" lon="13.824163"></trkpt>
      <trkpt lat="66.215200" lon="13.824917"></trkpt>
      <trkpt lat="66.215322" lon="13.825330"></trkpt>
      <trkpt lat="66.215602" lon="13.826329"></trkpt>
      <trkpt lat="66.215830" lon="13.827152"></trkpt>
      <trkpt lat="66.216024" lon="13.827921"></trkpt>
      <trkpt lat="66.216130" lon="13.828318"></trkpt>
      <trkpt lat="66.216729" lon="13.830773"></trkpt>
      <trkpt lat="66.217141" lon="13.832461"></trkpt>
      <trkpt lat="66.217344" lon="13.833324"></trkpt>
      <trkpt lat="66.217515" lon="13.834073"></trkpt>
      <trkpt lat="66.217705" lon="13.834942"></trkpt>
      <trkpt lat="66.217875" lon="13.835724"></trkpt>
      <trkpt lat="66.218024" lon="13.836395"></trkpt>
      <trkpt lat="66.218128" lon="13.836795"></trkpt>
      <trkpt lat="66.218230" lon="13.837148"></trkpt>
      <trkpt lat="66.218351" lon="13.837506"></trkpt>
      <trkpt lat="66.218470" lon="13.837797"></trkpt>
      <trkpt lat="66.218682" lon="13.838265"></trkpt>
      <trkpt lat="66.218880" lon="13.838690"></trkpt>
      <trkpt lat="66.218935" lon="13.838817"></trkpt>
      <trkpt lat="66.219153" lon="13.839369"></trkpt>
      <trkpt lat="66.219306" lon="13.839854"></trkpt>
      <trkpt lat="66.219581" lon="13.840783"></trkpt>
      <trkpt lat="66.219719" lon="13.841230"></trkpt>
      <trkpt lat="66.219896" lon="13.841756"></trkpt>
      <trkpt lat="66.220072" lon="13.842198"></trkpt>
      <trkpt lat="66.220175" lon="13.842435"></trkpt>
      <trkpt lat="66.220229" lon="13.842560"></trkpt>
      <trkpt lat="66.220498" lon="13.843253"></trkpt>
      <trkpt lat="66.220627" lon="13.843641"></trkpt>
      <trkpt lat="66.220675" lon="13.843808"></trkpt>
      <trkpt lat="66.220822" lon="13.844351"></trkpt>
      <trkpt lat="66.220903" lon="13.844724"></trkpt>
      <trkpt lat="66.220973" lon="13.845095"></trkpt>
      <trkpt lat="66.221043" lon="13.845491"></trkpt>
      <trkpt lat="66.221284" lon="13.847062"></trkpt>
      <trkpt lat="66.221447" lon="13.848032"></trkpt>
      <trkpt lat="66.221650" lon="13.849146"></trkpt>
      <trkpt lat="66.221803" lon="13.849899"></trkpt>
      <trkpt lat="66.221890" lon="13.850285"></trkpt>
      <trkpt lat="66.221986" lon="13.850680"></trkpt>
      <trkpt lat="66.222026" lon="13.850835"></trkpt>
      <trkpt lat="66.222051" lon="13.850930"></trkpt>
      <trkpt lat="66.222192" lon="13.851421"></trkpt>
      <trkpt lat="66.222237" lon="13.851565"></trkpt>
      <trkpt lat="66.222367" lon="13.851948"></trkpt>
      <trkpt lat="66.222493" lon="13.852275"></trkpt>
      <trkpt lat="66.222585" lon="13.852492"></trkpt>
      <trkpt lat="66.222737" lon="13.852816"></trkpt>
      <trkpt lat="66.222823" lon="13.852979"></trkpt>
      <trkpt lat="66.222954" lon="13.853215"></trkpt>
      <trkpt lat="66.223126" lon="13.853501"></trkpt>
      <trkpt lat="66.224255" lon="13.855279"></trkpt>
      <trkpt lat="66.224518" lon="13.855663"></trkpt>
      <trkpt lat="66.224742" lon="13.855943"></trkpt>
      <trkpt lat="66.224874" lon="13.856083"></trkpt>
      <trkpt lat="66.224995" lon="13.856197"></trkpt>
      <trkpt lat="66.225122" lon="13.856308"></trkpt>
      <trkpt lat="66.225253" lon="13.856393"></trkpt>
      <trkpt lat="66.225396" lon="13.856466"></trkpt>
      <trkpt lat="66.225532" lon="13.856531"></trkpt>
      <trkpt lat="66.225761" lon="13.856619"></trkpt>
      <trkpt lat="66.226055" lon="13.856753"></trkpt>
      <trkpt lat="66.226245" lon="13.856855"></trkpt>
      <trkpt lat="66.226430" lon="13.856970"></trkpt>
      <trkpt lat="66.226559" lon="13.857070"></trkpt>
      <trkpt lat="66.226712" lon="13.857217"></trkpt>
      <trkpt lat="66.226896" lon="13.857425"></trkpt>
      <trkpt lat="66.227120" lon="13.857702"></trkpt>
      <trkpt lat="66.227339" lon="13.858028"></trkpt>
      <trkpt lat="66.227548" lon="13.858395"></trkpt>
      <trkpt lat="66.227714" lon="13.858734"></trkpt>
      <trkpt lat="66.227867" lon="13.859092"></trkpt>
      <trkpt lat="66.228011" lon="13.859473"></trkpt>
      <trkpt lat="66.228153" lon="13.859903"></trkpt>
      <trkpt lat="66.228275" lon="13.860329"></trkpt>
      <trkpt lat="66.228393" lon="13.860801"></trkpt>
      <trkpt lat="66.228499" lon="13.861303"></trkpt>
      <trkpt lat="66.228581" lon="13.861760"></trkpt>
      <trkpt lat="66.228668" lon="13.862355"></trkpt>
      <trkpt lat="66.228742" lon="13.862996"></trkpt>
      <trkpt lat="66.229288" lon="13.868545"></trkpt>
      <trkpt lat="66.229390" lon="13.869512"></trkpt>
      <trkpt lat="66.229466" lon="13.870129"></trkpt>
      <trkpt lat="66.229550" lon="13.870739"></trkpt>
      <trkpt lat="66.229651" lon="13.871393"></trkpt>
      <trkpt lat="66.229779" lon="13.872159"></trkpt>
      <trkpt lat="66.229797" lon="13.872265"></trkpt>
      <trkpt lat="66.230022" lon="13.873594"></trkpt>
      <trkpt lat="66.230300" lon="13.875222"></trkpt>
      <trkpt lat="66.230487" lon="13.876319"></trkpt>
      <trkpt lat="66.230590" lon="13.876971"></trkpt>
      <trkpt lat="66.230678" lon="13.877624"></trkpt>
      <trkpt lat="66.230752" lon="13.878312"></trkpt>
      <trkpt lat="66.230793" lon="13.878801"></trkpt>
      <trkpt lat="66.230827" lon="13.879316"></trkpt>
      <trkpt lat="66.230855" lon="13.879857"></trkpt>
      <trkpt lat="66.230929" lon="13.881547"></trkpt>
      <trkpt lat="66.230963" lon="13.882107"></trkpt>
      <trkpt lat="66.231001" lon="13.882582"></trkpt>
      <trkpt lat="66.231035" lon="13.882932"></trkpt>
      <trkpt lat="66.231062" lon="13.883172"></trkpt>
      <trkpt lat="66.231105" lon="13.883518"></trkpt>
      <trkpt lat="66.231157" lon="13.883882"></trkpt>
      <trkpt lat="66.231211" lon="13.884226"></trkpt>
      <trkpt lat="66.231252" lon="13.884461"></trkpt>
      <trkpt lat="66.231361" lon="13.885034"></trkpt>
      <trkpt lat="66.231459" lon="13.885509"></trkpt>
      <trkpt lat="66.231586" lon="13.886117"></trkpt>
      <trkpt lat="66.231851" lon="13.887359"></trkpt>
      <trkpt lat="66.232364" lon="13.889779"></trkpt>
      <trkpt lat="66.232516" lon="13.890510"></trkpt>
      <trkpt lat="66.232606" lon="13.890970"></trkpt>
      <trkpt lat="66.232682" lon="13.891385"></trkpt>
      <trkpt lat="66.232755" lon="13.891815"></trkpt>
      <trkpt lat="66.232797" lon="13.892084"></trkpt>
      <trkpt lat="66.232873" lon="13.892596"></trkpt>
      <trkpt lat="66.232935" lon="13.893060"></trkpt>
      <trkpt lat="66.232984" lon="13.893465"></trkpt>
      <trkpt lat="66.233023" lon="13.893818"></trkpt>
      <trkpt lat="66.233053" lon="13.894109"></trkpt>
      <trkpt lat="66.233108" lon="13.894716"></trkpt>
      <trkpt lat="66.233153" lon="13.895317"></trkpt>
      <trkpt lat="66.233173" lon="13.895636"></trkpt>
      <trkpt lat="66.233212" lon="13.896407"></trkpt>
      <trkpt lat="66.233256" lon="13.897603"></trkpt>
      <trkpt lat="66.233367" lon="13.900836"></trkpt>
      <trkpt lat="66.233385" lon="13.901513"></trkpt>
      <trkpt lat="66.233391" lon="13.901935"></trkpt>
      <trkpt lat="66.233391" lon="13.902524"></trkpt>
      <trkpt lat="66.233379" lon="13.903156"></trkpt>
      <trkpt lat="66.233357" lon="13.903754"></trkpt>
      <trkpt lat="66.233334" lon="13.904183"></trkpt>
      <trkpt lat="66.233293" lon="13.904775"></trkpt>
      <trkpt lat="66.233237" lon="13.905405"></trkpt>
      <trkpt lat="66.233179" lon="13.905941"></trkpt>
      <trkpt lat="66.233119" lon="13.906430"></trkpt>
      <trkpt lat="66.232925" lon="13.907864"></trkpt>
      <trkpt lat="66.232862" lon="13.908362"></trkpt>
      <trkpt lat="66.232809" lon="13.908833"></trkpt>
      <trkpt lat="66.232773" lon="13.909221"></trkpt>
      <trkpt lat="66.232733" lon="13.909747"></trkpt>
      <trkpt lat="66.232710" lon="13.910202"></trkpt>
      <trkpt lat="66.232690" lon="13.910741"></trkpt>
      <trkpt lat="66.232685" lon="13.911052"></trkpt>
      <trkpt lat="66.232686" lon="13.911674"></trkpt>
      <trkpt lat="66.232704" lon="13.912317"></trkpt>
      <trkpt lat="66.232724" lon="13.912725"></trkpt>
      <trkpt lat="66.232743" lon="13.913022"></trkpt>
      <trkpt lat="66.232772" lon="13.913393"></trkpt>
      <trkpt lat="66.232800" lon="13.913696"></trkpt>
      <trkpt lat="66.232862" lon="13.914253"></trkpt>
      <trkpt lat="66.232901" lon="13.914549"></trkpt>
      <trkpt lat="66.232971" lon="13.915018"></trkpt>
      <trkpt lat="66.233060" lon="13.915528"></trkpt>
      <trkpt lat="66.233156" lon="13.916006"></trkpt>
      <trkpt lat="66.233271" lon="13.916508"></trkpt>
      <trkpt lat="66.233388" lon="13.916956"></trkpt>
      <trkpt lat="66.233450" lon="13.917174"></trkpt>
      <trkpt lat="66.233536" lon="13.917458"></trkpt>
      <trkpt lat="66.233626" lon="13.917735"></trkpt>
      <trkpt lat="66.233735" lon="13.918046"></trkpt>
      <trkpt lat="66.233877" lon="13.918431"></trkpt>
      <trkpt lat="66.234149" lon="13.919141"></trkpt>
      <trkpt lat="66.234279" lon="13.919494"></trkpt>
      <trkpt lat="66.234398" lon="13.919841"></trkpt>
      <trkpt lat="66.234520" lon="13.920239"></trkpt>
      <trkpt lat="66.234595" lon="13.920516"></trkpt>
      <trkpt lat="66.234642" lon="13.920706"></trkpt>
      <trkpt lat="66.234684" lon="13.920889"></trkpt>
      <trkpt lat="66.234742" lon="13.921165"></trkpt>
      <trkpt lat="66.234810" lon="13.921540"></trkpt>
      <trkpt lat="66.234856" lon="13.921830"></trkpt>
      <trkpt lat="66.234879" lon="13.921998"></trkpt>
      <trkpt lat="66.234899" lon="13.922146"></trkpt>
      <trkpt lat="66.234939" lon="13.922499"></trkpt>
      <trkpt lat="66.234970" lon="13.922846"></trkpt>
      <trkpt lat="66.234999" lon="13.923291"></trkpt>
      <trkpt lat="66.235024" lon="13.923904"></trkpt>
      <trkpt lat="66.235049" lon="13.924957"></trkpt>
      <trkpt lat="66.235066" lon="13.925467"></trkpt>
      <trkpt lat="66.235090" lon="13.925919"></trkpt>
      <trkpt lat="66.235113" lon="13.926225"></trkpt>
      <trkpt lat="66.235160" lon="13.926677"></trkpt>
      <trkpt lat="66.235195" lon="13.926940"></trkpt>
      <trkpt lat="66.235239" lon="13.927220"></trkpt>
      <trkpt lat="66.235289" lon="13.927493"></trkpt>
      <trkpt lat="66.235345" lon="13.927760"></trkpt>
      <trkpt lat="66.235411" lon="13.928037"></trkpt>
      <trkpt lat="66.235443" lon="13.928158"></trkpt>
      <trkpt lat="66.235505" lon="13.928376"></trkpt>
      <trkpt lat="66.235571" lon="13.928586"></trkpt>
      <trkpt lat="66.235624" lon="13.928739"></trkpt>
      <trkpt lat="66.235709" lon="13.928966"></trkpt>
      <trkpt lat="66.235760" lon="13.929091"></trkpt>
      <trkpt lat="66.235864" lon="13.929321"></trkpt>
      <trkpt lat="66.235966" lon="13.929521"></trkpt>
      <trkpt lat="66.236069" lon="13.929700"></trkpt>
      <trkpt lat="66.236218" lon="13.929925"></trkpt>
      <trkpt lat="66.236382" lon="13.930130"></trkpt>
      <trkpt lat="66.236542" lon="13.930304"></trkpt>
      <trkpt lat="66.237008" lon="13.930770"></trkpt>
      <trkpt lat="66.237147" lon="13.930927"></trkpt>
      <trkpt lat="66.237243" lon="13.931048"></trkpt>
      <trkpt lat="66.237382" lon="13.931250"></trkpt>
      <trkpt lat="66.237486" lon="13.931424"></trkpt>
      <trkpt lat="66.237617" lon="13.931676"></trkpt>
      <trkpt lat="66.237698" lon="13.931851"></trkpt>
      <trkpt lat="66.237757" lon="13.931990"></trkpt>
      <trkpt lat="66.237882" lon="13.932323"></trkpt>
      <trkpt lat="66.237958" lon="13.932556"></trkpt>
      <trkpt lat="66.238006" lon="13.932716"></trkpt>
      <trkpt lat="66.238047" lon="13.932863"></trkpt>
      <trkpt lat="66.238116" lon="13.933136"></trkpt>
      <trkpt lat="66.238166" lon="13.933360"></trkpt>
      <trkpt lat="66.238212" lon="13.933589"></trkpt>
      <trkpt lat="66.238262" lon="13.933874"></trkpt>
      <trkpt lat="66.238284" lon="13.934019"></trkpt>
      <trkpt lat="66.238307" lon="13.934177"></trkpt>
      <trkpt lat="66.238346" lon="13.934484"></trkpt>
      <trkpt lat="66.238400" lon="13.934989"></trkpt>
      <trkpt lat="66.238463" lon="13.935641"></trkpt>
      <trkpt lat="66.238576" lon="13.936803"></trkpt>
      <trkpt lat="66.238625" lon="13.937396"></trkpt>
      <trkpt lat="66.238651" lon="13.938056"></trkpt>
      <trkpt lat="66.238657" lon="13.938671"></trkpt>
      <trkpt lat="66.238636" lon="13.939765"></trkpt>
      <trkpt lat="66.238636" lon="13.940245"></trkpt>
      <trkpt lat="66.238646" lon="13.940697"></trkpt>
      <trkpt lat="66.238664" lon="13.941035"></trkpt>
      <trkpt lat="66.238703" lon="13.941461"></trkpt>
      <trkpt lat="66.238728" lon="13.941677"></trkpt>
      <trkpt lat="66.238805" lon="13.942107"></trkpt>
      <trkpt lat="66.238904" lon="13.942557"></trkpt>
      <trkpt lat="66.239012" lon="13.943026"></trkpt>
      <trkpt lat="66.239133" lon="13.943486"></trkpt>
      <trkpt lat="66.239239" lon="13.943931"></trkpt>
      <trkpt lat="66.239366" lon="13.944397"></trkpt>
      <trkpt lat="66.239532" lon="13.945098"></trkpt>
      <trkpt lat="66.239614" lon="13.945435"></trkpt>
      <trkpt lat="66.239690" lon="13.945747"></trkpt>
      <trkpt lat="66.239806" lon="13.946261"></trkpt>
      <trkpt lat="66.239897" lon="13.946780"></trkpt>
      <trkpt lat="66.239988" lon="13.947210"></trkpt>
      <trkpt lat="66.240074" lon="13.947691"></trkpt>
      <trkpt lat="66.240177" lon="13.948169"></trkpt>
      <trkpt lat="66.240258" lon="13.948491"></trkpt>
      <trkpt lat="66.240385" lon="13.948872"></trkpt>
      <trkpt lat="66.240529" lon="13.949238"></trkpt>
      <trkpt lat="66.240627" lon="13.949445"></trkpt>
      <trkpt lat="66.240769" lon="13.949702"></trkpt>
      <trkpt lat="66.240986" lon="13.950130"></trkpt>
      <trkpt lat="66.241088" lon="13.950347"></trkpt>
      <trkpt lat="66.241249" lon="13.950643"></trkpt>
      <trkpt lat="66.241442" lon="13.951017"></trkpt>
      <trkpt lat="66.241551" lon="13.951233"></trkpt>
      <trkpt lat="66.241704" lon="13.951492"></trkpt>
      <trkpt lat="66.241870" lon="13.951758"></trkpt>
      <trkpt lat="66.242014" lon="13.951925"></trkpt>
      <trkpt lat="66.242131" lon="13.952070"></trkpt>
      <trkpt lat="66.242273" lon="13.952151"></trkpt>
      <trkpt lat="66.242470" lon="13.952229"></trkpt>
      <trkpt lat="66.242851" lon="13.952318"></trkpt>
      <trkpt lat="66.242992" lon="13.952321"></trkpt>
      <trkpt lat="66.243123" lon="13.952347"></trkpt>
      <trkpt lat="66.243302" lon="13.952429"></trkpt>
      <trkpt lat="66.243479" lon="13.952532"></trkpt>
      <trkpt lat="66.243613" lon="13.952645"></trkpt>
      <trkpt lat="66.243775" lon="13.952803"></trkpt>
      <trkpt lat="66.243935" lon="13.953011"></trkpt>
      <trkpt lat="66.244113" lon="13.953345"></trkpt>
      <trkpt lat="66.244584" lon="13.954389"></trkpt>
      <trkpt lat="66.244724" lon="13.954712"></trkpt>
      <trkpt lat="66.244912" lon="13.955106"></trkpt>
      <trkpt lat="66.245007" lon="13.955315"></trkpt>
      <trkpt lat="66.245096" lon="13.955485"></trkpt>
      <trkpt lat="66.245228" lon="13.955777"></trkpt>
      <trkpt lat="66.245308" lon="13.955923"></trkpt>
      <trkpt lat="66.245693" lon="13.956671"></trkpt>
      <trkpt lat="66.245820" lon="13.956936"></trkpt>
      <trkpt lat="66.245936" lon="13.957208"></trkpt>
      <trkpt lat="66.246088" lon="13.957622"></trkpt>
      <trkpt lat="66.246171" lon="13.957899"></trkpt>
      <trkpt lat="66.246261" lon="13.958266"></trkpt>
      <trkpt lat="66.246329" lon="13.958631"></trkpt>
      <trkpt lat="66.246399" lon="13.959062"></trkpt>
      <trkpt lat="66.246455" lon="13.959513"></trkpt>
      <trkpt lat="66.246536" lon="13.960480"></trkpt>
      <trkpt lat="66.246624" lon="13.961257"></trkpt>
      <trkpt lat="66.246687" lon="13.961716"></trkpt>
      <trkpt lat="66.246789" lon="13.962380"></trkpt>
      <trkpt lat="66.246901" lon="13.962987"></trkpt>
      <trkpt lat="66.247162" lon="13.964381"></trkpt>
      <trkpt lat="66.247287" lon="13.965005"></trkpt>
      <trkpt lat="66.247371" lon="13.965388"></trkpt>
      <trkpt lat="66.247414" lon="13.965568"></trkpt>
      <trkpt lat="66.247703" lon="13.966689"></trkpt>
      <trkpt lat="66.247770" lon="13.966990"></trkpt>
      <trkpt lat="66.247831" lon="13.967293"></trkpt>
      <trkpt lat="66.247925" lon="13.967816"></trkpt>
      <trkpt lat="66.248297" lon="13.970163"></trkpt>
      <trkpt lat="66.248436" lon="13.970992"></trkpt>
      <trkpt lat="66.248517" lon="13.971456"></trkpt>
      <trkpt lat="66.248613" lon="13.971982"></trkpt>
      <trkpt lat="66.248679" lon="13.972324"></trkpt>
      <trkpt lat="66.248727" lon="13.972555"></trkpt>
      <trkpt lat="66.248833" lon="13.972994"></trkpt>
      <trkpt lat="66.248925" lon="13.973340"></trkpt>
      <trkpt lat="66.249036" lon="13.973721"></trkpt>
      <trkpt lat="66.249160" lon="13.974105"></trkpt>
      <trkpt lat="66.249277" lon="13.974436"></trkpt>
      <trkpt lat="66.249401" lon="13.974746"></trkpt>
      <trkpt lat="66.249526" lon="13.975026"></trkpt>
      <trkpt lat="66.249633" lon="13.975252"></trkpt>
      <trkpt lat="66.249740" lon="13.975462"></trkpt>
      <trkpt lat="66.249841" lon="13.975646"></trkpt>
      <trkpt lat="66.249958" lon="13.975843"></trkpt>
      <trkpt lat="66.250063" lon="13.976016"></trkpt>
      <trkpt lat="66.250241" lon="13.976287"></trkpt>
      <trkpt lat="66.250454" lon="13.976607"></trkpt>
      <trkpt lat="66.250636" lon="13.976853"></trkpt>
      <trkpt lat="66.250814" lon="13.977079"></trkpt>
      <trkpt lat="66.251034" lon="13.977338"></trkpt>
      <trkpt lat="66.251187" lon="13.977509"></trkpt>
      <trkpt lat="66.251311" lon="13.977638"></trkpt>
      <trkpt lat="66.251433" lon="13.977810"></trkpt>
      <trkpt lat="66.251556" lon="13.977931"></trkpt>
      <trkpt lat="66.251676" lon="13.978039"></trkpt>
      <trkpt lat="66.251787" lon="13.978130"></trkpt>
      <trkpt lat="66.251840" lon="13.978157"></trkpt>
      <trkpt lat="66.251925" lon="13.978219"></trkpt>
      <trkpt lat="66.252072" lon="13.978311"></trkpt>
      <trkpt lat="66.252156" lon="13.978349"></trkpt>
      <trkpt lat="66.252328" lon="13.978404"></trkpt>
      <trkpt lat="66.252503" lon="13.978436"></trkpt>
      <trkpt lat="66.252617" lon="13.978428"></trkpt>
      <trkpt lat="66.252728" lon="13.978387"></trkpt>
      <trkpt lat="66.252799" lon="13.978381"></trkpt>
      <trkpt lat="66.252935" lon="13.978352"></trkpt>
      <trkpt lat="66.253118" lon="13.978283"></trkpt>
      <trkpt lat="66.253205" lon="13.978237"></trkpt>
      <trkpt lat="66.253315" lon="13.978166"></trkpt>
      <trkpt lat="66.253500" lon="13.978019"></trkpt>
      <trkpt lat="66.253637" lon="13.977887"></trkpt>
      <trkpt lat="66.253796" lon="13.977710"></trkpt>
      <trkpt lat="66.254186" lon="13.977220"></trkpt>
      <trkpt lat="66.254376" lon="13.976995"></trkpt>
      <trkpt lat="66.254481" lon="13.976883"></trkpt>
      <trkpt lat="66.254574" lon="13.976791"></trkpt>
      <trkpt lat="66.254827" lon="13.976580"></trkpt>
      <trkpt lat="66.255002" lon="13.976451"></trkpt>
      <trkpt lat="66.255174" lon="13.976334"></trkpt>
      <trkpt lat="66.255187" lon="13.976325"></trkpt>
      <trkpt lat="66.255471" lon="13.976154"></trkpt>
      <trkpt lat="66.256996" lon="13.975253"></trkpt>
      <trkpt lat="66.257676" lon="13.974908"></trkpt>
      <trkpt lat="66.258121" lon="13.974687"></trkpt>
      <trkpt lat="66.258391" lon="13.974562"></trkpt>
      <trkpt lat="66.258639" lon="13.974476"></trkpt>
      <trkpt lat="66.258777" lon="13.974445"></trkpt>
      <trkpt lat="66.258905" lon="13.974434"></trkpt>
      <trkpt lat="66.259046" lon="13.974437"></trkpt>
      <trkpt lat="66.259194" lon="13.974459"></trkpt>
      <trkpt lat="66.259711" lon="13.974574"></trkpt>
      <trkpt lat="66.259877" lon="13.974601"></trkpt>
      <trkpt lat="66.260004" lon="13.974609"></trkpt>
      <trkpt lat="66.260167" lon="13.974595"></trkpt>
      <trkpt lat="66.260287" lon="13.974572"></trkpt>
      <trkpt lat="66.260385" lon="13.974538"></trkpt>
      <trkpt lat="66.260831" lon="13.974382"></trkpt>
      <trkpt lat="66.260962" lon="13.974343"></trkpt>
      <trkpt lat="66.261135" lon="13.974308"></trkpt>
      <trkpt lat="66.261394" lon="13.974295"></trkpt>
      <trkpt lat="66.261611" lon="13.974313"></trkpt>
      <trkpt lat="66.261754" lon="13.974338"></trkpt>
      <trkpt lat="66.261817" lon="13.974347"></trkpt>
      <trkpt lat="66.261869" lon="13.974364"></trkpt>
      <trkpt lat="66.262178" lon="13.974471"></trkpt>
      <trkpt lat="66.262829" lon="13.974719"></trkpt>
      <trkpt lat="66.263513" lon="13.974979"></trkpt>
      <trkpt lat="66.263710" lon="13.975057"></trkpt>
      <trkpt lat="66.264222" lon="13.975248"></trkpt>
      <trkpt lat="66.265334" lon="13.975671"></trkpt>
      <trkpt lat="66.265797" lon="13.975865"></trkpt>
      <trkpt lat="66.266184" lon="13.976055"></trkpt>
      <trkpt lat="66.266495" lon="13.976228"></trkpt>
      <trkpt lat="66.266950" lon="13.976512"></trkpt>
      <trkpt lat="66.267322" lon="13.976767"></trkpt>
      <trkpt lat="66.267383" lon="13.976810"></trkpt>
      <trkpt lat="66.267886" lon="13.977175"></trkpt>
      <trkpt lat="66.268283" lon="13.977473"></trkpt>
      <trkpt lat="66.268546" lon="13.977679"></trkpt>
      <trkpt lat="66.268736" lon="13.977856"></trkpt>
      <trkpt lat="66.268833" lon="13.977965"></trkpt>
      <trkpt lat="66.268992" lon="13.978168"></trkpt>
      <trkpt lat="66.269169" lon="13.978440"></trkpt>
      <trkpt lat="66.269322" lon="13.978709"></trkpt>
      <trkpt lat="66.269490" lon="13.979047"></trkpt>
      <trkpt lat="66.269683" lon="13.979488"></trkpt>
      <trkpt lat="66.269757" lon="13.979669"></trkpt>
      <trkpt lat="66.269855" lon="13.979921"></trkpt>
      <trkpt lat="66.270007" lon="13.980331"></trkpt>
      <trkpt lat="66.270246" lon="13.981025"></trkpt>
      <trkpt lat="66.270342" lon="13.981324"></trkpt>
      <trkpt lat="66.270487" lon="13.981799"></trkpt>
      <trkpt lat="66.270659" lon="13.982425"></trkpt>
      <trkpt lat="66.270739" lon="13.982733"></trkpt>
      <trkpt lat="66.270960" lon="13.983622"></trkpt>
      <trkpt lat="66.271202" lon="13.984605"></trkpt>
      <trkpt lat="66.271355" lon="13.985249"></trkpt>
      <trkpt lat="66.271496" lon="13.985811"></trkpt>
      <trkpt lat="66.271638" lon="13.986397"></trkpt>
      <trkpt lat="66.272009" lon="13.987905"></trkpt>
      <trkpt lat="66.272351" lon="13.989309"></trkpt>
      <trkpt lat="66.272573" lon="13.990276"></trkpt>
      <trkpt lat="66.272642" lon="13.990616"></trkpt>
      <trkpt lat="66.272706" lon="13.990968"></trkpt>
      <trkpt lat="66.272746" lon="13.991216"></trkpt>
      <trkpt lat="66.272790" lon="13.991528"></trkpt>
      <trkpt lat="66.272816" lon="13.991739"></trkpt>
      <trkpt lat="66.272836" lon="13.991907"></trkpt>
      <trkpt lat="66.272867" lon="13.992225"></trkpt>
      <trkpt lat="66.272913" lon="13.992785"></trkpt>
      <trkpt lat="66.272934" lon="13.993187"></trkpt>
      <trkpt lat="66.272947" lon="13.993692"></trkpt>
      <trkpt lat="66.272947" lon="13.993975"></trkpt>
      <trkpt lat="66.272931" lon="13.994558"></trkpt>
      <trkpt lat="66.272907" lon="13.995075"></trkpt>
      <trkpt lat="66.272848" lon="13.996179"></trkpt>
      <trkpt lat="66.272835" lon="13.996481"></trkpt>
      <trkpt lat="66.272826" lon="13.996783"></trkpt>
      <trkpt lat="66.272822" lon="13.997032"></trkpt>
      <trkpt lat="66.272816" lon="13.997411"></trkpt>
      <trkpt lat="66.272811" lon="13.998041"></trkpt>
      <trkpt lat="66.272804" lon="13.998663"></trkpt>
      <trkpt lat="66.272802" lon="13.999452"></trkpt>
      <trkpt lat="66.272808" lon="14.000175"></trkpt>
      <trkpt lat="66.272824" lon="14.000864"></trkpt>
      <trkpt lat="66.272827" lon="14.000953"></trkpt>
      <trkpt lat="66.272842" lon="14.001335"></trkpt>
      <trkpt lat="66.272872" lon="14.001971"></trkpt>
      <trkpt lat="66.272970" lon="14.003607"></trkpt>
      <trkpt lat="66.272994" lon="14.004073"></trkpt>
      <trkpt lat="66.273007" lon="14.004458"></trkpt>
      <trkpt lat="66.273015" lon="14.004973"></trkpt>
      <trkpt lat="66.273007" lon="14.005446"></trkpt>
      <trkpt lat="66.272996" lon="14.005784"></trkpt>
      <trkpt lat="66.272980" lon="14.006125"></trkpt>
      <trkpt lat="66.272938" lon="14.006883"></trkpt>
      <trkpt lat="66.272817" lon="14.008797"></trkpt>
      <trkpt lat="66.272671" lon="14.011257"></trkpt>
      <trkpt lat="66.272653" lon="14.011540"></trkpt>
      <trkpt lat="66.272631" lon="14.011930"></trkpt>
      <trkpt lat="66.272592" lon="14.012679"></trkpt>
      <trkpt lat="66.272580" lon="14.013076"></trkpt>
      <trkpt lat="66.272577" lon="14.013360"></trkpt>
      <trkpt lat="66.272578" lon="14.013617"></trkpt>
      <trkpt lat="66.272583" lon="14.013908"></trkpt>
      <trkpt lat="66.272595" lon="14.014191"></trkpt>
      <trkpt lat="66.272605" lon="14.014403"></trkpt>
      <trkpt lat="66.272625" lon="14.014672"></trkpt>
      <trkpt lat="66.272660" lon="14.015077"></trkpt>
      <trkpt lat="66.272688" lon="14.015348"></trkpt>
      <trkpt lat="66.272731" lon="14.015708"></trkpt>
      <trkpt lat="66.272864" lon="14.016726"></trkpt>
      <trkpt lat="66.273065" lon="14.018206"></trkpt>
      <trkpt lat="66.273170" lon="14.018946"></trkpt>
      <trkpt lat="66.273385" lon="14.020410"></trkpt>
      <trkpt lat="66.273449" lon="14.020814"></trkpt>
      <trkpt lat="66.273566" lon="14.021509"></trkpt>
      <trkpt lat="66.273717" lon="14.022339"></trkpt>
      <trkpt lat="66.273816" lon="14.022859"></trkpt>
      <trkpt lat="66.274072" lon="14.024127"></trkpt>
      <trkpt lat="66.274280" lon="14.025122"></trkpt>
      <trkpt lat="66.274711" lon="14.027125"></trkpt>
      <trkpt lat="66.275027" lon="14.028532"></trkpt>
      <trkpt lat="66.275182" lon="14.029198"></trkpt>
      <trkpt lat="66.275464" lon="14.030442"></trkpt>
      <trkpt lat="66.275538" lon="14.030775"></trkpt>
      <trkpt lat="66.275587" lon="14.031021"></trkpt>
      <trkpt lat="66.275636" lon="14.031270"></trkpt>
      <trkpt lat="66.275677" lon="14.031503"></trkpt>
      <trkpt lat="66.275715" lon="14.031727"></trkpt>
      <trkpt lat="66.275749" lon="14.031956"></trkpt>
      <trkpt lat="66.275814" lon="14.032437"></trkpt>
      <trkpt lat="66.275941" lon="14.033474"></trkpt>
      <trkpt lat="66.275967" lon="14.033670"></trkpt>
      <trkpt lat="66.275999" lon="14.033886"></trkpt>
      <trkpt lat="66.276091" lon="14.034366"></trkpt>
      <trkpt lat="66.276131" lon="14.034541"></trkpt>
      <trkpt lat="66.276189" lon="14.034750"></trkpt>
      <trkpt lat="66.276233" lon="14.034885"></trkpt>
      <trkpt lat="66.276303" lon="14.035072"></trkpt>
      <trkpt lat="66.276344" lon="14.035171"></trkpt>
      <trkpt lat="66.276415" lon="14.035320"></trkpt>
      <trkpt lat="66.276477" lon="14.035437"></trkpt>
      <trkpt lat="66.276538" lon="14.035540"></trkpt>
      <trkpt lat="66.276614" lon="14.035653"></trkpt>
      <trkpt lat="66.276703" lon="14.035760"></trkpt>
      <trkpt lat="66.276780" lon="14.035836"></trkpt>
      <trkpt lat="66.276909" lon="14.035941"></trkpt>
      <trkpt lat="66.277034" lon="14.036021"></trkpt>
      <trkpt lat="66.277220" lon="14.036100"></trkpt>
      <trkpt lat="66.277319" lon="14.036130"></trkpt>
      <trkpt lat="66.277418" lon="14.036149"></trkpt>
      <trkpt lat="66.277682" lon="14.036180"></trkpt>
      <trkpt lat="66.278236" lon="14.036234"></trkpt>
      <trkpt lat="66.278434" lon="14.036272"></trkpt>
      <trkpt lat="66.278518" lon="14.036298"></trkpt>
      <trkpt lat="66.278599" lon="14.036331"></trkpt>
      <trkpt lat="66.278693" lon="14.036387"></trkpt>
      <trkpt lat="66.278763" lon="14.036439"></trkpt>
      <trkpt lat="66.278849" lon="14.036514"></trkpt>
      <trkpt lat="66.278933" lon="14.036599"></trkpt>
      <trkpt lat="66.279016" lon="14.036695"></trkpt>
      <trkpt lat="66.279162" lon="14.036901"></trkpt>
      <trkpt lat="66.279313" lon="14.037156"></trkpt>
      <trkpt lat="66.279386" lon="14.037295"></trkpt>
      <trkpt lat="66.279563" lon="14.037668"></trkpt>
      <trkpt lat="66.279700" lon="14.037980"></trkpt>
      <trkpt lat="66.279814" lon="14.038284"></trkpt>
      <trkpt lat="66.279924" lon="14.038630"></trkpt>
      <trkpt lat="66.279945" lon="14.038695"></trkpt>
      <trkpt lat="66.280061" lon="14.039091"></trkpt>
      <trkpt lat="66.280147" lon="14.039416"></trkpt>
      <trkpt lat="66.280245" lon="14.039866"></trkpt>
      <trkpt lat="66.280406" lon="14.040658"></trkpt>
      <trkpt lat="66.280516" lon="14.041174"></trkpt>
      <trkpt lat="66.280562" lon="14.041368"></trkpt>
      <trkpt lat="66.280609" lon="14.041561"></trkpt>
      <trkpt lat="66.280669" lon="14.041786"></trkpt>
      <trkpt lat="66.280732" lon="14.042006"></trkpt>
      <trkpt lat="66.280801" lon="14.042229"></trkpt>
      <trkpt lat="66.280874" lon="14.042446"></trkpt>
      <trkpt lat="66.280983" lon="14.042743"></trkpt>
      <trkpt lat="66.281058" lon="14.042936"></trkpt>
      <trkpt lat="66.281176" lon="14.043214"></trkpt>
      <trkpt lat="66.281258" lon="14.043392"></trkpt>
      <trkpt lat="66.281495" lon="14.043826"></trkpt>
      <trkpt lat="66.281680" lon="14.044112"></trkpt>
      <trkpt lat="66.281771" lon="14.044242"></trkpt>
      <trkpt lat="66.281942" lon="14.044450"></trkpt>
      <trkpt lat="66.282032" lon="14.044546"></trkpt>
      <trkpt lat="66.282322" lon="14.044830"></trkpt>
      <trkpt lat="66.282516" lon="14.044996"></trkpt>
      <trkpt lat="66.282818" lon="14.045223"></trkpt>
      <trkpt lat="66.283425" lon="14.045665"></trkpt>
      <trkpt lat="66.284641" lon="14.046539"></trkpt>
      <trkpt lat="66.285188" lon="14.046939"></trkpt>
      <trkpt lat="66.285456" lon="14.047155"></trkpt>
      <trkpt lat="66.285680" lon="14.047345"></trkpt>
      <trkpt lat="66.285891" lon="14.047553"></trkpt>
      <trkpt lat="66.286011" lon="14.047679"></trkpt>
      <trkpt lat="66.286043" lon="14.047713"></trkpt>
      <trkpt lat="66.286252" lon="14.047973"></trkpt>
      <trkpt lat="66.286381" lon="14.048153"></trkpt>
      <trkpt lat="66.286481" lon="14.048371"></trkpt>
      <trkpt lat="66.286570" lon="14.048515"></trkpt>
      <trkpt lat="66.286679" lon="14.048706"></trkpt>
      <trkpt lat="66.286861" lon="14.049037"></trkpt>
      <trkpt lat="66.286989" lon="14.049288"></trkpt>
      <trkpt lat="66.287061" lon="14.049429"></trkpt>
      <trkpt lat="66.287212" lon="14.049726"></trkpt>
      <trkpt lat="66.287301" lon="14.049913"></trkpt>
      <trkpt lat="66.287467" lon="14.050278"></trkpt>
      <trkpt lat="66.287657" lon="14.050714"></trkpt>
      <trkpt lat="66.287768" lon="14.050913"></trkpt>
      <trkpt lat="66.287843" lon="14.051123"></trkpt>
      <trkpt lat="66.287928" lon="14.051347"></trkpt>
      <trkpt lat="66.288008" lon="14.051591"></trkpt>
      <trkpt lat="66.288160" lon="14.052112"></trkpt>
      <trkpt lat="66.288208" lon="14.052295"></trkpt>
      <trkpt lat="66.288298" lon="14.052682"></trkpt>
      <trkpt lat="66.288334" lon="14.052868"></trkpt>
      <trkpt lat="66.288400" lon="14.053240"></trkpt>
      <trkpt lat="66.288620" lon="14.054744"></trkpt>
      <trkpt lat="66.288634" lon="14.054842"></trkpt>
      <trkpt lat="66.289035" lon="14.057587"></trkpt>
      <trkpt lat="66.289158" lon="14.058452"></trkpt>
      <trkpt lat="66.289217" lon="14.058904"></trkpt>
      <trkpt lat="66.289326" lon="14.059814"></trkpt>
      <trkpt lat="66.289472" lon="14.061370"></trkpt>
      <trkpt lat="66.289500" lon="14.061624"></trkpt>
      <trkpt lat="66.289598" lon="14.062392"></trkpt>
      <trkpt lat="66.289847" lon="14.064011"></trkpt>
      <trkpt lat="66.289912" lon="14.064491"></trkpt>
      <trkpt lat="66.289971" lon="14.064975"></trkpt>
      <trkpt lat="66.289991" lon="14.065172"></trkpt>
      <trkpt lat="66.290020" lon="14.065553"></trkpt>
      <trkpt lat="66.290042" lon="14.065940"></trkpt>
      <trkpt lat="66.290051" lon="14.066142"></trkpt>
      <trkpt lat="66.290067" lon="14.066741"></trkpt>
      <trkpt lat="66.290067" lon="14.067100"></trkpt>
      <trkpt lat="66.290058" lon="14.067739"></trkpt>
      <trkpt lat="66.290026" lon="14.068882"></trkpt>
      <trkpt lat="66.290009" lon="14.069675"></trkpt>
      <trkpt lat="66.289997" lon="14.070509"></trkpt>
      <trkpt lat="66.289996" lon="14.071197"></trkpt>
      <trkpt lat="66.290000" lon="14.071681"></trkpt>
      <trkpt lat="66.290014" lon="14.072543"></trkpt>
      <trkpt lat="66.290029" lon="14.073227"></trkpt>
      <trkpt lat="66.290050" lon="14.073871"></trkpt>
      <trkpt lat="66.290088" lon="14.074765"></trkpt>
      <trkpt lat="66.290119" lon="14.075347"></trkpt>
      <trkpt lat="66.290188" lon="14.076434"></trkpt>
      <trkpt lat="66.290241" lon="14.077019"></trkpt>
      <trkpt lat="66.290271" lon="14.077321"></trkpt>
      <trkpt lat="66.290353" lon="14.078049"></trkpt>
      <trkpt lat="66.290520" lon="14.079294"></trkpt>
      <trkpt lat="66.290843" lon="14.081606"></trkpt>
      <trkpt lat="66.291008" lon="14.082747"></trkpt>
      <trkpt lat="66.291083" lon="14.083245"></trkpt>
      <trkpt lat="66.291135" lon="14.083562"></trkpt>
      <trkpt lat="66.291163" lon="14.083842"></trkpt>
      <trkpt lat="66.291207" lon="14.084111"></trkpt>
      <trkpt lat="66.291293" lon="14.084501"></trkpt>
      <trkpt lat="66.291401" lon="14.084884"></trkpt>
      <trkpt lat="66.291462" lon="14.085078"></trkpt>
      <trkpt lat="66.291555" lon="14.085353"></trkpt>
      <trkpt lat="66.291614" lon="14.085510"></trkpt>
      <trkpt lat="66.291707" lon="14.085768"></trkpt>
      <trkpt lat="66.291830" lon="14.086093"></trkpt>
      <trkpt lat="66.291972" lon="14.086472"></trkpt>
      <trkpt lat="66.292043" lon="14.086657"></trkpt>
      <trkpt lat="66.292118" lon="14.086857"></trkpt>
      <trkpt lat="66.292254" lon="14.087255"></trkpt>
      <trkpt lat="66.292296" lon="14.087363"></trkpt>
      <trkpt lat="66.292349" lon="14.087479"></trkpt>
      <trkpt lat="66.292393" lon="14.087642"></trkpt>
      <trkpt lat="66.292684" lon="14.088773"></trkpt>
      <trkpt lat="66.292741" lon="14.088980"></trkpt>
      <trkpt lat="66.292857" lon="14.089352"></trkpt>
      <trkpt lat="66.292931" lon="14.089575"></trkpt>
      <trkpt lat="66.293009" lon="14.089784"></trkpt>
      <trkpt lat="66.293088" lon="14.089944"></trkpt>
      <trkpt lat="66.293162" lon="14.090081"></trkpt>
      <trkpt lat="66.293294" lon="14.090288"></trkpt>
      <trkpt lat="66.293327" lon="14.090331"></trkpt>
      <trkpt lat="66.293393" lon="14.090411"></trkpt>
      <trkpt lat="66.293608" lon="14.090645"></trkpt>
      <trkpt lat="66.293727" lon="14.090768"></trkpt>
      <trkpt lat="66.294003" lon="14.091023"></trkpt>
      <trkpt lat="66.294410" lon="14.091378"></trkpt>
      <trkpt lat="66.294579" lon="14.091538"></trkpt>
      <trkpt lat="66.294665" lon="14.091627"></trkpt>
      <trkpt lat="66.294711" lon="14.091684"></trkpt>
      <trkpt lat="66.294785" lon="14.091780"></trkpt>
      <trkpt lat="66.294842" lon="14.091864"></trkpt>
      <trkpt lat="66.294905" lon="14.091961"></trkpt>
      <trkpt lat="66.294947" lon="14.092035"></trkpt>
      <trkpt lat="66.295106" lon="14.092333"></trkpt>
      <trkpt lat="66.295638" lon="14.093421"></trkpt>
      <trkpt lat="66.295974" lon="14.094093"></trkpt>
      <trkpt lat="66.296212" lon="14.094538"></trkpt>
      <trkpt lat="66.296303" lon="14.094689"></trkpt>
      <trkpt lat="66.296466" lon="14.094942"></trkpt>
      <trkpt lat="66.296631" lon="14.095174"></trkpt>
      <trkpt lat="66.296806" lon="14.095403"></trkpt>
      <trkpt lat="66.297478" lon="14.096246"></trkpt>
      <trkpt lat="66.297562" lon="14.096367"></trkpt>
      <trkpt lat="66.297735" lon="14.096634"></trkpt>
      <trkpt lat="66.297809" lon="14.096765"></trkpt>
      <trkpt lat="66.297944" lon="14.097034"></trkpt>
      <trkpt lat="66.298079" lon="14.097331"></trkpt>
      <trkpt lat="66.298170" lon="14.097549"></trkpt>
      <trkpt lat="66.298292" lon="14.097865"></trkpt>
      <trkpt lat="66.298430" lon="14.098249"></trkpt>
      <trkpt lat="66.298486" lon="14.098424"></trkpt>
      <trkpt lat="66.298589" lon="14.098818"></trkpt>
      <trkpt lat="66.298698" lon="14.099288"></trkpt>
      <trkpt lat="66.298949" lon="14.100418"></trkpt>
      <trkpt lat="66.299084" lon="14.101047"></trkpt>
      <trkpt lat="66.299204" lon="14.101670"></trkpt>
      <trkpt lat="66.299261" lon="14.102005"></trkpt>
      <trkpt lat="66.299376" lon="14.102751"></trkpt>
      <trkpt lat="66.299430" lon="14.103140"></trkpt>
      <trkpt lat="66.299491" lon="14.103623"></trkpt>
      <trkpt lat="66.299517" lon="14.103853"></trkpt>
      <trkpt lat="66.299581" lon="14.104470"></trkpt>
      <trkpt lat="66.299617" lon="14.104862"></trkpt>
      <trkpt lat="66.299651" lon="14.105303"></trkpt>
      <trkpt lat="66.299672" lon="14.105644"></trkpt>
      <trkpt lat="66.299685" lon="14.105871"></trkpt>
      <trkpt lat="66.299714" lon="14.106630"></trkpt>
      <trkpt lat="66.299728" lon="14.107269"></trkpt>
      <trkpt lat="66.299744" lon="14.107711"></trkpt>
      <trkpt lat="66.299766" lon="14.108147"></trkpt>
      <trkpt lat="66.299796" lon="14.108526"></trkpt>
      <trkpt lat="66.299829" lon="14.108835"></trkpt>
      <trkpt lat="66.299861" lon="14.109081"></trkpt>
      <trkpt lat="66.299907" lon="14.109368"></trkpt>
      <trkpt lat="66.299951" lon="14.109598"></trkpt>
      <trkpt lat="66.299986" lon="14.109755"></trkpt>
      <trkpt lat="66.300042" lon="14.109988"></trkpt>
      <trkpt lat="66.300074" lon="14.110106"></trkpt>
      <trkpt lat="66.300175" lon="14.110435"></trkpt>
      <trkpt lat="66.300297" lon="14.110793"></trkpt>
      <trkpt lat="66.300470" lon="14.111253"></trkpt>
      <trkpt lat="66.300630" lon="14.111637"></trkpt>
      <trkpt lat="66.300838" lon="14.112080"></trkpt>
      <trkpt lat="66.300963" lon="14.112318"></trkpt>
      <trkpt lat="66.300988" lon="14.112363"></trkpt>
      <trkpt lat="66.301186" lon="14.112672"></trkpt>
      <trkpt lat="66.301285" lon="14.112799"></trkpt>
      <trkpt lat="66.301784" lon="14.113327"></trkpt>
      <trkpt lat="66.301955" lon="14.113510"></trkpt>
      <trkpt lat="66.302130" lon="14.113766"></trkpt>
      <trkpt lat="66.302278" lon="14.113999"></trkpt>
      <trkpt lat="66.302594" lon="14.114521"></trkpt>
      <trkpt lat="66.302930" lon="14.115081"></trkpt>
      <trkpt lat="66.303094" lon="14.115348"></trkpt>
      <trkpt lat="66.303274" lon="14.115656"></trkpt>
      <trkpt lat="66.303592" lon="14.116236"></trkpt>
      <trkpt lat="66.303727" lon="14.116537"></trkpt>
      <trkpt lat="66.303878" lon="14.116972"></trkpt>
      <trkpt lat="66.303976" lon="14.117294"></trkpt>
      <trkpt lat="66.304048" lon="14.117595"></trkpt>
      <trkpt lat="66.304106" lon="14.117851"></trkpt>
      <trkpt lat="66.304179" lon="14.118209"></trkpt>
      <trkpt lat="66.304200" lon="14.118348"></trkpt>
      <trkpt lat="66.304221" lon="14.118504"></trkpt>
      <trkpt lat="66.304240" lon="14.118684"></trkpt>
      <trkpt lat="66.304256" lon="14.118856"></trkpt>
      <trkpt lat="66.304279" lon="14.119197"></trkpt>
      <trkpt lat="66.304300" lon="14.119783"></trkpt>
      <trkpt lat="66.304310" lon="14.120269"></trkpt>
      <trkpt lat="66.304324" lon="14.121561"></trkpt>
      <trkpt lat="66.304339" lon="14.122408"></trkpt>
      <trkpt lat="66.304353" lon="14.123037"></trkpt>
      <trkpt lat="66.304373" lon="14.123687"></trkpt>
      <trkpt lat="66.304400" lon="14.124606"></trkpt>
      <trkpt lat="66.304437" lon="14.125620"></trkpt>
      <trkpt lat="66.304440" lon="14.125701"></trkpt>
      <trkpt lat="66.304499" lon="14.127272"></trkpt>
      <trkpt lat="66.304483" lon="14.127575"></trkpt>
      <trkpt lat="66.304484" lon="14.128183"></trkpt>
      <trkpt lat="66.304483" lon="14.128309"></trkpt>
      <trkpt lat="66.304489" lon="14.128516"></trkpt>
      <trkpt lat="66.304494" lon="14.128638"></trkpt>
      <trkpt lat="66.304503" lon="14.128757"></trkpt>
      <trkpt lat="66.304521" lon="14.128927"></trkpt>
      <trkpt lat="66.304545" lon="14.129077"></trkpt>
      <trkpt lat="66.304639" lon="14.129640"></trkpt>
      <trkpt lat="66.304724" lon="14.130042"></trkpt>
      <trkpt lat="66.304798" lon="14.130253"></trkpt>
      <trkpt lat="66.304850" lon="14.130463"></trkpt>
      <trkpt lat="66.304946" lon="14.130853"></trkpt>
      <trkpt lat="66.305036" lon="14.131200"></trkpt>
      <trkpt lat="66.305072" lon="14.131452"></trkpt>
      <trkpt lat="66.305106" lon="14.131691"></trkpt>
      <trkpt lat="66.305149" lon="14.132105"></trkpt>
      <trkpt lat="66.305154" lon="14.132275"></trkpt>
      <trkpt lat="66.305142" lon="14.132350"></trkpt>
      <trkpt lat="66.305138" lon="14.132430"></trkpt>
      <trkpt lat="66.305142" lon="14.132511"></trkpt>
      <trkpt lat="66.305154" lon="14.132586"></trkpt>
      <trkpt lat="66.305164" lon="14.132629"></trkpt>
      <trkpt lat="66.305167" lon="14.132642"></trkpt>
      <trkpt lat="66.305205" lon="14.132714"></trkpt>
      <trkpt lat="66.305242" lon="14.132748"></trkpt>
      <trkpt lat="66.305284" lon="14.132875"></trkpt>
      <trkpt lat="66.305306" lon="14.133029"></trkpt>
      <trkpt lat="66.305329" lon="14.133240"></trkpt>
      <trkpt lat="66.305341" lon="14.133460"></trkpt>
      <trkpt lat="66.305344" lon="14.133533"></trkpt>
      <trkpt lat="66.305348" lon="14.133745"></trkpt>
      <trkpt lat="66.305344" lon="14.133955"></trkpt>
      <trkpt lat="66.305341" lon="14.134146"></trkpt>
      <trkpt lat="66.305331" lon="14.134198"></trkpt>
      <trkpt lat="66.305325" lon="14.134254"></trkpt>
      <trkpt lat="66.305324" lon="14.134331"></trkpt>
      <trkpt lat="66.305331" lon="14.134408"></trkpt>
      <trkpt lat="66.305345" lon="14.134477"></trkpt>
      <trkpt lat="66.305366" lon="14.134535"></trkpt>
      <trkpt lat="66.305392" lon="14.134578"></trkpt>
      <trkpt lat="66.305413" lon="14.134599"></trkpt>
      <trkpt lat="66.305436" lon="14.134609"></trkpt>
      <trkpt lat="66.305459" lon="14.134609"></trkpt>
      <trkpt lat="66.305482" lon="14.134597"></trkpt>
      <trkpt lat="66.305526" lon="14.134693"></trkpt>
      <trkpt lat="66.305611" lon="14.134865"></trkpt>
      <trkpt lat="66.305654" lon="14.134939"></trkpt>
      <trkpt lat="66.305705" lon="14.135011"></trkpt>
      <trkpt lat="66.305797" lon="14.135116"></trkpt>
      <trkpt lat="66.305891" lon="14.135245"></trkpt>
      <trkpt lat="66.305991" lon="14.135342"></trkpt>
      <trkpt lat="66.306096" lon="14.135405"></trkpt>
      <trkpt lat="66.306203" lon="14.135433"></trkpt>
      <trkpt lat="66.306310" lon="14.135424"></trkpt>
      <trkpt lat="66.306419" lon="14.135460"></trkpt>
      <trkpt lat="66.306508" lon="14.135475"></trkpt>
      <trkpt lat="66.306610" lon="14.135505"></trkpt>
      <trkpt lat="66.306673" lon="14.135537"></trkpt>
      <trkpt lat="66.306781" lon="14.135608"></trkpt>
      <trkpt lat="66.306878" lon="14.135653"></trkpt>
      <trkpt lat="66.306904" lon="14.135683"></trkpt>
      <trkpt lat="66.306932" lon="14.135696"></trkpt>
      <trkpt lat="66.306964" lon="14.135690"></trkpt>
      <trkpt lat="66.306994" lon="14.135661"></trkpt>
      <trkpt lat="66.307019" lon="14.135613"></trkpt>
      <trkpt lat="66.307038" lon="14.135549"></trkpt>
      <trkpt lat="66.307048" lon="14.135483"></trkpt>
      <trkpt lat="66.307125" lon="14.135408"></trkpt>
      <trkpt lat="66.307177" lon="14.135378"></trkpt>
      <trkpt lat="66.307310" lon="14.135380"></trkpt>
      <trkpt lat="66.307423" lon="14.135369"></trkpt>
      <trkpt lat="66.307447" lon="14.135377"></trkpt>
      <trkpt lat="66.307506" lon="14.135396"></trkpt>
      <trkpt lat="66.308181" lon="14.135420"></trkpt>
      <trkpt lat="66.308306" lon="14.135392"></trkpt>
      <trkpt lat="66.308499" lon="14.135347"></trkpt>
      <trkpt lat="66.308783" lon="14.135261"></trkpt>
      <trkpt lat="66.308891" lon="14.135228"></trkpt>
      <trkpt lat="66.308920" lon="14.135216"></trkpt>
      <trkpt lat="66.309117" lon="14.135202"></trkpt>
      <trkpt lat="66.309235" lon="14.135165"></trkpt>
      <trkpt lat="66.309352" lon="14.135133"></trkpt>
      <trkpt lat="66.309370" lon="14.135170"></trkpt>
      <trkpt lat="66.309390" lon="14.135194"></trkpt>
      <trkpt lat="66.309412" lon="14.135205"></trkpt>
      <trkpt lat="66.309435" lon="14.135202"></trkpt>
      <trkpt lat="66.309457" lon="14.135184"></trkpt>
      <trkpt lat="66.309476" lon="14.135154"></trkpt>
      <trkpt lat="66.309491" lon="14.135113"></trkpt>
      <trkpt lat="66.309503" lon="14.135059"></trkpt>
      <trkpt lat="66.309508" lon="14.135000"></trkpt>
      <trkpt lat="66.309507" lon="14.134939"></trkpt>
      <trkpt lat="66.309499" lon="14.134881"></trkpt>
      <trkpt lat="66.309486" lon="14.134834"></trkpt>
      <trkpt lat="66.309469" lon="14.134796"></trkpt>
      <trkpt lat="66.309432" lon="14.134607"></trkpt>
      <trkpt lat="66.309419" lon="14.134451"></trkpt>
      <trkpt lat="66.309380" lon="14.134215"></trkpt>
      <trkpt lat="66.309440" lon="14.134144"></trkpt>
      <trkpt lat="66.309491" lon="14.134104"></trkpt>
      <trkpt lat="66.309751" lon="14.133971"></trkpt>
      <trkpt lat="66.309845" lon="14.133919"></trkpt>
      <trkpt lat="66.309917" lon="14.133876"></trkpt>
      <trkpt lat="66.309988" lon="14.133830"></trkpt>
      <trkpt lat="66.310059" lon="14.133776"></trkpt>
      <trkpt lat="66.310118" lon="14.133714"></trkpt>
      <trkpt lat="66.310177" lon="14.133622"></trkpt>
      <trkpt lat="66.310209" lon="14.133543"></trkpt>
      <trkpt lat="66.310237" lon="14.133470"></trkpt>
      <trkpt lat="66.310320" lon="14.133154"></trkpt>
      <trkpt lat="66.310344" lon="14.133061"></trkpt>
      <trkpt lat="66.310368" lon="14.132993"></trkpt>
      <trkpt lat="66.310388" lon="14.132954"></trkpt>
      <trkpt lat="66.310412" lon="14.132917"></trkpt>
      <trkpt lat="66.310440" lon="14.132894"></trkpt>
      <trkpt lat="66.310472" lon="14.132878"></trkpt>
      <trkpt lat="66.310691" lon="14.132799"></trkpt>
      <trkpt lat="66.310729" lon="14.132797"></trkpt>
      <trkpt lat="66.310755" lon="14.132808"></trkpt>
      <trkpt lat="66.310811" lon="14.132848"></trkpt>
      <trkpt lat="66.310908" lon="14.132921"></trkpt>
      <trkpt lat="66.310952" lon="14.132937"></trkpt>
      <trkpt lat="66.311015" lon="14.132927"></trkpt>
      <trkpt lat="66.311110" lon="14.132893"></trkpt>
      <trkpt lat="66.311588" lon="14.132695"></trkpt>
      <trkpt lat="66.311647" lon="14.132669"></trkpt>
      <trkpt lat="66.311838" lon="14.132596"></trkpt>
      <trkpt lat="66.311966" lon="14.132542"></trkpt>
      <trkpt lat="66.312015" lon="14.132517"></trkpt>
      <trkpt lat="66.312233" lon="14.132537"></trkpt>
      <trkpt lat="66.312291" lon="14.132534"></trkpt>
      <trkpt lat="66.312355" lon="14.132564"></trkpt>
      <trkpt lat="66.312381" lon="14.132589"></trkpt>
      <trkpt lat="66.312409" lon="14.132593"></trkpt>
      <trkpt lat="66.312490" lon="14.132694"></trkpt>
      <trkpt lat="66.312552" lon="14.132745"></trkpt>
      <trkpt lat="66.312578" lon="14.132986"></trkpt>
      <trkpt lat="66.312606" lon="14.133395"></trkpt>
      <trkpt lat="66.312634" lon="14.133802"></trkpt>
      <trkpt lat="66.312656" lon="14.134146"></trkpt>
      <trkpt lat="66.312695" lon="14.134453"></trkpt>
      <trkpt lat="66.312782" lon="14.135035"></trkpt>
      <trkpt lat="66.312875" lon="14.135660"></trkpt>
      <trkpt lat="66.312916" lon="14.135995"></trkpt>
      <trkpt lat="66.312941" lon="14.136239"></trkpt>
      <trkpt lat="66.313061" lon="14.137874"></trkpt>
      <trkpt lat="66.313162" lon="14.139311"></trkpt>
      <trkpt lat="66.313177" lon="14.139643"></trkpt>
      <trkpt lat="66.313182" lon="14.139936"></trkpt>
      <trkpt lat="66.313184" lon="14.140177"></trkpt>
      <trkpt lat="66.313173" lon="14.140450"></trkpt>
      <trkpt lat="66.313147" lon="14.140843"></trkpt>
      <trkpt lat="66.313066" lon="14.141765"></trkpt>
      <trkpt lat="66.312960" lon="14.142966"></trkpt>
      <trkpt lat="66.312747" lon="14.142851"></trkpt>
      <trkpt lat="66.312580" lon="14.142741"></trkpt>
    </trkseg>
  </trk>
</gpx>