<?xml version="1.0" encoding="UTF-8"?>
<gpx version="1.1" creator="Rana Sykkelklubb - https://ranasykkelklubb.no" xmlns="http://www.topografix.com/GPX/1/1" xmlns:xsi="http://www.w3.org/2001/XMLSchema-instance" xsi:schemaLocation="http://www.topografix.com/GPX/1/1 http://www.topografix.com/GPX/1/1/gpx.xsd">
  <metadata>
    <name>Korgfjellet over toppen (Arctic Race-klassikeren)</name>
    <desc>Korgfjellet over toppen (Arctic Race-klassikeren)</desc>
    <author>
      <name>Rana Sykkelklubb</name>
    </author>
  </metadata>
  <wpt lat="66.312500" lon="14.142800">
    <name>Start/Mål: Mo i Rana</name>
    <desc>Utgangspunkt ved torget i Mo i Rana sentrum.</desc>
  </wpt>
  <wpt lat="66.185000" lon="13.792000">
    <name>Finneidfjord</name>
    <desc>Fjordarm med flott utsikt og innkjøring til gamleveien.</desc>
  </wpt>
  <wpt lat="66.115000" lon="13.712000">
    <name>Korgfjellet Fjellstue (555 moh)</name>
    <desc>Toppen av klatringen med panoramautsikt mot Okstindan og servering av eplekake.</desc>
  </wpt>
  <wpt lat="66.076000" lon="13.824000">
    <name>Korgen Sentrum</name>
    <desc>Trivelig stoppepunkt med butikk og kafé.</desc>
  </wpt>
  <trk>
    <name>Korgfjellet over toppen (Arctic Race-klassikeren)</name>
    <trkseg>
      <trkpt lat="66.312580" lon="14.142741"></trkpt>
      <trkpt lat="66.312747" lon="14.142851"></trkpt>
      <trkpt lat="66.312960" lon="14.142966"></trkpt>
      <trkpt lat="66.313066" lon="14.141765"></trkpt>
      <trkpt lat="66.313147" lon="14.140843"></trkpt>
      <trkpt lat="66.313173" lon="14.140450"></trkpt>
      <trkpt lat="66.313184" lon="14.140177"></trkpt>
      <trkpt lat="66.313182" lon="14.139936"></trkpt>
      <trkpt lat="66.313177" lon="14.139643"></trkpt>
      <trkpt lat="66.313162" lon="14.139311"></trkpt>
      <trkpt lat="66.313061" lon="14.137874"></trkpt>
      <trkpt lat="66.312941" lon="14.136239"></trkpt>
      <trkpt lat="66.312916" lon="14.135995"></trkpt>
      <trkpt lat="66.312875" lon="14.135660"></trkpt>
      <trkpt lat="66.312782" lon="14.135035"></trkpt>
      <trkpt lat="66.312695" lon="14.134453"></trkpt>
      <trkpt lat="66.312656" lon="14.134146"></trkpt>
      <trkpt lat="66.312634" lon="14.133802"></trkpt>
      <trkpt lat="66.312606" lon="14.133395"></trkpt>
      <trkpt lat="66.312578" lon="14.132986"></trkpt>
      <trkpt lat="66.312552" lon="14.132745"></trkpt>
      <trkpt lat="66.312545" lon="14.132639"></trkpt>
      <trkpt lat="66.312526" lon="14.132534"></trkpt>
      <trkpt lat="66.312490" lon="14.132378"></trkpt>
      <trkpt lat="66.312488" lon="14.132328"></trkpt>
      <trkpt lat="66.312480" lon="14.132268"></trkpt>
      <trkpt lat="66.312465" lon="14.132216"></trkpt>
      <trkpt lat="66.312445" lon="14.132177"></trkpt>
      <trkpt lat="66.312421" lon="14.132154"></trkpt>
      <trkpt lat="66.312395" lon="14.132148"></trkpt>
      <trkpt lat="66.312370" lon="14.132160"></trkpt>
      <trkpt lat="66.312347" lon="14.132190"></trkpt>
      <trkpt lat="66.312329" lon="14.132234"></trkpt>
      <trkpt lat="66.312272" lon="14.132316"></trkpt>
      <trkpt lat="66.312163" lon="14.132416"></trkpt>
      <trkpt lat="66.312015" lon="14.132517"></trkpt>
      <trkpt lat="66.311966" lon="14.132542"></trkpt>
      <trkpt lat="66.311838" lon="14.132596"></trkpt>
      <trkpt lat="66.311647" lon="14.132669"></trkpt>
      <trkpt lat="66.311588" lon="14.132695"></trkpt>
      <trkpt lat="66.311110" lon="14.132893"></trkpt>
      <trkpt lat="66.311015" lon="14.132927"></trkpt>
      <trkpt lat="66.310952" lon="14.132937"></trkpt>
      <trkpt lat="66.310908" lon="14.132921"></trkpt>
      <trkpt lat="66.310811" lon="14.132848"></trkpt>
      <trkpt lat="66.310755" lon="14.132808"></trkpt>
      <trkpt lat="66.310729" lon="14.132797"></trkpt>
      <trkpt lat="66.310691" lon="14.132799"></trkpt>
      <trkpt lat="66.310472" lon="14.132878"></trkpt>
      <trkpt lat="66.310440" lon="14.132894"></trkpt>
      <trkpt lat="66.310412" lon="14.132917"></trkpt>
      <trkpt lat="66.310388" lon="14.132954"></trkpt>
      <trkpt lat="66.310368" lon="14.132993"></trkpt>
      <trkpt lat="66.310344" lon="14.133061"></trkpt>
      <trkpt lat="66.310320" lon="14.133154"></trkpt>
      <trkpt lat="66.310237" lon="14.133470"></trkpt>
      <trkpt lat="66.310209" lon="14.133543"></trkpt>
      <trkpt lat="66.310177" lon="14.133622"></trkpt>
      <trkpt lat="66.310118" lon="14.133714"></trkpt>
      <trkpt lat="66.310059" lon="14.133776"></trkpt>
      <trkpt lat="66.309988" lon="14.133830"></trkpt>
      <trkpt lat="66.309917" lon="14.133876"></trkpt>
      <trkpt lat="66.309845" lon="14.133919"></trkpt>
      <trkpt lat="66.309751" lon="14.133971"></trkpt>
      <trkpt lat="66.309491" lon="14.134104"></trkpt>
      <trkpt lat="66.309440" lon="14.134144"></trkpt>
      <trkpt lat="66.309380" lon="14.134215"></trkpt>
      <trkpt lat="66.309359" lon="14.134473"></trkpt>
      <trkpt lat="66.309363" lon="14.134805"></trkpt>
      <trkpt lat="66.309347" lon="14.134845"></trkpt>
      <trkpt lat="66.309256" lon="14.134963"></trkpt>
      <trkpt lat="66.309225" lon="14.134997"></trkpt>
      <trkpt lat="66.309104" lon="14.135085"></trkpt>
      <trkpt lat="66.308920" lon="14.135216"></trkpt>
      <trkpt lat="66.308891" lon="14.135228"></trkpt>
      <trkpt lat="66.308783" lon="14.135261"></trkpt>
      <trkpt lat="66.308499" lon="14.135347"></trkpt>
      <trkpt lat="66.308306" lon="14.135392"></trkpt>
      <trkpt lat="66.308181" lon="14.135420"></trkpt>
      <trkpt lat="66.307506" lon="14.135396"></trkpt>
      <trkpt lat="66.307447" lon="14.135377"></trkpt>
      <trkpt lat="66.307423" lon="14.135369"></trkpt>
      <trkpt lat="66.307242" lon="14.135216"></trkpt>
      <trkpt lat="66.307162" lon="14.135181"></trkpt>
      <trkpt lat="66.307096" lon="14.135146"></trkpt>
      <trkpt lat="66.306976" lon="14.135150"></trkpt>
      <trkpt lat="66.306948" lon="14.135135"></trkpt>
      <trkpt lat="66.306922" lon="14.135137"></trkpt>
      <trkpt lat="66.306897" lon="14.135154"></trkpt>
      <trkpt lat="66.306875" lon="14.135184"></trkpt>
      <trkpt lat="66.306855" lon="14.135226"></trkpt>
      <trkpt lat="66.306840" lon="14.135278"></trkpt>
      <trkpt lat="66.306751" lon="14.135323"></trkpt>
      <trkpt lat="66.306699" lon="14.135340"></trkpt>
      <trkpt lat="66.306648" lon="14.135341"></trkpt>
      <trkpt lat="66.306563" lon="14.135328"></trkpt>
      <trkpt lat="66.306504" lon="14.135327"></trkpt>
      <trkpt lat="66.306410" lon="14.135357"></trkpt>
      <trkpt lat="66.306310" lon="14.135424"></trkpt>
      <trkpt lat="66.306203" lon="14.135433"></trkpt>
      <trkpt lat="66.306096" lon="14.135405"></trkpt>
      <trkpt lat="66.305991" lon="14.135342"></trkpt>
      <trkpt lat="66.305891" lon="14.135245"></trkpt>
      <trkpt lat="66.305797" lon="14.135116"></trkpt>
      <trkpt lat="66.305709" lon="14.134869"></trkpt>
      <trkpt lat="66.305663" lon="14.134725"></trkpt>
      <trkpt lat="66.305626" lon="14.134573"></trkpt>
      <trkpt lat="66.305613" lon="14.134510"></trkpt>
      <trkpt lat="66.305570" lon="14.134325"></trkpt>
      <trkpt lat="66.305570" lon="14.134308"></trkpt>
      <trkpt lat="66.305565" lon="14.134213"></trkpt>
      <trkpt lat="66.305547" lon="14.134126"></trkpt>
      <trkpt lat="66.305520" lon="14.134057"></trkpt>
      <trkpt lat="66.305499" lon="14.134025"></trkpt>
      <trkpt lat="66.305476" lon="14.134005"></trkpt>
      <trkpt lat="66.305437" lon="14.133804"></trkpt>
      <trkpt lat="66.305404" lon="14.133513"></trkpt>
      <trkpt lat="66.305387" lon="14.133238"></trkpt>
      <trkpt lat="66.305377" lon="14.133071"></trkpt>
      <trkpt lat="66.305375" lon="14.133002"></trkpt>
      <trkpt lat="66.305371" lon="14.132774"></trkpt>
      <trkpt lat="66.305381" lon="14.132584"></trkpt>
      <trkpt lat="66.305392" lon="14.132510"></trkpt>
      <trkpt lat="66.305396" lon="14.132431"></trkpt>
      <trkpt lat="66.305392" lon="14.132352"></trkpt>
      <trkpt lat="66.305380" lon="14.132278"></trkpt>
      <trkpt lat="66.305362" lon="14.132214"></trkpt>
      <trkpt lat="66.305337" lon="14.132163"></trkpt>
      <trkpt lat="66.305308" lon="14.132128"></trkpt>
      <trkpt lat="66.305227" lon="14.131941"></trkpt>
      <trkpt lat="66.305169" lon="14.131667"></trkpt>
      <trkpt lat="66.305116" lon="14.131446"></trkpt>
      <trkpt lat="66.305036" lon="14.131200"></trkpt>
      <trkpt lat="66.304946" lon="14.130853"></trkpt>
      <trkpt lat="66.304850" lon="14.130463"></trkpt>
      <trkpt lat="66.304798" lon="14.130253"></trkpt>
      <trkpt lat="66.304758" lon="14.129984"></trkpt>
      <trkpt lat="66.304740" lon="14.129862"></trkpt>
      <trkpt lat="66.304695" lon="14.129628"></trkpt>
      <trkpt lat="66.304633" lon="14.129211"></trkpt>
      <trkpt lat="66.304602" lon="14.128948"></trkpt>
      <trkpt lat="66.304582" lon="14.128728"></trkpt>
      <trkpt lat="66.304566" lon="14.128499"></trkpt>
      <trkpt lat="66.304548" lon="14.128174"></trkpt>
      <trkpt lat="66.304526" lon="14.127596"></trkpt>
      <trkpt lat="66.304499" lon="14.127272"></trkpt>
      <trkpt lat="66.304440" lon="14.125701"></trkpt>
      <trkpt lat="66.304437" lon="14.125620"></trkpt>
      <trkpt lat="66.304400" lon="14.124606"></trkpt>
      <trkpt lat="66.304373" lon="14.123687"></trkpt>
      <trkpt lat="66.304353" lon="14.123037"></trkpt>
      <trkpt lat="66.304339" lon="14.122408"></trkpt>
      <trkpt lat="66.304324" lon="14.121561"></trkpt>
      <trkpt lat="66.304310" lon="14.120269"></trkpt>
      <trkpt lat="66.304300" lon="14.119783"></trkpt>
      <trkpt lat="66.304279" lon="14.119197"></trkpt>
      <trkpt lat="66.304256" lon="14.118856"></trkpt>
      <trkpt lat="66.304240" lon="14.118684"></trkpt>
      <trkpt lat="66.304221" lon="14.118504"></trkpt>
      <trkpt lat="66.304200" lon="14.118348"></trkpt>
      <trkpt lat="66.304179" lon="14.118209"></trkpt>
      <trkpt lat="66.304106" lon="14.117851"></trkpt>
      <trkpt lat="66.304048" lon="14.117595"></trkpt>
      <trkpt lat="66.303976" lon="14.117294"></trkpt>
      <trkpt lat="66.303878" lon="14.116972"></trkpt>
      <trkpt lat="66.303727" lon="14.116537"></trkpt>
      <trkpt lat="66.303592" lon="14.116236"></trkpt>
      <trkpt lat="66.303274" lon="14.115656"></trkpt>
      <trkpt lat="66.303094" lon="14.115348"></trkpt>
      <trkpt lat="66.302930" lon="14.115081"></trkpt>
      <trkpt lat="66.302594" lon="14.114521"></trkpt>
      <trkpt lat="66.302278" lon="14.113999"></trkpt>
      <trkpt lat="66.302130" lon="14.113766"></trkpt>
      <trkpt lat="66.301955" lon="14.113510"></trkpt>
      <trkpt lat="66.301784" lon="14.113327"></trkpt>
      <trkpt lat="66.301285" lon="14.112799"></trkpt>
      <trkpt lat="66.301186" lon="14.112672"></trkpt>
      <trkpt lat="66.300988" lon="14.112363"></trkpt>
      <trkpt lat="66.300963" lon="14.112318"></trkpt>
      <trkpt lat="66.300838" lon="14.112080"></trkpt>
      <trkpt lat="66.300630" lon="14.111637"></trkpt>
      <trkpt lat="66.300470" lon="14.111253"></trkpt>
      <trkpt lat="66.300297" lon="14.110793"></trkpt>
      <trkpt lat="66.300175" lon="14.110435"></trkpt>
      <trkpt lat="66.300074" lon="14.110106"></trkpt>
      <trkpt lat="66.300042" lon="14.109988"></trkpt>
      <trkpt lat="66.299986" lon="14.109755"></trkpt>
      <trkpt lat="66.299951" lon="14.109598"></trkpt>
      <trkpt lat="66.299907" lon="14.109368"></trkpt>
      <trkpt lat="66.299861" lon="14.109081"></trkpt>
      <trkpt lat="66.299829" lon="14.108835"></trkpt>
      <trkpt lat="66.299796" lon="14.108526"></trkpt>
      <trkpt lat="66.299766" lon="14.108147"></trkpt>
      <trkpt lat="66.299744" lon="14.107711"></trkpt>
      <trkpt lat="66.299728" lon="14.107269"></trkpt>
      <trkpt lat="66.299714" lon="14.106630"></trkpt>
      <trkpt lat="66.299685" lon="14.105871"></trkpt>
      <trkpt lat="66.299672" lon="14.105644"></trkpt>
      <trkpt lat="66.299651" lon="14.105303"></trkpt>
      <trkpt lat="66.299617" lon="14.104862"></trkpt>
      <trkpt lat="66.299581" lon="14.104470"></trkpt>
      <trkpt lat="66.299517" lon="14.103853"></trkpt>
      <trkpt lat="66.299491" lon="14.103623"></trkpt>
      <trkpt lat="66.299430" lon="14.103140"></trkpt>
      <trkpt lat="66.299376" lon="14.102751"></trkpt>
      <trkpt lat="66.299261" lon="14.102005"></trkpt>
      <trkpt lat="66.299204" lon="14.101670"></trkpt>
      <trkpt lat="66.299084" lon="14.101047"></trkpt>
      <trkpt lat="66.298949" lon="14.100418"></trkpt>
      <trkpt lat="66.298698" lon="14.099288"></trkpt>
      <trkpt lat="66.298589" lon="14.098818"></trkpt>
      <trkpt lat="66.298486" lon="14.098424"></trkpt>
      <trkpt lat="66.298430" lon="14.098249"></trkpt>
      <trkpt lat="66.298292" lon="14.097865"></trkpt>
      <trkpt lat="66.298170" lon="14.097549"></trkpt>
      <trkpt lat="66.298079" lon="14.097331"></trkpt>
      <trkpt lat="66.297944" lon="14.097034"></trkpt>
      <trkpt lat="66.297809" lon="14.096765"></trkpt>
      <trkpt lat="66.297735" lon="14.096634"></trkpt>
      <trkpt lat="66.297562" lon="14.096367"></trkpt>
      <trkpt lat="66.297478" lon="14.096246"></trkpt>
      <trkpt lat="66.296806" lon="14.095403"></trkpt>
      <trkpt lat="66.296631" lon="14.095174"></trkpt>
      <trkpt lat="66.296466" lon="14.094942"></trkpt>
      <trkpt lat="66.296303" lon="14.094689"></trkpt>
      <trkpt lat="66.296212" lon="14.094538"></trkpt>
      <trkpt lat="66.295974" lon="14.094093"></trkpt>
      <trkpt lat="66.295638" lon="14.093421"></trkpt>
      <trkpt lat="66.295106" lon="14.092333"></trkpt>
      <trkpt lat="66.294947" lon="14.092035"></trkpt>
      <trkpt lat="66.294905" lon="14.091961"></trkpt>
      <trkpt lat="66.294842" lon="14.091864"></trkpt>
      <trkpt lat="66.294785" lon="14.091780"></trkpt>
      <trkpt lat="66.294711" lon="14.091684"></trkpt>
      <trkpt lat="66.294665" lon="14.091627"></trkpt>
      <trkpt lat="66.294579" lon="14.091538"></trkpt>
      <trkpt lat="66.294410" lon="14.091378"></trkpt>
      <trkpt lat="66.294003" lon="14.091023"></trkpt>
      <trkpt lat="66.293727" lon="14.090768"></trkpt>
      <trkpt lat="66.293608" lon="14.090645"></trkpt>
      <trkpt lat="66.293393" lon="14.090411"></trkpt>
      <trkpt lat="66.293327" lon="14.090331"></trkpt>
      <trkpt lat="66.293294" lon="14.090288"></trkpt>
      <trkpt lat="66.293162" lon="14.090081"></trkpt>
      <trkpt lat="66.293088" lon="14.089944"></trkpt>
      <trkpt lat="66.293009" lon="14.089784"></trkpt>
      <trkpt lat="66.292931" lon="14.089575"></trkpt>
      <trkpt lat="66.292857" lon="14.089352"></trkpt>
      <trkpt lat="66.292741" lon="14.088980"></trkpt>
      <trkpt lat="66.292684" lon="14.088773"></trkpt>
      <trkpt lat="66.292393" lon="14.087642"></trkpt>
      <trkpt lat="66.292349" lon="14.087479"></trkpt>
      <trkpt lat="66.292314" lon="14.087295"></trkpt>
      <trkpt lat="66.292280" lon="14.087142"></trkpt>
      <trkpt lat="66.292265" lon="14.087088"></trkpt>
      <trkpt lat="66.292135" lon="14.086671"></trkpt>
      <trkpt lat="66.292031" lon="14.086375"></trkpt>
      <trkpt lat="66.291884" lon="14.085985"></trkpt>
      <trkpt lat="66.291814" lon="14.085796"></trkpt>
      <trkpt lat="66.291634" lon="14.085316"></trkpt>
      <trkpt lat="66.291555" lon="14.085353"></trkpt>
      <trkpt lat="66.291493" lon="14.085457"></trkpt>
      <trkpt lat="66.291433" lon="14.085564"></trkpt>
      <trkpt lat="66.291395" lon="14.085700"></trkpt>
      <trkpt lat="66.291363" lon="14.085736"></trkpt>
      <trkpt lat="66.291318" lon="14.085771"></trkpt>
      <trkpt lat="66.291253" lon="14.085809"></trkpt>
      <trkpt lat="66.291104" lon="14.085868"></trkpt>
      <trkpt lat="66.290664" lon="14.085921"></trkpt>
      <trkpt lat="66.290274" lon="14.085935"></trkpt>
      <trkpt lat="66.290148" lon="14.085922"></trkpt>
      <trkpt lat="66.290059" lon="14.085874"></trkpt>
      <trkpt lat="66.290008" lon="14.085787"></trkpt>
      <trkpt lat="66.289961" lon="14.085677"></trkpt>
      <trkpt lat="66.289862" lon="14.085342"></trkpt>
      <trkpt lat="66.289758" lon="14.084853"></trkpt>
      <trkpt lat="66.289660" lon="14.084493"></trkpt>
      <trkpt lat="66.289651" lon="14.084505"></trkpt>
      <trkpt lat="66.289573" lon="14.084528"></trkpt>
      <trkpt lat="66.289396" lon="14.084708"></trkpt>
      <trkpt lat="66.289281" lon="14.084766"></trkpt>
      <trkpt lat="66.289235" lon="14.084727"></trkpt>
      <trkpt lat="66.289078" lon="14.084490"></trkpt>
      <trkpt lat="66.289036" lon="14.084458"></trkpt>
      <trkpt lat="66.288946" lon="14.084430"></trkpt>
      <trkpt lat="66.288838" lon="14.084525"></trkpt>
      <trkpt lat="66.288740" lon="14.084580"></trkpt>
      <trkpt lat="66.288630" lon="14.084669"></trkpt>
      <trkpt lat="66.288341" lon="14.084958"></trkpt>
      <trkpt lat="66.288246" lon="14.085182"></trkpt>
      <trkpt lat="66.288174" lon="14.085410"></trkpt>
      <trkpt lat="66.288018" lon="14.086262"></trkpt>
      <trkpt lat="66.288013" lon="14.086361"></trkpt>
      <trkpt lat="66.287970" lon="14.086670"></trkpt>
      <trkpt lat="66.287910" lon="14.087013"></trkpt>
      <trkpt lat="66.287849" lon="14.087320"></trkpt>
      <trkpt lat="66.287768" lon="14.087817"></trkpt>
      <trkpt lat="66.287742" lon="14.088059"></trkpt>
      <trkpt lat="66.287733" lon="14.088194"></trkpt>
      <trkpt lat="66.287708" lon="14.088629"></trkpt>
      <trkpt lat="66.287698" lon="14.088779"></trkpt>
      <trkpt lat="66.287677" lon="14.089043"></trkpt>
      <trkpt lat="66.287642" lon="14.089207"></trkpt>
      <trkpt lat="66.287591" lon="14.089336"></trkpt>
      <trkpt lat="66.287526" lon="14.089430"></trkpt>
      <trkpt lat="66.287455" lon="14.089467"></trkpt>
      <trkpt lat="66.287352" lon="14.089442"></trkpt>
      <trkpt lat="66.287275" lon="14.089356"></trkpt>
      <trkpt lat="66.287220" lon="14.089236"></trkpt>
      <trkpt lat="66.287215" lon="14.089218"></trkpt>
      <trkpt lat="66.287195" lon="14.089151"></trkpt>
      <trkpt lat="66.287167" lon="14.088994"></trkpt>
      <trkpt lat="66.287114" lon="14.088533"></trkpt>
      <trkpt lat="66.287064" lon="14.088217"></trkpt>
      <trkpt lat="66.287023" lon="14.088052"></trkpt>
      <trkpt lat="66.286934" lon="14.087761"></trkpt>
      <trkpt lat="66.286751" lon="14.087223"></trkpt>
      <trkpt lat="66.286487" lon="14.086497"></trkpt>
      <trkpt lat="66.286413" lon="14.086327"></trkpt>
      <trkpt lat="66.286148" lon="14.085834"></trkpt>
      <trkpt lat="66.286088" lon="14.085692"></trkpt>
      <trkpt lat="66.286027" lon="14.085513"></trkpt>
      <trkpt lat="66.285959" lon="14.085243"></trkpt>
      <trkpt lat="66.285899" lon="14.084880"></trkpt>
      <trkpt lat="66.285867" lon="14.084516"></trkpt>
      <trkpt lat="66.285861" lon="14.084163"></trkpt>
      <trkpt lat="66.285799" lon="14.084178"></trkpt>
      <trkpt lat="66.285720" lon="14.084235"></trkpt>
      <trkpt lat="66.285694" lon="14.084279"></trkpt>
      <trkpt lat="66.285663" lon="14.084376"></trkpt>
      <trkpt lat="66.285651" lon="14.084487"></trkpt>
      <trkpt lat="66.285661" lon="14.084627"></trkpt>
      <trkpt lat="66.285735" lon="14.085000"></trkpt>
      <trkpt lat="66.285762" lon="14.085183"></trkpt>
      <trkpt lat="66.285859" lon="14.086193"></trkpt>
      <trkpt lat="66.285900" lon="14.086657"></trkpt>
      <trkpt lat="66.285908" lon="14.086864"></trkpt>
      <trkpt lat="66.285882" lon="14.087006"></trkpt>
      <trkpt lat="66.285858" lon="14.087077"></trkpt>
      <trkpt lat="66.285790" lon="14.087196"></trkpt>
      <trkpt lat="66.285685" lon="14.087085"></trkpt>
      <trkpt lat="66.285613" lon="14.086949"></trkpt>
      <trkpt lat="66.285543" lon="14.086735"></trkpt>
      <trkpt lat="66.285493" lon="14.086550"></trkpt>
      <trkpt lat="66.285460" lon="14.086427"></trkpt>
      <trkpt lat="66.285328" lon="14.085866"></trkpt>
      <trkpt lat="66.285254" lon="14.085487"></trkpt>
      <trkpt lat="66.285215" lon="14.085237"></trkpt>
      <trkpt lat="66.285137" lon="14.084644"></trkpt>
      <trkpt lat="66.285045" lon="14.083670"></trkpt>
      <trkpt lat="66.285004" lon="14.083141"></trkpt>
      <trkpt lat="66.284945" lon="14.082548"></trkpt>
      <trkpt lat="66.284916" lon="14.082400"></trkpt>
      <trkpt lat="66.284868" lon="14.082223"></trkpt>
      <trkpt lat="66.284822" lon="14.082257"></trkpt>
      <trkpt lat="66.284760" lon="14.082318"></trkpt>
      <trkpt lat="66.284725" lon="14.082393"></trkpt>
      <trkpt lat="66.284704" lon="14.082486"></trkpt>
      <trkpt lat="66.284687" lon="14.082644"></trkpt>
      <trkpt lat="66.284640" lon="14.083583"></trkpt>
      <trkpt lat="66.284637" lon="14.084441"></trkpt>
      <trkpt lat="66.284670" lon="14.085155"></trkpt>
      <trkpt lat="66.284847" lon="14.087314"></trkpt>
      <trkpt lat="66.284670" lon="14.085155"></trkpt>
      <trkpt lat="66.284637" lon="14.084441"></trkpt>
      <trkpt lat="66.284637" lon="14.084441"></trkpt>
      <trkpt lat="66.284640" lon="14.083583"></trkpt>
      <trkpt lat="66.284687" lon="14.082644"></trkpt>
      <trkpt lat="66.284704" lon="14.082486"></trkpt>
      <trkpt lat="66.284725" lon="14.082393"></trkpt>
      <trkpt lat="66.284760" lon="14.082318"></trkpt>
      <trkpt lat="66.284822" lon="14.082257"></trkpt>
      <trkpt lat="66.284868" lon="14.082223"></trkpt>
      <trkpt lat="66.284916" lon="14.082400"></trkpt>
      <trkpt lat="66.284945" lon="14.082548"></trkpt>
      <trkpt lat="66.285004" lon="14.083141"></trkpt>
      <trkpt lat="66.285045" lon="14.083670"></trkpt>
      <trkpt lat="66.285137" lon="14.084644"></trkpt>
      <trkpt lat="66.285215" lon="14.085237"></trkpt>
      <trkpt lat="66.285254" lon="14.085487"></trkpt>
      <trkpt lat="66.285328" lon="14.085866"></trkpt>
      <trkpt lat="66.285460" lon="14.086427"></trkpt>
      <trkpt lat="66.285493" lon="14.086550"></trkpt>
      <trkpt lat="66.285543" lon="14.086735"></trkpt>
      <trkpt lat="66.285613" lon="14.086949"></trkpt>
      <trkpt lat="66.285685" lon="14.087085"></trkpt>
      <trkpt lat="66.285790" lon="14.087196"></trkpt>
      <trkpt lat="66.285858" lon="14.087077"></trkpt>
      <trkpt lat="66.285882" lon="14.087006"></trkpt>
      <trkpt lat="66.285908" lon="14.086864"></trkpt>
      <trkpt lat="66.285900" lon="14.086657"></trkpt>
      <trkpt lat="66.285859" lon="14.086193"></trkpt>
      <trkpt lat="66.285762" lon="14.085183"></trkpt>
      <trkpt lat="66.285735" lon="14.085000"></trkpt>
      <trkpt lat="66.285661" lon="14.084627"></trkpt>
      <trkpt lat="66.285651" lon="14.084487"></trkpt>
      <trkpt lat="66.285663" lon="14.084376"></trkpt>
      <trkpt lat="66.285694" lon="14.084279"></trkpt>
      <trkpt lat="66.285720" lon="14.084235"></trkpt>
      <trkpt lat="66.285799" lon="14.084178"></trkpt>
      <trkpt lat="66.285861" lon="14.084163"></trkpt>
      <trkpt lat="66.285867" lon="14.084516"></trkpt>
      <trkpt lat="66.285899" lon="14.084880"></trkpt>
      <trkpt lat="66.285959" lon="14.085243"></trkpt>
      <trkpt lat="66.286027" lon="14.085513"></trkpt>
      <trkpt lat="66.286088" lon="14.085692"></trkpt>
      <trkpt lat="66.286148" lon="14.085834"></trkpt>
      <trkpt lat="66.286413" lon="14.086327"></trkpt>
      <trkpt lat="66.286487" lon="14.086497"></trkpt>
      <trkpt lat="66.286751" lon="14.087223"></trkpt>
      <trkpt lat="66.286934" lon="14.087761"></trkpt>
      <trkpt lat="66.287023" lon="14.088052"></trkpt>
      <trkpt lat="66.287064" lon="14.088217"></trkpt>
      <trkpt lat="66.287114" lon="14.088533"></trkpt>
      <trkpt lat="66.287167" lon="14.088994"></trkpt>
      <trkpt lat="66.287195" lon="14.089151"></trkpt>
      <trkpt lat="66.287215" lon="14.089218"></trkpt>
      <trkpt lat="66.287220" lon="14.089236"></trkpt>
      <trkpt lat="66.287275" lon="14.089356"></trkpt>
      <trkpt lat="66.287352" lon="14.089442"></trkpt>
      <trkpt lat="66.287455" lon="14.089467"></trkpt>
      <trkpt lat="66.287526" lon="14.089430"></trkpt>
      <trkpt lat="66.287591" lon="14.089336"></trkpt>
      <trkpt lat="66.287642" lon="14.089207"></trkpt>
      <trkpt lat="66.287677" lon="14.089043"></trkpt>
      <trkpt lat="66.287698" lon="14.088779"></trkpt>
      <trkpt lat="66.287708" lon="14.088629"></trkpt>
      <trkpt lat="66.287733" lon="14.088194"></trkpt>
      <trkpt lat="66.287742" lon="14.088059"></trkpt>
      <trkpt lat="66.287768" lon="14.087817"></trkpt>
      <trkpt lat="66.287849" lon="14.087320"></trkpt>
      <trkpt lat="66.287910" lon="14.087013"></trkpt>
      <trkpt lat="66.287970" lon="14.086670"></trkpt>
      <trkpt lat="66.288013" lon="14.086361"></trkpt>
      <trkpt lat="66.288018" lon="14.086262"></trkpt>
      <trkpt lat="66.288174" lon="14.085410"></trkpt>
      <trkpt lat="66.288246" lon="14.085182"></trkpt>
      <trkpt lat="66.288341" lon="14.084958"></trkpt>
      <trkpt lat="66.288630" lon="14.084669"></trkpt>
      <trkpt lat="66.288740" lon="14.084580"></trkpt>
      <trkpt lat="66.288838" lon="14.084525"></trkpt>
      <trkpt lat="66.288946" lon="14.084430"></trkpt>
      <trkpt lat="66.289036" lon="14.084458"></trkpt>
      <trkpt lat="66.289078" lon="14.084490"></trkpt>
      <trkpt lat="66.289235" lon="14.084727"></trkpt>
      <trkpt lat="66.289281" lon="14.084766"></trkpt>
      <trkpt lat="66.289396" lon="14.084708"></trkpt>
      <trkpt lat="66.289573" lon="14.084528"></trkpt>
      <trkpt lat="66.289651" lon="14.084505"></trkpt>
      <trkpt lat="66.289660" lon="14.084493"></trkpt>
      <trkpt lat="66.289758" lon="14.084853"></trkpt>
      <trkpt lat="66.289862" lon="14.085342"></trkpt>
      <trkpt lat="66.289961" lon="14.085677"></trkpt>
      <trkpt lat="66.290008" lon="14.085787"></trkpt>
      <trkpt lat="66.290059" lon="14.085874"></trkpt>
      <trkpt lat="66.290148" lon="14.085922"></trkpt>
      <trkpt lat="66.290274" lon="14.085935"></trkpt>
      <trkpt lat="66.290664" lon="14.085921"></trkpt>
      <trkpt lat="66.291104" lon="14.085868"></trkpt>
      <trkpt lat="66.291253" lon="14.085809"></trkpt>
      <trkpt lat="66.291318" lon="14.085771"></trkpt>
      <trkpt lat="66.291363" lon="14.085736"></trkpt>
      <trkpt lat="66.291395" lon="14.085700"></trkpt>
      <trkpt lat="66.291476" lon="14.085683"></trkpt>
      <trkpt lat="66.291539" lon="14.085618"></trkpt>
      <trkpt lat="66.291614" lon="14.085510"></trkpt>
      <trkpt lat="66.291634" lon="14.085316"></trkpt>
      <trkpt lat="66.291482" lon="14.084867"></trkpt>
      <trkpt lat="66.291442" lon="14.084741"></trkpt>
      <trkpt lat="66.291356" lon="14.084443"></trkpt>
      <trkpt lat="66.291317" lon="14.084299"></trkpt>
      <trkpt lat="66.291135" lon="14.083562"></trkpt>
      <trkpt lat="66.291083" lon="14.083245"></trkpt>
      <trkpt lat="66.291008" lon="14.082747"></trkpt>
      <trkpt lat="66.290843" lon="14.081606"></trkpt>
      <trkpt lat="66.290520" lon="14.079294"></trkpt>
      <trkpt lat="66.290353" lon="14.078049"></trkpt>
      <trkpt lat="66.290271" lon="14.077321"></trkpt>
      <trkpt lat="66.290241" lon="14.077019"></trkpt>
      <trkpt lat="66.290188" lon="14.076434"></trkpt>
      <trkpt lat="66.290119" lon="14.075347"></trkpt>
      <trkpt lat="66.290088" lon="14.074765"></trkpt>
      <trkpt lat="66.290050" lon="14.073871"></trkpt>
      <trkpt lat="66.290029" lon="14.073227"></trkpt>
      <trkpt lat="66.290014" lon="14.072543"></trkpt>
      <trkpt lat="66.290000" lon="14.071681"></trkpt>
      <trkpt lat="66.289996" lon="14.071197"></trkpt>
      <trkpt lat="66.289997" lon="14.070509"></trkpt>
      <trkpt lat="66.290009" lon="14.069675"></trkpt>
      <trkpt lat="66.290026" lon="14.068882"></trkpt>
      <trkpt lat="66.290058" lon="14.067739"></trkpt>
      <trkpt lat="66.290067" lon="14.067100"></trkpt>
      <trkpt lat="66.290067" lon="14.066741"></trkpt>
      <trkpt lat="66.290051" lon="14.066142"></trkpt>
      <trkpt lat="66.290042" lon="14.065940"></trkpt>
      <trkpt lat="66.290020" lon="14.065553"></trkpt>
      <trkpt lat="66.289991" lon="14.065172"></trkpt>
      <trkpt lat="66.289971" lon="14.064975"></trkpt>
      <trkpt lat="66.289912" lon="14.064491"></trkpt>
      <trkpt lat="66.289847" lon="14.064011"></trkpt>
      <trkpt lat="66.289598" lon="14.062392"></trkpt>
      <trkpt lat="66.289500" lon="14.061624"></trkpt>
      <trkpt lat="66.289472" lon="14.061370"></trkpt>
      <trkpt lat="66.289326" lon="14.059814"></trkpt>
      <trkpt lat="66.289217" lon="14.058904"></trkpt>
      <trkpt lat="66.289158" lon="14.058452"></trkpt>
      <trkpt lat="66.289035" lon="14.057587"></trkpt>
      <trkpt lat="66.288634" lon="14.054842"></trkpt>
      <trkpt lat="66.288620" lon="14.054744"></trkpt>
      <trkpt lat="66.288400" lon="14.053240"></trkpt>
      <trkpt lat="66.288334" lon="14.052868"></trkpt>
      <trkpt lat="66.288298" lon="14.052682"></trkpt>
      <trkpt lat="66.288208" lon="14.052295"></trkpt>
      <trkpt lat="66.288160" lon="14.052112"></trkpt>
      <trkpt lat="66.288008" lon="14.051591"></trkpt>
      <trkpt lat="66.287928" lon="14.051347"></trkpt>
      <trkpt lat="66.287843" lon="14.051123"></trkpt>
      <trkpt lat="66.287768" lon="14.050913"></trkpt>
      <trkpt lat="66.287690" lon="14.050622"></trkpt>
      <trkpt lat="66.287532" lon="14.050215"></trkpt>
      <trkpt lat="66.287325" lon="14.049743"></trkpt>
      <trkpt lat="66.287191" lon="14.049461"></trkpt>
      <trkpt lat="66.287068" lon="14.049219"></trkpt>
      <trkpt lat="66.286896" lon="14.048906"></trkpt>
      <trkpt lat="66.286721" lon="14.048604"></trkpt>
      <trkpt lat="66.286513" lon="14.048288"></trkpt>
      <trkpt lat="66.286381" lon="14.048153"></trkpt>
      <trkpt lat="66.286252" lon="14.047973"></trkpt>
      <trkpt lat="66.286043" lon="14.047713"></trkpt>
      <trkpt lat="66.286011" lon="14.047679"></trkpt>
      <trkpt lat="66.285891" lon="14.047553"></trkpt>
      <trkpt lat="66.285680" lon="14.047345"></trkpt>
      <trkpt lat="66.285456" lon="14.047155"></trkpt>
      <trkpt lat="66.285188" lon="14.046939"></trkpt>
      <trkpt lat="66.284641" lon="14.046539"></trkpt>
      <trkpt lat="66.283425" lon="14.045665"></trkpt>
      <trkpt lat="66.282818" lon="14.045223"></trkpt>
      <trkpt lat="66.282516" lon="14.044996"></trkpt>
      <trkpt lat="66.282322" lon="14.044830"></trkpt>
      <trkpt lat="66.282032" lon="14.044546"></trkpt>
      <trkpt lat="66.281942" lon="14.044450"></trkpt>
      <trkpt lat="66.281771" lon="14.044242"></trkpt>
      <trkpt lat="66.281680" lon="14.044112"></trkpt>
      <trkpt lat="66.281495" lon="14.043826"></trkpt>
      <trkpt lat="66.281258" lon="14.043392"></trkpt>
      <trkpt lat="66.281176" lon="14.043214"></trkpt>
      <trkpt lat="66.281058" lon="14.042936"></trkpt>
      <trkpt lat="66.280983" lon="14.042743"></trkpt>
      <trkpt lat="66.280874" lon="14.042446"></trkpt>
      <trkpt lat="66.280801" lon="14.042229"></trkpt>
      <trkpt lat="66.280732" lon="14.042006"></trkpt>
      <trkpt lat="66.280669" lon="14.041786"></trkpt>
      <trkpt lat="66.280609" lon="14.041561"></trkpt>
      <trkpt lat="66.280562" lon="14.041368"></trkpt>
      <trkpt lat="66.280516" lon="14.041174"></trkpt>
      <trkpt lat="66.280406" lon="14.040658"></trkpt>
      <trkpt lat="66.280245" lon="14.039866"></trkpt>
      <trkpt lat="66.280147" lon="14.039416"></trkpt>
      <trkpt lat="66.280061" lon="14.039091"></trkpt>
      <trkpt lat="66.279945" lon="14.038695"></trkpt>
      <trkpt lat="66.279924" lon="14.038630"></trkpt>
      <trkpt lat="66.279814" lon="14.038284"></trkpt>
      <trkpt lat="66.279700" lon="14.037980"></trkpt>
      <trkpt lat="66.279563" lon="14.037668"></trkpt>
      <trkpt lat="66.279386" lon="14.037295"></trkpt>
      <trkpt lat="66.279313" lon="14.037156"></trkpt>
      <trkpt lat="66.279162" lon="14.036901"></trkpt>
      <trkpt lat="66.279016" lon="14.036695"></trkpt>
      <trkpt lat="66.278933" lon="14.036599"></trkpt>
      <trkpt lat="66.278849" lon="14.036514"></trkpt>
      <trkpt lat="66.278763" lon="14.036439"></trkpt>
      <trkpt lat="66.278693" lon="14.036387"></trkpt>
      <trkpt lat="66.278599" lon="14.036331"></trkpt>
      <trkpt lat="66.278518" lon="14.036298"></trkpt>
      <trkpt lat="66.278434" lon="14.036272"></trkpt>
      <trkpt lat="66.278236" lon="14.036234"></trkpt>
      <trkpt lat="66.277682" lon="14.036180"></trkpt>
      <trkpt lat="66.277418" lon="14.036149"></trkpt>
      <trkpt lat="66.277319" lon="14.036130"></trkpt>
      <trkpt lat="66.277220" lon="14.036100"></trkpt>
      <trkpt lat="66.277034" lon="14.036021"></trkpt>
      <trkpt lat="66.276909" lon="14.035941"></trkpt>
      <trkpt lat="66.276780" lon="14.035836"></trkpt>
      <trkpt lat="66.276703" lon="14.035760"></trkpt>
      <trkpt lat="66.276614" lon="14.035653"></trkpt>
      <trkpt lat="66.276538" lon="14.035540"></trkpt>
      <trkpt lat="66.276477" lon="14.035437"></trkpt>
      <trkpt lat="66.276415" lon="14.035320"></trkpt>
      <trkpt lat="66.276344" lon="14.035171"></trkpt>
      <trkpt lat="66.276303" lon="14.035072"></trkpt>
      <trkpt lat="66.276233" lon="14.034885"></trkpt>
      <trkpt lat="66.276189" lon="14.034750"></trkpt>
      <trkpt lat="66.276131" lon="14.034541"></trkpt>
      <trkpt lat="66.276091" lon="14.034366"></trkpt>
      <trkpt lat="66.275999" lon="14.033886"></trkpt>
      <trkpt lat="66.275967" lon="14.033670"></trkpt>
      <trkpt lat="66.275941" lon="14.033474"></trkpt>
      <trkpt lat="66.275814" lon="14.032437"></trkpt>
      <trkpt lat="66.275749" lon="14.031956"></trkpt>
      <trkpt lat="66.275715" lon="14.031727"></trkpt>
      <trkpt lat="66.275677" lon="14.031503"></trkpt>
      <trkpt lat="66.275636" lon="14.031270"></trkpt>
      <trkpt lat="66.275587" lon="14.031021"></trkpt>
      <trkpt lat="66.275538" lon="14.030775"></trkpt>
      <trkpt lat="66.275464" lon="14.030442"></trkpt>
      <trkpt lat="66.275182" lon="14.029198"></trkpt>
      <trkpt lat="66.275027" lon="14.028532"></trkpt>
      <trkpt lat="66.274711" lon="14.027125"></trkpt>
      <trkpt lat="66.274280" lon="14.025122"></trkpt>
      <trkpt lat="66.274072" lon="14.024127"></trkpt>
      <trkpt lat="66.273816" lon="14.022859"></trkpt>
      <trkpt lat="66.273717" lon="14.022339"></trkpt>
      <trkpt lat="66.273566" lon="14.021509"></trkpt>
      <trkpt lat="66.273449" lon="14.020814"></trkpt>
      <trkpt lat="66.273385" lon="14.020410"></trkpt>
      <trkpt lat="66.273170" lon="14.018946"></trkpt>
      <trkpt lat="66.273065" lon="14.018206"></trkpt>
      <trkpt lat="66.272864" lon="14.016726"></trkpt>
      <trkpt lat="66.272731" lon="14.015708"></trkpt>
      <trkpt lat="66.272688" lon="14.015348"></trkpt>
      <trkpt lat="66.272660" lon="14.015077"></trkpt>
      <trkpt lat="66.272625" lon="14.014672"></trkpt>
      <trkpt lat="66.272605" lon="14.014403"></trkpt>
      <trkpt lat="66.272595" lon="14.014191"></trkpt>
      <trkpt lat="66.272583" lon="14.013908"></trkpt>
      <trkpt lat="66.272578" lon="14.013617"></trkpt>
      <trkpt lat="66.272577" lon="14.013360"></trkpt>
      <trkpt lat="66.272580" lon="14.013076"></trkpt>
      <trkpt lat="66.272592" lon="14.012679"></trkpt>
      <trkpt lat="66.272631" lon="14.011930"></trkpt>
      <trkpt lat="66.272653" lon="14.011540"></trkpt>
      <trkpt lat="66.272671" lon="14.011257"></trkpt>
      <trkpt lat="66.272817" lon="14.008797"></trkpt>
      <trkpt lat="66.272938" lon="14.006883"></trkpt>
      <trkpt lat="66.272980" lon="14.006125"></trkpt>
      <trkpt lat="66.272996" lon="14.005784"></trkpt>
      <trkpt lat="66.273007" lon="14.005446"></trkpt>
      <trkpt lat="66.273015" lon="14.004973"></trkpt>
      <trkpt lat="66.273007" lon="14.004458"></trkpt>
      <trkpt lat="66.272994" lon="14.004073"></trkpt>
      <trkpt lat="66.272970" lon="14.003607"></trkpt>
      <trkpt lat="66.272872" lon="14.001971"></trkpt>
      <trkpt lat="66.272842" lon="14.001335"></trkpt>
      <trkpt lat="66.272827" lon="14.000953"></trkpt>
      <trkpt lat="66.272824" lon="14.000864"></trkpt>
      <trkpt lat="66.272808" lon="14.000175"></trkpt>
      <trkpt lat="66.272802" lon="13.999452"></trkpt>
      <trkpt lat="66.272804" lon="13.998663"></trkpt>
      <trkpt lat="66.272811" lon="13.998041"></trkpt>
      <trkpt lat="66.272816" lon="13.997411"></trkpt>
      <trkpt lat="66.272822" lon="13.997032"></trkpt>
      <trkpt lat="66.272826" lon="13.996783"></trkpt>
      <trkpt lat="66.272835" lon="13.996481"></trkpt>
      <trkpt lat="66.272848" lon="13.996179"></trkpt>
      <trkpt lat="66.272907" lon="13.995075"></trkpt>
      <trkpt lat="66.272931" lon="13.994558"></trkpt>
      <trkpt lat="66.272947" lon="13.993975"></trkpt>
      <trkpt lat="66.272947" lon="13.993692"></trkpt>
      <trkpt lat="66.272934" lon="13.993187"></trkpt>
      <trkpt lat="66.272913" lon="13.992785"></trkpt>
      <trkpt lat="66.272867" lon="13.992225"></trkpt>
      <trkpt lat="66.272836" lon="13.991907"></trkpt>
      <trkpt lat="66.272816" lon="13.991739"></trkpt>
      <trkpt lat="66.272790" lon="13.991528"></trkpt>
      <trkpt lat="66.272746" lon="13.991216"></trkpt>
      <trkpt lat="66.272706" lon="13.990968"></trkpt>
      <trkpt lat="66.272642" lon="13.990616"></trkpt>
      <trkpt lat="66.272573" lon="13.990276"></trkpt>
      <trkpt lat="66.272351" lon="13.989309"></trkpt>
      <trkpt lat="66.272009" lon="13.987905"></trkpt>
      <trkpt lat="66.271638" lon="13.986397"></trkpt>
      <trkpt lat="66.271496" lon="13.985811"></trkpt>
      <trkpt lat="66.271355" lon="13.985249"></trkpt>
      <trkpt lat="66.271202" lon="13.984605"></trkpt>
      <trkpt lat="66.270960" lon="13.983622"></trkpt>
      <trkpt lat="66.270739" lon="13.982733"></trkpt>
      <trkpt lat="66.270659" lon="13.982425"></trkpt>
      <trkpt lat="66.270487" lon="13.981799"></trkpt>
      <trkpt lat="66.270342" lon="13.981324"></trkpt>
      <trkpt lat="66.270246" lon="13.981025"></trkpt>
      <trkpt lat="66.270007" lon="13.980331"></trkpt>
      <trkpt lat="66.269855" lon="13.979921"></trkpt>
      <trkpt lat="66.269757" lon="13.979669"></trkpt>
      <trkpt lat="66.269683" lon="13.979488"></trkpt>
      <trkpt lat="66.269490" lon="13.979047"></trkpt>
      <trkpt lat="66.269322" lon="13.978709"></trkpt>
      <trkpt lat="66.269169" lon="13.978440"></trkpt>
      <trkpt lat="66.268992" lon="13.978168"></trkpt>
      <trkpt lat="66.268833" lon="13.977965"></trkpt>
      <trkpt lat="66.268736" lon="13.977856"></trkpt>
      <trkpt lat="66.268546" lon="13.977679"></trkpt>
      <trkpt lat="66.268283" lon="13.977473"></trkpt>
      <trkpt lat="66.267886" lon="13.977175"></trkpt>
      <trkpt lat="66.267383" lon="13.976810"></trkpt>
      <trkpt lat="66.267322" lon="13.976767"></trkpt>
      <trkpt lat="66.266950" lon="13.976512"></trkpt>
      <trkpt lat="66.266495" lon="13.976228"></trkpt>
      <trkpt lat="66.266184" lon="13.976055"></trkpt>
      <trkpt lat="66.265797" lon="13.975865"></trkpt>
      <trkpt lat="66.265334" lon="13.975671"></trkpt>
      <trkpt lat="66.264222" lon="13.975248"></trkpt>
      <trkpt lat="66.263710" lon="13.975057"></trkpt>
      <trkpt lat="66.263513" lon="13.974979"></trkpt>
      <trkpt lat="66.262829" lon="13.974719"></trkpt>
      <trkpt lat="66.262178" lon="13.974471"></trkpt>
      <trkpt lat="66.261869" lon="13.974364"></trkpt>
      <trkpt lat="66.261817" lon="13.974347"></trkpt>
      <trkpt lat="66.261754" lon="13.974338"></trkpt>
      <trkpt lat="66.261611" lon="13.974313"></trkpt>
      <trkpt lat="66.261394" lon="13.974295"></trkpt>
      <trkpt lat="66.261135" lon="13.974308"></trkpt>
      <trkpt lat="66.260962" lon="13.974343"></trkpt>
      <trkpt lat="66.260831" lon="13.974382"></trkpt>
      <trkpt lat="66.260385" lon="13.974538"></trkpt>
      <trkpt lat="66.260287" lon="13.974572"></trkpt>
      <trkpt lat="66.260167" lon="13.974595"></trkpt>
      <trkpt lat="66.260004" lon="13.974609"></trkpt>
      <trkpt lat="66.259877" lon="13.974601"></trkpt>
      <trkpt lat="66.259711" lon="13.974574"></trkpt>
      <trkpt lat="66.259194" lon="13.974459"></trkpt>
      <trkpt lat="66.259046" lon="13.974437"></trkpt>
      <trkpt lat="66.258905" lon="13.974434"></trkpt>
      <trkpt lat="66.258777" lon="13.974445"></trkpt>
      <trkpt lat="66.258639" lon="13.974476"></trkpt>
      <trkpt lat="66.258391" lon="13.974562"></trkpt>
      <trkpt lat="66.258121" lon="13.974687"></trkpt>
      <trkpt lat="66.257676" lon="13.974908"></trkpt>
      <trkpt lat="66.256996" lon="13.975253"></trkpt>
      <trkpt lat="66.255471" lon="13.976154"></trkpt>
      <trkpt lat="66.255187" lon="13.976325"></trkpt>
      <trkpt lat="66.255174" lon="13.976334"></trkpt>
      <trkpt lat="66.255002" lon="13.976451"></trkpt>
      <trkpt lat="66.254827" lon="13.976580"></trkpt>
      <trkpt lat="66.254574" lon="13.976791"></trkpt>
      <trkpt lat="66.254481" lon="13.976883"></trkpt>
      <trkpt lat="66.254376" lon="13.976995"></trkpt>
      <trkpt lat="66.254186" lon="13.977220"></trkpt>
      <trkpt lat="66.253796" lon="13.977710"></trkpt>
      <trkpt lat="66.253637" lon="13.977887"></trkpt>
      <trkpt lat="66.253500" lon="13.978019"></trkpt>
      <trkpt lat="66.253315" lon="13.978166"></trkpt>
      <trkpt lat="66.253205" lon="13.978237"></trkpt>
      <trkpt lat="66.253118" lon="13.978283"></trkpt>
      <trkpt lat="66.252935" lon="13.978352"></trkpt>
      <trkpt lat="66.252799" lon="13.978381"></trkpt>
      <trkpt lat="66.252728" lon="13.978387"></trkpt>
      <trkpt lat="66.252634" lon="13.978359"></trkpt>
      <trkpt lat="66.252460" lon="13.978312"></trkpt>
      <trkpt lat="66.252343" lon="13.978269"></trkpt>
      <trkpt lat="66.252280" lon="13.978246"></trkpt>
      <trkpt lat="66.252132" lon="13.978170"></trkpt>
      <trkpt lat="66.251886" lon="13.978027"></trkpt>
      <trkpt lat="66.251611" lon="13.977840"></trkpt>
      <trkpt lat="66.251483" lon="13.977737"></trkpt>
      <trkpt lat="66.251311" lon="13.977638"></trkpt>
      <trkpt lat="66.251187" lon="13.977509"></trkpt>
      <trkpt lat="66.251034" lon="13.977338"></trkpt>
      <trkpt lat="66.250814" lon="13.977079"></trkpt>
      <trkpt lat="66.250636" lon="13.976853"></trkpt>
      <trkpt lat="66.250454" lon="13.976607"></trkpt>
      <trkpt lat="66.250241" lon="13.976287"></trkpt>
      <trkpt lat="66.250063" lon="13.976016"></trkpt>
      <trkpt lat="66.249958" lon="13.975843"></trkpt>
      <trkpt lat="66.249841" lon="13.975646"></trkpt>
      <trkpt lat="66.249740" lon="13.975462"></trkpt>
      <trkpt lat="66.249633" lon="13.975252"></trkpt>
      <trkpt lat="66.249526" lon="13.975026"></trkpt>
      <trkpt lat="66.249401" lon="13.974746"></trkpt>
      <trkpt lat="66.249277" lon="13.974436"></trkpt>
      <trkpt lat="66.249160" lon="13.974105"></trkpt>
      <trkpt lat="66.249036" lon="13.973721"></trkpt>
      <trkpt lat="66.248925" lon="13.973340"></trkpt>
      <trkpt lat="66.248833" lon="13.972994"></trkpt>
      <trkpt lat="66.248727" lon="13.972555"></trkpt>
      <trkpt lat="66.248679" lon="13.972324"></trkpt>
      <trkpt lat="66.248613" lon="13.971982"></trkpt>
      <trkpt lat="66.248517" lon="13.971456"></trkpt>
      <trkpt lat="66.248436" lon="13.970992"></trkpt>
      <trkpt lat="66.248297" lon="13.970163"></trkpt>
      <trkpt lat="66.247925" lon="13.967816"></trkpt>
      <trkpt lat="66.247831" lon="13.967293"></trkpt>
      <trkpt lat="66.247770" lon="13.966990"></trkpt>
      <trkpt lat="66.247703" lon="13.966689"></trkpt>
      <trkpt lat="66.247414" lon="13.965568"></trkpt>
      <trkpt lat="66.247371" lon="13.965388"></trkpt>
      <trkpt lat="66.247287" lon="13.965005"></trkpt>
      <trkpt lat="66.247162" lon="13.964381"></trkpt>
      <trkpt lat="66.246901" lon="13.962987"></trkpt>
      <trkpt lat="66.246789" lon="13.962380"></trkpt>
      <trkpt lat="66.246687" lon="13.961716"></trkpt>
      <trkpt lat="66.246624" lon="13.961257"></trkpt>
      <trkpt lat="66.246536" lon="13.960480"></trkpt>
      <trkpt lat="66.246455" lon="13.959513"></trkpt>
      <trkpt lat="66.246399" lon="13.959062"></trkpt>
      <trkpt lat="66.246329" lon="13.958631"></trkpt>
      <trkpt lat="66.246261" lon="13.958266"></trkpt>
      <trkpt lat="66.246171" lon="13.957899"></trkpt>
      <trkpt lat="66.246088" lon="13.957622"></trkpt>
      <trkpt lat="66.245936" lon="13.957208"></trkpt>
      <trkpt lat="66.245820" lon="13.956936"></trkpt>
      <trkpt lat="66.245693" lon="13.956671"></trkpt>
      <trkpt lat="66.245308" lon="13.955923"></trkpt>
      <trkpt lat="66.245228" lon="13.955777"></trkpt>
      <trkpt lat="66.245096" lon="13.955485"></trkpt>
      <trkpt lat="66.245007" lon="13.955315"></trkpt>
      <trkpt lat="66.244912" lon="13.955106"></trkpt>
      <trkpt lat="66.244724" lon="13.954712"></trkpt>
      <trkpt lat="66.244584" lon="13.954389"></trkpt>
      <trkpt lat="66.244113" lon="13.953345"></trkpt>
      <trkpt lat="66.243935" lon="13.953011"></trkpt>
      <trkpt lat="66.243775" lon="13.952803"></trkpt>
      <trkpt lat="66.243613" lon="13.952645"></trkpt>
      <trkpt lat="66.243479" lon="13.952532"></trkpt>
      <trkpt lat="66.243302" lon="13.952429"></trkpt>
      <trkpt lat="66.243123" lon="13.952347"></trkpt>
      <trkpt lat="66.242992" lon="13.952321"></trkpt>
      <trkpt lat="66.242851" lon="13.952318"></trkpt>
      <trkpt lat="66.242470" lon="13.952229"></trkpt>
      <trkpt lat="66.242273" lon="13.952151"></trkpt>
      <trkpt lat="66.242131" lon="13.952070"></trkpt>
      <trkpt lat="66.242014" lon="13.951925"></trkpt>
      <trkpt lat="66.241870" lon="13.951758"></trkpt>
      <trkpt lat="66.241704" lon="13.951492"></trkpt>
      <trkpt lat="66.241551" lon="13.951233"></trkpt>
      <trkpt lat="66.241442" lon="13.951017"></trkpt>
      <trkpt lat="66.241249" lon="13.950643"></trkpt>
      <trkpt lat="66.241088" lon="13.950347"></trkpt>
      <trkpt lat="66.240986" lon="13.950130"></trkpt>
      <trkpt lat="66.240769" lon="13.949702"></trkpt>
      <trkpt lat="66.240627" lon="13.949445"></trkpt>
      <trkpt lat="66.240529" lon="13.949238"></trkpt>
      <trkpt lat="66.240385" lon="13.948872"></trkpt>
      <trkpt lat="66.240258" lon="13.948491"></trkpt>
      <trkpt lat="66.240177" lon="13.948169"></trkpt>
      <trkpt lat="66.240074" lon="13.947691"></trkpt>
      <trkpt lat="66.239988" lon="13.947210"></trkpt>
      <trkpt lat="66.239897" lon="13.946780"></trkpt>
      <trkpt lat="66.239806" lon="13.946261"></trkpt>
      <trkpt lat="66.239690" lon="13.945747"></trkpt>
      <trkpt lat="66.239614" lon="13.945435"></trkpt>
      <trkpt lat="66.239532" lon="13.945098"></trkpt>
      <trkpt lat="66.239366" lon="13.944397"></trkpt>
      <trkpt lat="66.239239" lon="13.943931"></trkpt>
      <trkpt lat="66.239133" lon="13.943486"></trkpt>
      <trkpt lat="66.239012" lon="13.943026"></trkpt>
      <trkpt lat="66.238904" lon="13.942557"></trkpt>
      <trkpt lat="66.238805" lon="13.942107"></trkpt>
      <trkpt lat="66.238728" lon="13.941677"></trkpt>
      <trkpt lat="66.238703" lon="13.941461"></trkpt>
      <trkpt lat="66.238664" lon="13.941035"></trkpt>
      <trkpt lat="66.238646" lon="13.940697"></trkpt>
      <trkpt lat="66.238636" lon="13.940245"></trkpt>
      <trkpt lat="66.238636" lon="13.939765"></trkpt>
      <trkpt lat="66.238657" lon="13.938671"></trkpt>
      <trkpt lat="66.238651" lon="13.938056"></trkpt>
      <trkpt lat="66.238625" lon="13.937396"></trkpt>
      <trkpt lat="66.238576" lon="13.936803"></trkpt>
      <trkpt lat="66.238463" lon="13.935641"></trkpt>
      <trkpt lat="66.238400" lon="13.934989"></trkpt>
      <trkpt lat="66.238346" lon="13.934484"></trkpt>
      <trkpt lat="66.238307" lon="13.934177"></trkpt>
      <trkpt lat="66.238284" lon="13.934019"></trkpt>
      <trkpt lat="66.238262" lon="13.933874"></trkpt>
      <trkpt lat="66.238212" lon="13.933589"></trkpt>
      <trkpt lat="66.238166" lon="13.933360"></trkpt>
      <trkpt lat="66.238116" lon="13.933136"></trkpt>
      <trkpt lat="66.238047" lon="13.932863"></trkpt>
      <trkpt lat="66.238006" lon="13.932716"></trkpt>
      <trkpt lat="66.237958" lon="13.932556"></trkpt>
      <trkpt lat="66.237882" lon="13.932323"></trkpt>
      <trkpt lat="66.237757" lon="13.931990"></trkpt>
      <trkpt lat="66.237698" lon="13.931851"></trkpt>
      <trkpt lat="66.237617" lon="13.931676"></trkpt>
      <trkpt lat="66.237486" lon="13.931424"></trkpt>
      <trkpt lat="66.237382" lon="13.931250"></trkpt>
      <trkpt lat="66.237243" lon="13.931048"></trkpt>
      <trkpt lat="66.237147" lon="13.930927"></trkpt>
      <trkpt lat="66.237008" lon="13.930770"></trkpt>
      <trkpt lat="66.236542" lon="13.930304"></trkpt>
      <trkpt lat="66.236382" lon="13.930130"></trkpt>
      <trkpt lat="66.236218" lon="13.929925"></trkpt>
      <trkpt lat="66.236069" lon="13.929700"></trkpt>
      <trkpt lat="66.235966" lon="13.929521"></trkpt>
      <trkpt lat="66.235864" lon="13.929321"></trkpt>
      <trkpt lat="66.235760" lon="13.929091"></trkpt>
      <trkpt lat="66.235709" lon="13.928966"></trkpt>
      <trkpt lat="66.235624" lon="13.928739"></trkpt>
      <trkpt lat="66.235571" lon="13.928586"></trkpt>
      <trkpt lat="66.235505" lon="13.928376"></trkpt>
      <trkpt lat="66.235443" lon="13.928158"></trkpt>
      <trkpt lat="66.235411" lon="13.928037"></trkpt>
      <trkpt lat="66.235345" lon="13.927760"></trkpt>
      <trkpt lat="66.235289" lon="13.927493"></trkpt>
      <trkpt lat="66.235239" lon="13.927220"></trkpt>
      <trkpt lat="66.235195" lon="13.926940"></trkpt>
      <trkpt lat="66.235160" lon="13.926677"></trkpt>
      <trkpt lat="66.235113" lon="13.926225"></trkpt>
      <trkpt lat="66.235090" lon="13.925919"></trkpt>
      <trkpt lat="66.235066" lon="13.925467"></trkpt>
      <trkpt lat="66.235049" lon="13.924957"></trkpt>
      <trkpt lat="66.235024" lon="13.923904"></trkpt>
      <trkpt lat="66.234999" lon="13.923291"></trkpt>
      <trkpt lat="66.234970" lon="13.922846"></trkpt>
      <trkpt lat="66.234939" lon="13.922499"></trkpt>
      <trkpt lat="66.234899" lon="13.922146"></trkpt>
      <trkpt lat="66.234879" lon="13.921998"></trkpt>
      <trkpt lat="66.234856" lon="13.921830"></trkpt>
      <trkpt lat="66.234810" lon="13.921540"></trkpt>
      <trkpt lat="66.234742" lon="13.921165"></trkpt>
      <trkpt lat="66.234684" lon="13.920889"></trkpt>
      <trkpt lat="66.234642" lon="13.920706"></trkpt>
      <trkpt lat="66.234595" lon="13.920516"></trkpt>
      <trkpt lat="66.234520" lon="13.920239"></trkpt>
      <trkpt lat="66.234398" lon="13.919841"></trkpt>
      <trkpt lat="66.234279" lon="13.919494"></trkpt>
      <trkpt lat="66.234149" lon="13.919141"></trkpt>
      <trkpt lat="66.233877" lon="13.918431"></trkpt>
      <trkpt lat="66.233735" lon="13.918046"></trkpt>
      <trkpt lat="66.233626" lon="13.917735"></trkpt>
      <trkpt lat="66.233536" lon="13.917458"></trkpt>
      <trkpt lat="66.233450" lon="13.917174"></trkpt>
      <trkpt lat="66.233388" lon="13.916956"></trkpt>
      <trkpt lat="66.233271" lon="13.916508"></trkpt>
      <trkpt lat="66.233156" lon="13.916006"></trkpt>
      <trkpt lat="66.233060" lon="13.915528"></trkpt>
      <trkpt lat="66.232971" lon="13.915018"></trkpt>
      <trkpt lat="66.232901" lon="13.914549"></trkpt>
      <trkpt lat="66.232862" lon="13.914253"></trkpt>
      <trkpt lat="66.232800" lon="13.913696"></trkpt>
      <trkpt lat="66.232772" lon="13.913393"></trkpt>
      <trkpt lat="66.232743" lon="13.913022"></trkpt>
      <trkpt lat="66.232724" lon="13.912725"></trkpt>
      <trkpt lat="66.232704" lon="13.912317"></trkpt>
      <trkpt lat="66.232686" lon="13.911674"></trkpt>
      <trkpt lat="66.232685" lon="13.911052"></trkpt>
      <trkpt lat="66.232690" lon="13.910741"></trkpt>
      <trkpt lat="66.232710" lon="13.910202"></trkpt>
      <trkpt lat="66.232733" lon="13.909747"></trkpt>
      <trkpt lat="66.232773" lon="13.909221"></trkpt>
      <trkpt lat="66.232809" lon="13.908833"></trkpt>
      <trkpt lat="66.232862" lon="13.908362"></trkpt>
      <trkpt lat="66.232925" lon="13.907864"></trkpt>
      <trkpt lat="66.233119" lon="13.906430"></trkpt>
      <trkpt lat="66.233179" lon="13.905941"></trkpt>
      <trkpt lat="66.233237" lon="13.905405"></trkpt>
      <trkpt lat="66.233293" lon="13.904775"></trkpt>
      <trkpt lat="66.233334" lon="13.904183"></trkpt>
      <trkpt lat="66.233357" lon="13.903754"></trkpt>
      <trkpt lat="66.233379" lon="13.903156"></trkpt>
      <trkpt lat="66.233391" lon="13.902524"></trkpt>
      <trkpt lat="66.233391" lon="13.901935"></trkpt>
      <trkpt lat="66.233385" lon="13.901513"></trkpt>
      <trkpt lat="66.233367" lon="13.900836"></trkpt>
      <trkpt lat="66.233256" lon="13.897603"></trkpt>
      <trkpt lat="66.233212" lon="13.896407"></trkpt>
      <trkpt lat="66.233173" lon="13.895636"></trkpt>
      <trkpt lat="66.233153" lon="13.895317"></trkpt>
      <trkpt lat="66.233108" lon="13.894716"></trkpt>
      <trkpt lat="66.233053" lon="13.894109"></trkpt>
      <trkpt lat="66.233023" lon="13.893818"></trkpt>
      <trkpt lat="66.232984" lon="13.893465"></trkpt>
      <trkpt lat="66.232935" lon="13.893060"></trkpt>
      <trkpt lat="66.232873" lon="13.892596"></trkpt>
      <trkpt lat="66.232797" lon="13.892084"></trkpt>
      <trkpt lat="66.232755" lon="13.891815"></trkpt>
      <trkpt lat="66.232682" lon="13.891385"></trkpt>
      <trkpt lat="66.232606" lon="13.890970"></trkpt>
      <trkpt lat="66.232516" lon="13.890510"></trkpt>
      <trkpt lat="66.232364" lon="13.889779"></trkpt>
      <trkpt lat="66.231851" lon="13.887359"></trkpt>
      <trkpt lat="66.231586" lon="13.886117"></trkpt>
      <trkpt lat="66.231459" lon="13.885509"></trkpt>
      <trkpt lat="66.231361" lon="13.885034"></trkpt>
      <trkpt lat="66.231252" lon="13.884461"></trkpt>
      <trkpt lat="66.231211" lon="13.884226"></trkpt>
      <trkpt lat="66.231157" lon="13.883882"></trkpt>
      <trkpt lat="66.231105" lon="13.883518"></trkpt>
      <trkpt lat="66.231062" lon="13.883172"></trkpt>
      <trkpt lat="66.231035" lon="13.882932"></trkpt>
      <trkpt lat="66.231001" lon="13.882582"></trkpt>
      <trkpt lat="66.230963" lon="13.882107"></trkpt>
      <trkpt lat="66.230929" lon="13.881547"></trkpt>
      <trkpt lat="66.230855" lon="13.879857"></trkpt>
      <trkpt lat="66.230827" lon="13.879316"></trkpt>
      <trkpt lat="66.230793" lon="13.878801"></trkpt>
      <trkpt lat="66.230752" lon="13.878312"></trkpt>
      <trkpt lat="66.230678" lon="13.877624"></trkpt>
      <trkpt lat="66.230590" lon="13.876971"></trkpt>
      <trkpt lat="66.230487" lon="13.876319"></trkpt>
      <trkpt lat="66.230300" lon="13.875222"></trkpt>
      <trkpt lat="66.230022" lon="13.873594"></trkpt>
      <trkpt lat="66.229797" lon="13.872265"></trkpt>
      <trkpt lat="66.229779" lon="13.872159"></trkpt>
      <trkpt lat="66.229651" lon="13.871393"></trkpt>
      <trkpt lat="66.229550" lon="13.870739"></trkpt>
      <trkpt lat="66.229466" lon="13.870129"></trkpt>
      <trkpt lat="66.229390" lon="13.869512"></trkpt>
      <trkpt lat="66.229288" lon="13.868545"></trkpt>
      <trkpt lat="66.228742" lon="13.862996"></trkpt>
      <trkpt lat="66.228668" lon="13.862355"></trkpt>
      <trkpt lat="66.228581" lon="13.861760"></trkpt>
      <trkpt lat="66.228499" lon="13.861303"></trkpt>
      <trkpt lat="66.228393" lon="13.860801"></trkpt>
      <trkpt lat="66.228275" lon="13.860329"></trkpt>
      <trkpt lat="66.228153" lon="13.859903"></trkpt>
      <trkpt lat="66.228011" lon="13.859473"></trkpt>
      <trkpt lat="66.227867" lon="13.859092"></trkpt>
      <trkpt lat="66.227714" lon="13.858734"></trkpt>
      <trkpt lat="66.227548" lon="13.858395"></trkpt>
      <trkpt lat="66.227339" lon="13.858028"></trkpt>
      <trkpt lat="66.227120" lon="13.857702"></trkpt>
      <trkpt lat="66.226896" lon="13.857425"></trkpt>
      <trkpt lat="66.226712" lon="13.857217"></trkpt>
      <trkpt lat="66.226559" lon="13.857070"></trkpt>
      <trkpt lat="66.226430" lon="13.856970"></trkpt>
      <trkpt lat="66.226245" lon="13.856855"></trkpt>
      <trkpt lat="66.226055" lon="13.856753"></trkpt>
      <trkpt lat="66.225761" lon="13.856619"></trkpt>
      <trkpt lat="66.225532" lon="13.856531"></trkpt>
      <trkpt lat="66.225396" lon="13.856466"></trkpt>
      <trkpt lat="66.225253" lon="13.856393"></trkpt>
      <trkpt lat="66.225122" lon="13.856308"></trkpt>
      <trkpt lat="66.224995" lon="13.856197"></trkpt>
      <trkpt lat="66.224874" lon="13.856083"></trkpt>
      <trkpt lat="66.224742" lon="13.855943"></trkpt>
      <trkpt lat="66.224518" lon="13.855663"></trkpt>
      <trkpt lat="66.224255" lon="13.855279"></trkpt>
      <trkpt lat="66.223126" lon="13.853501"></trkpt>
      <trkpt lat="66.222954" lon="13.853215"></trkpt>
      <trkpt lat="66.222823" lon="13.852979"></trkpt>
      <trkpt lat="66.222737" lon="13.852816"></trkpt>
      <trkpt lat="66.222585" lon="13.852492"></trkpt>
      <trkpt lat="66.222493" lon="13.852275"></trkpt>
      <trkpt lat="66.222367" lon="13.851948"></trkpt>
      <trkpt lat="66.222237" lon="13.851565"></trkpt>
      <trkpt lat="66.222192" lon="13.851421"></trkpt>
      <trkpt lat="66.222051" lon="13.850930"></trkpt>
      <trkpt lat="66.222026" lon="13.850835"></trkpt>
      <trkpt lat="66.221986" lon="13.850680"></trkpt>
      <trkpt lat="66.221890" lon="13.850285"></trkpt>
      <trkpt lat="66.221803" lon="13.849899"></trkpt>
      <trkpt lat="66.221650" lon="13.849146"></trkpt>
      <trkpt lat="66.221447" lon="13.848032"></trkpt>
      <trkpt lat="66.221284" lon="13.847062"></trkpt>
      <trkpt lat="66.221043" lon="13.845491"></trkpt>
      <trkpt lat="66.220973" lon="13.845095"></trkpt>
      <trkpt lat="66.220903" lon="13.844724"></trkpt>
      <trkpt lat="66.220822" lon="13.844351"></trkpt>
      <trkpt lat="66.220675" lon="13.843808"></trkpt>
      <trkpt lat="66.220627" lon="13.843641"></trkpt>
      <trkpt lat="66.220498" lon="13.843253"></trkpt>
      <trkpt lat="66.220229" lon="13.842560"></trkpt>
      <trkpt lat="66.220175" lon="13.842435"></trkpt>
      <trkpt lat="66.220072" lon="13.842198"></trkpt>
      <trkpt lat="66.219896" lon="13.841756"></trkpt>
      <trkpt lat="66.219719" lon="13.841230"></trkpt>
      <trkpt lat="66.219581" lon="13.840783"></trkpt>
      <trkpt lat="66.219306" lon="13.839854"></trkpt>
      <trkpt lat="66.219153" lon="13.839369"></trkpt>
      <trkpt lat="66.218935" lon="13.838817"></trkpt>
      <trkpt lat="66.218880" lon="13.838690"></trkpt>
      <trkpt lat="66.218682" lon="13.838265"></trkpt>
      <trkpt lat="66.218470" lon="13.837797"></trkpt>
      <trkpt lat="66.218351" lon="13.837506"></trkpt>
      <trkpt lat="66.218230" lon="13.837148"></trkpt>
      <trkpt lat="66.218128" lon="13.836795"></trkpt>
      <trkpt lat="66.218024" lon="13.836395"></trkpt>
      <trkpt lat="66.217875" lon="13.835724"></trkpt>
      <trkpt lat="66.217705" lon="13.834942"></trkpt>
      <trkpt lat="66.217515" lon="13.834073"></trkpt>
      <trkpt lat="66.217344" lon="13.833324"></trkpt>
      <trkpt lat="66.217141" lon="13.832461"></trkpt>
      <trkpt lat="66.216729" lon="13.830773"></trkpt>
      <trkpt lat="66.216130" lon="13.828318"></trkpt>
      <trkpt lat="66.216024" lon="13.827921"></trkpt>
      <trkpt lat="66.215830" lon="13.827152"></trkpt>
      <trkpt lat="66.215602" lon="13.826329"></trkpt>
      <trkpt lat="66.215322" lon="13.825330"></trkpt>
      <trkpt lat="66.215200" lon="13.824917"></trkpt>
      <trkpt lat="66.214985" lon="13.824163"></trkpt>
      <trkpt lat="66.214855" lon="13.823676"></trkpt>
      <trkpt lat="66.214749" lon="13.823243"></trkpt>
      <trkpt lat="66.214571" lon="13.822324"></trkpt>
      <trkpt lat="66.214477" lon="13.821855"></trkpt>
      <trkpt lat="66.214409" lon="13.821474"></trkpt>
      <trkpt lat="66.214310" lon="13.821001"></trkpt>
      <trkpt lat="66.214180" lon="13.820409"></trkpt>
      <trkpt lat="66.213949" lon="13.819429"></trkpt>
      <trkpt lat="66.213840" lon="13.818911"></trkpt>
      <trkpt lat="66.213771" lon="13.818560"></trkpt>
      <trkpt lat="66.213700" lon="13.818091"></trkpt>
      <trkpt lat="66.213647" lon="13.817726"></trkpt>
      <trkpt lat="66.213513" lon="13.816799"></trkpt>
      <trkpt lat="66.213410" lon="13.816116"></trkpt>
      <trkpt lat="66.213346" lon="13.815749"></trkpt>
      <trkpt lat="66.213263" lon="13.815320"></trkpt>
      <trkpt lat="66.213170" lon="13.814889"></trkpt>
      <trkpt lat="66.213095" lon="13.814558"></trkpt>
      <trkpt lat="66.213015" lon="13.814260"></trkpt>
      <trkpt lat="66.212926" lon="13.813965"></trkpt>
      <trkpt lat="66.212846" lon="13.813721"></trkpt>
      <trkpt lat="66.212752" lon="13.813464"></trkpt>
      <trkpt lat="66.212647" lon="13.813206"></trkpt>
      <trkpt lat="66.212536" lon="13.812963"></trkpt>
      <trkpt lat="66.212407" lon="13.812706"></trkpt>
      <trkpt lat="66.212282" lon="13.812477"></trkpt>
      <trkpt lat="66.212152" lon="13.812263"></trkpt>
      <trkpt lat="66.212008" lon="13.812054"></trkpt>
      <trkpt lat="66.211859" lon="13.811853"></trkpt>
      <trkpt lat="66.211571" lon="13.811488"></trkpt>
      <trkpt lat="66.211239" lon="13.811071"></trkpt>
      <trkpt lat="66.210996" lon="13.810747"></trkpt>
      <trkpt lat="66.210858" lon="13.810515"></trkpt>
      <trkpt lat="66.210725" lon="13.810256"></trkpt>
      <trkpt lat="66.210602" lon="13.809988"></trkpt>
      <trkpt lat="66.210519" lon="13.809764"></trkpt>
      <trkpt lat="66.210396" lon="13.809377"></trkpt>
      <trkpt lat="66.210262" lon="13.808905"></trkpt>
      <trkpt lat="66.210019" lon="13.807985"></trkpt>
      <trkpt lat="66.209796" lon="13.807135"></trkpt>
      <trkpt lat="66.209559" lon="13.806239"></trkpt>
      <trkpt lat="66.209378" lon="13.805607"></trkpt>
      <trkpt lat="66.209228" lon="13.805092"></trkpt>
      <trkpt lat="66.209037" lon="13.804509"></trkpt>
      <trkpt lat="66.208963" lon="13.804289"></trkpt>
      <trkpt lat="66.208801" lon="13.803864"></trkpt>
      <trkpt lat="66.208645" lon="13.803531"></trkpt>
      <trkpt lat="66.208497" lon="13.803240"></trkpt>
      <trkpt lat="66.208350" lon="13.802976"></trkpt>
      <trkpt lat="66.207975" lon="13.802260"></trkpt>
      <trkpt lat="66.207830" lon="13.801949"></trkpt>
      <trkpt lat="66.207664" lon="13.801495"></trkpt>
      <trkpt lat="66.207360" lon="13.800701"></trkpt>
      <trkpt lat="66.207276" lon="13.800486"></trkpt>
      <trkpt lat="66.207095" lon="13.799978"></trkpt>
      <trkpt lat="66.206940" lon="13.799501"></trkpt>
      <trkpt lat="66.206822" lon="13.799087"></trkpt>
      <trkpt lat="66.206708" lon="13.798619"></trkpt>
      <trkpt lat="66.206584" lon="13.798040"></trkpt>
      <trkpt lat="66.206175" lon="13.795918"></trkpt>
      <trkpt lat="66.206054" lon="13.795371"></trkpt>
      <trkpt lat="66.205941" lon="13.794930"></trkpt>
      <trkpt lat="66.205823" lon="13.794526"></trkpt>
      <trkpt lat="66.205693" lon="13.794144"></trkpt>
      <trkpt lat="66.205552" lon="13.793786"></trkpt>
      <trkpt lat="66.205402" lon="13.793454"></trkpt>
      <trkpt lat="66.205243" lon="13.793148"></trkpt>
      <trkpt lat="66.205075" lon="13.792872"></trkpt>
      <trkpt lat="66.204900" lon="13.792622"></trkpt>
      <trkpt lat="66.204717" lon="13.792407"></trkpt>
      <trkpt lat="66.204530" lon="13.792224"></trkpt>
      <trkpt lat="66.204338" lon="13.792074"></trkpt>
      <trkpt lat="66.204141" lon="13.791954"></trkpt>
      <trkpt lat="66.203943" lon="13.791873"></trkpt>
      <trkpt lat="66.203741" lon="13.791825"></trkpt>
      <trkpt lat="66.203540" lon="13.791810"></trkpt>
      <trkpt lat="66.203339" lon="13.791833"></trkpt>
      <trkpt lat="66.203116" lon="13.791894"></trkpt>
      <trkpt lat="66.202730" lon="13.792059"></trkpt>
      <trkpt lat="66.201010" lon="13.792973"></trkpt>
      <trkpt lat="66.200552" lon="13.793214"></trkpt>
      <trkpt lat="66.200401" lon="13.793292"></trkpt>
      <trkpt lat="66.199731" lon="13.793642"></trkpt>
      <trkpt lat="66.199079" lon="13.793999"></trkpt>
      <trkpt lat="66.198479" lon="13.794361"></trkpt>
      <trkpt lat="66.197565" lon="13.794969"></trkpt>
      <trkpt lat="66.196965" lon="13.795342"></trkpt>
      <trkpt lat="66.195684" lon="13.796060"></trkpt>
      <trkpt lat="66.195355" lon="13.796240"></trkpt>
      <trkpt lat="66.194817" lon="13.796539"></trkpt>
      <trkpt lat="66.194000" lon="13.796993"></trkpt>
      <trkpt lat="66.193195" lon="13.797440"></trkpt>
      <trkpt lat="66.192367" lon="13.797963"></trkpt>
      <trkpt lat="66.191988" lon="13.798159"></trkpt>
      <trkpt lat="66.191843" lon="13.798172"></trkpt>
      <trkpt lat="66.191710" lon="13.798210"></trkpt>
      <trkpt lat="66.191454" lon="13.798336"></trkpt>
      <trkpt lat="66.191182" lon="13.798473"></trkpt>
      <trkpt lat="66.191039" lon="13.798496"></trkpt>
      <trkpt lat="66.190995" lon="13.798494"></trkpt>
      <trkpt lat="66.190953" lon="13.798459"></trkpt>
      <trkpt lat="66.190913" lon="13.798408"></trkpt>
      <trkpt lat="66.190819" lon="13.798219"></trkpt>
      <trkpt lat="66.190768" lon="13.798127"></trkpt>
      <trkpt lat="66.190735" lon="13.798091"></trkpt>
      <trkpt lat="66.190685" lon="13.798074"></trkpt>
      <trkpt lat="66.190635" lon="13.798080"></trkpt>
      <trkpt lat="66.190583" lon="13.798091"></trkpt>
      <trkpt lat="66.190513" lon="13.798120"></trkpt>
      <trkpt lat="66.190400" lon="13.798190"></trkpt>
      <trkpt lat="66.190265" lon="13.798270"></trkpt>
      <trkpt lat="66.190186" lon="13.798292"></trkpt>
      <trkpt lat="66.190119" lon="13.798294"></trkpt>
      <trkpt lat="66.190052" lon="13.798265"></trkpt>
      <trkpt lat="66.189987" lon="13.798215"></trkpt>
      <trkpt lat="66.189926" lon="13.798146"></trkpt>
      <trkpt lat="66.189870" lon="13.798049"></trkpt>
      <trkpt lat="66.189825" lon="13.797952"></trkpt>
      <trkpt lat="66.189787" lon="13.797845"></trkpt>
      <trkpt lat="66.189755" lon="13.797731"></trkpt>
      <trkpt lat="66.189732" lon="13.797605"></trkpt>
      <trkpt lat="66.189718" lon="13.797502"></trkpt>
      <trkpt lat="66.189708" lon="13.797378"></trkpt>
      <trkpt lat="66.189700" lon="13.797161"></trkpt>
      <trkpt lat="66.189700" lon="13.796754"></trkpt>
      <trkpt lat="66.189701" lon="13.796566"></trkpt>
      <trkpt lat="66.189701" lon="13.796231"></trkpt>
      <trkpt lat="66.189691" lon="13.795957"></trkpt>
      <trkpt lat="66.189665" lon="13.795687"></trkpt>
      <trkpt lat="66.189628" lon="13.795427"></trkpt>
      <trkpt lat="66.189576" lon="13.795178"></trkpt>
      <trkpt lat="66.189519" lon="13.794999"></trkpt>
      <trkpt lat="66.189441" lon="13.794791"></trkpt>
      <trkpt lat="66.189357" lon="13.794596"></trkpt>
      <trkpt lat="66.189190" lon="13.794264"></trkpt>
      <trkpt lat="66.189022" lon="13.793963"></trkpt>
      <trkpt lat="66.188847" lon="13.793677"></trkpt>
      <trkpt lat="66.188744" lon="13.793485"></trkpt>
      <trkpt lat="66.188668" lon="13.793300"></trkpt>
      <trkpt lat="66.188636" lon="13.793190"></trkpt>
      <trkpt lat="66.188398" lon="13.792308"></trkpt>
      <trkpt lat="66.188359" lon="13.792193"></trkpt>
      <trkpt lat="66.188298" lon="13.792033"></trkpt>
      <trkpt lat="66.188192" lon="13.791850"></trkpt>
      <trkpt lat="66.188163" lon="13.791829"></trkpt>
      <trkpt lat="66.188040" lon="13.791764"></trkpt>
      <trkpt lat="66.187977" lon="13.791742"></trkpt>
      <trkpt lat="66.187881" lon="13.791745"></trkpt>
      <trkpt lat="66.187864" lon="13.791741"></trkpt>
      <trkpt lat="66.187777" lon="13.791781"></trkpt>
      <trkpt lat="66.187620" lon="13.791897"></trkpt>
      <trkpt lat="66.187505" lon="13.792023"></trkpt>
      <trkpt lat="66.187388" lon="13.792135"></trkpt>
      <trkpt lat="66.187185" lon="13.792377"></trkpt>
      <trkpt lat="66.186956" lon="13.792610"></trkpt>
      <trkpt lat="66.186860" lon="13.792693"></trkpt>
      <trkpt lat="66.186741" lon="13.792783"></trkpt>
      <trkpt lat="66.186614" lon="13.792858"></trkpt>
      <trkpt lat="66.186495" lon="13.792928"></trkpt>
      <trkpt lat="66.186379" lon="13.793033"></trkpt>
      <trkpt lat="66.186159" lon="13.793254"></trkpt>
      <trkpt lat="66.186034" lon="13.793365"></trkpt>
      <trkpt lat="66.185700" lon="13.793704"></trkpt>
      <trkpt lat="66.185667" lon="13.793737"></trkpt>
      <trkpt lat="66.185562" lon="13.793834"></trkpt>
      <trkpt lat="66.185415" lon="13.793945"></trkpt>
      <trkpt lat="66.185329" lon="13.794018"></trkpt>
      <trkpt lat="66.185044" lon="13.794180"></trkpt>
      <trkpt lat="66.184895" lon="13.794291"></trkpt>
      <trkpt lat="66.184749" lon="13.794438"></trkpt>
      <trkpt lat="66.184286" lon="13.795022"></trkpt>
      <trkpt lat="66.184236" lon="13.795069"></trkpt>
      <trkpt lat="66.184182" lon="13.795087"></trkpt>
      <trkpt lat="66.184129" lon="13.795071"></trkpt>
      <trkpt lat="66.184078" lon="13.795025"></trkpt>
      <trkpt lat="66.184065" lon="13.795002"></trkpt>
      <trkpt lat="66.183950" lon="13.794809"></trkpt>
      <trkpt lat="66.184117" lon="13.794404"></trkpt>
      <trkpt lat="66.184301" lon="13.793902"></trkpt>
      <trkpt lat="66.184475" lon="13.793379"></trkpt>
      <trkpt lat="66.184637" lon="13.792836"></trkpt>
      <trkpt lat="66.184789" lon="13.792274"></trkpt>
      <trkpt lat="66.184928" lon="13.791690"></trkpt>
      <trkpt lat="66.185056" lon="13.791092"></trkpt>
      <trkpt lat="66.185170" lon="13.790478"></trkpt>
      <trkpt lat="66.185278" lon="13.789820"></trkpt>
      <trkpt lat="66.185426" lon="13.788770"></trkpt>
      <trkpt lat="66.185539" lon="13.787790"></trkpt>
      <trkpt lat="66.185609" lon="13.787088"></trkpt>
      <trkpt lat="66.185530" lon="13.787039"></trkpt>
      <trkpt lat="66.185507" lon="13.786993"></trkpt>
      <trkpt lat="66.185487" lon="13.786926"></trkpt>
      <trkpt lat="66.185480" lon="13.786843"></trkpt>
      <trkpt lat="66.185482" lon="13.786778"></trkpt>
      <trkpt lat="66.185491" lon="13.786688"></trkpt>
      <trkpt lat="66.185482" lon="13.786778"></trkpt>
      <trkpt lat="66.185480" lon="13.786843"></trkpt>
      <trkpt lat="66.185487" lon="13.786926"></trkpt>
      <trkpt lat="66.185507" lon="13.786993"></trkpt>
      <trkpt lat="66.185530" lon="13.787039"></trkpt>
      <trkpt lat="66.185609" lon="13.787088"></trkpt>
      <trkpt lat="66.185539" lon="13.787790"></trkpt>
      <trkpt lat="66.185426" lon="13.788770"></trkpt>
      <trkpt lat="66.185278" lon="13.789820"></trkpt>
      <trkpt lat="66.185170" lon="13.790478"></trkpt>
      <trkpt lat="66.185056" lon="13.791092"></trkpt>
      <trkpt lat="66.184928" lon="13.791690"></trkpt>
      <trkpt lat="66.184892" lon="13.791842"></trkpt>
      <trkpt lat="66.184789" lon="13.792274"></trkpt>
      <trkpt lat="66.184637" lon="13.792836"></trkpt>
      <trkpt lat="66.184475" lon="13.793379"></trkpt>
      <trkpt lat="66.184301" lon="13.793902"></trkpt>
      <trkpt lat="66.184117" lon="13.794404"></trkpt>
      <trkpt lat="66.183950" lon="13.794809"></trkpt>
      <trkpt lat="66.183719" lon="13.795331"></trkpt>
      <trkpt lat="66.183506" lon="13.795756"></trkpt>
      <trkpt lat="66.183285" lon="13.796153"></trkpt>
      <trkpt lat="66.183055" lon="13.796523"></trkpt>
      <trkpt lat="66.182819" lon="13.796863"></trkpt>
      <trkpt lat="66.182576" lon="13.797172"></trkpt>
      <trkpt lat="66.182405" lon="13.797364"></trkpt>
      <trkpt lat="66.182256" lon="13.797493"></trkpt>
      <trkpt lat="66.182104" lon="13.797587"></trkpt>
      <trkpt lat="66.181950" lon="13.797650"></trkpt>
      <trkpt lat="66.181793" lon="13.797679"></trkpt>
      <trkpt lat="66.180480" lon="13.797635"></trkpt>
      <trkpt lat="66.180242" lon="13.797658"></trkpt>
      <trkpt lat="66.180006" lon="13.797715"></trkpt>
      <trkpt lat="66.179772" lon="13.797804"></trkpt>
      <trkpt lat="66.179538" lon="13.797931"></trkpt>
      <trkpt lat="66.179458" lon="13.797988"></trkpt>
      <trkpt lat="66.179311" lon="13.798090"></trkpt>
      <trkpt lat="66.179085" lon="13.798281"></trkpt>
      <trkpt lat="66.178866" lon="13.798506"></trkpt>
      <trkpt lat="66.178651" lon="13.798761"></trkpt>
      <trkpt lat="66.178444" lon="13.799046"></trkpt>
      <trkpt lat="66.178233" lon="13.799380"></trkpt>
      <trkpt lat="66.177546" lon="13.800508"></trkpt>
      <trkpt lat="66.177505" lon="13.800612"></trkpt>
      <trkpt lat="66.177475" lon="13.800736"></trkpt>
      <trkpt lat="66.177455" lon="13.800870"></trkpt>
      <trkpt lat="66.177448" lon="13.801015"></trkpt>
      <trkpt lat="66.177454" lon="13.801156"></trkpt>
      <trkpt lat="66.177471" lon="13.801391"></trkpt>
      <trkpt lat="66.177496" lon="13.801536"></trkpt>
      <trkpt lat="66.177535" lon="13.801671"></trkpt>
      <trkpt lat="66.177551" lon="13.801706"></trkpt>
      <trkpt lat="66.177601" lon="13.801813"></trkpt>
      <trkpt lat="66.177538" lon="13.802047"></trkpt>
      <trkpt lat="66.177105" lon="13.803937"></trkpt>
      <trkpt lat="66.176961" lon="13.804594"></trkpt>
      <trkpt lat="66.176831" lon="13.805291"></trkpt>
      <trkpt lat="66.176590" lon="13.806370"></trkpt>
      <trkpt lat="66.176377" lon="13.807369"></trkpt>
      <trkpt lat="66.176237" lon="13.808088"></trkpt>
      <trkpt lat="66.176132" lon="13.808714"></trkpt>
      <trkpt lat="66.176069" lon="13.809148"></trkpt>
      <trkpt lat="66.175965" lon="13.809941"></trkpt>
      <trkpt lat="66.175872" lon="13.810577"></trkpt>
      <trkpt lat="66.175766" lon="13.811201"></trkpt>
      <trkpt lat="66.175647" lon="13.811810"></trkpt>
      <trkpt lat="66.175516" lon="13.812402"></trkpt>
      <trkpt lat="66.175373" lon="13.812982"></trkpt>
      <trkpt lat="66.175218" lon="13.813539"></trkpt>
      <trkpt lat="66.175053" lon="13.814075"></trkpt>
      <trkpt lat="66.174873" lon="13.814600"></trkpt>
      <trkpt lat="66.174404" lon="13.815838"></trkpt>
      <trkpt lat="66.174250" lon="13.816285"></trkpt>
      <trkpt lat="66.174116" lon="13.816728"></trkpt>
      <trkpt lat="66.173992" lon="13.817191"></trkpt>
      <trkpt lat="66.173880" lon="13.817671"></trkpt>
      <trkpt lat="66.173773" lon="13.818211"></trkpt>
      <trkpt lat="66.173543" lon="13.819486"></trkpt>
      <trkpt lat="66.173435" lon="13.820021"></trkpt>
      <trkpt lat="66.173328" lon="13.820470"></trkpt>
      <trkpt lat="66.173210" lon="13.820899"></trkpt>
      <trkpt lat="66.173080" lon="13.821311"></trkpt>
      <trkpt lat="66.172939" lon="13.821699"></trkpt>
      <trkpt lat="66.172789" lon="13.822064"></trkpt>
      <trkpt lat="66.172629" lon="13.822402"></trkpt>
      <trkpt lat="66.172426" lon="13.822772"></trkpt>
      <trkpt lat="66.172282" lon="13.822992"></trkpt>
      <trkpt lat="66.172097" lon="13.823245"></trkpt>
      <trkpt lat="66.171906" lon="13.823465"></trkpt>
      <trkpt lat="66.171655" lon="13.823707"></trkpt>
      <trkpt lat="66.171273" lon="13.824058"></trkpt>
      <trkpt lat="66.171175" lon="13.824164"></trkpt>
      <trkpt lat="66.171076" lon="13.824271"></trkpt>
      <trkpt lat="66.170890" lon="13.824512"></trkpt>
      <trkpt lat="66.170710" lon="13.824785"></trkpt>
      <trkpt lat="66.170537" lon="13.825086"></trkpt>
      <trkpt lat="66.170455" lon="13.825250"></trkpt>
      <trkpt lat="66.170374" lon="13.825415"></trkpt>
      <trkpt lat="66.170220" lon="13.825770"></trkpt>
      <trkpt lat="66.170076" lon="13.826150"></trkpt>
      <trkpt lat="66.169940" lon="13.826562"></trkpt>
      <trkpt lat="66.169639" lon="13.827583"></trkpt>
      <trkpt lat="66.169498" lon="13.828027"></trkpt>
      <trkpt lat="66.169358" lon="13.828417"></trkpt>
      <trkpt lat="66.169207" lon="13.828781"></trkpt>
      <trkpt lat="66.169047" lon="13.829119"></trkpt>
      <trkpt lat="66.168878" lon="13.829428"></trkpt>
      <trkpt lat="66.168700" lon="13.829712"></trkpt>
      <trkpt lat="66.168167" lon="13.830457"></trkpt>
      <trkpt lat="66.168017" lon="13.830693"></trkpt>
      <trkpt lat="66.167854" lon="13.830988"></trkpt>
      <trkpt lat="66.167700" lon="13.831311"></trkpt>
      <trkpt lat="66.167556" lon="13.831659"></trkpt>
      <trkpt lat="66.167422" lon="13.832033"></trkpt>
      <trkpt lat="66.167299" lon="13.832429"></trkpt>
      <trkpt lat="66.167199" lon="13.832790"></trkpt>
      <trkpt lat="66.167131" lon="13.833080"></trkpt>
      <trkpt lat="66.167089" lon="13.833277"></trkpt>
      <trkpt lat="66.166998" lon="13.833747"></trkpt>
      <trkpt lat="66.166909" lon="13.834293"></trkpt>
      <trkpt lat="66.166819" lon="13.834942"></trkpt>
      <trkpt lat="66.166706" lon="13.835899"></trkpt>
      <trkpt lat="66.166591" lon="13.836873"></trkpt>
      <trkpt lat="66.166485" lon="13.837778"></trkpt>
      <trkpt lat="66.166372" lon="13.838578"></trkpt>
      <trkpt lat="66.166275" lon="13.839153"></trkpt>
      <trkpt lat="66.166173" lon="13.839668"></trkpt>
      <trkpt lat="66.166059" lon="13.840172"></trkpt>
      <trkpt lat="66.165931" lon="13.840655"></trkpt>
      <trkpt lat="66.165792" lon="13.841116"></trkpt>
      <trkpt lat="66.165642" lon="13.841557"></trkpt>
      <trkpt lat="66.165482" lon="13.841975"></trkpt>
      <trkpt lat="66.165311" lon="13.842369"></trkpt>
      <trkpt lat="66.165131" lon="13.842734"></trkpt>
      <trkpt lat="66.164942" lon="13.843073"></trkpt>
      <trkpt lat="66.164746" lon="13.843381"></trkpt>
      <trkpt lat="66.164541" lon="13.843659"></trkpt>
      <trkpt lat="66.164331" lon="13.843906"></trkpt>
      <trkpt lat="66.164115" lon="13.844120"></trkpt>
      <trkpt lat="66.163893" lon="13.844303"></trkpt>
      <trkpt lat="66.163668" lon="13.844451"></trkpt>
      <trkpt lat="66.163439" lon="13.844566"></trkpt>
      <trkpt lat="66.163208" lon="13.844645"></trkpt>
      <trkpt lat="66.162976" lon="13.844686"></trkpt>
      <trkpt lat="66.162743" lon="13.844697"></trkpt>
      <trkpt lat="66.162510" lon="13.844670"></trkpt>
      <trkpt lat="66.162321" lon="13.844612"></trkpt>
      <trkpt lat="66.162128" lon="13.844545"></trkpt>
      <trkpt lat="66.162022" lon="13.844498"></trkpt>
      <trkpt lat="66.161873" lon="13.844419"></trkpt>
      <trkpt lat="66.161777" lon="13.844362"></trkpt>
      <trkpt lat="66.161496" lon="13.844166"></trkpt>
      <trkpt lat="66.161182" lon="13.843910"></trkpt>
      <trkpt lat="66.160795" lon="13.843548"></trkpt>
      <trkpt lat="66.158304" lon="13.841043"></trkpt>
      <trkpt lat="66.158134" lon="13.840874"></trkpt>
      <trkpt lat="66.157723" lon="13.840458"></trkpt>
      <trkpt lat="66.157221" lon="13.839951"></trkpt>
      <trkpt lat="66.156796" lon="13.839525"></trkpt>
      <trkpt lat="66.156334" lon="13.839058"></trkpt>
      <trkpt lat="66.155772" lon="13.838494"></trkpt>
      <trkpt lat="66.155073" lon="13.837788"></trkpt>
      <trkpt lat="66.154572" lon="13.837282"></trkpt>
      <trkpt lat="66.154438" lon="13.837095"></trkpt>
      <trkpt lat="66.153824" lon="13.836432"></trkpt>
      <trkpt lat="66.153555" lon="13.836151"></trkpt>
      <trkpt lat="66.153059" lon="13.835655"></trkpt>
      <trkpt lat="66.151982" lon="13.834625"></trkpt>
      <trkpt lat="66.151863" lon="13.834553"></trkpt>
      <trkpt lat="66.151111" lon="13.833805"></trkpt>
      <trkpt lat="66.148326" lon="13.830990"></trkpt>
      <trkpt lat="66.148024" lon="13.830708"></trkpt>
      <trkpt lat="66.147752" lon="13.830468"></trkpt>
      <trkpt lat="66.147537" lon="13.830310"></trkpt>
      <trkpt lat="66.147341" lon="13.830185"></trkpt>
      <trkpt lat="66.147225" lon="13.830124"></trkpt>
      <trkpt lat="66.147126" lon="13.830068"></trkpt>
      <trkpt lat="66.147073" lon="13.830049"></trkpt>
      <trkpt lat="66.146923" lon="13.829994"></trkpt>
      <trkpt lat="66.146807" lon="13.829927"></trkpt>
      <trkpt lat="66.146681" lon="13.829888"></trkpt>
      <trkpt lat="66.146492" lon="13.829858"></trkpt>
      <trkpt lat="66.146167" lon="13.829856"></trkpt>
      <trkpt lat="66.146032" lon="13.829879"></trkpt>
      <trkpt lat="66.145759" lon="13.829942"></trkpt>
      <trkpt lat="66.145560" lon="13.830014"></trkpt>
      <trkpt lat="66.145328" lon="13.830130"></trkpt>
      <trkpt lat="66.145002" lon="13.830326"></trkpt>
      <trkpt lat="66.144652" lon="13.830572"></trkpt>
      <trkpt lat="66.144383" lon="13.830786"></trkpt>
      <trkpt lat="66.144193" lon="13.830970"></trkpt>
      <trkpt lat="66.143121" lon="13.831806"></trkpt>
      <trkpt lat="66.142869" lon="13.831991"></trkpt>
      <trkpt lat="66.142624" lon="13.832143"></trkpt>
      <trkpt lat="66.142411" lon="13.832240"></trkpt>
      <trkpt lat="66.142207" lon="13.832303"></trkpt>
      <trkpt lat="66.141947" lon="13.832330"></trkpt>
      <trkpt lat="66.141803" lon="13.832323"></trkpt>
      <trkpt lat="66.141634" lon="13.832294"></trkpt>
      <trkpt lat="66.141459" lon="13.832240"></trkpt>
      <trkpt lat="66.141267" lon="13.832151"></trkpt>
      <trkpt lat="66.141001" lon="13.831982"></trkpt>
      <trkpt lat="66.140662" lon="13.831683"></trkpt>
      <trkpt lat="66.140502" lon="13.831519"></trkpt>
      <trkpt lat="66.139950" lon="13.830888"></trkpt>
      <trkpt lat="66.138848" lon="13.829675"></trkpt>
      <trkpt lat="66.138489" lon="13.829249"></trkpt>
      <trkpt lat="66.138276" lon="13.828980"></trkpt>
      <trkpt lat="66.137962" lon="13.828533"></trkpt>
      <trkpt lat="66.137849" lon="13.828352"></trkpt>
      <trkpt lat="66.137644" lon="13.827999"></trkpt>
      <trkpt lat="66.137342" lon="13.827396"></trkpt>
      <trkpt lat="66.137150" lon="13.826953"></trkpt>
      <trkpt lat="66.137030" lon="13.826646"></trkpt>
      <trkpt lat="66.136911" lon="13.826292"></trkpt>
      <trkpt lat="66.136772" lon="13.825848"></trkpt>
      <trkpt lat="66.136646" lon="13.825412"></trkpt>
      <trkpt lat="66.136353" lon="13.824352"></trkpt>
      <trkpt lat="66.136158" lon="13.823694"></trkpt>
      <trkpt lat="66.136030" lon="13.823309"></trkpt>
      <trkpt lat="66.135883" lon="13.822914"></trkpt>
      <trkpt lat="66.135688" lon="13.822438"></trkpt>
      <trkpt lat="66.135544" lon="13.822122"></trkpt>
      <trkpt lat="66.135245" lon="13.821528"></trkpt>
      <trkpt lat="66.134954" lon="13.821061"></trkpt>
      <trkpt lat="66.134705" lon="13.820701"></trkpt>
      <trkpt lat="66.134393" lon="13.820349"></trkpt>
      <trkpt lat="66.134265" lon="13.820218"></trkpt>
      <trkpt lat="66.134078" lon="13.820052"></trkpt>
      <trkpt lat="66.133980" lon="13.819965"></trkpt>
      <trkpt lat="66.133706" lon="13.819773"></trkpt>
      <trkpt lat="66.133490" lon="13.819657"></trkpt>
      <trkpt lat="66.133375" lon="13.819598"></trkpt>
      <trkpt lat="66.133202" lon="13.819525"></trkpt>
      <trkpt lat="66.132653" lon="13.819335"></trkpt>
      <trkpt lat="66.132515" lon="13.819290"></trkpt>
      <trkpt lat="66.131081" lon="13.818823"></trkpt>
      <trkpt lat="66.130357" lon="13.818563"></trkpt>
      <trkpt lat="66.129999" lon="13.818432"></trkpt>
      <trkpt lat="66.127206" lon="13.817346"></trkpt>
      <trkpt lat="66.125412" lon="13.816627"></trkpt>
      <trkpt lat="66.124588" lon="13.816314"></trkpt>
      <trkpt lat="66.124308" lon="13.816196"></trkpt>
      <trkpt lat="66.123916" lon="13.816014"></trkpt>
      <trkpt lat="66.123769" lon="13.815919"></trkpt>
      <trkpt lat="66.123640" lon="13.815832"></trkpt>
      <trkpt lat="66.123518" lon="13.815736"></trkpt>
      <trkpt lat="66.123407" lon="13.815638"></trkpt>
      <trkpt lat="66.123308" lon="13.815533"></trkpt>
      <trkpt lat="66.123132" lon="13.815330"></trkpt>
      <trkpt lat="66.122852" lon="13.814943"></trkpt>
      <trkpt lat="66.122524" lon="13.814417"></trkpt>
      <trkpt lat="66.121873" lon="13.813335"></trkpt>
      <trkpt lat="66.121822" lon="13.813258"></trkpt>
      <trkpt lat="66.121606" lon="13.812938"></trkpt>
      <trkpt lat="66.121357" lon="13.812611"></trkpt>
      <trkpt lat="66.121228" lon="13.812458"></trkpt>
      <trkpt lat="66.121075" lon="13.812296"></trkpt>
      <trkpt lat="66.120936" lon="13.812163"></trkpt>
      <trkpt lat="66.120801" lon="13.812052"></trkpt>
      <trkpt lat="66.120677" lon="13.811966"></trkpt>
      <trkpt lat="66.120401" lon="13.811819"></trkpt>
      <trkpt lat="66.120235" lon="13.811753"></trkpt>
      <trkpt lat="66.120087" lon="13.811707"></trkpt>
      <trkpt lat="66.119849" lon="13.811655"></trkpt>
      <trkpt lat="66.119066" lon="13.811559"></trkpt>
      <trkpt lat="66.118937" lon="13.811530"></trkpt>
      <trkpt lat="66.118650" lon="13.811437"></trkpt>
      <trkpt lat="66.118475" lon="13.811357"></trkpt>
      <trkpt lat="66.118282" lon="13.811240"></trkpt>
      <trkpt lat="66.118138" lon="13.811137"></trkpt>
      <trkpt lat="66.117969" lon="13.810989"></trkpt>
      <trkpt lat="66.117800" lon="13.810816"></trkpt>
      <trkpt lat="66.117553" lon="13.810515"></trkpt>
      <trkpt lat="66.117361" lon="13.810241"></trkpt>
      <trkpt lat="66.117255" lon="13.810074"></trkpt>
      <trkpt lat="66.116939" lon="13.809510"></trkpt>
      <trkpt lat="66.116601" lon="13.808854"></trkpt>
      <trkpt lat="66.116414" lon="13.808506"></trkpt>
      <trkpt lat="66.116316" lon="13.808341"></trkpt>
      <trkpt lat="66.116090" lon="13.808025"></trkpt>
      <trkpt lat="66.115891" lon="13.807803"></trkpt>
      <trkpt lat="66.115765" lon="13.807697"></trkpt>
      <trkpt lat="66.115649" lon="13.807615"></trkpt>
      <trkpt lat="66.115544" lon="13.807549"></trkpt>
      <trkpt lat="66.115384" lon="13.807472"></trkpt>
      <trkpt lat="66.115214" lon="13.807412"></trkpt>
      <trkpt lat="66.115060" lon="13.807375"></trkpt>
      <trkpt lat="66.114891" lon="13.807353"></trkpt>
      <trkpt lat="66.114670" lon="13.807346"></trkpt>
      <trkpt lat="66.114428" lon="13.807355"></trkpt>
      <trkpt lat="66.113650" lon="13.807439"></trkpt>
      <trkpt lat="66.111126" lon="13.807738"></trkpt>
      <trkpt lat="66.110632" lon="13.807822"></trkpt>
      <trkpt lat="66.110506" lon="13.807857"></trkpt>
      <trkpt lat="66.110361" lon="13.807914"></trkpt>
      <trkpt lat="66.110177" lon="13.808025"></trkpt>
      <trkpt lat="66.110027" lon="13.808140"></trkpt>
      <trkpt lat="66.109894" lon="13.808279"></trkpt>
      <trkpt lat="66.109795" lon="13.808406"></trkpt>
      <trkpt lat="66.109693" lon="13.808557"></trkpt>
      <trkpt lat="66.109603" lon="13.808709"></trkpt>
      <trkpt lat="66.109089" lon="13.809703"></trkpt>
      <trkpt lat="66.108936" lon="13.809959"></trkpt>
      <trkpt lat="66.108772" lon="13.810186"></trkpt>
      <trkpt lat="66.108598" lon="13.810372"></trkpt>
      <trkpt lat="66.108449" lon="13.810487"></trkpt>
      <trkpt lat="66.108279" lon="13.810585"></trkpt>
      <trkpt lat="66.108128" lon="13.810633"></trkpt>
      <trkpt lat="66.107973" lon="13.810652"></trkpt>
      <trkpt lat="66.107800" lon="13.810632"></trkpt>
      <trkpt lat="66.107654" lon="13.810586"></trkpt>
      <trkpt lat="66.107422" lon="13.810453"></trkpt>
      <trkpt lat="66.107293" lon="13.810346"></trkpt>
      <trkpt lat="66.107159" lon="13.810217"></trkpt>
      <trkpt lat="66.107002" lon="13.810042"></trkpt>
      <trkpt lat="66.106733" lon="13.809688"></trkpt>
      <trkpt lat="66.106624" lon="13.809530"></trkpt>
      <trkpt lat="66.105861" lon="13.808338"></trkpt>
      <trkpt lat="66.105727" lon="13.808143"></trkpt>
      <trkpt lat="66.105582" lon="13.807947"></trkpt>
      <trkpt lat="66.105414" lon="13.807741"></trkpt>
      <trkpt lat="66.105221" lon="13.807532"></trkpt>
      <trkpt lat="66.105053" lon="13.807372"></trkpt>
      <trkpt lat="66.104875" lon="13.807228"></trkpt>
      <trkpt lat="66.104739" lon="13.807131"></trkpt>
      <trkpt lat="66.104552" lon="13.807033"></trkpt>
      <trkpt lat="66.104361" lon="13.806954"></trkpt>
      <trkpt lat="66.104184" lon="13.806903"></trkpt>
      <trkpt lat="66.103869" lon="13.806857"></trkpt>
      <trkpt lat="66.103554" lon="13.806892"></trkpt>
      <trkpt lat="66.103409" lon="13.806923"></trkpt>
      <trkpt lat="66.103291" lon="13.806964"></trkpt>
      <trkpt lat="66.103003" lon="13.807114"></trkpt>
      <trkpt lat="66.102682" lon="13.807348"></trkpt>
      <trkpt lat="66.102512" lon="13.807502"></trkpt>
      <trkpt lat="66.102256" lon="13.807769"></trkpt>
      <trkpt lat="66.102115" lon="13.807938"></trkpt>
      <trkpt lat="66.102022" lon="13.808051"></trkpt>
      <trkpt lat="66.101663" lon="13.808538"></trkpt>
      <trkpt lat="66.098457" lon="13.813096"></trkpt>
      <trkpt lat="66.098171" lon="13.813494"></trkpt>
      <trkpt lat="66.097926" lon="13.813819"></trkpt>
      <trkpt lat="66.097782" lon="13.813990"></trkpt>
      <trkpt lat="66.097629" lon="13.814137"></trkpt>
      <trkpt lat="66.097497" lon="13.814241"></trkpt>
      <trkpt lat="66.097202" lon="13.814422"></trkpt>
      <trkpt lat="66.096644" lon="13.814699"></trkpt>
      <trkpt lat="66.096087" lon="13.814976"></trkpt>
      <trkpt lat="66.095429" lon="13.815300"></trkpt>
      <trkpt lat="66.094972" lon="13.815545"></trkpt>
      <trkpt lat="66.094723" lon="13.815710"></trkpt>
      <trkpt lat="66.094097" lon="13.816176"></trkpt>
      <trkpt lat="66.093919" lon="13.816290"></trkpt>
      <trkpt lat="66.093703" lon="13.816386"></trkpt>
      <trkpt lat="66.093481" lon="13.816449"></trkpt>
      <trkpt lat="66.093344" lon="13.816465"></trkpt>
      <trkpt lat="66.093194" lon="13.816464"></trkpt>
      <trkpt lat="66.093048" lon="13.816443"></trkpt>
      <trkpt lat="66.092715" lon="13.816346"></trkpt>
      <trkpt lat="66.092262" lon="13.816123"></trkpt>
      <trkpt lat="66.091668" lon="13.815795"></trkpt>
      <trkpt lat="66.091466" lon="13.815707"></trkpt>
      <trkpt lat="66.091246" lon="13.815641"></trkpt>
      <trkpt lat="66.091044" lon="13.815618"></trkpt>
      <trkpt lat="66.090801" lon="13.815636"></trkpt>
      <trkpt lat="66.090675" lon="13.815663"></trkpt>
      <trkpt lat="66.090575" lon="13.815699"></trkpt>
      <trkpt lat="66.090446" lon="13.815760"></trkpt>
      <trkpt lat="66.090262" lon="13.815880"></trkpt>
      <trkpt lat="66.090103" lon="13.816004"></trkpt>
      <trkpt lat="66.089943" lon="13.816162"></trkpt>
      <trkpt lat="66.089802" lon="13.816322"></trkpt>
      <trkpt lat="66.089703" lon="13.816454"></trkpt>
      <trkpt lat="66.089539" lon="13.816693"></trkpt>
      <trkpt lat="66.089368" lon="13.816966"></trkpt>
      <trkpt lat="66.088892" lon="13.817799"></trkpt>
      <trkpt lat="66.088670" lon="13.818184"></trkpt>
      <trkpt lat="66.088482" lon="13.818482"></trkpt>
      <trkpt lat="66.088320" lon="13.818710"></trkpt>
      <trkpt lat="66.088181" lon="13.818882"></trkpt>
      <trkpt lat="66.088053" lon="13.819009"></trkpt>
      <trkpt lat="66.087894" lon="13.819163"></trkpt>
      <trkpt lat="66.087777" lon="13.819254"></trkpt>
      <trkpt lat="66.087646" lon="13.819339"></trkpt>
      <trkpt lat="66.087457" lon="13.819440"></trkpt>
      <trkpt lat="66.087215" lon="13.819554"></trkpt>
      <trkpt lat="66.087055" lon="13.819628"></trkpt>
      <trkpt lat="66.086805" lon="13.819759"></trkpt>
      <trkpt lat="66.086567" lon="13.819928"></trkpt>
      <trkpt lat="66.086396" lon="13.820083"></trkpt>
      <trkpt lat="66.086264" lon="13.820219"></trkpt>
      <trkpt lat="66.086158" lon="13.820353"></trkpt>
      <trkpt lat="66.085954" lon="13.820672"></trkpt>
      <trkpt lat="66.085805" lon="13.820946"></trkpt>
      <trkpt lat="66.085689" lon="13.821204"></trkpt>
      <trkpt lat="66.085609" lon="13.821402"></trkpt>
      <trkpt lat="66.085517" lon="13.821674"></trkpt>
      <trkpt lat="66.085363" lon="13.822177"></trkpt>
      <trkpt lat="66.085259" lon="13.822641"></trkpt>
      <trkpt lat="66.085171" lon="13.823135"></trkpt>
      <trkpt lat="66.085103" lon="13.823637"></trkpt>
      <trkpt lat="66.085075" lon="13.823898"></trkpt>
      <trkpt lat="66.085054" lon="13.824168"></trkpt>
      <trkpt lat="66.085043" lon="13.824355"></trkpt>
      <trkpt lat="66.085021" lon="13.824898"></trkpt>
      <trkpt lat="66.084988" lon="13.826286"></trkpt>
      <trkpt lat="66.084953" lon="13.827081"></trkpt>
      <trkpt lat="66.084934" lon="13.827346"></trkpt>
      <trkpt lat="66.084883" lon="13.827852"></trkpt>
      <trkpt lat="66.084848" lon="13.828100"></trkpt>
      <trkpt lat="66.084806" lon="13.828345"></trkpt>
      <trkpt lat="66.084759" lon="13.828579"></trkpt>
      <trkpt lat="66.084703" lon="13.828808"></trkpt>
      <trkpt lat="66.084640" lon="13.829022"></trkpt>
      <trkpt lat="66.084569" lon="13.829219"></trkpt>
      <trkpt lat="66.084492" lon="13.829398"></trkpt>
      <trkpt lat="66.084408" lon="13.829565"></trkpt>
      <trkpt lat="66.084320" lon="13.829714"></trkpt>
      <trkpt lat="66.084227" lon="13.829843"></trkpt>
      <trkpt lat="66.084128" lon="13.829953"></trkpt>
      <trkpt lat="66.084027" lon="13.830044"></trkpt>
      <trkpt lat="66.083923" lon="13.830111"></trkpt>
      <trkpt lat="66.083818" lon="13.830155"></trkpt>
      <trkpt lat="66.083711" lon="13.830178"></trkpt>
      <trkpt lat="66.083603" lon="13.830184"></trkpt>
      <trkpt lat="66.083496" lon="13.830172"></trkpt>
      <trkpt lat="66.083390" lon="13.830139"></trkpt>
      <trkpt lat="66.083285" lon="13.830086"></trkpt>
      <trkpt lat="66.083079" lon="13.829933"></trkpt>
      <trkpt lat="66.082979" lon="13.829834"></trkpt>
      <trkpt lat="66.082884" lon="13.829723"></trkpt>
      <trkpt lat="66.082789" lon="13.829593"></trkpt>
      <trkpt lat="66.082700" lon="13.829452"></trkpt>
      <trkpt lat="66.082526" lon="13.829138"></trkpt>
      <trkpt lat="66.082361" lon="13.828798"></trkpt>
      <trkpt lat="66.082283" lon="13.828618"></trkpt>
      <trkpt lat="66.082136" lon="13.828229"></trkpt>
      <trkpt lat="66.082000" lon="13.827817"></trkpt>
      <trkpt lat="66.081871" lon="13.827390"></trkpt>
      <trkpt lat="66.081764" lon="13.826995"></trkpt>
      <trkpt lat="66.081684" lon="13.826702"></trkpt>
      <trkpt lat="66.081551" lon="13.826191"></trkpt>
      <trkpt lat="66.081388" lon="13.825550"></trkpt>
      <trkpt lat="66.081174" lon="13.824739"></trkpt>
      <trkpt lat="66.081035" lon="13.824241"></trkpt>
      <trkpt lat="66.080908" lon="13.823811"></trkpt>
      <trkpt lat="66.080841" lon="13.823601"></trkpt>
      <trkpt lat="66.080703" lon="13.823204"></trkpt>
      <trkpt lat="66.080545" lon="13.822822"></trkpt>
      <trkpt lat="66.080380" lon="13.822480"></trkpt>
      <trkpt lat="66.080206" lon="13.822176"></trkpt>
      <trkpt lat="66.080015" lon="13.821896"></trkpt>
      <trkpt lat="66.079900" lon="13.821750"></trkpt>
      <trkpt lat="66.079794" lon="13.821631"></trkpt>
      <trkpt lat="66.079671" lon="13.821510"></trkpt>
      <trkpt lat="66.079553" lon="13.821406"></trkpt>
      <trkpt lat="66.079405" lon="13.821301"></trkpt>
      <trkpt lat="66.079244" lon="13.821201"></trkpt>
      <trkpt lat="66.079095" lon="13.821122"></trkpt>
      <trkpt lat="66.078822" lon="13.821002"></trkpt>
      <trkpt lat="66.078644" lon="13.820935"></trkpt>
      <trkpt lat="66.078349" lon="13.820829"></trkpt>
      <trkpt lat="66.078033" lon="13.820701"></trkpt>
      <trkpt lat="66.077822" lon="13.820581"></trkpt>
      <trkpt lat="66.077616" lon="13.820416"></trkpt>
      <trkpt lat="66.077480" lon="13.820272"></trkpt>
      <trkpt lat="66.077364" lon="13.820129"></trkpt>
      <trkpt lat="66.077219" lon="13.819932"></trkpt>
      <trkpt lat="66.077051" lon="13.819647"></trkpt>
      <trkpt lat="66.076933" lon="13.819397"></trkpt>
      <trkpt lat="66.076831" lon="13.819156"></trkpt>
      <trkpt lat="66.076770" lon="13.819002"></trkpt>
      <trkpt lat="66.076695" lon="13.818788"></trkpt>
      <trkpt lat="66.076623" lon="13.818568"></trkpt>
      <trkpt lat="66.076558" lon="13.818335"></trkpt>
      <trkpt lat="66.076468" lon="13.818002"></trkpt>
      <trkpt lat="66.076406" lon="13.817766"></trkpt>
      <trkpt lat="66.076248" lon="13.817115"></trkpt>
      <trkpt lat="66.076127" lon="13.816688"></trkpt>
      <trkpt lat="66.075991" lon="13.816269"></trkpt>
      <trkpt lat="66.075889" lon="13.816002"></trkpt>
      <trkpt lat="66.075795" lon="13.815803"></trkpt>
      <trkpt lat="66.075380" lon="13.815009"></trkpt>
      <trkpt lat="66.075175" lon="13.814599"></trkpt>
      <trkpt lat="66.075026" lon="13.814261"></trkpt>
      <trkpt lat="66.074888" lon="13.813898"></trkpt>
      <trkpt lat="66.074761" lon="13.813511"></trkpt>
      <trkpt lat="66.074645" lon="13.813108"></trkpt>
      <trkpt lat="66.074541" lon="13.812681"></trkpt>
      <trkpt lat="66.074449" lon="13.812239"></trkpt>
      <trkpt lat="66.074369" lon="13.811770"></trkpt>
      <trkpt lat="66.073899" lon="13.808515"></trkpt>
      <trkpt lat="66.073555" lon="13.806132"></trkpt>
      <trkpt lat="66.073451" lon="13.805416"></trkpt>
      <trkpt lat="66.070774" lon="13.787023"></trkpt>
      <trkpt lat="66.070368" lon="13.784179"></trkpt>
      <trkpt lat="66.070085" lon="13.782095"></trkpt>
      <trkpt lat="66.069844" lon="13.780220"></trkpt>
      <trkpt lat="66.069619" lon="13.778337"></trkpt>
      <trkpt lat="66.069404" lon="13.776440"></trkpt>
      <trkpt lat="66.069193" lon="13.774422"></trkpt>
      <trkpt lat="66.068952" lon="13.771963"></trkpt>
      <trkpt lat="66.068098" lon="13.762793"></trkpt>
      <trkpt lat="66.067678" lon="13.758410"></trkpt>
      <trkpt lat="66.067252" lon="13.754115"></trkpt>
      <trkpt lat="66.066812" lon="13.749833"></trkpt>
      <trkpt lat="66.066359" lon="13.745562"></trkpt>
      <trkpt lat="66.065892" lon="13.741297"></trkpt>
      <trkpt lat="66.065410" lon="13.737044"></trkpt>
      <trkpt lat="66.064915" lon="13.732798"></trkpt>
      <trkpt lat="66.064406" lon="13.728564"></trkpt>
      <trkpt lat="66.063882" lon="13.724339"></trkpt>
      <trkpt lat="66.063346" lon="13.720129"></trkpt>
      <trkpt lat="66.062795" lon="13.715924"></trkpt>
      <trkpt lat="66.062230" lon="13.711733"></trkpt>
      <trkpt lat="66.061652" lon="13.707554"></trkpt>
      <trkpt lat="66.061060" lon="13.703385"></trkpt>
      <trkpt lat="66.060455" lon="13.699228"></trkpt>
      <trkpt lat="66.059758" lon="13.694583"></trkpt>
      <trkpt lat="66.058882" lon="13.688898"></trkpt>
      <trkpt lat="66.058228" lon="13.684784"></trkpt>
      <trkpt lat="66.057561" lon="13.680675"></trkpt>
      <trkpt lat="66.057156" lon="13.678233"></trkpt>
      <trkpt lat="66.056468" lon="13.674157"></trkpt>
      <trkpt lat="66.055768" lon="13.670092"></trkpt>
      <trkpt lat="66.055052" lon="13.666046"></trkpt>
      <trkpt lat="66.054326" lon="13.662009"></trkpt>
      <trkpt lat="66.053585" lon="13.657989"></trkpt>
      <trkpt lat="66.052831" lon="13.653984"></trkpt>
      <trkpt lat="66.052063" lon="13.649994"></trkpt>
      <trkpt lat="66.051283" lon="13.646019"></trkpt>
      <trkpt lat="66.050490" lon="13.642060"></trkpt>
      <trkpt lat="66.049684" lon="13.638120"></trkpt>
      <trkpt lat="66.049403" lon="13.636761"></trkpt>
      <trkpt lat="66.049121" lon="13.635408"></trkpt>
      <trkpt lat="66.048560" lon="13.632755"></trkpt>
      <trkpt lat="66.047582" lon="13.628221"></trkpt>
      <trkpt lat="66.047487" lon="13.627780"></trkpt>
      <trkpt lat="66.047316" lon="13.626984"></trkpt>
      <trkpt lat="66.047153" lon="13.626239"></trkpt>
      <trkpt lat="66.047069" lon="13.625775"></trkpt>
      <trkpt lat="66.047004" lon="13.625343"></trkpt>
      <trkpt lat="66.046968" lon="13.625018"></trkpt>
      <trkpt lat="66.046916" lon="13.624535"></trkpt>
      <trkpt lat="66.046886" lon="13.624047"></trkpt>
      <trkpt lat="66.046865" lon="13.623557"></trkpt>
      <trkpt lat="66.046859" lon="13.623095"></trkpt>
      <trkpt lat="66.046864" lon="13.622682"></trkpt>
      <trkpt lat="66.046883" lon="13.622210"></trkpt>
      <trkpt lat="66.046918" lon="13.621717"></trkpt>
      <trkpt lat="66.046965" lon="13.621212"></trkpt>
      <trkpt lat="66.047029" lon="13.620724"></trkpt>
      <trkpt lat="66.047078" lon="13.620424"></trkpt>
      <trkpt lat="66.047212" lon="13.619663"></trkpt>
      <trkpt lat="66.047542" lon="13.618077"></trkpt>
      <trkpt lat="66.047776" lon="13.616926"></trkpt>
      <trkpt lat="66.047933" lon="13.616089"></trkpt>
      <trkpt lat="66.048053" lon="13.615346"></trkpt>
      <trkpt lat="66.048103" lon="13.614994"></trkpt>
      <trkpt lat="66.048148" lon="13.614703"></trkpt>
      <trkpt lat="66.048186" lon="13.614454"></trkpt>
      <trkpt lat="66.048218" lon="13.614240"></trkpt>
      <trkpt lat="66.048276" lon="13.613760"></trkpt>
      <trkpt lat="66.048337" lon="13.613117"></trkpt>
      <trkpt lat="66.048377" lon="13.612629"></trkpt>
      <trkpt lat="66.048394" lon="13.612273"></trkpt>
      <trkpt lat="66.048423" lon="13.611671"></trkpt>
      <trkpt lat="66.048439" lon="13.611386"></trkpt>
      <trkpt lat="66.048455" lon="13.610914"></trkpt>
      <trkpt lat="66.048461" lon="13.610076"></trkpt>
      <trkpt lat="66.048452" lon="13.609060"></trkpt>
      <trkpt lat="66.048393" lon="13.606588"></trkpt>
      <trkpt lat="66.048356" lon="13.606010"></trkpt>
      <trkpt lat="66.048328" lon="13.604551"></trkpt>
      <trkpt lat="66.048320" lon="13.603944"></trkpt>
      <trkpt lat="66.048323" lon="13.603493"></trkpt>
      <trkpt lat="66.048338" lon="13.602918"></trkpt>
      <trkpt lat="66.048359" lon="13.602475"></trkpt>
      <trkpt lat="66.048388" lon="13.602048"></trkpt>
      <trkpt lat="66.048417" lon="13.601730"></trkpt>
      <trkpt lat="66.048459" lon="13.601314"></trkpt>
      <trkpt lat="66.048497" lon="13.600997"></trkpt>
      <trkpt lat="66.048544" lon="13.600649"></trkpt>
      <trkpt lat="66.048620" lon="13.600147"></trkpt>
      <trkpt lat="66.048717" lon="13.599625"></trkpt>
      <trkpt lat="66.048827" lon="13.599120"></trkpt>
      <trkpt lat="66.048949" lon="13.598632"></trkpt>
      <trkpt lat="66.049083" lon="13.598163"></trkpt>
      <trkpt lat="66.049228" lon="13.597714"></trkpt>
      <trkpt lat="66.049384" lon="13.597290"></trkpt>
      <trkpt lat="66.049551" lon="13.596888"></trkpt>
      <trkpt lat="66.049728" lon="13.596512"></trkpt>
      <trkpt lat="66.050051" lon="13.595902"></trkpt>
      <trkpt lat="66.050218" lon="13.595568"></trkpt>
      <trkpt lat="66.050371" lon="13.595211"></trkpt>
      <trkpt lat="66.050516" lon="13.594832"></trkpt>
      <trkpt lat="66.050649" lon="13.594429"></trkpt>
      <trkpt lat="66.050770" lon="13.594008"></trkpt>
      <trkpt lat="66.050880" lon="13.593564"></trkpt>
      <trkpt lat="66.050978" lon="13.593106"></trkpt>
      <trkpt lat="66.051063" lon="13.592631"></trkpt>
      <trkpt lat="66.051135" lon="13.592144"></trkpt>
      <trkpt lat="66.051196" lon="13.591626"></trkpt>
      <trkpt lat="66.051321" lon="13.590281"></trkpt>
      <trkpt lat="66.051403" lon="13.589490"></trkpt>
      <trkpt lat="66.051495" lon="13.588741"></trkpt>
      <trkpt lat="66.051600" lon="13.588000"></trkpt>
      <trkpt lat="66.051719" lon="13.587273"></trkpt>
      <trkpt lat="66.051850" lon="13.586561"></trkpt>
      <trkpt lat="66.051994" lon="13.585860"></trkpt>
      <trkpt lat="66.052151" lon="13.585178"></trkpt>
      <trkpt lat="66.052320" lon="13.584515"></trkpt>
      <trkpt lat="66.052501" lon="13.583871"></trkpt>
      <trkpt lat="66.052693" lon="13.583246"></trkpt>
      <trkpt lat="66.052896" lon="13.582643"></trkpt>
      <trkpt lat="66.053110" lon="13.582064"></trkpt>
      <trkpt lat="66.053375" lon="13.581402"></trkpt>
      <trkpt lat="66.054279" lon="13.579282"></trkpt>
      <trkpt lat="66.055186" lon="13.577156"></trkpt>
      <trkpt lat="66.055331" lon="13.576819"></trkpt>
      <trkpt lat="66.055392" lon="13.576716"></trkpt>
      <trkpt lat="66.055423" lon="13.576656"></trkpt>
      <trkpt lat="66.055757" lon="13.575877"></trkpt>
      <trkpt lat="66.056076" lon="13.575137"></trkpt>
      <trkpt lat="66.056132" lon="13.575082"></trkpt>
      <trkpt lat="66.056204" lon="13.574942"></trkpt>
      <trkpt lat="66.056245" lon="13.574878"></trkpt>
      <trkpt lat="66.056326" lon="13.574847"></trkpt>
      <trkpt lat="66.056411" lon="13.574847"></trkpt>
      <trkpt lat="66.056475" lon="13.574911"></trkpt>
      <trkpt lat="66.056542" lon="13.574929"></trkpt>
      <trkpt lat="66.056617" lon="13.574880"></trkpt>
      <trkpt lat="66.056668" lon="13.574760"></trkpt>
      <trkpt lat="66.056706" lon="13.574636"></trkpt>
      <trkpt lat="66.056835" lon="13.573927"></trkpt>
      <trkpt lat="66.056897" lon="13.573665"></trkpt>
      <trkpt lat="66.056963" lon="13.573461"></trkpt>
      <trkpt lat="66.057033" lon="13.573289"></trkpt>
      <trkpt lat="66.057112" lon="13.573145"></trkpt>
      <trkpt lat="66.057198" lon="13.573028"></trkpt>
      <trkpt lat="66.057300" lon="13.572929"></trkpt>
      <trkpt lat="66.057496" lon="13.572824"></trkpt>
      <trkpt lat="66.059156" lon="13.572247"></trkpt>
      <trkpt lat="66.060047" lon="13.571925"></trkpt>
      <trkpt lat="66.060160" lon="13.571859"></trkpt>
      <trkpt lat="66.060319" lon="13.571735"></trkpt>
      <trkpt lat="66.060473" lon="13.571581"></trkpt>
      <trkpt lat="66.060651" lon="13.571356"></trkpt>
      <trkpt lat="66.060762" lon="13.571180"></trkpt>
      <trkpt lat="66.060895" lon="13.570939"></trkpt>
      <trkpt lat="66.061020" lon="13.570671"></trkpt>
      <trkpt lat="66.061136" lon="13.570379"></trkpt>
      <trkpt lat="66.061241" lon="13.570062"></trkpt>
      <trkpt lat="66.061335" lon="13.569728"></trkpt>
      <trkpt lat="66.061419" lon="13.569374"></trkpt>
      <trkpt lat="66.061767" lon="13.567704"></trkpt>
      <trkpt lat="66.061862" lon="13.567292"></trkpt>
      <trkpt lat="66.061971" lon="13.566900"></trkpt>
      <trkpt lat="66.062059" lon="13.566631"></trkpt>
      <trkpt lat="66.062090" lon="13.566526"></trkpt>
      <trkpt lat="66.062219" lon="13.566174"></trkpt>
      <trkpt lat="66.062358" lon="13.565846"></trkpt>
      <trkpt lat="66.062507" lon="13.565544"></trkpt>
      <trkpt lat="66.062877" lon="13.564920"></trkpt>
      <trkpt lat="66.063647" lon="13.563692"></trkpt>
      <trkpt lat="66.063958" lon="13.563186"></trkpt>
      <trkpt lat="66.064101" lon="13.562944"></trkpt>
      <trkpt lat="66.064350" lon="13.562566"></trkpt>
      <trkpt lat="66.064488" lon="13.562377"></trkpt>
      <trkpt lat="66.064573" lon="13.562282"></trkpt>
      <trkpt lat="66.064739" lon="13.562115"></trkpt>
      <trkpt lat="66.064920" lon="13.561978"></trkpt>
      <trkpt lat="66.065110" lon="13.561849"></trkpt>
      <trkpt lat="66.065311" lon="13.561744"></trkpt>
      <trkpt lat="66.065920" lon="13.561558"></trkpt>
      <trkpt lat="66.066320" lon="13.561446"></trkpt>
      <trkpt lat="66.066500" lon="13.561408"></trkpt>
      <trkpt lat="66.066677" lon="13.561384"></trkpt>
      <trkpt lat="66.066851" lon="13.561378"></trkpt>
      <trkpt lat="66.066974" lon="13.561387"></trkpt>
      <trkpt lat="66.067007" lon="13.561389"></trkpt>
      <trkpt lat="66.067179" lon="13.561404"></trkpt>
      <trkpt lat="66.067839" lon="13.561495"></trkpt>
      <trkpt lat="66.068134" lon="13.561555"></trkpt>
      <trkpt lat="66.068305" lon="13.561653"></trkpt>
      <trkpt lat="66.068609" lon="13.561914"></trkpt>
      <trkpt lat="66.068764" lon="13.561994"></trkpt>
      <trkpt lat="66.069012" lon="13.562026"></trkpt>
      <trkpt lat="66.069345" lon="13.562005"></trkpt>
      <trkpt lat="66.069626" lon="13.561964"></trkpt>
      <trkpt lat="66.069731" lon="13.561927"></trkpt>
      <trkpt lat="66.069818" lon="13.561870"></trkpt>
      <trkpt lat="66.069907" lon="13.561767"></trkpt>
      <trkpt lat="66.069976" lon="13.561634"></trkpt>
      <trkpt lat="66.070161" lon="13.561135"></trkpt>
      <trkpt lat="66.070265" lon="13.560960"></trkpt>
      <trkpt lat="66.070351" lon="13.560874"></trkpt>
      <trkpt lat="66.070427" lon="13.560815"></trkpt>
      <trkpt lat="66.070546" lon="13.560761"></trkpt>
      <trkpt lat="66.070664" lon="13.560733"></trkpt>
      <trkpt lat="66.071338" lon="13.560668"></trkpt>
      <trkpt lat="66.071731" lon="13.560586"></trkpt>
      <trkpt lat="66.071920" lon="13.560515"></trkpt>
      <trkpt lat="66.072089" lon="13.560430"></trkpt>
      <trkpt lat="66.072210" lon="13.560358"></trkpt>
      <trkpt lat="66.072368" lon="13.560241"></trkpt>
      <trkpt lat="66.072810" lon="13.559867"></trkpt>
      <trkpt lat="66.072956" lon="13.559761"></trkpt>
      <trkpt lat="66.073089" lon="13.559722"></trkpt>
      <trkpt lat="66.073276" lon="13.559710"></trkpt>
      <trkpt lat="66.073654" lon="13.559744"></trkpt>
      <trkpt lat="66.074007" lon="13.559762"></trkpt>
      <trkpt lat="66.074203" lon="13.559783"></trkpt>
      <trkpt lat="66.074274" lon="13.559805"></trkpt>
      <trkpt lat="66.074399" lon="13.559846"></trkpt>
      <trkpt lat="66.074904" lon="13.560051"></trkpt>
      <trkpt lat="66.075081" lon="13.560110"></trkpt>
      <trkpt lat="66.075254" lon="13.560161"></trkpt>
      <trkpt lat="66.075525" lon="13.560209"></trkpt>
      <trkpt lat="66.075646" lon="13.560196"></trkpt>
      <trkpt lat="66.075861" lon="13.560131"></trkpt>
      <trkpt lat="66.076494" lon="13.559919"></trkpt>
      <trkpt lat="66.076724" lon="13.559826"></trkpt>
      <trkpt lat="66.076796" lon="13.559807"></trkpt>
      <trkpt lat="66.078329" lon="13.559266"></trkpt>
      <trkpt lat="66.078537" lon="13.559184"></trkpt>
      <trkpt lat="66.078743" lon="13.559074"></trkpt>
      <trkpt lat="66.078926" lon="13.558952"></trkpt>
      <trkpt lat="66.079214" lon="13.558706"></trkpt>
      <trkpt lat="66.079310" lon="13.558609"></trkpt>
      <trkpt lat="66.079382" lon="13.558547"></trkpt>
      <trkpt lat="66.079469" lon="13.558463"></trkpt>
      <trkpt lat="66.079491" lon="13.558442"></trkpt>
      <trkpt lat="66.079680" lon="13.558263"></trkpt>
      <trkpt lat="66.080178" lon="13.557827"></trkpt>
      <trkpt lat="66.081647" lon="13.556457"></trkpt>
      <trkpt lat="66.083112" lon="13.555072"></trkpt>
      <trkpt lat="66.083532" lon="13.554658"></trkpt>
      <trkpt lat="66.083746" lon="13.554464"></trkpt>
      <trkpt lat="66.084571" lon="13.553683"></trkpt>
      <trkpt lat="66.084766" lon="13.553509"></trkpt>
      <trkpt lat="66.085942" lon="13.552385"></trkpt>
      <trkpt lat="66.086124" lon="13.552265"></trkpt>
      <trkpt lat="66.086365" lon="13.552168"></trkpt>
      <trkpt lat="66.086615" lon="13.552139"></trkpt>
      <trkpt lat="66.086872" lon="13.552165"></trkpt>
      <trkpt lat="66.087310" lon="13.552260"></trkpt>
      <trkpt lat="66.087487" lon="13.552271"></trkpt>
      <trkpt lat="66.087605" lon="13.552236"></trkpt>
      <trkpt lat="66.087729" lon="13.552162"></trkpt>
      <trkpt lat="66.087862" lon="13.552010"></trkpt>
      <trkpt lat="66.087939" lon="13.551895"></trkpt>
      <trkpt lat="66.087998" lon="13.551782"></trkpt>
      <trkpt lat="66.088114" lon="13.551523"></trkpt>
      <trkpt lat="66.088313" lon="13.550980"></trkpt>
      <trkpt lat="66.088461" lon="13.550614"></trkpt>
      <trkpt lat="66.088574" lon="13.550369"></trkpt>
      <trkpt lat="66.088617" lon="13.550281"></trkpt>
      <trkpt lat="66.088703" lon="13.550113"></trkpt>
      <trkpt lat="66.088838" lon="13.549877"></trkpt>
      <trkpt lat="66.089136" lon="13.549416"></trkpt>
      <trkpt lat="66.089291" lon="13.549192"></trkpt>
      <trkpt lat="66.089561" lon="13.548816"></trkpt>
      <trkpt lat="66.089726" lon="13.548612"></trkpt>
      <trkpt lat="66.089906" lon="13.548394"></trkpt>
      <trkpt lat="66.090087" lon="13.548195"></trkpt>
      <trkpt lat="66.090944" lon="13.547278"></trkpt>
      <trkpt lat="66.091112" lon="13.547084"></trkpt>
      <trkpt lat="66.091353" lon="13.546789"></trkpt>
      <trkpt lat="66.092170" lon="13.545764"></trkpt>
      <trkpt lat="66.092464" lon="13.545409"></trkpt>
      <trkpt lat="66.092539" lon="13.545333"></trkpt>
      <trkpt lat="66.092660" lon="13.545230"></trkpt>
      <trkpt lat="66.092735" lon="13.545197"></trkpt>
      <trkpt lat="66.092839" lon="13.545195"></trkpt>
      <trkpt lat="66.093026" lon="13.545254"></trkpt>
      <trkpt lat="66.093235" lon="13.545376"></trkpt>
      <trkpt lat="66.093680" lon="13.545652"></trkpt>
      <trkpt lat="66.094151" lon="13.545996"></trkpt>
      <trkpt lat="66.094316" lon="13.546133"></trkpt>
      <trkpt lat="66.094481" lon="13.546238"></trkpt>
      <trkpt lat="66.094659" lon="13.546337"></trkpt>
      <trkpt lat="66.094836" lon="13.546418"></trkpt>
      <trkpt lat="66.095379" lon="13.546723"></trkpt>
      <trkpt lat="66.095559" lon="13.546850"></trkpt>
      <trkpt lat="66.095733" lon="13.547004"></trkpt>
      <trkpt lat="66.095767" lon="13.547044"></trkpt>
      <trkpt lat="66.095891" lon="13.547192"></trkpt>
      <trkpt lat="66.096036" lon="13.547412"></trkpt>
      <trkpt lat="66.096168" lon="13.547638"></trkpt>
      <trkpt lat="66.096242" lon="13.547783"></trkpt>
      <trkpt lat="66.096350" lon="13.548046"></trkpt>
      <trkpt lat="66.096423" lon="13.548322"></trkpt>
      <trkpt lat="66.096465" lon="13.548581"></trkpt>
      <trkpt lat="66.096601" lon="13.549784"></trkpt>
      <trkpt lat="66.096627" lon="13.549990"></trkpt>
      <trkpt lat="66.096671" lon="13.550311"></trkpt>
      <trkpt lat="66.096722" lon="13.550594"></trkpt>
      <trkpt lat="66.096765" lon="13.550767"></trkpt>
      <trkpt lat="66.096836" lon="13.550980"></trkpt>
      <trkpt lat="66.096945" lon="13.551166"></trkpt>
      <trkpt lat="66.097135" lon="13.551416"></trkpt>
      <trkpt lat="66.097203" lon="13.551491"></trkpt>
      <trkpt lat="66.097264" lon="13.551534"></trkpt>
      <trkpt lat="66.097357" lon="13.551549"></trkpt>
      <trkpt lat="66.097432" lon="13.551501"></trkpt>
      <trkpt lat="66.097482" lon="13.551436"></trkpt>
      <trkpt lat="66.097542" lon="13.551329"></trkpt>
      <trkpt lat="66.097701" lon="13.550940"></trkpt>
      <trkpt lat="66.097835" lon="13.550581"></trkpt>
      <trkpt lat="66.097894" lon="13.550447"></trkpt>
      <trkpt lat="66.097942" lon="13.550363"></trkpt>
      <trkpt lat="66.097982" lon="13.550328"></trkpt>
      <trkpt lat="66.098032" lon="13.550302"></trkpt>
      <trkpt lat="66.098081" lon="13.550301"></trkpt>
      <trkpt lat="66.098159" lon="13.550369"></trkpt>
      <trkpt lat="66.098229" lon="13.550472"></trkpt>
      <trkpt lat="66.098343" lon="13.550689"></trkpt>
      <trkpt lat="66.098477" lon="13.550970"></trkpt>
      <trkpt lat="66.098606" lon="13.551259"></trkpt>
      <trkpt lat="66.098714" lon="13.551538"></trkpt>
      <trkpt lat="66.098802" lon="13.551860"></trkpt>
      <trkpt lat="66.098886" lon="13.552202"></trkpt>
      <trkpt lat="66.098972" lon="13.552511"></trkpt>
      <trkpt lat="66.099067" lon="13.552815"></trkpt>
      <trkpt lat="66.099160" lon="13.553092"></trkpt>
      <trkpt lat="66.099246" lon="13.553327"></trkpt>
      <trkpt lat="66.099352" lon="13.553581"></trkpt>
      <trkpt lat="66.099426" lon="13.553740"></trkpt>
      <trkpt lat="66.099486" lon="13.553848"></trkpt>
      <trkpt lat="66.099558" lon="13.553962"></trkpt>
      <trkpt lat="66.099743" lon="13.554183"></trkpt>
      <trkpt lat="66.099853" lon="13.554314"></trkpt>
      <trkpt lat="66.099961" lon="13.554458"></trkpt>
      <trkpt lat="66.100162" lon="13.554763"></trkpt>
      <trkpt lat="66.100254" lon="13.554873"></trkpt>
      <trkpt lat="66.100325" lon="13.554934"></trkpt>
      <trkpt lat="66.100434" lon="13.555006"></trkpt>
      <trkpt lat="66.100495" lon="13.555024"></trkpt>
      <trkpt lat="66.100624" lon="13.555017"></trkpt>
      <trkpt lat="66.100643" lon="13.555009"></trkpt>
      <trkpt lat="66.100724" lon="13.554973"></trkpt>
      <trkpt lat="66.100776" lon="13.554951"></trkpt>
      <trkpt lat="66.100840" lon="13.554930"></trkpt>
      <trkpt lat="66.100898" lon="13.554929"></trkpt>
      <trkpt lat="66.100990" lon="13.554960"></trkpt>
      <trkpt lat="66.101078" lon="13.555040"></trkpt>
      <trkpt lat="66.101165" lon="13.555160"></trkpt>
      <trkpt lat="66.101307" lon="13.555389"></trkpt>
      <trkpt lat="66.101453" lon="13.555597"></trkpt>
      <trkpt lat="66.101689" lon="13.555886"></trkpt>
      <trkpt lat="66.102034" lon="13.556263"></trkpt>
      <trkpt lat="66.102199" lon="13.556407"></trkpt>
      <trkpt lat="66.102367" lon="13.556587"></trkpt>
      <trkpt lat="66.102681" lon="13.556946"></trkpt>
      <trkpt lat="66.102974" lon="13.557305"></trkpt>
      <trkpt lat="66.103090" lon="13.557458"></trkpt>
      <trkpt lat="66.103185" lon="13.557616"></trkpt>
      <trkpt lat="66.103242" lon="13.557731"></trkpt>
      <trkpt lat="66.103287" lon="13.557840"></trkpt>
      <trkpt lat="66.103318" lon="13.557943"></trkpt>
      <trkpt lat="66.103351" lon="13.558108"></trkpt>
      <trkpt lat="66.103409" lon="13.558537"></trkpt>
      <trkpt lat="66.103447" lon="13.558731"></trkpt>
      <trkpt lat="66.103487" lon="13.558862"></trkpt>
      <trkpt lat="66.103524" lon="13.558929"></trkpt>
      <trkpt lat="66.103573" lon="13.558977"></trkpt>
      <trkpt lat="66.103591" lon="13.558971"></trkpt>
      <trkpt lat="66.103631" lon="13.559244"></trkpt>
      <trkpt lat="66.103724" lon="13.559646"></trkpt>
      <trkpt lat="66.103888" lon="13.560293"></trkpt>
      <trkpt lat="66.104146" lon="13.561660"></trkpt>
      <trkpt lat="66.104408" lon="13.562638"></trkpt>
      <trkpt lat="66.104552" lon="13.563132"></trkpt>
      <trkpt lat="66.104628" lon="13.563366"></trkpt>
      <trkpt lat="66.104717" lon="13.563572"></trkpt>
      <trkpt lat="66.104795" lon="13.563727"></trkpt>
      <trkpt lat="66.104863" lon="13.563837"></trkpt>
      <trkpt lat="66.104944" lon="13.563938"></trkpt>
      <trkpt lat="66.105099" lon="13.564031"></trkpt>
      <trkpt lat="66.105157" lon="13.564047"></trkpt>
      <trkpt lat="66.105209" lon="13.564045"></trkpt>
      <trkpt lat="66.105287" lon="13.564028"></trkpt>
      <trkpt lat="66.105361" lon="13.563994"></trkpt>
      <trkpt lat="66.105501" lon="13.563903"></trkpt>
      <trkpt lat="66.105882" lon="13.563774"></trkpt>
      <trkpt lat="66.106163" lon="13.563659"></trkpt>
      <trkpt lat="66.106854" lon="13.563488"></trkpt>
      <trkpt lat="66.106969" lon="13.563470"></trkpt>
      <trkpt lat="66.107131" lon="13.563473"></trkpt>
      <trkpt lat="66.107264" lon="13.563500"></trkpt>
      <trkpt lat="66.107816" lon="13.563679"></trkpt>
      <trkpt lat="66.107868" lon="13.563725"></trkpt>
      <trkpt lat="66.108245" lon="13.563923"></trkpt>
      <trkpt lat="66.108335" lon="13.563955"></trkpt>
      <trkpt lat="66.108422" lon="13.563971"></trkpt>
      <trkpt lat="66.108680" lon="13.563977"></trkpt>
      <trkpt lat="66.108753" lon="13.563999"></trkpt>
      <trkpt lat="66.108864" lon="13.564080"></trkpt>
      <trkpt lat="66.108978" lon="13.564183"></trkpt>
      <trkpt lat="66.109413" lon="13.564639"></trkpt>
      <trkpt lat="66.109598" lon="13.564806"></trkpt>
      <trkpt lat="66.109708" lon="13.564875"></trkpt>
      <trkpt lat="66.109856" lon="13.564915"></trkpt>
      <trkpt lat="66.110403" lon="13.564961"></trkpt>
      <trkpt lat="66.110503" lon="13.564981"></trkpt>
      <trkpt lat="66.111027" lon="13.565142"></trkpt>
      <trkpt lat="66.111141" lon="13.565202"></trkpt>
      <trkpt lat="66.111236" lon="13.565266"></trkpt>
      <trkpt lat="66.111593" lon="13.565570"></trkpt>
      <trkpt lat="66.111877" lon="13.565796"></trkpt>
      <trkpt lat="66.111984" lon="13.565868"></trkpt>
      <trkpt lat="66.112074" lon="13.565940"></trkpt>
      <trkpt lat="66.112212" lon="13.566014"></trkpt>
      <trkpt lat="66.112328" lon="13.566030"></trkpt>
      <trkpt lat="66.112403" lon="13.566017"></trkpt>
      <trkpt lat="66.112498" lon="13.565979"></trkpt>
      <trkpt lat="66.112668" lon="13.565850"></trkpt>
      <trkpt lat="66.112974" lon="13.565570"></trkpt>
      <trkpt lat="66.113044" lon="13.565526"></trkpt>
      <trkpt lat="66.113081" lon="13.565515"></trkpt>
      <trkpt lat="66.113157" lon="13.565512"></trkpt>
      <trkpt lat="66.113202" lon="13.565519"></trkpt>
      <trkpt lat="66.113247" lon="13.565542"></trkpt>
      <trkpt lat="66.113339" lon="13.565617"></trkpt>
      <trkpt lat="66.113604" lon="13.565880"></trkpt>
      <trkpt lat="66.113667" lon="13.565965"></trkpt>
      <trkpt lat="66.113769" lon="13.566127"></trkpt>
      <trkpt lat="66.113841" lon="13.566255"></trkpt>
      <trkpt lat="66.113953" lon="13.566486"></trkpt>
      <trkpt lat="66.114182" lon="13.567022"></trkpt>
      <trkpt lat="66.114271" lon="13.567201"></trkpt>
      <trkpt lat="66.114352" lon="13.567347"></trkpt>
      <trkpt lat="66.114454" lon="13.567487"></trkpt>
      <trkpt lat="66.114507" lon="13.567545"></trkpt>
      <trkpt lat="66.114608" lon="13.567622"></trkpt>
      <trkpt lat="66.114781" lon="13.567726"></trkpt>
      <trkpt lat="66.115123" lon="13.567897"></trkpt>
      <trkpt lat="66.115155" lon="13.567897"></trkpt>
      <trkpt lat="66.115222" lon="13.567921"></trkpt>
      <trkpt lat="66.115277" lon="13.567969"></trkpt>
      <trkpt lat="66.115463" lon="13.568220"></trkpt>
      <trkpt lat="66.115616" lon="13.568455"></trkpt>
      <trkpt lat="66.115726" lon="13.568660"></trkpt>
      <trkpt lat="66.115863" lon="13.568950"></trkpt>
      <trkpt lat="66.115972" lon="13.569218"></trkpt>
      <trkpt lat="66.116097" lon="13.569557"></trkpt>
      <trkpt lat="66.116795" lon="13.571799"></trkpt>
      <trkpt lat="66.116963" lon="13.572262"></trkpt>
      <trkpt lat="66.117276" lon="13.573056"></trkpt>
      <trkpt lat="66.117732" lon="13.574165"></trkpt>
      <trkpt lat="66.118350" lon="13.575608"></trkpt>
      <trkpt lat="66.118909" lon="13.576935"></trkpt>
      <trkpt lat="66.118990" lon="13.577138"></trkpt>
      <trkpt lat="66.119064" lon="13.577349"></trkpt>
      <trkpt lat="66.119157" lon="13.577636"></trkpt>
      <trkpt lat="66.119220" lon="13.577857"></trkpt>
      <trkpt lat="66.119282" lon="13.578127"></trkpt>
      <trkpt lat="66.119327" lon="13.578339"></trkpt>
      <trkpt lat="66.119379" lon="13.578639"></trkpt>
      <trkpt lat="66.119458" lon="13.579157"></trkpt>
      <trkpt lat="66.119611" lon="13.580225"></trkpt>
      <trkpt lat="66.119717" lon="13.580976"></trkpt>
      <trkpt lat="66.119835" lon="13.581717"></trkpt>
      <trkpt lat="66.119940" lon="13.582465"></trkpt>
      <trkpt lat="66.119986" lon="13.582800"></trkpt>
      <trkpt lat="66.120174" lon="13.584310"></trkpt>
      <trkpt lat="66.120244" lon="13.584802"></trkpt>
      <trkpt lat="66.120298" lon="13.585129"></trkpt>
      <trkpt lat="66.120355" lon="13.585384"></trkpt>
      <trkpt lat="66.120418" lon="13.585605"></trkpt>
      <trkpt lat="66.120499" lon="13.585827"></trkpt>
      <trkpt lat="66.120557" lon="13.585964"></trkpt>
      <trkpt lat="66.120741" lon="13.586290"></trkpt>
      <trkpt lat="66.120790" lon="13.586419"></trkpt>
      <trkpt lat="66.120895" lon="13.586476"></trkpt>
      <trkpt lat="66.121011" lon="13.586521"></trkpt>
      <trkpt lat="66.121125" lon="13.586545"></trkpt>
      <trkpt lat="66.121257" lon="13.586547"></trkpt>
      <trkpt lat="66.121428" lon="13.586488"></trkpt>
      <trkpt lat="66.121467" lon="13.586465"></trkpt>
      <trkpt lat="66.121556" lon="13.586403"></trkpt>
      <trkpt lat="66.121732" lon="13.586242"></trkpt>
      <trkpt lat="66.122058" lon="13.585853"></trkpt>
      <trkpt lat="66.122401" lon="13.585479"></trkpt>
      <trkpt lat="66.122575" lon="13.585274"></trkpt>
      <trkpt lat="66.122689" lon="13.585189"></trkpt>
      <trkpt lat="66.122724" lon="13.585172"></trkpt>
      <trkpt lat="66.122951" lon="13.585065"></trkpt>
      <trkpt lat="66.124036" lon="13.584702"></trkpt>
      <trkpt lat="66.124300" lon="13.584603"></trkpt>
      <trkpt lat="66.124526" lon="13.584537"></trkpt>
      <trkpt lat="66.124788" lon="13.584483"></trkpt>
      <trkpt lat="66.124934" lon="13.584486"></trkpt>
      <trkpt lat="66.125037" lon="13.584504"></trkpt>
      <trkpt lat="66.125263" lon="13.584593"></trkpt>
      <trkpt lat="66.125355" lon="13.584640"></trkpt>
      <trkpt lat="66.125503" lon="13.584731"></trkpt>
      <trkpt lat="66.125662" lon="13.584851"></trkpt>
      <trkpt lat="66.125764" lon="13.584944"></trkpt>
      <trkpt lat="66.125882" lon="13.585029"></trkpt>
      <trkpt lat="66.125943" lon="13.585063"></trkpt>
      <trkpt lat="66.125992" lon="13.585072"></trkpt>
      <trkpt lat="66.126060" lon="13.585072"></trkpt>
      <trkpt lat="66.126129" lon="13.585032"></trkpt>
      <trkpt lat="66.126176" lon="13.584985"></trkpt>
      <trkpt lat="66.126207" lon="13.584944"></trkpt>
      <trkpt lat="66.126236" lon="13.584888"></trkpt>
      <trkpt lat="66.126293" lon="13.584729"></trkpt>
      <trkpt lat="66.126316" lon="13.584628"></trkpt>
      <trkpt lat="66.126338" lon="13.584498"></trkpt>
      <trkpt lat="66.126357" lon="13.584300"></trkpt>
      <trkpt lat="66.126365" lon="13.584149"></trkpt>
      <trkpt lat="66.126371" lon="13.583975"></trkpt>
      <trkpt lat="66.126371" lon="13.583770"></trkpt>
      <trkpt lat="66.126362" lon="13.583535"></trkpt>
      <trkpt lat="66.126310" lon="13.582966"></trkpt>
      <trkpt lat="66.126214" lon="13.582144"></trkpt>
      <trkpt lat="66.126201" lon="13.581989"></trkpt>
      <trkpt lat="66.126195" lon="13.581808"></trkpt>
      <trkpt lat="66.126202" lon="13.581523"></trkpt>
      <trkpt lat="66.126217" lon="13.581368"></trkpt>
      <trkpt lat="66.126240" lon="13.581231"></trkpt>
      <trkpt lat="66.126295" lon="13.580989"></trkpt>
      <trkpt lat="66.126326" lon="13.580886"></trkpt>
      <trkpt lat="66.126389" lon="13.580706"></trkpt>
      <trkpt lat="66.126428" lon="13.580612"></trkpt>
      <trkpt lat="66.126485" lon="13.580507"></trkpt>
      <trkpt lat="66.126554" lon="13.580393"></trkpt>
      <trkpt lat="66.126615" lon="13.580309"></trkpt>
      <trkpt lat="66.126680" lon="13.580237"></trkpt>
      <trkpt lat="66.126742" lon="13.580181"></trkpt>
      <trkpt lat="66.126804" lon="13.580146"></trkpt>
      <trkpt lat="66.126898" lon="13.580132"></trkpt>
      <trkpt lat="66.127027" lon="13.580160"></trkpt>
      <trkpt lat="66.127109" lon="13.580203"></trkpt>
      <trkpt lat="66.127211" lon="13.580282"></trkpt>
      <trkpt lat="66.127321" lon="13.580399"></trkpt>
      <trkpt lat="66.127504" lon="13.580650"></trkpt>
      <trkpt lat="66.127595" lon="13.580794"></trkpt>
      <trkpt lat="66.127713" lon="13.581011"></trkpt>
      <trkpt lat="66.127750" lon="13.581086"></trkpt>
      <trkpt lat="66.127825" lon="13.581267"></trkpt>
      <trkpt lat="66.127888" lon="13.581461"></trkpt>
      <trkpt lat="66.127978" lon="13.581793"></trkpt>
      <trkpt lat="66.128063" lon="13.582179"></trkpt>
      <trkpt lat="66.128209" lon="13.582750"></trkpt>
      <trkpt lat="66.128223" lon="13.582855"></trkpt>
      <trkpt lat="66.128380" lon="13.582811"></trkpt>
      <trkpt lat="66.128434" lon="13.582781"></trkpt>
      <trkpt lat="66.128632" lon="13.582632"></trkpt>
      <trkpt lat="66.128704" lon="13.582574"></trkpt>
      <trkpt lat="66.128843" lon="13.582429"></trkpt>
      <trkpt lat="66.129008" lon="13.582287"></trkpt>
      <trkpt lat="66.129170" lon="13.582171"></trkpt>
      <trkpt lat="66.129324" lon="13.582076"></trkpt>
      <trkpt lat="66.129399" lon="13.582044"></trkpt>
      <trkpt lat="66.129563" lon="13.582009"></trkpt>
      <trkpt lat="66.129713" lon="13.582000"></trkpt>
      <trkpt lat="66.129845" lon="13.582013"></trkpt>
      <trkpt lat="66.130059" lon="13.582054"></trkpt>
      <trkpt lat="66.130071" lon="13.582096"></trkpt>
      <trkpt lat="66.130138" lon="13.582324"></trkpt>
      <trkpt lat="66.130477" lon="13.583302"></trkpt>
      <trkpt lat="66.130649" lon="13.583725"></trkpt>
      <trkpt lat="66.130754" lon="13.583940"></trkpt>
      <trkpt lat="66.130782" lon="13.583985"></trkpt>
      <trkpt lat="66.130810" lon="13.584021"></trkpt>
      <trkpt lat="66.130837" lon="13.584038"></trkpt>
      <trkpt lat="66.130861" lon="13.584038"></trkpt>
      <trkpt lat="66.130883" lon="13.584020"></trkpt>
      <trkpt lat="66.131033" lon="13.583793"></trkpt>
      <trkpt lat="66.131084" lon="13.583731"></trkpt>
      <trkpt lat="66.131138" lon="13.583690"></trkpt>
      <trkpt lat="66.131174" lon="13.583678"></trkpt>
      <trkpt lat="66.131211" lon="13.583683"></trkpt>
      <trkpt lat="66.131244" lon="13.583702"></trkpt>
      <trkpt lat="66.131284" lon="13.583746"></trkpt>
      <trkpt lat="66.131325" lon="13.583814"></trkpt>
      <trkpt lat="66.131381" lon="13.583954"></trkpt>
      <trkpt lat="66.131484" lon="13.584248"></trkpt>
      <trkpt lat="66.131556" lon="13.584486"></trkpt>
      <trkpt lat="66.131625" lon="13.584684"></trkpt>
      <trkpt lat="66.131706" lon="13.584843"></trkpt>
      <trkpt lat="66.131823" lon="13.585030"></trkpt>
      <trkpt lat="66.131865" lon="13.585123"></trkpt>
      <trkpt lat="66.131906" lon="13.585247"></trkpt>
      <trkpt lat="66.131932" lon="13.585367"></trkpt>
      <trkpt lat="66.131951" lon="13.585488"></trkpt>
      <trkpt lat="66.131977" lon="13.585748"></trkpt>
      <trkpt lat="66.131995" lon="13.586030"></trkpt>
      <trkpt lat="66.132022" lon="13.586657"></trkpt>
      <trkpt lat="66.132045" lon="13.586973"></trkpt>
      <trkpt lat="66.132063" lon="13.587132"></trkpt>
      <trkpt lat="66.132094" lon="13.587340"></trkpt>
      <trkpt lat="66.132129" lon="13.587527"></trkpt>
      <trkpt lat="66.132165" lon="13.587674"></trkpt>
      <trkpt lat="66.132221" lon="13.587860"></trkpt>
      <trkpt lat="66.132363" lon="13.588303"></trkpt>
      <trkpt lat="66.132425" lon="13.588473"></trkpt>
      <trkpt lat="66.132507" lon="13.588630"></trkpt>
      <trkpt lat="66.132694" lon="13.588913"></trkpt>
      <trkpt lat="66.132737" lon="13.588989"></trkpt>
      <trkpt lat="66.132766" lon="13.589051"></trkpt>
      <trkpt lat="66.132803" lon="13.589163"></trkpt>
      <trkpt lat="66.132885" lon="13.589538"></trkpt>
      <trkpt lat="66.133040" lon="13.590328"></trkpt>
      <trkpt lat="66.133084" lon="13.590578"></trkpt>
      <trkpt lat="66.133123" lon="13.590832"></trkpt>
      <trkpt lat="66.133179" lon="13.591299"></trkpt>
      <trkpt lat="66.133218" lon="13.591585"></trkpt>
      <trkpt lat="66.133309" lon="13.592354"></trkpt>
      <trkpt lat="66.133358" lon="13.592663"></trkpt>
      <trkpt lat="66.133425" lon="13.592986"></trkpt>
      <trkpt lat="66.133676" lon="13.594033"></trkpt>
      <trkpt lat="66.133847" lon="13.594635"></trkpt>
      <trkpt lat="66.133856" lon="13.594700"></trkpt>
      <trkpt lat="66.133851" lon="13.594924"></trkpt>
      <trkpt lat="66.133848" lon="13.595070"></trkpt>
      <trkpt lat="66.133865" lon="13.595555"></trkpt>
      <trkpt lat="66.133886" lon="13.595801"></trkpt>
      <trkpt lat="66.133884" lon="13.595961"></trkpt>
      <trkpt lat="66.133876" lon="13.596055"></trkpt>
      <trkpt lat="66.133856" lon="13.596161"></trkpt>
      <trkpt lat="66.133831" lon="13.596255"></trkpt>
      <trkpt lat="66.133799" lon="13.596342"></trkpt>
      <trkpt lat="66.133710" lon="13.596547"></trkpt>
      <trkpt lat="66.133682" lon="13.596635"></trkpt>
      <trkpt lat="66.133655" lon="13.596750"></trkpt>
      <trkpt lat="66.133621" lon="13.596947"></trkpt>
      <trkpt lat="66.133578" lon="13.597307"></trkpt>
      <trkpt lat="66.133524" lon="13.597678"></trkpt>
      <trkpt lat="66.133496" lon="13.597816"></trkpt>
      <trkpt lat="66.133462" lon="13.597951"></trkpt>
      <trkpt lat="66.133428" lon="13.598062"></trkpt>
      <trkpt lat="66.133269" lon="13.598488"></trkpt>
      <trkpt lat="66.133173" lon="13.598692"></trkpt>
      <trkpt lat="66.133138" lon="13.598758"></trkpt>
      <trkpt lat="66.133115" lon="13.598782"></trkpt>
      <trkpt lat="66.133094" lon="13.598795"></trkpt>
      <trkpt lat="66.133042" lon="13.598789"></trkpt>
      <trkpt lat="66.132844" lon="13.598665"></trkpt>
      <trkpt lat="66.132750" lon="13.598617"></trkpt>
      <trkpt lat="66.132684" lon="13.598603"></trkpt>
      <trkpt lat="66.132629" lon="13.598613"></trkpt>
      <trkpt lat="66.132593" lon="13.598632"></trkpt>
      <trkpt lat="66.132560" lon="13.598682"></trkpt>
      <trkpt lat="66.132530" lon="13.598766"></trkpt>
      <trkpt lat="66.132523" lon="13.598811"></trkpt>
      <trkpt lat="66.132522" lon="13.598889"></trkpt>
      <trkpt lat="66.132528" lon="13.598961"></trkpt>
      <trkpt lat="66.132557" lon="13.599161"></trkpt>
      <trkpt lat="66.132562" lon="13.599281"></trkpt>
      <trkpt lat="66.132555" lon="13.599379"></trkpt>
      <trkpt lat="66.132534" lon="13.599501"></trkpt>
      <trkpt lat="66.132471" lon="13.599782"></trkpt>
      <trkpt lat="66.132417" lon="13.600045"></trkpt>
      <trkpt lat="66.132297" lon="13.600674"></trkpt>
      <trkpt lat="66.132108" lon="13.601565"></trkpt>
      <trkpt lat="66.131944" lon="13.602225"></trkpt>
      <trkpt lat="66.131853" lon="13.602549"></trkpt>
      <trkpt lat="66.131790" lon="13.602828"></trkpt>
      <trkpt lat="66.131750" lon="13.603066"></trkpt>
      <trkpt lat="66.131735" lon="13.603216"></trkpt>
      <trkpt lat="66.131723" lon="13.603393"></trkpt>
      <trkpt lat="66.131658" lon="13.603826"></trkpt>
      <trkpt lat="66.131651" lon="13.604000"></trkpt>
      <trkpt lat="66.131649" lon="13.604170"></trkpt>
      <trkpt lat="66.131676" lon="13.604484"></trkpt>
      <trkpt lat="66.131682" lon="13.604644"></trkpt>
      <trkpt lat="66.131632" lon="13.605893"></trkpt>
      <trkpt lat="66.131605" lon="13.606261"></trkpt>
      <trkpt lat="66.131601" lon="13.606365"></trkpt>
      <trkpt lat="66.131612" lon="13.607012"></trkpt>
      <trkpt lat="66.131601" lon="13.607392"></trkpt>
      <trkpt lat="66.131600" lon="13.607646"></trkpt>
      <trkpt lat="66.131611" lon="13.608844"></trkpt>
      <trkpt lat="66.131624" lon="13.609223"></trkpt>
      <trkpt lat="66.131658" lon="13.609679"></trkpt>
      <trkpt lat="66.131665" lon="13.609908"></trkpt>
      <trkpt lat="66.131681" lon="13.610971"></trkpt>
      <trkpt lat="66.131682" lon="13.611539"></trkpt>
      <trkpt lat="66.131667" lon="13.611792"></trkpt>
      <trkpt lat="66.131632" lon="13.612046"></trkpt>
      <trkpt lat="66.131613" lon="13.612231"></trkpt>
      <trkpt lat="66.131605" lon="13.612376"></trkpt>
      <trkpt lat="66.131598" lon="13.612869"></trkpt>
      <trkpt lat="66.131585" lon="13.613116"></trkpt>
      <trkpt lat="66.131553" lon="13.613682"></trkpt>
      <trkpt lat="66.131522" lon="13.614102"></trkpt>
      <trkpt lat="66.131482" lon="13.614735"></trkpt>
      <trkpt lat="66.131472" lon="13.615053"></trkpt>
      <trkpt lat="66.131452" lon="13.615436"></trkpt>
      <trkpt lat="66.131421" lon="13.615852"></trkpt>
      <trkpt lat="66.131391" lon="13.616186"></trkpt>
      <trkpt lat="66.131322" lon="13.616736"></trkpt>
      <trkpt lat="66.131304" lon="13.616908"></trkpt>
      <trkpt lat="66.131296" lon="13.617078"></trkpt>
      <trkpt lat="66.131296" lon="13.617217"></trkpt>
      <trkpt lat="66.131305" lon="13.617364"></trkpt>
      <trkpt lat="66.131326" lon="13.617550"></trkpt>
      <trkpt lat="66.131361" lon="13.617799"></trkpt>
      <trkpt lat="66.131398" lon="13.618018"></trkpt>
      <trkpt lat="66.131448" lon="13.618277"></trkpt>
      <trkpt lat="66.131470" lon="13.618410"></trkpt>
      <trkpt lat="66.131474" lon="13.618486"></trkpt>
      <trkpt lat="66.131477" lon="13.618930"></trkpt>
      <trkpt lat="66.131499" lon="13.619587"></trkpt>
      <trkpt lat="66.131496" lon="13.619684"></trkpt>
      <trkpt lat="66.131489" lon="13.619772"></trkpt>
      <trkpt lat="66.131455" lon="13.619938"></trkpt>
      <trkpt lat="66.131408" lon="13.620084"></trkpt>
      <trkpt lat="66.131366" lon="13.620236"></trkpt>
      <trkpt lat="66.131271" lon="13.620982"></trkpt>
      <trkpt lat="66.131229" lon="13.621555"></trkpt>
      <trkpt lat="66.131203" lon="13.621848"></trkpt>
      <trkpt lat="66.131155" lon="13.622541"></trkpt>
      <trkpt lat="66.131049" lon="13.623352"></trkpt>
      <trkpt lat="66.130967" lon="13.624172"></trkpt>
      <trkpt lat="66.130960" lon="13.624319"></trkpt>
      <trkpt lat="66.130950" lon="13.624854"></trkpt>
      <trkpt lat="66.130941" lon="13.625009"></trkpt>
      <trkpt lat="66.130921" lon="13.625168"></trkpt>
      <trkpt lat="66.130910" lon="13.625311"></trkpt>
      <trkpt lat="66.130895" lon="13.626128"></trkpt>
      <trkpt lat="66.130830" lon="13.626983"></trkpt>
      <trkpt lat="66.130790" lon="13.627642"></trkpt>
      <trkpt lat="66.130775" lon="13.627777"></trkpt>
      <trkpt lat="66.130745" lon="13.627934"></trkpt>
      <trkpt lat="66.130685" lon="13.628202"></trkpt>
      <trkpt lat="66.130644" lon="13.628346"></trkpt>
      <trkpt lat="66.130583" lon="13.628527"></trkpt>
      <trkpt lat="66.130346" lon="13.629131"></trkpt>
      <trkpt lat="66.130303" lon="13.629265"></trkpt>
      <trkpt lat="66.130278" lon="13.629369"></trkpt>
      <trkpt lat="66.130257" lon="13.629494"></trkpt>
      <trkpt lat="66.130237" lon="13.629817"></trkpt>
      <trkpt lat="66.130224" lon="13.629918"></trkpt>
      <trkpt lat="66.130165" lon="13.630292"></trkpt>
      <trkpt lat="66.130151" lon="13.630470"></trkpt>
      <trkpt lat="66.130143" lon="13.630666"></trkpt>
      <trkpt lat="66.130102" lon="13.631022"></trkpt>
      <trkpt lat="66.130075" lon="13.631196"></trkpt>
      <trkpt lat="66.130011" lon="13.631563"></trkpt>
      <trkpt lat="66.129925" lon="13.632189"></trkpt>
      <trkpt lat="66.129910" lon="13.632345"></trkpt>
      <trkpt lat="66.129895" lon="13.632725"></trkpt>
      <trkpt lat="66.129883" lon="13.633114"></trkpt>
      <trkpt lat="66.129884" lon="13.633454"></trkpt>
      <trkpt lat="66.129903" lon="13.633752"></trkpt>
      <trkpt lat="66.129936" lon="13.634158"></trkpt>
      <trkpt lat="66.129974" lon="13.634478"></trkpt>
      <trkpt lat="66.129979" lon="13.634567"></trkpt>
      <trkpt lat="66.129977" lon="13.634629"></trkpt>
      <trkpt lat="66.129961" lon="13.634748"></trkpt>
      <trkpt lat="66.129932" lon="13.634958"></trkpt>
      <trkpt lat="66.129912" lon="13.635061"></trkpt>
      <trkpt lat="66.129838" lon="13.635354"></trkpt>
      <trkpt lat="66.129808" lon="13.635494"></trkpt>
      <trkpt lat="66.129808" lon="13.635546"></trkpt>
      <trkpt lat="66.129820" lon="13.635712"></trkpt>
      <trkpt lat="66.129839" lon="13.635864"></trkpt>
      <trkpt lat="66.129869" lon="13.636051"></trkpt>
      <trkpt lat="66.129893" lon="13.636150"></trkpt>
      <trkpt lat="66.129919" lon="13.636210"></trkpt>
      <trkpt lat="66.130060" lon="13.636482"></trkpt>
      <trkpt lat="66.130121" lon="13.636663"></trkpt>
      <trkpt lat="66.130149" lon="13.636789"></trkpt>
      <trkpt lat="66.130168" lon="13.637009"></trkpt>
      <trkpt lat="66.130184" lon="13.637301"></trkpt>
      <trkpt lat="66.130235" lon="13.638442"></trkpt>
      <trkpt lat="66.130241" lon="13.638713"></trkpt>
      <trkpt lat="66.130233" lon="13.638943"></trkpt>
      <trkpt lat="66.130196" lon="13.639408"></trkpt>
      <trkpt lat="66.130184" lon="13.639619"></trkpt>
      <trkpt lat="66.130177" lon="13.639809"></trkpt>
      <trkpt lat="66.130179" lon="13.640217"></trkpt>
      <trkpt lat="66.130175" lon="13.640337"></trkpt>
      <trkpt lat="66.130072" lon="13.641095"></trkpt>
      <trkpt lat="66.129968" lon="13.641749"></trkpt>
      <trkpt lat="66.129914" lon="13.642144"></trkpt>
      <trkpt lat="66.129911" lon="13.642239"></trkpt>
      <trkpt lat="66.129920" lon="13.642501"></trkpt>
      <trkpt lat="66.129921" lon="13.642673"></trkpt>
      <trkpt lat="66.129912" lon="13.642764"></trkpt>
      <trkpt lat="66.129892" lon="13.642858"></trkpt>
      <trkpt lat="66.129848" lon="13.642996"></trkpt>
      <trkpt lat="66.129791" lon="13.643132"></trkpt>
      <trkpt lat="66.129750" lon="13.643254"></trkpt>
      <trkpt lat="66.129740" lon="13.643297"></trkpt>
      <trkpt lat="66.129735" lon="13.643371"></trkpt>
      <trkpt lat="66.129740" lon="13.643514"></trkpt>
      <trkpt lat="66.129770" lon="13.644006"></trkpt>
      <trkpt lat="66.129775" lon="13.644181"></trkpt>
      <trkpt lat="66.129770" lon="13.644642"></trkpt>
      <trkpt lat="66.129713" lon="13.645622"></trkpt>
      <trkpt lat="66.129709" lon="13.645842"></trkpt>
      <trkpt lat="66.129732" lon="13.646200"></trkpt>
      <trkpt lat="66.129790" lon="13.646592"></trkpt>
      <trkpt lat="66.129795" lon="13.646652"></trkpt>
      <trkpt lat="66.129795" lon="13.646719"></trkpt>
      <trkpt lat="66.129784" lon="13.646854"></trkpt>
      <trkpt lat="66.129776" lon="13.647033"></trkpt>
      <trkpt lat="66.129793" lon="13.647527"></trkpt>
      <trkpt lat="66.129789" lon="13.647651"></trkpt>
      <trkpt lat="66.129752" lon="13.648110"></trkpt>
      <trkpt lat="66.129731" lon="13.648417"></trkpt>
      <trkpt lat="66.129717" lon="13.649132"></trkpt>
      <trkpt lat="66.129707" lon="13.649396"></trkpt>
      <trkpt lat="66.129691" lon="13.649692"></trkpt>
      <trkpt lat="66.129670" lon="13.649962"></trkpt>
      <trkpt lat="66.129648" lon="13.650148"></trkpt>
      <trkpt lat="66.129629" lon="13.650272"></trkpt>
      <trkpt lat="66.129593" lon="13.650428"></trkpt>
      <trkpt lat="66.129476" lon="13.650835"></trkpt>
      <trkpt lat="66.129407" lon="13.651104"></trkpt>
      <trkpt lat="66.129356" lon="13.651271"></trkpt>
      <trkpt lat="66.129312" lon="13.651393"></trkpt>
      <trkpt lat="66.129118" lon="13.651883"></trkpt>
      <trkpt lat="66.128973" lon="13.652289"></trkpt>
      <trkpt lat="66.128750" lon="13.652980"></trkpt>
      <trkpt lat="66.128667" lon="13.653248"></trkpt>
      <trkpt lat="66.128618" lon="13.653430"></trkpt>
      <trkpt lat="66.128585" lon="13.653589"></trkpt>
      <trkpt lat="66.128555" lon="13.653800"></trkpt>
      <trkpt lat="66.128474" lon="13.654475"></trkpt>
      <trkpt lat="66.128458" lon="13.654653"></trkpt>
      <trkpt lat="66.128456" lon="13.654746"></trkpt>
      <trkpt lat="66.128459" lon="13.654856"></trkpt>
      <trkpt lat="66.128520" lon="13.655500"></trkpt>
      <trkpt lat="66.128644" lon="13.656991"></trkpt>
      <trkpt lat="66.128673" lon="13.657546"></trkpt>
      <trkpt lat="66.128716" lon="13.657866"></trkpt>
      <trkpt lat="66.128781" lon="13.658128"></trkpt>
      <trkpt lat="66.129024" lon="13.658905"></trkpt>
      <trkpt lat="66.129077" lon="13.659119"></trkpt>
      <trkpt lat="66.129128" lon="13.659465"></trkpt>
      <trkpt lat="66.129147" lon="13.659672"></trkpt>
      <trkpt lat="66.129155" lon="13.659822"></trkpt>
      <trkpt lat="66.129159" lon="13.660481"></trkpt>
      <trkpt lat="66.129166" lon="13.660984"></trkpt>
      <trkpt lat="66.129186" lon="13.661495"></trkpt>
      <trkpt lat="66.129225" lon="13.662170"></trkpt>
      <trkpt lat="66.129251" lon="13.662726"></trkpt>
      <trkpt lat="66.129251" lon="13.662726"></trkpt>
      <trkpt lat="66.129225" lon="13.662170"></trkpt>
      <trkpt lat="66.129186" lon="13.661495"></trkpt>
      <trkpt lat="66.129166" lon="13.660984"></trkpt>
      <trkpt lat="66.129159" lon="13.660481"></trkpt>
      <trkpt lat="66.129155" lon="13.659822"></trkpt>
      <trkpt lat="66.129147" lon="13.659672"></trkpt>
      <trkpt lat="66.129128" lon="13.659465"></trkpt>
      <trkpt lat="66.129077" lon="13.659119"></trkpt>
      <trkpt lat="66.129024" lon="13.658905"></trkpt>
      <trkpt lat="66.128781" lon="13.658128"></trkpt>
      <trkpt lat="66.128716" lon="13.657866"></trkpt>
      <trkpt lat="66.128673" lon="13.657546"></trkpt>
      <trkpt lat="66.128644" lon="13.656991"></trkpt>
      <trkpt lat="66.128520" lon="13.655500"></trkpt>
      <trkpt lat="66.128459" lon="13.654856"></trkpt>
      <trkpt lat="66.128456" lon="13.654746"></trkpt>
      <trkpt lat="66.128458" lon="13.654653"></trkpt>
      <trkpt lat="66.128474" lon="13.654475"></trkpt>
      <trkpt lat="66.128555" lon="13.653800"></trkpt>
      <trkpt lat="66.128585" lon="13.653589"></trkpt>
      <trkpt lat="66.128618" lon="13.653430"></trkpt>
      <trkpt lat="66.128667" lon="13.653248"></trkpt>
      <trkpt lat="66.128750" lon="13.652980"></trkpt>
      <trkpt lat="66.128973" lon="13.652289"></trkpt>
      <trkpt lat="66.129118" lon="13.651883"></trkpt>
      <trkpt lat="66.129312" lon="13.651393"></trkpt>
      <trkpt lat="66.129356" lon="13.651271"></trkpt>
      <trkpt lat="66.129407" lon="13.651104"></trkpt>
      <trkpt lat="66.129476" lon="13.650835"></trkpt>
      <trkpt lat="66.129593" lon="13.650428"></trkpt>
      <trkpt lat="66.129629" lon="13.650272"></trkpt>
      <trkpt lat="66.129648" lon="13.650148"></trkpt>
      <trkpt lat="66.129670" lon="13.649962"></trkpt>
      <trkpt lat="66.129691" lon="13.649692"></trkpt>
      <trkpt lat="66.129707" lon="13.649396"></trkpt>
      <trkpt lat="66.129717" lon="13.649132"></trkpt>
      <trkpt lat="66.129731" lon="13.648417"></trkpt>
      <trkpt lat="66.129752" lon="13.648110"></trkpt>
      <trkpt lat="66.129789" lon="13.647651"></trkpt>
      <trkpt lat="66.129793" lon="13.647527"></trkpt>
      <trkpt lat="66.129776" lon="13.647033"></trkpt>
      <trkpt lat="66.129784" lon="13.646854"></trkpt>
      <trkpt lat="66.129795" lon="13.646719"></trkpt>
      <trkpt lat="66.129795" lon="13.646652"></trkpt>
      <trkpt lat="66.129790" lon="13.646592"></trkpt>
      <trkpt lat="66.129732" lon="13.646200"></trkpt>
      <trkpt lat="66.129709" lon="13.645842"></trkpt>
      <trkpt lat="66.129713" lon="13.645622"></trkpt>
      <trkpt lat="66.129770" lon="13.644642"></trkpt>
      <trkpt lat="66.129775" lon="13.644181"></trkpt>
      <trkpt lat="66.129770" lon="13.644006"></trkpt>
      <trkpt lat="66.129740" lon="13.643514"></trkpt>
      <trkpt lat="66.129735" lon="13.643371"></trkpt>
      <trkpt lat="66.129740" lon="13.643297"></trkpt>
      <trkpt lat="66.129750" lon="13.643254"></trkpt>
      <trkpt lat="66.129791" lon="13.643132"></trkpt>
      <trkpt lat="66.129848" lon="13.642996"></trkpt>
      <trkpt lat="66.129892" lon="13.642858"></trkpt>
      <trkpt lat="66.129912" lon="13.642764"></trkpt>
      <trkpt lat="66.129921" lon="13.642673"></trkpt>
      <trkpt lat="66.129920" lon="13.642501"></trkpt>
      <trkpt lat="66.129911" lon="13.642239"></trkpt>
      <trkpt lat="66.129914" lon="13.642144"></trkpt>
      <trkpt lat="66.129968" lon="13.641749"></trkpt>
      <trkpt lat="66.130072" lon="13.641095"></trkpt>
      <trkpt lat="66.130175" lon="13.640337"></trkpt>
      <trkpt lat="66.130179" lon="13.640217"></trkpt>
      <trkpt lat="66.130177" lon="13.639809"></trkpt>
      <trkpt lat="66.130184" lon="13.639619"></trkpt>
      <trkpt lat="66.130196" lon="13.639408"></trkpt>
      <trkpt lat="66.130233" lon="13.638943"></trkpt>
      <trkpt lat="66.130241" lon="13.638713"></trkpt>
      <trkpt lat="66.130235" lon="13.638442"></trkpt>
      <trkpt lat="66.130184" lon="13.637301"></trkpt>
      <trkpt lat="66.130168" lon="13.637009"></trkpt>
      <trkpt lat="66.130149" lon="13.636789"></trkpt>
      <trkpt lat="66.130121" lon="13.636663"></trkpt>
      <trkpt lat="66.130060" lon="13.636482"></trkpt>
      <trkpt lat="66.129919" lon="13.636210"></trkpt>
      <trkpt lat="66.129893" lon="13.636150"></trkpt>
      <trkpt lat="66.129869" lon="13.636051"></trkpt>
      <trkpt lat="66.129839" lon="13.635864"></trkpt>
      <trkpt lat="66.129820" lon="13.635712"></trkpt>
      <trkpt lat="66.129808" lon="13.635546"></trkpt>
      <trkpt lat="66.129808" lon="13.635494"></trkpt>
      <trkpt lat="66.129838" lon="13.635354"></trkpt>
      <trkpt lat="66.129912" lon="13.635061"></trkpt>
      <trkpt lat="66.129932" lon="13.634958"></trkpt>
      <trkpt lat="66.129961" lon="13.634748"></trkpt>
      <trkpt lat="66.129977" lon="13.634629"></trkpt>
      <trkpt lat="66.129979" lon="13.634567"></trkpt>
      <trkpt lat="66.129974" lon="13.634478"></trkpt>
      <trkpt lat="66.129936" lon="13.634158"></trkpt>
      <trkpt lat="66.129903" lon="13.633752"></trkpt>
      <trkpt lat="66.129884" lon="13.633454"></trkpt>
      <trkpt lat="66.129883" lon="13.633114"></trkpt>
      <trkpt lat="66.129895" lon="13.632725"></trkpt>
      <trkpt lat="66.129910" lon="13.632345"></trkpt>
      <trkpt lat="66.129925" lon="13.632189"></trkpt>
      <trkpt lat="66.130011" lon="13.631563"></trkpt>
      <trkpt lat="66.130075" lon="13.631196"></trkpt>
      <trkpt lat="66.130102" lon="13.631022"></trkpt>
      <trkpt lat="66.130143" lon="13.630666"></trkpt>
      <trkpt lat="66.130151" lon="13.630470"></trkpt>
      <trkpt lat="66.130165" lon="13.630292"></trkpt>
      <trkpt lat="66.130224" lon="13.629918"></trkpt>
      <trkpt lat="66.130237" lon="13.629817"></trkpt>
      <trkpt lat="66.130257" lon="13.629494"></trkpt>
      <trkpt lat="66.130278" lon="13.629369"></trkpt>
      <trkpt lat="66.130303" lon="13.629265"></trkpt>
      <trkpt lat="66.130346" lon="13.629131"></trkpt>
      <trkpt lat="66.130583" lon="13.628527"></trkpt>
      <trkpt lat="66.130644" lon="13.628346"></trkpt>
      <trkpt lat="66.130685" lon="13.628202"></trkpt>
      <trkpt lat="66.130745" lon="13.627934"></trkpt>
      <trkpt lat="66.130775" lon="13.627777"></trkpt>
      <trkpt lat="66.130790" lon="13.627642"></trkpt>
      <trkpt lat="66.130830" lon="13.626983"></trkpt>
      <trkpt lat="66.130895" lon="13.626128"></trkpt>
      <trkpt lat="66.130910" lon="13.625311"></trkpt>
      <trkpt lat="66.130921" lon="13.625168"></trkpt>
      <trkpt lat="66.130941" lon="13.625009"></trkpt>
      <trkpt lat="66.130950" lon="13.624854"></trkpt>
      <trkpt lat="66.130960" lon="13.624319"></trkpt>
      <trkpt lat="66.130967" lon="13.624172"></trkpt>
      <trkpt lat="66.131049" lon="13.623352"></trkpt>
      <trkpt lat="66.131155" lon="13.622541"></trkpt>
      <trkpt lat="66.131203" lon="13.621848"></trkpt>
      <trkpt lat="66.131229" lon="13.621555"></trkpt>
      <trkpt lat="66.131271" lon="13.620982"></trkpt>
      <trkpt lat="66.131366" lon="13.620236"></trkpt>
      <trkpt lat="66.131408" lon="13.620084"></trkpt>
      <trkpt lat="66.131455" lon="13.619938"></trkpt>
      <trkpt lat="66.131489" lon="13.619772"></trkpt>
      <trkpt lat="66.131496" lon="13.619684"></trkpt>
      <trkpt lat="66.131499" lon="13.619587"></trkpt>
      <trkpt lat="66.131477" lon="13.618930"></trkpt>
      <trkpt lat="66.131474" lon="13.618486"></trkpt>
      <trkpt lat="66.131470" lon="13.618410"></trkpt>
      <trkpt lat="66.131448" lon="13.618277"></trkpt>
      <trkpt lat="66.131398" lon="13.618018"></trkpt>
      <trkpt lat="66.131361" lon="13.617799"></trkpt>
      <trkpt lat="66.131326" lon="13.617550"></trkpt>
      <trkpt lat="66.131305" lon="13.617364"></trkpt>
      <trkpt lat="66.131296" lon="13.617217"></trkpt>
      <trkpt lat="66.131296" lon="13.617078"></trkpt>
      <trkpt lat="66.131304" lon="13.616908"></trkpt>
      <trkpt lat="66.131322" lon="13.616736"></trkpt>
      <trkpt lat="66.131391" lon="13.616186"></trkpt>
      <trkpt lat="66.131421" lon="13.615852"></trkpt>
      <trkpt lat="66.131452" lon="13.615436"></trkpt>
      <trkpt lat="66.131472" lon="13.615053"></trkpt>
      <trkpt lat="66.131482" lon="13.614735"></trkpt>
      <trkpt lat="66.131522" lon="13.614102"></trkpt>
      <trkpt lat="66.131553" lon="13.613682"></trkpt>
      <trkpt lat="66.131585" lon="13.613116"></trkpt>
      <trkpt lat="66.131598" lon="13.612869"></trkpt>
      <trkpt lat="66.131605" lon="13.612376"></trkpt>
      <trkpt lat="66.131613" lon="13.612231"></trkpt>
      <trkpt lat="66.131632" lon="13.612046"></trkpt>
      <trkpt lat="66.131667" lon="13.611792"></trkpt>
      <trkpt lat="66.131682" lon="13.611539"></trkpt>
      <trkpt lat="66.131681" lon="13.610971"></trkpt>
      <trkpt lat="66.131665" lon="13.609908"></trkpt>
      <trkpt lat="66.131658" lon="13.609679"></trkpt>
      <trkpt lat="66.131624" lon="13.609223"></trkpt>
      <trkpt lat="66.131611" lon="13.608844"></trkpt>
      <trkpt lat="66.131600" lon="13.607646"></trkpt>
      <trkpt lat="66.131601" lon="13.607392"></trkpt>
      <trkpt lat="66.131612" lon="13.607012"></trkpt>
      <trkpt lat="66.131601" lon="13.606365"></trkpt>
      <trkpt lat="66.131605" lon="13.606261"></trkpt>
      <trkpt lat="66.131632" lon="13.605893"></trkpt>
      <trkpt lat="66.131682" lon="13.604644"></trkpt>
      <trkpt lat="66.131676" lon="13.604484"></trkpt>
      <trkpt lat="66.131649" lon="13.604170"></trkpt>
      <trkpt lat="66.131651" lon="13.604000"></trkpt>
      <trkpt lat="66.131658" lon="13.603826"></trkpt>
      <trkpt lat="66.131723" lon="13.603393"></trkpt>
      <trkpt lat="66.131735" lon="13.603216"></trkpt>
      <trkpt lat="66.131750" lon="13.603066"></trkpt>
      <trkpt lat="66.131790" lon="13.602828"></trkpt>
      <trkpt lat="66.131853" lon="13.602549"></trkpt>
      <trkpt lat="66.131944" lon="13.602225"></trkpt>
      <trkpt lat="66.132108" lon="13.601565"></trkpt>
      <trkpt lat="66.132297" lon="13.600674"></trkpt>
      <trkpt lat="66.132417" lon="13.600045"></trkpt>
      <trkpt lat="66.132471" lon="13.599782"></trkpt>
      <trkpt lat="66.132534" lon="13.599501"></trkpt>
      <trkpt lat="66.132555" lon="13.599379"></trkpt>
      <trkpt lat="66.132562" lon="13.599281"></trkpt>
      <trkpt lat="66.132557" lon="13.599161"></trkpt>
      <trkpt lat="66.132528" lon="13.598961"></trkpt>
      <trkpt lat="66.132522" lon="13.598889"></trkpt>
      <trkpt lat="66.132523" lon="13.598811"></trkpt>
      <trkpt lat="66.132530" lon="13.598766"></trkpt>
      <trkpt lat="66.132560" lon="13.598682"></trkpt>
      <trkpt lat="66.132593" lon="13.598632"></trkpt>
      <trkpt lat="66.132629" lon="13.598613"></trkpt>
      <trkpt lat="66.132684" lon="13.598603"></trkpt>
      <trkpt lat="66.132750" lon="13.598617"></trkpt>
      <trkpt lat="66.132844" lon="13.598665"></trkpt>
      <trkpt lat="66.133042" lon="13.598789"></trkpt>
      <trkpt lat="66.133094" lon="13.598795"></trkpt>
      <trkpt lat="66.133115" lon="13.598782"></trkpt>
      <trkpt lat="66.133138" lon="13.598758"></trkpt>
      <trkpt lat="66.133173" lon="13.598692"></trkpt>
      <trkpt lat="66.133269" lon="13.598488"></trkpt>
      <trkpt lat="66.133428" lon="13.598062"></trkpt>
      <trkpt lat="66.133462" lon="13.597951"></trkpt>
      <trkpt lat="66.133496" lon="13.597816"></trkpt>
      <trkpt lat="66.133524" lon="13.597678"></trkpt>
      <trkpt lat="66.133578" lon="13.597307"></trkpt>
      <trkpt lat="66.133621" lon="13.596947"></trkpt>
      <trkpt lat="66.133655" lon="13.596750"></trkpt>
      <trkpt lat="66.133682" lon="13.596635"></trkpt>
      <trkpt lat="66.133710" lon="13.596547"></trkpt>
      <trkpt lat="66.133799" lon="13.596342"></trkpt>
      <trkpt lat="66.133831" lon="13.596255"></trkpt>
      <trkpt lat="66.133856" lon="13.596161"></trkpt>
      <trkpt lat="66.133876" lon="13.596055"></trkpt>
      <trkpt lat="66.133884" lon="13.595961"></trkpt>
      <trkpt lat="66.133886" lon="13.595801"></trkpt>
      <trkpt lat="66.133865" lon="13.595555"></trkpt>
      <trkpt lat="66.133848" lon="13.595070"></trkpt>
      <trkpt lat="66.133851" lon="13.594924"></trkpt>
      <trkpt lat="66.133856" lon="13.594700"></trkpt>
      <trkpt lat="66.133847" lon="13.594635"></trkpt>
      <trkpt lat="66.133676" lon="13.594033"></trkpt>
      <trkpt lat="66.133425" lon="13.592986"></trkpt>
      <trkpt lat="66.133358" lon="13.592663"></trkpt>
      <trkpt lat="66.133309" lon="13.592354"></trkpt>
      <trkpt lat="66.133218" lon="13.591585"></trkpt>
      <trkpt lat="66.133179" lon="13.591299"></trkpt>
      <trkpt lat="66.133123" lon="13.590832"></trkpt>
      <trkpt lat="66.133084" lon="13.590578"></trkpt>
      <trkpt lat="66.133040" lon="13.590328"></trkpt>
      <trkpt lat="66.132885" lon="13.589538"></trkpt>
      <trkpt lat="66.132803" lon="13.589163"></trkpt>
      <trkpt lat="66.132766" lon="13.589051"></trkpt>
      <trkpt lat="66.132737" lon="13.588989"></trkpt>
      <trkpt lat="66.132694" lon="13.588913"></trkpt>
      <trkpt lat="66.132507" lon="13.588630"></trkpt>
      <trkpt lat="66.132425" lon="13.588473"></trkpt>
      <trkpt lat="66.132363" lon="13.588303"></trkpt>
      <trkpt lat="66.132221" lon="13.587860"></trkpt>
      <trkpt lat="66.132165" lon="13.587674"></trkpt>
      <trkpt lat="66.132129" lon="13.587527"></trkpt>
      <trkpt lat="66.132094" lon="13.587340"></trkpt>
      <trkpt lat="66.132063" lon="13.587132"></trkpt>
      <trkpt lat="66.132045" lon="13.586973"></trkpt>
      <trkpt lat="66.132022" lon="13.586657"></trkpt>
      <trkpt lat="66.131995" lon="13.586030"></trkpt>
      <trkpt lat="66.131977" lon="13.585748"></trkpt>
      <trkpt lat="66.131951" lon="13.585488"></trkpt>
      <trkpt lat="66.131932" lon="13.585367"></trkpt>
      <trkpt lat="66.131906" lon="13.585247"></trkpt>
      <trkpt lat="66.131865" lon="13.585123"></trkpt>
      <trkpt lat="66.131823" lon="13.585030"></trkpt>
      <trkpt lat="66.131706" lon="13.584843"></trkpt>
      <trkpt lat="66.131625" lon="13.584684"></trkpt>
      <trkpt lat="66.131556" lon="13.584486"></trkpt>
      <trkpt lat="66.131484" lon="13.584248"></trkpt>
      <trkpt lat="66.131381" lon="13.583954"></trkpt>
      <trkpt lat="66.131325" lon="13.583814"></trkpt>
      <trkpt lat="66.131284" lon="13.583746"></trkpt>
      <trkpt lat="66.131244" lon="13.583702"></trkpt>
      <trkpt lat="66.131211" lon="13.583683"></trkpt>
      <trkpt lat="66.131174" lon="13.583678"></trkpt>
      <trkpt lat="66.131138" lon="13.583690"></trkpt>
      <trkpt lat="66.131084" lon="13.583731"></trkpt>
      <trkpt lat="66.131033" lon="13.583793"></trkpt>
      <trkpt lat="66.130883" lon="13.584020"></trkpt>
      <trkpt lat="66.130861" lon="13.584038"></trkpt>
      <trkpt lat="66.130837" lon="13.584038"></trkpt>
      <trkpt lat="66.130810" lon="13.584021"></trkpt>
      <trkpt lat="66.130782" lon="13.583985"></trkpt>
      <trkpt lat="66.130754" lon="13.583940"></trkpt>
      <trkpt lat="66.130649" lon="13.583725"></trkpt>
      <trkpt lat="66.130477" lon="13.583302"></trkpt>
      <trkpt lat="66.130138" lon="13.582324"></trkpt>
      <trkpt lat="66.130071" lon="13.582096"></trkpt>
      <trkpt lat="66.130059" lon="13.582054"></trkpt>
      <trkpt lat="66.129845" lon="13.582013"></trkpt>
      <trkpt lat="66.129713" lon="13.582000"></trkpt>
      <trkpt lat="66.129563" lon="13.582009"></trkpt>
      <trkpt lat="66.129399" lon="13.582044"></trkpt>
      <trkpt lat="66.129324" lon="13.582076"></trkpt>
      <trkpt lat="66.129170" lon="13.582171"></trkpt>
      <trkpt lat="66.129008" lon="13.582287"></trkpt>
      <trkpt lat="66.128843" lon="13.582429"></trkpt>
      <trkpt lat="66.128704" lon="13.582574"></trkpt>
      <trkpt lat="66.128632" lon="13.582632"></trkpt>
      <trkpt lat="66.128434" lon="13.582781"></trkpt>
      <trkpt lat="66.128380" lon="13.582811"></trkpt>
      <trkpt lat="66.128223" lon="13.582855"></trkpt>
      <trkpt lat="66.128209" lon="13.582750"></trkpt>
      <trkpt lat="66.128063" lon="13.582179"></trkpt>
      <trkpt lat="66.127978" lon="13.581793"></trkpt>
      <trkpt lat="66.127888" lon="13.581461"></trkpt>
      <trkpt lat="66.127825" lon="13.581267"></trkpt>
      <trkpt lat="66.127750" lon="13.581086"></trkpt>
      <trkpt lat="66.127713" lon="13.581011"></trkpt>
      <trkpt lat="66.127595" lon="13.580794"></trkpt>
      <trkpt lat="66.127504" lon="13.580650"></trkpt>
      <trkpt lat="66.127321" lon="13.580399"></trkpt>
      <trkpt lat="66.127211" lon="13.580282"></trkpt>
      <trkpt lat="66.127109" lon="13.580203"></trkpt>
      <trkpt lat="66.127027" lon="13.580160"></trkpt>
      <trkpt lat="66.126898" lon="13.580132"></trkpt>
      <trkpt lat="66.126804" lon="13.580146"></trkpt>
      <trkpt lat="66.126742" lon="13.580181"></trkpt>
      <trkpt lat="66.126680" lon="13.580237"></trkpt>
      <trkpt lat="66.126615" lon="13.580309"></trkpt>
      <trkpt lat="66.126554" lon="13.580393"></trkpt>
      <trkpt lat="66.126485" lon="13.580507"></trkpt>
      <trkpt lat="66.126428" lon="13.580612"></trkpt>
      <trkpt lat="66.126389" lon="13.580706"></trkpt>
      <trkpt lat="66.126326" lon="13.580886"></trkpt>
      <trkpt lat="66.126295" lon="13.580989"></trkpt>
      <trkpt lat="66.126240" lon="13.581231"></trkpt>
      <trkpt lat="66.126217" lon="13.581368"></trkpt>
      <trkpt lat="66.126202" lon="13.581523"></trkpt>
      <trkpt lat="66.126195" lon="13.581808"></trkpt>
      <trkpt lat="66.126201" lon="13.581989"></trkpt>
      <trkpt lat="66.126214" lon="13.582144"></trkpt>
      <trkpt lat="66.126310" lon="13.582966"></trkpt>
      <trkpt lat="66.126362" lon="13.583535"></trkpt>
      <trkpt lat="66.126371" lon="13.583770"></trkpt>
      <trkpt lat="66.126371" lon="13.583975"></trkpt>
      <trkpt lat="66.126365" lon="13.584149"></trkpt>
      <trkpt lat="66.126357" lon="13.584300"></trkpt>
      <trkpt lat="66.126338" lon="13.584498"></trkpt>
      <trkpt lat="66.126316" lon="13.584628"></trkpt>
      <trkpt lat="66.126293" lon="13.584729"></trkpt>
      <trkpt lat="66.126236" lon="13.584888"></trkpt>
      <trkpt lat="66.126207" lon="13.584944"></trkpt>
      <trkpt lat="66.126176" lon="13.584985"></trkpt>
      <trkpt lat="66.126129" lon="13.585032"></trkpt>
      <trkpt lat="66.126060" lon="13.585072"></trkpt>
      <trkpt lat="66.125992" lon="13.585072"></trkpt>
      <trkpt lat="66.125943" lon="13.585063"></trkpt>
      <trkpt lat="66.125882" lon="13.585029"></trkpt>
      <trkpt lat="66.125764" lon="13.584944"></trkpt>
      <trkpt lat="66.125662" lon="13.584851"></trkpt>
      <trkpt lat="66.125503" lon="13.584731"></trkpt>
      <trkpt lat="66.125355" lon="13.584640"></trkpt>
      <trkpt lat="66.125263" lon="13.584593"></trkpt>
      <trkpt lat="66.125037" lon="13.584504"></trkpt>
      <trkpt lat="66.124934" lon="13.584486"></trkpt>
      <trkpt lat="66.124788" lon="13.584483"></trkpt>
      <trkpt lat="66.124526" lon="13.584537"></trkpt>
      <trkpt lat="66.124300" lon="13.584603"></trkpt>
      <trkpt lat="66.124036" lon="13.584702"></trkpt>
      <trkpt lat="66.122951" lon="13.585065"></trkpt>
      <trkpt lat="66.122724" lon="13.585172"></trkpt>
      <trkpt lat="66.122689" lon="13.585189"></trkpt>
      <trkpt lat="66.122575" lon="13.585274"></trkpt>
      <trkpt lat="66.122401" lon="13.585479"></trkpt>
      <trkpt lat="66.122058" lon="13.585853"></trkpt>
      <trkpt lat="66.121732" lon="13.586242"></trkpt>
      <trkpt lat="66.121556" lon="13.586403"></trkpt>
      <trkpt lat="66.121467" lon="13.586465"></trkpt>
      <trkpt lat="66.121428" lon="13.586488"></trkpt>
      <trkpt lat="66.121257" lon="13.586547"></trkpt>
      <trkpt lat="66.121125" lon="13.586545"></trkpt>
      <trkpt lat="66.121011" lon="13.586521"></trkpt>
      <trkpt lat="66.120895" lon="13.586476"></trkpt>
      <trkpt lat="66.120790" lon="13.586419"></trkpt>
      <trkpt lat="66.120741" lon="13.586290"></trkpt>
      <trkpt lat="66.120557" lon="13.585964"></trkpt>
      <trkpt lat="66.120499" lon="13.585827"></trkpt>
      <trkpt lat="66.120418" lon="13.585605"></trkpt>
      <trkpt lat="66.120355" lon="13.585384"></trkpt>
      <trkpt lat="66.120298" lon="13.585129"></trkpt>
      <trkpt lat="66.120244" lon="13.584802"></trkpt>
      <trkpt lat="66.120174" lon="13.584310"></trkpt>
      <trkpt lat="66.119986" lon="13.582800"></trkpt>
      <trkpt lat="66.119940" lon="13.582465"></trkpt>
      <trkpt lat="66.119835" lon="13.581717"></trkpt>
      <trkpt lat="66.119717" lon="13.580976"></trkpt>
      <trkpt lat="66.119611" lon="13.580225"></trkpt>
      <trkpt lat="66.119458" lon="13.579157"></trkpt>
      <trkpt lat="66.119379" lon="13.578639"></trkpt>
      <trkpt lat="66.119327" lon="13.578339"></trkpt>
      <trkpt lat="66.119282" lon="13.578127"></trkpt>
      <trkpt lat="66.119220" lon="13.577857"></trkpt>
      <trkpt lat="66.119157" lon="13.577636"></trkpt>
      <trkpt lat="66.119064" lon="13.577349"></trkpt>
      <trkpt lat="66.118990" lon="13.577138"></trkpt>
      <trkpt lat="66.118909" lon="13.576935"></trkpt>
      <trkpt lat="66.118350" lon="13.575608"></trkpt>
      <trkpt lat="66.117732" lon="13.574165"></trkpt>
      <trkpt lat="66.117276" lon="13.573056"></trkpt>
      <trkpt lat="66.116963" lon="13.572262"></trkpt>
      <trkpt lat="66.116795" lon="13.571799"></trkpt>
      <trkpt lat="66.116097" lon="13.569557"></trkpt>
      <trkpt lat="66.115972" lon="13.569218"></trkpt>
      <trkpt lat="66.115863" lon="13.568950"></trkpt>
      <trkpt lat="66.115726" lon="13.568660"></trkpt>
      <trkpt lat="66.115616" lon="13.568455"></trkpt>
      <trkpt lat="66.115463" lon="13.568220"></trkpt>
      <trkpt lat="66.115277" lon="13.567969"></trkpt>
      <trkpt lat="66.115222" lon="13.567921"></trkpt>
      <trkpt lat="66.115155" lon="13.567897"></trkpt>
      <trkpt lat="66.115123" lon="13.567897"></trkpt>
      <trkpt lat="66.114781" lon="13.567726"></trkpt>
      <trkpt lat="66.114608" lon="13.567622"></trkpt>
      <trkpt lat="66.114507" lon="13.567545"></trkpt>
      <trkpt lat="66.114454" lon="13.567487"></trkpt>
      <trkpt lat="66.114352" lon="13.567347"></trkpt>
      <trkpt lat="66.114271" lon="13.567201"></trkpt>
      <trkpt lat="66.114182" lon="13.567022"></trkpt>
      <trkpt lat="66.113953" lon="13.566486"></trkpt>
      <trkpt lat="66.113841" lon="13.566255"></trkpt>
      <trkpt lat="66.113769" lon="13.566127"></trkpt>
      <trkpt lat="66.113667" lon="13.565965"></trkpt>
      <trkpt lat="66.113604" lon="13.565880"></trkpt>
      <trkpt lat="66.113339" lon="13.565617"></trkpt>
      <trkpt lat="66.113247" lon="13.565542"></trkpt>
      <trkpt lat="66.113202" lon="13.565519"></trkpt>
      <trkpt lat="66.113157" lon="13.565512"></trkpt>
      <trkpt lat="66.113081" lon="13.565515"></trkpt>
      <trkpt lat="66.113044" lon="13.565526"></trkpt>
      <trkpt lat="66.112974" lon="13.565570"></trkpt>
      <trkpt lat="66.112668" lon="13.565850"></trkpt>
      <trkpt lat="66.112498" lon="13.565979"></trkpt>
      <trkpt lat="66.112403" lon="13.566017"></trkpt>
      <trkpt lat="66.112328" lon="13.566030"></trkpt>
      <trkpt lat="66.112212" lon="13.566014"></trkpt>
      <trkpt lat="66.112074" lon="13.565940"></trkpt>
      <trkpt lat="66.111984" lon="13.565868"></trkpt>
      <trkpt lat="66.111877" lon="13.565796"></trkpt>
      <trkpt lat="66.111593" lon="13.565570"></trkpt>
      <trkpt lat="66.111236" lon="13.565266"></trkpt>
      <trkpt lat="66.111141" lon="13.565202"></trkpt>
      <trkpt lat="66.111027" lon="13.565142"></trkpt>
      <trkpt lat="66.110503" lon="13.564981"></trkpt>
      <trkpt lat="66.110403" lon="13.564961"></trkpt>
      <trkpt lat="66.109856" lon="13.564915"></trkpt>
      <trkpt lat="66.109708" lon="13.564875"></trkpt>
      <trkpt lat="66.109598" lon="13.564806"></trkpt>
      <trkpt lat="66.109413" lon="13.564639"></trkpt>
      <trkpt lat="66.108978" lon="13.564183"></trkpt>
      <trkpt lat="66.108864" lon="13.564080"></trkpt>
      <trkpt lat="66.108753" lon="13.563999"></trkpt>
      <trkpt lat="66.108680" lon="13.563977"></trkpt>
      <trkpt lat="66.108422" lon="13.563971"></trkpt>
      <trkpt lat="66.108335" lon="13.563955"></trkpt>
      <trkpt lat="66.108245" lon="13.563923"></trkpt>
      <trkpt lat="66.107868" lon="13.563725"></trkpt>
      <trkpt lat="66.107816" lon="13.563679"></trkpt>
      <trkpt lat="66.107264" lon="13.563500"></trkpt>
      <trkpt lat="66.107131" lon="13.563473"></trkpt>
      <trkpt lat="66.106969" lon="13.563470"></trkpt>
      <trkpt lat="66.106854" lon="13.563488"></trkpt>
      <trkpt lat="66.106163" lon="13.563659"></trkpt>
      <trkpt lat="66.105882" lon="13.563774"></trkpt>
      <trkpt lat="66.105501" lon="13.563903"></trkpt>
      <trkpt lat="66.105361" lon="13.563994"></trkpt>
      <trkpt lat="66.105287" lon="13.564028"></trkpt>
      <trkpt lat="66.105209" lon="13.564045"></trkpt>
      <trkpt lat="66.105157" lon="13.564047"></trkpt>
      <trkpt lat="66.105099" lon="13.564031"></trkpt>
      <trkpt lat="66.104944" lon="13.563938"></trkpt>
      <trkpt lat="66.104863" lon="13.563837"></trkpt>
      <trkpt lat="66.104795" lon="13.563727"></trkpt>
      <trkpt lat="66.104717" lon="13.563572"></trkpt>
      <trkpt lat="66.104628" lon="13.563366"></trkpt>
      <trkpt lat="66.104552" lon="13.563132"></trkpt>
      <trkpt lat="66.104408" lon="13.562638"></trkpt>
      <trkpt lat="66.104146" lon="13.561660"></trkpt>
      <trkpt lat="66.103888" lon="13.560293"></trkpt>
      <trkpt lat="66.103724" lon="13.559646"></trkpt>
      <trkpt lat="66.103631" lon="13.559244"></trkpt>
      <trkpt lat="66.103591" lon="13.558971"></trkpt>
      <trkpt lat="66.103573" lon="13.558977"></trkpt>
      <trkpt lat="66.103524" lon="13.558929"></trkpt>
      <trkpt lat="66.103487" lon="13.558862"></trkpt>
      <trkpt lat="66.103447" lon="13.558731"></trkpt>
      <trkpt lat="66.103409" lon="13.558537"></trkpt>
      <trkpt lat="66.103351" lon="13.558108"></trkpt>
      <trkpt lat="66.103318" lon="13.557943"></trkpt>
      <trkpt lat="66.103287" lon="13.557840"></trkpt>
      <trkpt lat="66.103242" lon="13.557731"></trkpt>
      <trkpt lat="66.103185" lon="13.557616"></trkpt>
      <trkpt lat="66.103090" lon="13.557458"></trkpt>
      <trkpt lat="66.102974" lon="13.557305"></trkpt>
      <trkpt lat="66.102681" lon="13.556946"></trkpt>
      <trkpt lat="66.102367" lon="13.556587"></trkpt>
      <trkpt lat="66.102199" lon="13.556407"></trkpt>
      <trkpt lat="66.102034" lon="13.556263"></trkpt>
      <trkpt lat="66.101689" lon="13.555886"></trkpt>
      <trkpt lat="66.101453" lon="13.555597"></trkpt>
      <trkpt lat="66.101307" lon="13.555389"></trkpt>
      <trkpt lat="66.101165" lon="13.555160"></trkpt>
      <trkpt lat="66.101078" lon="13.555040"></trkpt>
      <trkpt lat="66.100990" lon="13.554960"></trkpt>
      <trkpt lat="66.100898" lon="13.554929"></trkpt>
      <trkpt lat="66.100840" lon="13.554930"></trkpt>
      <trkpt lat="66.100776" lon="13.554951"></trkpt>
      <trkpt lat="66.100724" lon="13.554973"></trkpt>
      <trkpt lat="66.100643" lon="13.555009"></trkpt>
      <trkpt lat="66.100624" lon="13.555017"></trkpt>
      <trkpt lat="66.100495" lon="13.555024"></trkpt>
      <trkpt lat="66.100434" lon="13.555006"></trkpt>
      <trkpt lat="66.100325" lon="13.554934"></trkpt>
      <trkpt lat="66.100254" lon="13.554873"></trkpt>
      <trkpt lat="66.100162" lon="13.554763"></trkpt>
      <trkpt lat="66.099961" lon="13.554458"></trkpt>
      <trkpt lat="66.099853" lon="13.554314"></trkpt>
      <trkpt lat="66.099743" lon="13.554183"></trkpt>
      <trkpt lat="66.099558" lon="13.553962"></trkpt>
      <trkpt lat="66.099486" lon="13.553848"></trkpt>
      <trkpt lat="66.099426" lon="13.553740"></trkpt>
      <trkpt lat="66.099352" lon="13.553581"></trkpt>
      <trkpt lat="66.099246" lon="13.553327"></trkpt>
      <trkpt lat="66.099160" lon="13.553092"></trkpt>
      <trkpt lat="66.099067" lon="13.552815"></trkpt>
      <trkpt lat="66.098972" lon="13.552511"></trkpt>
      <trkpt lat="66.098886" lon="13.552202"></trkpt>
      <trkpt lat="66.098802" lon="13.551860"></trkpt>
      <trkpt lat="66.098714" lon="13.551538"></trkpt>
      <trkpt lat="66.098606" lon="13.551259"></trkpt>
      <trkpt lat="66.098477" lon="13.550970"></trkpt>
      <trkpt lat="66.098343" lon="13.550689"></trkpt>
      <trkpt lat="66.098229" lon="13.550472"></trkpt>
      <trkpt lat="66.098159" lon="13.550369"></trkpt>
      <trkpt lat="66.098081" lon="13.550301"></trkpt>
      <trkpt lat="66.098032" lon="13.550302"></trkpt>
      <trkpt lat="66.097982" lon="13.550328"></trkpt>
      <trkpt lat="66.097942" lon="13.550363"></trkpt>
      <trkpt lat="66.097894" lon="13.550447"></trkpt>
      <trkpt lat="66.097835" lon="13.550581"></trkpt>
      <trkpt lat="66.097701" lon="13.550940"></trkpt>
      <trkpt lat="66.097542" lon="13.551329"></trkpt>
      <trkpt lat="66.097482" lon="13.551436"></trkpt>
      <trkpt lat="66.097432" lon="13.551501"></trkpt>
      <trkpt lat="66.097357" lon="13.551549"></trkpt>
      <trkpt lat="66.097264" lon="13.551534"></trkpt>
      <trkpt lat="66.097203" lon="13.551491"></trkpt>
      <trkpt lat="66.097135" lon="13.551416"></trkpt>
      <trkpt lat="66.096945" lon="13.551166"></trkpt>
      <trkpt lat="66.096836" lon="13.550980"></trkpt>
      <trkpt lat="66.096765" lon="13.550767"></trkpt>
      <trkpt lat="66.096722" lon="13.550594"></trkpt>
      <trkpt lat="66.096671" lon="13.550311"></trkpt>
      <trkpt lat="66.096627" lon="13.549990"></trkpt>
      <trkpt lat="66.096601" lon="13.549784"></trkpt>
      <trkpt lat="66.096465" lon="13.548581"></trkpt>
      <trkpt lat="66.096423" lon="13.548322"></trkpt>
      <trkpt lat="66.096350" lon="13.548046"></trkpt>
      <trkpt lat="66.096242" lon="13.547783"></trkpt>
      <trkpt lat="66.096168" lon="13.547638"></trkpt>
      <trkpt lat="66.096036" lon="13.547412"></trkpt>
      <trkpt lat="66.095891" lon="13.547192"></trkpt>
      <trkpt lat="66.095767" lon="13.547044"></trkpt>
      <trkpt lat="66.095733" lon="13.547004"></trkpt>
      <trkpt lat="66.095559" lon="13.546850"></trkpt>
      <trkpt lat="66.095379" lon="13.546723"></trkpt>
      <trkpt lat="66.094836" lon="13.546418"></trkpt>
      <trkpt lat="66.094659" lon="13.546337"></trkpt>
      <trkpt lat="66.094481" lon="13.546238"></trkpt>
      <trkpt lat="66.094316" lon="13.546133"></trkpt>
      <trkpt lat="66.094151" lon="13.545996"></trkpt>
      <trkpt lat="66.093680" lon="13.545652"></trkpt>
      <trkpt lat="66.093235" lon="13.545376"></trkpt>
      <trkpt lat="66.093026" lon="13.545254"></trkpt>
      <trkpt lat="66.092839" lon="13.545195"></trkpt>
      <trkpt lat="66.092735" lon="13.545197"></trkpt>
      <trkpt lat="66.092660" lon="13.545230"></trkpt>
      <trkpt lat="66.092539" lon="13.545333"></trkpt>
      <trkpt lat="66.092464" lon="13.545409"></trkpt>
      <trkpt lat="66.092170" lon="13.545764"></trkpt>
      <trkpt lat="66.091353" lon="13.546789"></trkpt>
      <trkpt lat="66.091112" lon="13.547084"></trkpt>
      <trkpt lat="66.090944" lon="13.547278"></trkpt>
      <trkpt lat="66.090087" lon="13.548195"></trkpt>
      <trkpt lat="66.089906" lon="13.548394"></trkpt>
      <trkpt lat="66.089726" lon="13.548612"></trkpt>
      <trkpt lat="66.089561" lon="13.548816"></trkpt>
      <trkpt lat="66.089291" lon="13.549192"></trkpt>
      <trkpt lat="66.089136" lon="13.549416"></trkpt>
      <trkpt lat="66.088838" lon="13.549877"></trkpt>
      <trkpt lat="66.088703" lon="13.550113"></trkpt>
      <trkpt lat="66.088617" lon="13.550281"></trkpt>
      <trkpt lat="66.088574" lon="13.550369"></trkpt>
      <trkpt lat="66.088461" lon="13.550614"></trkpt>
      <trkpt lat="66.088313" lon="13.550980"></trkpt>
      <trkpt lat="66.088114" lon="13.551523"></trkpt>
      <trkpt lat="66.087998" lon="13.551782"></trkpt>
      <trkpt lat="66.087939" lon="13.551895"></trkpt>
      <trkpt lat="66.087862" lon="13.552010"></trkpt>
      <trkpt lat="66.087729" lon="13.552162"></trkpt>
      <trkpt lat="66.087605" lon="13.552236"></trkpt>
      <trkpt lat="66.087487" lon="13.552271"></trkpt>
      <trkpt lat="66.087310" lon="13.552260"></trkpt>
      <trkpt lat="66.086872" lon="13.552165"></trkpt>
      <trkpt lat="66.086615" lon="13.552139"></trkpt>
      <trkpt lat="66.086365" lon="13.552168"></trkpt>
      <trkpt lat="66.086124" lon="13.552265"></trkpt>
      <trkpt lat="66.085942" lon="13.552385"></trkpt>
      <trkpt lat="66.084766" lon="13.553509"></trkpt>
      <trkpt lat="66.084571" lon="13.553683"></trkpt>
      <trkpt lat="66.083746" lon="13.554464"></trkpt>
      <trkpt lat="66.083532" lon="13.554658"></trkpt>
      <trkpt lat="66.083112" lon="13.555072"></trkpt>
      <trkpt lat="66.081647" lon="13.556457"></trkpt>
      <trkpt lat="66.080178" lon="13.557827"></trkpt>
      <trkpt lat="66.079680" lon="13.558263"></trkpt>
      <trkpt lat="66.079491" lon="13.558442"></trkpt>
      <trkpt lat="66.079469" lon="13.558463"></trkpt>
      <trkpt lat="66.079382" lon="13.558547"></trkpt>
      <trkpt lat="66.079310" lon="13.558609"></trkpt>
      <trkpt lat="66.079214" lon="13.558706"></trkpt>
      <trkpt lat="66.078926" lon="13.558952"></trkpt>
      <trkpt lat="66.078743" lon="13.559074"></trkpt>
      <trkpt lat="66.078537" lon="13.559184"></trkpt>
      <trkpt lat="66.078329" lon="13.559266"></trkpt>
      <trkpt lat="66.076796" lon="13.559807"></trkpt>
      <trkpt lat="66.076724" lon="13.559826"></trkpt>
      <trkpt lat="66.076494" lon="13.559919"></trkpt>
      <trkpt lat="66.075861" lon="13.560131"></trkpt>
      <trkpt lat="66.075646" lon="13.560196"></trkpt>
      <trkpt lat="66.075525" lon="13.560209"></trkpt>
      <trkpt lat="66.075254" lon="13.560161"></trkpt>
      <trkpt lat="66.075081" lon="13.560110"></trkpt>
      <trkpt lat="66.074904" lon="13.560051"></trkpt>
      <trkpt lat="66.074399" lon="13.559846"></trkpt>
      <trkpt lat="66.074274" lon="13.559805"></trkpt>
      <trkpt lat="66.074203" lon="13.559783"></trkpt>
      <trkpt lat="66.074007" lon="13.559762"></trkpt>
      <trkpt lat="66.073654" lon="13.559744"></trkpt>
      <trkpt lat="66.073276" lon="13.559710"></trkpt>
      <trkpt lat="66.073089" lon="13.559722"></trkpt>
      <trkpt lat="66.072956" lon="13.559761"></trkpt>
      <trkpt lat="66.072810" lon="13.559867"></trkpt>
      <trkpt lat="66.072368" lon="13.560241"></trkpt>
      <trkpt lat="66.072210" lon="13.560358"></trkpt>
      <trkpt lat="66.072089" lon="13.560430"></trkpt>
      <trkpt lat="66.071920" lon="13.560515"></trkpt>
      <trkpt lat="66.071731" lon="13.560586"></trkpt>
      <trkpt lat="66.071338" lon="13.560668"></trkpt>
      <trkpt lat="66.070664" lon="13.560733"></trkpt>
      <trkpt lat="66.070546" lon="13.560761"></trkpt>
      <trkpt lat="66.070427" lon="13.560815"></trkpt>
      <trkpt lat="66.070351" lon="13.560874"></trkpt>
      <trkpt lat="66.070265" lon="13.560960"></trkpt>
      <trkpt lat="66.070161" lon="13.561135"></trkpt>
      <trkpt lat="66.069976" lon="13.561634"></trkpt>
      <trkpt lat="66.069907" lon="13.561767"></trkpt>
      <trkpt lat="66.069818" lon="13.561870"></trkpt>
      <trkpt lat="66.069731" lon="13.561927"></trkpt>
      <trkpt lat="66.069626" lon="13.561964"></trkpt>
      <trkpt lat="66.069345" lon="13.562005"></trkpt>
      <trkpt lat="66.069012" lon="13.562026"></trkpt>
      <trkpt lat="66.068764" lon="13.561994"></trkpt>
      <trkpt lat="66.068609" lon="13.561914"></trkpt>
      <trkpt lat="66.068305" lon="13.561653"></trkpt>
      <trkpt lat="66.068134" lon="13.561555"></trkpt>
      <trkpt lat="66.067839" lon="13.561495"></trkpt>
      <trkpt lat="66.067179" lon="13.561404"></trkpt>
      <trkpt lat="66.067007" lon="13.561389"></trkpt>
      <trkpt lat="66.066974" lon="13.561387"></trkpt>
      <trkpt lat="66.066851" lon="13.561378"></trkpt>
      <trkpt lat="66.066677" lon="13.561384"></trkpt>
      <trkpt lat="66.066500" lon="13.561408"></trkpt>
      <trkpt lat="66.066320" lon="13.561446"></trkpt>
      <trkpt lat="66.065920" lon="13.561558"></trkpt>
      <trkpt lat="66.065311" lon="13.561744"></trkpt>
      <trkpt lat="66.065110" lon="13.561849"></trkpt>
      <trkpt lat="66.064920" lon="13.561978"></trkpt>
      <trkpt lat="66.064739" lon="13.562115"></trkpt>
      <trkpt lat="66.064573" lon="13.562282"></trkpt>
      <trkpt lat="66.064488" lon="13.562377"></trkpt>
      <trkpt lat="66.064350" lon="13.562566"></trkpt>
      <trkpt lat="66.064101" lon="13.562944"></trkpt>
      <trkpt lat="66.063958" lon="13.563186"></trkpt>
      <trkpt lat="66.063647" lon="13.563692"></trkpt>
      <trkpt lat="66.062877" lon="13.564920"></trkpt>
      <trkpt lat="66.062507" lon="13.565544"></trkpt>
      <trkpt lat="66.062358" lon="13.565846"></trkpt>
      <trkpt lat="66.062219" lon="13.566174"></trkpt>
      <trkpt lat="66.062090" lon="13.566526"></trkpt>
      <trkpt lat="66.062059" lon="13.566631"></trkpt>
      <trkpt lat="66.061971" lon="13.566900"></trkpt>
      <trkpt lat="66.061862" lon="13.567292"></trkpt>
      <trkpt lat="66.061767" lon="13.567704"></trkpt>
      <trkpt lat="66.061419" lon="13.569374"></trkpt>
      <trkpt lat="66.061335" lon="13.569728"></trkpt>
      <trkpt lat="66.061241" lon="13.570062"></trkpt>
      <trkpt lat="66.061136" lon="13.570379"></trkpt>
      <trkpt lat="66.061020" lon="13.570671"></trkpt>
      <trkpt lat="66.060895" lon="13.570939"></trkpt>
      <trkpt lat="66.060762" lon="13.571180"></trkpt>
      <trkpt lat="66.060651" lon="13.571356"></trkpt>
      <trkpt lat="66.060473" lon="13.571581"></trkpt>
      <trkpt lat="66.060319" lon="13.571735"></trkpt>
      <trkpt lat="66.060160" lon="13.571859"></trkpt>
      <trkpt lat="66.060047" lon="13.571925"></trkpt>
      <trkpt lat="66.059156" lon="13.572247"></trkpt>
      <trkpt lat="66.057496" lon="13.572824"></trkpt>
      <trkpt lat="66.057300" lon="13.572929"></trkpt>
      <trkpt lat="66.057198" lon="13.573028"></trkpt>
      <trkpt lat="66.057112" lon="13.573145"></trkpt>
      <trkpt lat="66.057033" lon="13.573289"></trkpt>
      <trkpt lat="66.056963" lon="13.573461"></trkpt>
      <trkpt lat="66.056897" lon="13.573665"></trkpt>
      <trkpt lat="66.056835" lon="13.573927"></trkpt>
      <trkpt lat="66.056706" lon="13.574636"></trkpt>
      <trkpt lat="66.056668" lon="13.574760"></trkpt>
      <trkpt lat="66.056589" lon="13.574764"></trkpt>
      <trkpt lat="66.056537" lon="13.574746"></trkpt>
      <trkpt lat="66.056478" lon="13.574663"></trkpt>
      <trkpt lat="66.056404" lon="13.574489"></trkpt>
      <trkpt lat="66.056375" lon="13.574418"></trkpt>
      <trkpt lat="66.056296" lon="13.574377"></trkpt>
      <trkpt lat="66.055710" lon="13.575821"></trkpt>
      <trkpt lat="66.055453" lon="13.576445"></trkpt>
      <trkpt lat="66.055402" lon="13.576585"></trkpt>
      <trkpt lat="66.055331" lon="13.576819"></trkpt>
      <trkpt lat="66.055186" lon="13.577156"></trkpt>
      <trkpt lat="66.054279" lon="13.579282"></trkpt>
      <trkpt lat="66.053375" lon="13.581402"></trkpt>
      <trkpt lat="66.053110" lon="13.582064"></trkpt>
      <trkpt lat="66.052896" lon="13.582643"></trkpt>
      <trkpt lat="66.052693" lon="13.583246"></trkpt>
      <trkpt lat="66.052501" lon="13.583871"></trkpt>
      <trkpt lat="66.052320" lon="13.584515"></trkpt>
      <trkpt lat="66.052151" lon="13.585178"></trkpt>
      <trkpt lat="66.051994" lon="13.585860"></trkpt>
      <trkpt lat="66.051850" lon="13.586561"></trkpt>
      <trkpt lat="66.051719" lon="13.587273"></trkpt>
      <trkpt lat="66.051600" lon="13.588000"></trkpt>
      <trkpt lat="66.051495" lon="13.588741"></trkpt>
      <trkpt lat="66.051403" lon="13.589490"></trkpt>
      <trkpt lat="66.051321" lon="13.590281"></trkpt>
      <trkpt lat="66.051196" lon="13.591626"></trkpt>
      <trkpt lat="66.051135" lon="13.592144"></trkpt>
      <trkpt lat="66.051063" lon="13.592631"></trkpt>
      <trkpt lat="66.050978" lon="13.593106"></trkpt>
      <trkpt lat="66.050880" lon="13.593564"></trkpt>
      <trkpt lat="66.050770" lon="13.594008"></trkpt>
      <trkpt lat="66.050649" lon="13.594429"></trkpt>
      <trkpt lat="66.050516" lon="13.594832"></trkpt>
      <trkpt lat="66.050371" lon="13.595211"></trkpt>
      <trkpt lat="66.050218" lon="13.595568"></trkpt>
      <trkpt lat="66.050051" lon="13.595902"></trkpt>
      <trkpt lat="66.049728" lon="13.596512"></trkpt>
      <trkpt lat="66.049551" lon="13.596888"></trkpt>
      <trkpt lat="66.049384" lon="13.597290"></trkpt>
      <trkpt lat="66.049228" lon="13.597714"></trkpt>
      <trkpt lat="66.049083" lon="13.598163"></trkpt>
      <trkpt lat="66.048949" lon="13.598632"></trkpt>
      <trkpt lat="66.048827" lon="13.599120"></trkpt>
      <trkpt lat="66.048717" lon="13.599625"></trkpt>
      <trkpt lat="66.048620" lon="13.600147"></trkpt>
      <trkpt lat="66.048544" lon="13.600649"></trkpt>
      <trkpt lat="66.048497" lon="13.600997"></trkpt>
      <trkpt lat="66.048459" lon="13.601314"></trkpt>
      <trkpt lat="66.048417" lon="13.601730"></trkpt>
      <trkpt lat="66.048388" lon="13.602048"></trkpt>
      <trkpt lat="66.048359" lon="13.602475"></trkpt>
      <trkpt lat="66.048338" lon="13.602918"></trkpt>
      <trkpt lat="66.048323" lon="13.603493"></trkpt>
      <trkpt lat="66.048320" lon="13.603944"></trkpt>
      <trkpt lat="66.048328" lon="13.604551"></trkpt>
      <trkpt lat="66.048356" lon="13.606010"></trkpt>
      <trkpt lat="66.048345" lon="13.606595"></trkpt>
      <trkpt lat="66.048375" lon="13.608982"></trkpt>
      <trkpt lat="66.048385" lon="13.610551"></trkpt>
      <trkpt lat="66.048367" lon="13.611363"></trkpt>
      <trkpt lat="66.048357" lon="13.611658"></trkpt>
      <trkpt lat="66.048323" lon="13.612367"></trkpt>
      <trkpt lat="66.048278" lon="13.613092"></trkpt>
      <trkpt lat="66.048272" lon="13.613182"></trkpt>
      <trkpt lat="66.048246" lon="13.613511"></trkpt>
      <trkpt lat="66.048239" lon="13.613598"></trkpt>
      <trkpt lat="66.048208" lon="13.613943"></trkpt>
      <trkpt lat="66.048155" lon="13.614402"></trkpt>
      <trkpt lat="66.048127" lon="13.614670"></trkpt>
      <trkpt lat="66.048103" lon="13.614994"></trkpt>
      <trkpt lat="66.048053" lon="13.615346"></trkpt>
      <trkpt lat="66.047933" lon="13.616089"></trkpt>
      <trkpt lat="66.047776" lon="13.616926"></trkpt>
      <trkpt lat="66.047542" lon="13.618077"></trkpt>
      <trkpt lat="66.047212" lon="13.619663"></trkpt>
      <trkpt lat="66.047078" lon="13.620424"></trkpt>
      <trkpt lat="66.047029" lon="13.620724"></trkpt>
      <trkpt lat="66.046965" lon="13.621212"></trkpt>
      <trkpt lat="66.046918" lon="13.621717"></trkpt>
      <trkpt lat="66.046883" lon="13.622210"></trkpt>
      <trkpt lat="66.046864" lon="13.622682"></trkpt>
      <trkpt lat="66.046859" lon="13.623095"></trkpt>
      <trkpt lat="66.046865" lon="13.623557"></trkpt>
      <trkpt lat="66.046886" lon="13.624047"></trkpt>
      <trkpt lat="66.046916" lon="13.624535"></trkpt>
      <trkpt lat="66.046968" lon="13.625018"></trkpt>
      <trkpt lat="66.047004" lon="13.625343"></trkpt>
      <trkpt lat="66.047069" lon="13.625775"></trkpt>
      <trkpt lat="66.047153" lon="13.626239"></trkpt>
      <trkpt lat="66.047316" lon="13.626984"></trkpt>
      <trkpt lat="66.047487" lon="13.627780"></trkpt>
      <trkpt lat="66.047582" lon="13.628221"></trkpt>
      <trkpt lat="66.048560" lon="13.632755"></trkpt>
      <trkpt lat="66.049121" lon="13.635408"></trkpt>
      <trkpt lat="66.049403" lon="13.636761"></trkpt>
      <trkpt lat="66.049684" lon="13.638120"></trkpt>
      <trkpt lat="66.050490" lon="13.642060"></trkpt>
      <trkpt lat="66.051283" lon="13.646019"></trkpt>
      <trkpt lat="66.052063" lon="13.649994"></trkpt>
      <trkpt lat="66.052831" lon="13.653984"></trkpt>
      <trkpt lat="66.053585" lon="13.657989"></trkpt>
      <trkpt lat="66.054326" lon="13.662009"></trkpt>
      <trkpt lat="66.055052" lon="13.666046"></trkpt>
      <trkpt lat="66.055768" lon="13.670092"></trkpt>
      <trkpt lat="66.056468" lon="13.674157"></trkpt>
      <trkpt lat="66.057156" lon="13.678233"></trkpt>
      <trkpt lat="66.057561" lon="13.680675"></trkpt>
      <trkpt lat="66.058228" lon="13.684784"></trkpt>
      <trkpt lat="66.058882" lon="13.688898"></trkpt>
      <trkpt lat="66.059758" lon="13.694583"></trkpt>
      <trkpt lat="66.060455" lon="13.699228"></trkpt>
      <trkpt lat="66.061060" lon="13.703385"></trkpt>
      <trkpt lat="66.061652" lon="13.707554"></trkpt>
      <trkpt lat="66.062230" lon="13.711733"></trkpt>
      <trkpt lat="66.062795" lon="13.715924"></trkpt>
      <trkpt lat="66.063346" lon="13.720129"></trkpt>
      <trkpt lat="66.063882" lon="13.724339"></trkpt>
      <trkpt lat="66.064406" lon="13.728564"></trkpt>
      <trkpt lat="66.064915" lon="13.732798"></trkpt>
      <trkpt lat="66.065410" lon="13.737044"></trkpt>
      <trkpt lat="66.065892" lon="13.741297"></trkpt>
      <trkpt lat="66.066359" lon="13.745562"></trkpt>
      <trkpt lat="66.066812" lon="13.749833"></trkpt>
      <trkpt lat="66.067252" lon="13.754115"></trkpt>
      <trkpt lat="66.067678" lon="13.758410"></trkpt>
      <trkpt lat="66.068098" lon="13.762793"></trkpt>
      <trkpt lat="66.068952" lon="13.771963"></trkpt>
      <trkpt lat="66.069193" lon="13.774422"></trkpt>
      <trkpt lat="66.069404" lon="13.776440"></trkpt>
      <trkpt lat="66.069619" lon="13.778337"></trkpt>
      <trkpt lat="66.069844" lon="13.780220"></trkpt>
      <trkpt lat="66.070085" lon="13.782095"></trkpt>
      <trkpt lat="66.070368" lon="13.784179"></trkpt>
      <trkpt lat="66.070774" lon="13.787023"></trkpt>
      <trkpt lat="66.073451" lon="13.805416"></trkpt>
      <trkpt lat="66.073555" lon="13.806132"></trkpt>
      <trkpt lat="66.073899" lon="13.808515"></trkpt>
      <trkpt lat="66.074369" lon="13.811770"></trkpt>
      <trkpt lat="66.074449" lon="13.812239"></trkpt>
      <trkpt lat="66.074541" lon="13.812681"></trkpt>
      <trkpt lat="66.074645" lon="13.813108"></trkpt>
      <trkpt lat="66.074761" lon="13.813511"></trkpt>
      <trkpt lat="66.074888" lon="13.813898"></trkpt>
      <trkpt lat="66.075026" lon="13.814261"></trkpt>
      <trkpt lat="66.075175" lon="13.814599"></trkpt>
      <trkpt lat="66.075380" lon="13.815009"></trkpt>
      <trkpt lat="66.075795" lon="13.815803"></trkpt>
      <trkpt lat="66.075889" lon="13.816002"></trkpt>
      <trkpt lat="66.075991" lon="13.816269"></trkpt>
      <trkpt lat="66.076127" lon="13.816688"></trkpt>
      <trkpt lat="66.076248" lon="13.817115"></trkpt>
      <trkpt lat="66.076406" lon="13.817766"></trkpt>
      <trkpt lat="66.076333" lon="13.817867"></trkpt>
      <trkpt lat="66.076237" lon="13.818083"></trkpt>
      <trkpt lat="66.076153" lon="13.818283"></trkpt>
      <trkpt lat="66.075986" lon="13.818532"></trkpt>
      <trkpt lat="66.075803" lon="13.818817"></trkpt>
      <trkpt lat="66.075630" lon="13.819095"></trkpt>
      <trkpt lat="66.075591" lon="13.819202"></trkpt>
      <trkpt lat="66.075522" lon="13.819456"></trkpt>
      <trkpt lat="66.075486" lon="13.819670"></trkpt>
      <trkpt lat="66.075468" lon="13.819925"></trkpt>
      <trkpt lat="66.075545" lon="13.819941"></trkpt>
      <trkpt lat="66.075721" lon="13.820014"></trkpt>
      <trkpt lat="66.075825" lon="13.820082"></trkpt>
      <trkpt lat="66.075892" lon="13.820135"></trkpt>
      <trkpt lat="66.075881" lon="13.820199"></trkpt>
      <trkpt lat="66.075861" lon="13.820332"></trkpt>
      <trkpt lat="66.075848" lon="13.820492"></trkpt>
      <trkpt lat="66.075833" lon="13.820605"></trkpt>
      <trkpt lat="66.075851" lon="13.820653"></trkpt>
      <trkpt lat="66.075882" lon="13.820687"></trkpt>
      <trkpt lat="66.075917" lon="13.820709"></trkpt>
      <trkpt lat="66.075988" lon="13.820723"></trkpt>
      <trkpt lat="66.076063" lon="13.820803"></trkpt>
      <trkpt lat="66.076106" lon="13.820904"></trkpt>
      <trkpt lat="66.076232" lon="13.821273"></trkpt>
      <trkpt lat="66.076278" lon="13.821453"></trkpt>
      <trkpt lat="66.076287" lon="13.821678"></trkpt>
      <trkpt lat="66.076287" lon="13.821881"></trkpt>
      <trkpt lat="66.076279" lon="13.822100"></trkpt>
      <trkpt lat="66.076246" lon="13.822693"></trkpt>
      <trkpt lat="66.076244" lon="13.822828"></trkpt>
      <trkpt lat="66.076209" lon="13.823509"></trkpt>
      <trkpt lat="66.076209" lon="13.823509"></trkpt>
      <trkpt lat="66.076244" lon="13.822828"></trkpt>
      <trkpt lat="66.076246" lon="13.822693"></trkpt>
      <trkpt lat="66.076279" lon="13.822100"></trkpt>
      <trkpt lat="66.076287" lon="13.821881"></trkpt>
      <trkpt lat="66.076287" lon="13.821678"></trkpt>
      <trkpt lat="66.076278" lon="13.821453"></trkpt>
      <trkpt lat="66.076232" lon="13.821273"></trkpt>
      <trkpt lat="66.076106" lon="13.820904"></trkpt>
      <trkpt lat="66.076063" lon="13.820803"></trkpt>
      <trkpt lat="66.075988" lon="13.820723"></trkpt>
      <trkpt lat="66.075917" lon="13.820709"></trkpt>
      <trkpt lat="66.075882" lon="13.820687"></trkpt>
      <trkpt lat="66.075851" lon="13.820653"></trkpt>
      <trkpt lat="66.075833" lon="13.820605"></trkpt>
      <trkpt lat="66.075848" lon="13.820492"></trkpt>
      <trkpt lat="66.075861" lon="13.820332"></trkpt>
      <trkpt lat="66.075881" lon="13.820199"></trkpt>
      <trkpt lat="66.075892" lon="13.820135"></trkpt>
      <trkpt lat="66.075825" lon="13.820082"></trkpt>
      <trkpt lat="66.075721" lon="13.820014"></trkpt>
      <trkpt lat="66.075545" lon="13.819941"></trkpt>
      <trkpt lat="66.075468" lon="13.819925"></trkpt>
      <trkpt lat="66.075486" lon="13.819670"></trkpt>
      <trkpt lat="66.075522" lon="13.819456"></trkpt>
      <trkpt lat="66.075591" lon="13.819202"></trkpt>
      <trkpt lat="66.075630" lon="13.819095"></trkpt>
      <trkpt lat="66.075803" lon="13.818817"></trkpt>
      <trkpt lat="66.075986" lon="13.818532"></trkpt>
      <trkpt lat="66.076153" lon="13.818283"></trkpt>
      <trkpt lat="66.076237" lon="13.818213"></trkpt>
      <trkpt lat="66.076417" lon="13.818071"></trkpt>
      <trkpt lat="66.076468" lon="13.818002"></trkpt>
      <trkpt lat="66.076558" lon="13.818335"></trkpt>
      <trkpt lat="66.076623" lon="13.818568"></trkpt>
      <trkpt lat="66.076695" lon="13.818788"></trkpt>
      <trkpt lat="66.076770" lon="13.819002"></trkpt>
      <trkpt lat="66.076831" lon="13.819156"></trkpt>
      <trkpt lat="66.076933" lon="13.819397"></trkpt>
      <trkpt lat="66.077051" lon="13.819647"></trkpt>
      <trkpt lat="66.077219" lon="13.819932"></trkpt>
      <trkpt lat="66.077364" lon="13.820129"></trkpt>
      <trkpt lat="66.077480" lon="13.820272"></trkpt>
      <trkpt lat="66.077616" lon="13.820416"></trkpt>
      <trkpt lat="66.077822" lon="13.820581"></trkpt>
      <trkpt lat="66.078033" lon="13.820701"></trkpt>
      <trkpt lat="66.078349" lon="13.820829"></trkpt>
      <trkpt lat="66.078644" lon="13.820935"></trkpt>
      <trkpt lat="66.078822" lon="13.821002"></trkpt>
      <trkpt lat="66.079095" lon="13.821122"></trkpt>
      <trkpt lat="66.079244" lon="13.821201"></trkpt>
      <trkpt lat="66.079405" lon="13.821301"></trkpt>
      <trkpt lat="66.079553" lon="13.821406"></trkpt>
      <trkpt lat="66.079671" lon="13.821510"></trkpt>
      <trkpt lat="66.079794" lon="13.821631"></trkpt>
      <trkpt lat="66.079900" lon="13.821750"></trkpt>
      <trkpt lat="66.080015" lon="13.821896"></trkpt>
      <trkpt lat="66.080206" lon="13.822176"></trkpt>
      <trkpt lat="66.080380" lon="13.822480"></trkpt>
      <trkpt lat="66.080545" lon="13.822822"></trkpt>
      <trkpt lat="66.080703" lon="13.823204"></trkpt>
      <trkpt lat="66.080841" lon="13.823601"></trkpt>
      <trkpt lat="66.080908" lon="13.823811"></trkpt>
      <trkpt lat="66.081035" lon="13.824241"></trkpt>
      <trkpt lat="66.081174" lon="13.824739"></trkpt>
      <trkpt lat="66.081388" lon="13.825550"></trkpt>
      <trkpt lat="66.081551" lon="13.826191"></trkpt>
      <trkpt lat="66.081684" lon="13.826702"></trkpt>
      <trkpt lat="66.081764" lon="13.826995"></trkpt>
      <trkpt lat="66.081871" lon="13.827390"></trkpt>
      <trkpt lat="66.082000" lon="13.827817"></trkpt>
      <trkpt lat="66.082136" lon="13.828229"></trkpt>
      <trkpt lat="66.082283" lon="13.828618"></trkpt>
      <trkpt lat="66.082361" lon="13.828798"></trkpt>
      <trkpt lat="66.082526" lon="13.829138"></trkpt>
      <trkpt lat="66.082700" lon="13.829452"></trkpt>
      <trkpt lat="66.082789" lon="13.829593"></trkpt>
      <trkpt lat="66.082884" lon="13.829723"></trkpt>
      <trkpt lat="66.082979" lon="13.829834"></trkpt>
      <trkpt lat="66.083079" lon="13.829933"></trkpt>
      <trkpt lat="66.083285" lon="13.830086"></trkpt>
      <trkpt lat="66.083390" lon="13.830139"></trkpt>
      <trkpt lat="66.083496" lon="13.830172"></trkpt>
      <trkpt lat="66.083603" lon="13.830184"></trkpt>
      <trkpt lat="66.083711" lon="13.830178"></trkpt>
      <trkpt lat="66.083818" lon="13.830155"></trkpt>
      <trkpt lat="66.083923" lon="13.830111"></trkpt>
      <trkpt lat="66.084027" lon="13.830044"></trkpt>
      <trkpt lat="66.084128" lon="13.829953"></trkpt>
      <trkpt lat="66.084227" lon="13.829843"></trkpt>
      <trkpt lat="66.084320" lon="13.829714"></trkpt>
      <trkpt lat="66.084408" lon="13.829565"></trkpt>
      <trkpt lat="66.084492" lon="13.829398"></trkpt>
      <trkpt lat="66.084569" lon="13.829219"></trkpt>
      <trkpt lat="66.084640" lon="13.829022"></trkpt>
      <trkpt lat="66.084703" lon="13.828808"></trkpt>
      <trkpt lat="66.084759" lon="13.828579"></trkpt>
      <trkpt lat="66.084806" lon="13.828345"></trkpt>
      <trkpt lat="66.084848" lon="13.828100"></trkpt>
      <trkpt lat="66.084883" lon="13.827852"></trkpt>
      <trkpt lat="66.084934" lon="13.827346"></trkpt>
      <trkpt lat="66.084953" lon="13.827081"></trkpt>
      <trkpt lat="66.084988" lon="13.826286"></trkpt>
      <trkpt lat="66.085021" lon="13.824898"></trkpt>
      <trkpt lat="66.085043" lon="13.824355"></trkpt>
      <trkpt lat="66.085054" lon="13.824168"></trkpt>
      <trkpt lat="66.085075" lon="13.823898"></trkpt>
      <trkpt lat="66.085103" lon="13.823637"></trkpt>
      <trkpt lat="66.085171" lon="13.823135"></trkpt>
      <trkpt lat="66.085259" lon="13.822641"></trkpt>
      <trkpt lat="66.085363" lon="13.822177"></trkpt>
      <trkpt lat="66.085517" lon="13.821674"></trkpt>
      <trkpt lat="66.085609" lon="13.821402"></trkpt>
      <trkpt lat="66.085689" lon="13.821204"></trkpt>
      <trkpt lat="66.085805" lon="13.820946"></trkpt>
      <trkpt lat="66.085954" lon="13.820672"></trkpt>
      <trkpt lat="66.086158" lon="13.820353"></trkpt>
      <trkpt lat="66.086264" lon="13.820219"></trkpt>
      <trkpt lat="66.086396" lon="13.820083"></trkpt>
      <trkpt lat="66.086567" lon="13.819928"></trkpt>
      <trkpt lat="66.086805" lon="13.819759"></trkpt>
      <trkpt lat="66.087055" lon="13.819628"></trkpt>
      <trkpt lat="66.087215" lon="13.819554"></trkpt>
      <trkpt lat="66.087457" lon="13.819440"></trkpt>
      <trkpt lat="66.087646" lon="13.819339"></trkpt>
      <trkpt lat="66.087777" lon="13.819254"></trkpt>
      <trkpt lat="66.087894" lon="13.819163"></trkpt>
      <trkpt lat="66.088053" lon="13.819009"></trkpt>
      <trkpt lat="66.088181" lon="13.818882"></trkpt>
      <trkpt lat="66.088320" lon="13.818710"></trkpt>
      <trkpt lat="66.088482" lon="13.818482"></trkpt>
      <trkpt lat="66.088670" lon="13.818184"></trkpt>
      <trkpt lat="66.088892" lon="13.817799"></trkpt>
      <trkpt lat="66.089368" lon="13.816966"></trkpt>
      <trkpt lat="66.089539" lon="13.816693"></trkpt>
      <trkpt lat="66.089703" lon="13.816454"></trkpt>
      <trkpt lat="66.089802" lon="13.816322"></trkpt>
      <trkpt lat="66.089943" lon="13.816162"></trkpt>
      <trkpt lat="66.090103" lon="13.816004"></trkpt>
      <trkpt lat="66.090262" lon="13.815880"></trkpt>
      <trkpt lat="66.090446" lon="13.815760"></trkpt>
      <trkpt lat="66.090575" lon="13.815699"></trkpt>
      <trkpt lat="66.090675" lon="13.815663"></trkpt>
      <trkpt lat="66.090801" lon="13.815636"></trkpt>
      <trkpt lat="66.091044" lon="13.815618"></trkpt>
      <trkpt lat="66.091246" lon="13.815641"></trkpt>
      <trkpt lat="66.091466" lon="13.815707"></trkpt>
      <trkpt lat="66.091668" lon="13.815795"></trkpt>
      <trkpt lat="66.092262" lon="13.816123"></trkpt>
      <trkpt lat="66.092715" lon="13.816346"></trkpt>
      <trkpt lat="66.093048" lon="13.816443"></trkpt>
      <trkpt lat="66.093194" lon="13.816464"></trkpt>
      <trkpt lat="66.093344" lon="13.816465"></trkpt>
      <trkpt lat="66.093481" lon="13.816449"></trkpt>
      <trkpt lat="66.093703" lon="13.816386"></trkpt>
      <trkpt lat="66.093919" lon="13.816290"></trkpt>
      <trkpt lat="66.094097" lon="13.816176"></trkpt>
      <trkpt lat="66.094723" lon="13.815710"></trkpt>
      <trkpt lat="66.094972" lon="13.815545"></trkpt>
      <trkpt lat="66.095429" lon="13.815300"></trkpt>
      <trkpt lat="66.096087" lon="13.814976"></trkpt>
      <trkpt lat="66.096644" lon="13.814699"></trkpt>
      <trkpt lat="66.097202" lon="13.814422"></trkpt>
      <trkpt lat="66.097497" lon="13.814241"></trkpt>
      <trkpt lat="66.097629" lon="13.814137"></trkpt>
      <trkpt lat="66.097782" lon="13.813990"></trkpt>
      <trkpt lat="66.097926" lon="13.813819"></trkpt>
      <trkpt lat="66.098171" lon="13.813494"></trkpt>
      <trkpt lat="66.098457" lon="13.813096"></trkpt>
      <trkpt lat="66.101663" lon="13.808538"></trkpt>
      <trkpt lat="66.102022" lon="13.808051"></trkpt>
      <trkpt lat="66.102115" lon="13.807938"></trkpt>
      <trkpt lat="66.102256" lon="13.807769"></trkpt>
      <trkpt lat="66.102512" lon="13.807502"></trkpt>
      <trkpt lat="66.102682" lon="13.807348"></trkpt>
      <trkpt lat="66.103003" lon="13.807114"></trkpt>
      <trkpt lat="66.103291" lon="13.806964"></trkpt>
      <trkpt lat="66.103409" lon="13.806923"></trkpt>
      <trkpt lat="66.103554" lon="13.806892"></trkpt>
      <trkpt lat="66.103869" lon="13.806857"></trkpt>
      <trkpt lat="66.104184" lon="13.806903"></trkpt>
      <trkpt lat="66.104361" lon="13.806954"></trkpt>
      <trkpt lat="66.104552" lon="13.807033"></trkpt>
      <trkpt lat="66.104739" lon="13.807131"></trkpt>
      <trkpt lat="66.104875" lon="13.807228"></trkpt>
      <trkpt lat="66.105053" lon="13.807372"></trkpt>
      <trkpt lat="66.105221" lon="13.807532"></trkpt>
      <trkpt lat="66.105414" lon="13.807741"></trkpt>
      <trkpt lat="66.105582" lon="13.807947"></trkpt>
      <trkpt lat="66.105727" lon="13.808143"></trkpt>
      <trkpt lat="66.105861" lon="13.808338"></trkpt>
      <trkpt lat="66.106624" lon="13.809530"></trkpt>
      <trkpt lat="66.106733" lon="13.809688"></trkpt>
      <trkpt lat="66.107002" lon="13.810042"></trkpt>
      <trkpt lat="66.107159" lon="13.810217"></trkpt>
      <trkpt lat="66.107293" lon="13.810346"></trkpt>
      <trkpt lat="66.107422" lon="13.810453"></trkpt>
      <trkpt lat="66.107654" lon="13.810586"></trkpt>
      <trkpt lat="66.107800" lon="13.810632"></trkpt>
      <trkpt lat="66.107973" lon="13.810652"></trkpt>
      <trkpt lat="66.108128" lon="13.810633"></trkpt>
      <trkpt lat="66.108279" lon="13.810585"></trkpt>
      <trkpt lat="66.108449" lon="13.810487"></trkpt>
      <trkpt lat="66.108598" lon="13.810372"></trkpt>
      <trkpt lat="66.108772" lon="13.810186"></trkpt>
      <trkpt lat="66.108936" lon="13.809959"></trkpt>
      <trkpt lat="66.109089" lon="13.809703"></trkpt>
      <trkpt lat="66.109603" lon="13.808709"></trkpt>
      <trkpt lat="66.109693" lon="13.808557"></trkpt>
      <trkpt lat="66.109795" lon="13.808406"></trkpt>
      <trkpt lat="66.109894" lon="13.808279"></trkpt>
      <trkpt lat="66.110027" lon="13.808140"></trkpt>
      <trkpt lat="66.110177" lon="13.808025"></trkpt>
      <trkpt lat="66.110361" lon="13.807914"></trkpt>
      <trkpt lat="66.110506" lon="13.807857"></trkpt>
      <trkpt lat="66.110632" lon="13.807822"></trkpt>
      <trkpt lat="66.111126" lon="13.807738"></trkpt>
      <trkpt lat="66.113650" lon="13.807439"></trkpt>
      <trkpt lat="66.114428" lon="13.807355"></trkpt>
      <trkpt lat="66.114670" lon="13.807346"></trkpt>
      <trkpt lat="66.114891" lon="13.807353"></trkpt>
      <trkpt lat="66.115060" lon="13.807375"></trkpt>
      <trkpt lat="66.115214" lon="13.807412"></trkpt>
      <trkpt lat="66.115384" lon="13.807472"></trkpt>
      <trkpt lat="66.115544" lon="13.807549"></trkpt>
      <trkpt lat="66.115649" lon="13.807615"></trkpt>
      <trkpt lat="66.115765" lon="13.807697"></trkpt>
      <trkpt lat="66.115891" lon="13.807803"></trkpt>
      <trkpt lat="66.116090" lon="13.808025"></trkpt>
      <trkpt lat="66.116316" lon="13.808341"></trkpt>
      <trkpt lat="66.116414" lon="13.808506"></trkpt>
      <trkpt lat="66.116601" lon="13.808854"></trkpt>
      <trkpt lat="66.116939" lon="13.809510"></trkpt>
      <trkpt lat="66.117255" lon="13.810074"></trkpt>
      <trkpt lat="66.117361" lon="13.810241"></trkpt>
      <trkpt lat="66.117553" lon="13.810515"></trkpt>
      <trkpt lat="66.117800" lon="13.810816"></trkpt>
      <trkpt lat="66.117969" lon="13.810989"></trkpt>
      <trkpt lat="66.118138" lon="13.811137"></trkpt>
      <trkpt lat="66.118282" lon="13.811240"></trkpt>
      <trkpt lat="66.118475" lon="13.811357"></trkpt>
      <trkpt lat="66.118650" lon="13.811437"></trkpt>
      <trkpt lat="66.118937" lon="13.811530"></trkpt>
      <trkpt lat="66.119066" lon="13.811559"></trkpt>
      <trkpt lat="66.119849" lon="13.811655"></trkpt>
      <trkpt lat="66.120087" lon="13.811707"></trkpt>
      <trkpt lat="66.120235" lon="13.811753"></trkpt>
      <trkpt lat="66.120401" lon="13.811819"></trkpt>
      <trkpt lat="66.120677" lon="13.811966"></trkpt>
      <trkpt lat="66.120801" lon="13.812052"></trkpt>
      <trkpt lat="66.120936" lon="13.812163"></trkpt>
      <trkpt lat="66.121075" lon="13.812296"></trkpt>
      <trkpt lat="66.121228" lon="13.812458"></trkpt>
      <trkpt lat="66.121357" lon="13.812611"></trkpt>
      <trkpt lat="66.121606" lon="13.812938"></trkpt>
      <trkpt lat="66.121822" lon="13.813258"></trkpt>
      <trkpt lat="66.121873" lon="13.813335"></trkpt>
      <trkpt lat="66.122524" lon="13.814417"></trkpt>
      <trkpt lat="66.122852" lon="13.814943"></trkpt>
      <trkpt lat="66.123132" lon="13.815330"></trkpt>
      <trkpt lat="66.123308" lon="13.815533"></trkpt>
      <trkpt lat="66.123407" lon="13.815638"></trkpt>
      <trkpt lat="66.123518" lon="13.815736"></trkpt>
      <trkpt lat="66.123640" lon="13.815832"></trkpt>
      <trkpt lat="66.123769" lon="13.815919"></trkpt>
      <trkpt lat="66.123916" lon="13.816014"></trkpt>
      <trkpt lat="66.124308" lon="13.816196"></trkpt>
      <trkpt lat="66.124588" lon="13.816314"></trkpt>
      <trkpt lat="66.125412" lon="13.816627"></trkpt>
      <trkpt lat="66.127206" lon="13.817346"></trkpt>
      <trkpt lat="66.129999" lon="13.818432"></trkpt>
      <trkpt lat="66.130357" lon="13.818563"></trkpt>
      <trkpt lat="66.131081" lon="13.818823"></trkpt>
      <trkpt lat="66.132515" lon="13.819290"></trkpt>
      <trkpt lat="66.132653" lon="13.819335"></trkpt>
      <trkpt lat="66.133202" lon="13.819525"></trkpt>
      <trkpt lat="66.133375" lon="13.819598"></trkpt>
      <trkpt lat="66.133490" lon="13.819657"></trkpt>
      <trkpt lat="66.133706" lon="13.819773"></trkpt>
      <trkpt lat="66.133980" lon="13.819965"></trkpt>
      <trkpt lat="66.134078" lon="13.820052"></trkpt>
      <trkpt lat="66.134265" lon="13.820218"></trkpt>
      <trkpt lat="66.134393" lon="13.820349"></trkpt>
      <trkpt lat="66.134705" lon="13.820701"></trkpt>
      <trkpt lat="66.134954" lon="13.821061"></trkpt>
      <trkpt lat="66.135245" lon="13.821528"></trkpt>
      <trkpt lat="66.135544" lon="13.822122"></trkpt>
      <trkpt lat="66.135688" lon="13.822438"></trkpt>
      <trkpt lat="66.135883" lon="13.822914"></trkpt>
      <trkpt lat="66.136030" lon="13.823309"></trkpt>
      <trkpt lat="66.136158" lon="13.823694"></trkpt>
      <trkpt lat="66.136353" lon="13.824352"></trkpt>
      <trkpt lat="66.136646" lon="13.825412"></trkpt>
      <trkpt lat="66.136772" lon="13.825848"></trkpt>
      <trkpt lat="66.136911" lon="13.826292"></trkpt>
      <trkpt lat="66.137030" lon="13.826646"></trkpt>
      <trkpt lat="66.137150" lon="13.826953"></trkpt>
      <trkpt lat="66.137342" lon="13.827396"></trkpt>
      <trkpt lat="66.137644" lon="13.827999"></trkpt>
      <trkpt lat="66.137849" lon="13.828352"></trkpt>
      <trkpt lat="66.137962" lon="13.828533"></trkpt>
      <trkpt lat="66.138276" lon="13.828980"></trkpt>
      <trkpt lat="66.138489" lon="13.829249"></trkpt>
      <trkpt lat="66.138848" lon="13.829675"></trkpt>
      <trkpt lat="66.139950" lon="13.830888"></trkpt>
      <trkpt lat="66.140502" lon="13.831519"></trkpt>
      <trkpt lat="66.140662" lon="13.831683"></trkpt>
      <trkpt lat="66.141001" lon="13.831982"></trkpt>
      <trkpt lat="66.141267" lon="13.832151"></trkpt>
      <trkpt lat="66.141459" lon="13.832240"></trkpt>
      <trkpt lat="66.141634" lon="13.832294"></trkpt>
      <trkpt lat="66.141803" lon="13.832323"></trkpt>
      <trkpt lat="66.141947" lon="13.832330"></trkpt>
      <trkpt lat="66.142207" lon="13.832303"></trkpt>
      <trkpt lat="66.142411" lon="13.832240"></trkpt>
      <trkpt lat="66.142624" lon="13.832143"></trkpt>
      <trkpt lat="66.142869" lon="13.831991"></trkpt>
      <trkpt lat="66.143121" lon="13.831806"></trkpt>
      <trkpt lat="66.144193" lon="13.830970"></trkpt>
      <trkpt lat="66.144391" lon="13.830884"></trkpt>
      <trkpt lat="66.144450" lon="13.830847"></trkpt>
      <trkpt lat="66.144911" lon="13.830559"></trkpt>
      <trkpt lat="66.145052" lon="13.830471"></trkpt>
      <trkpt lat="66.145284" lon="13.830352"></trkpt>
      <trkpt lat="66.145393" lon="13.830297"></trkpt>
      <trkpt lat="66.145568" lon="13.830209"></trkpt>
      <trkpt lat="66.145785" lon="13.830130"></trkpt>
      <trkpt lat="66.146101" lon="13.830051"></trkpt>
      <trkpt lat="66.146319" lon="13.830010"></trkpt>
      <trkpt lat="66.146561" lon="13.830002"></trkpt>
      <trkpt lat="66.146807" lon="13.830009"></trkpt>
      <trkpt lat="66.146923" lon="13.829994"></trkpt>
      <trkpt lat="66.147073" lon="13.830049"></trkpt>
      <trkpt lat="66.147126" lon="13.830068"></trkpt>
      <trkpt lat="66.147225" lon="13.830124"></trkpt>
      <trkpt lat="66.147341" lon="13.830185"></trkpt>
      <trkpt lat="66.147537" lon="13.830310"></trkpt>
      <trkpt lat="66.147752" lon="13.830468"></trkpt>
      <trkpt lat="66.148024" lon="13.830708"></trkpt>
      <trkpt lat="66.148326" lon="13.830990"></trkpt>
      <trkpt lat="66.151111" lon="13.833805"></trkpt>
      <trkpt lat="66.151863" lon="13.834553"></trkpt>
      <trkpt lat="66.151927" lon="13.834658"></trkpt>
      <trkpt lat="66.151994" lon="13.834737"></trkpt>
      <trkpt lat="66.152697" lon="13.835474"></trkpt>
      <trkpt lat="66.152993" lon="13.835783"></trkpt>
      <trkpt lat="66.153083" lon="13.835879"></trkpt>
      <trkpt lat="66.153442" lon="13.836245"></trkpt>
      <trkpt lat="66.154255" lon="13.837030"></trkpt>
      <trkpt lat="66.154418" lon="13.837182"></trkpt>
      <trkpt lat="66.154572" lon="13.837282"></trkpt>
      <trkpt lat="66.155073" lon="13.837788"></trkpt>
      <trkpt lat="66.155772" lon="13.838494"></trkpt>
      <trkpt lat="66.156334" lon="13.839058"></trkpt>
      <trkpt lat="66.156796" lon="13.839525"></trkpt>
      <trkpt lat="66.157221" lon="13.839951"></trkpt>
      <trkpt lat="66.157723" lon="13.840458"></trkpt>
      <trkpt lat="66.158134" lon="13.840874"></trkpt>
      <trkpt lat="66.158304" lon="13.841043"></trkpt>
      <trkpt lat="66.160795" lon="13.843548"></trkpt>
      <trkpt lat="66.161182" lon="13.843910"></trkpt>
      <trkpt lat="66.161496" lon="13.844166"></trkpt>
      <trkpt lat="66.161777" lon="13.844362"></trkpt>
      <trkpt lat="66.161873" lon="13.844419"></trkpt>
      <trkpt lat="66.162022" lon="13.844498"></trkpt>
      <trkpt lat="66.162128" lon="13.844545"></trkpt>
      <trkpt lat="66.162321" lon="13.844612"></trkpt>
      <trkpt lat="66.162510" lon="13.844670"></trkpt>
      <trkpt lat="66.162743" lon="13.844697"></trkpt>
      <trkpt lat="66.162976" lon="13.844686"></trkpt>
      <trkpt lat="66.163208" lon="13.844645"></trkpt>
      <trkpt lat="66.163439" lon="13.844566"></trkpt>
      <trkpt lat="66.163668" lon="13.844451"></trkpt>
      <trkpt lat="66.163893" lon="13.844303"></trkpt>
      <trkpt lat="66.164115" lon="13.844120"></trkpt>
      <trkpt lat="66.164331" lon="13.843906"></trkpt>
      <trkpt lat="66.164541" lon="13.843659"></trkpt>
      <trkpt lat="66.164746" lon="13.843381"></trkpt>
      <trkpt lat="66.164942" lon="13.843073"></trkpt>
      <trkpt lat="66.165131" lon="13.842734"></trkpt>
      <trkpt lat="66.165311" lon="13.842369"></trkpt>
      <trkpt lat="66.165482" lon="13.841975"></trkpt>
      <trkpt lat="66.165642" lon="13.841557"></trkpt>
      <trkpt lat="66.165792" lon="13.841116"></trkpt>
      <trkpt lat="66.165931" lon="13.840655"></trkpt>
      <trkpt lat="66.166059" lon="13.840172"></trkpt>
      <trkpt lat="66.166173" lon="13.839668"></trkpt>
      <trkpt lat="66.166275" lon="13.839153"></trkpt>
      <trkpt lat="66.166372" lon="13.838578"></trkpt>
      <trkpt lat="66.166485" lon="13.837778"></trkpt>
      <trkpt lat="66.166591" lon="13.836873"></trkpt>
      <trkpt lat="66.166706" lon="13.835899"></trkpt>
      <trkpt lat="66.166819" lon="13.834942"></trkpt>
      <trkpt lat="66.166909" lon="13.834293"></trkpt>
      <trkpt lat="66.166998" lon="13.833747"></trkpt>
      <trkpt lat="66.167089" lon="13.833277"></trkpt>
      <trkpt lat="66.167131" lon="13.833080"></trkpt>
      <trkpt lat="66.167199" lon="13.832790"></trkpt>
      <trkpt lat="66.167299" lon="13.832429"></trkpt>
      <trkpt lat="66.167422" lon="13.832033"></trkpt>
      <trkpt lat="66.167556" lon="13.831659"></trkpt>
      <trkpt lat="66.167700" lon="13.831311"></trkpt>
      <trkpt lat="66.167854" lon="13.830988"></trkpt>
      <trkpt lat="66.168017" lon="13.830693"></trkpt>
      <trkpt lat="66.168167" lon="13.830457"></trkpt>
      <trkpt lat="66.168700" lon="13.829712"></trkpt>
      <trkpt lat="66.168878" lon="13.829428"></trkpt>
      <trkpt lat="66.169047" lon="13.829119"></trkpt>
      <trkpt lat="66.169207" lon="13.828781"></trkpt>
      <trkpt lat="66.169358" lon="13.828417"></trkpt>
      <trkpt lat="66.169498" lon="13.828027"></trkpt>
      <trkpt lat="66.169639" lon="13.827583"></trkpt>
      <trkpt lat="66.169940" lon="13.826562"></trkpt>
      <trkpt lat="66.170076" lon="13.826150"></trkpt>
      <trkpt lat="66.170220" lon="13.825770"></trkpt>
      <trkpt lat="66.170374" lon="13.825415"></trkpt>
      <trkpt lat="66.170455" lon="13.825250"></trkpt>
      <trkpt lat="66.170537" lon="13.825086"></trkpt>
      <trkpt lat="66.170710" lon="13.824785"></trkpt>
      <trkpt lat="66.170890" lon="13.824512"></trkpt>
      <trkpt lat="66.171076" lon="13.824271"></trkpt>
      <trkpt lat="66.171175" lon="13.824164"></trkpt>
      <trkpt lat="66.171273" lon="13.824058"></trkpt>
      <trkpt lat="66.171655" lon="13.823707"></trkpt>
      <trkpt lat="66.171906" lon="13.823465"></trkpt>
      <trkpt lat="66.172097" lon="13.823245"></trkpt>
      <trkpt lat="66.172282" lon="13.822992"></trkpt>
      <trkpt lat="66.172426" lon="13.822772"></trkpt>
      <trkpt lat="66.172629" lon="13.822402"></trkpt>
      <trkpt lat="66.172789" lon="13.822064"></trkpt>
      <trkpt lat="66.172939" lon="13.821699"></trkpt>
      <trkpt lat="66.173080" lon="13.821311"></trkpt>
      <trkpt lat="66.173210" lon="13.820899"></trkpt>
      <trkpt lat="66.173328" lon="13.820470"></trkpt>
      <trkpt lat="66.173435" lon="13.820021"></trkpt>
      <trkpt lat="66.173543" lon="13.819486"></trkpt>
      <trkpt lat="66.173773" lon="13.818211"></trkpt>
      <trkpt lat="66.173880" lon="13.817671"></trkpt>
      <trkpt lat="66.173992" lon="13.817191"></trkpt>
      <trkpt lat="66.174116" lon="13.816728"></trkpt>
      <trkpt lat="66.174250" lon="13.816285"></trkpt>
      <trkpt lat="66.174404" lon="13.815838"></trkpt>
      <trkpt lat="66.174873" lon="13.814600"></trkpt>
      <trkpt lat="66.175053" lon="13.814075"></trkpt>
      <trkpt lat="66.175218" lon="13.813539"></trkpt>
      <trkpt lat="66.175373" lon="13.812982"></trkpt>
      <trkpt lat="66.175516" lon="13.812402"></trkpt>
      <trkpt lat="66.175647" lon="13.811810"></trkpt>
      <trkpt lat="66.175766" lon="13.811201"></trkpt>
      <trkpt lat="66.175872" lon="13.810577"></trkpt>
      <trkpt lat="66.175965" lon="13.809941"></trkpt>
      <trkpt lat="66.176069" lon="13.809148"></trkpt>
      <trkpt lat="66.176132" lon="13.808714"></trkpt>
      <trkpt lat="66.176237" lon="13.808088"></trkpt>
      <trkpt lat="66.176377" lon="13.807369"></trkpt>
      <trkpt lat="66.176590" lon="13.806370"></trkpt>
      <trkpt lat="66.176831" lon="13.805291"></trkpt>
      <trkpt lat="66.176923" lon="13.804986"></trkpt>
      <trkpt lat="66.177324" lon="13.803343"></trkpt>
      <trkpt lat="66.177561" lon="13.802328"></trkpt>
      <trkpt lat="66.177691" lon="13.801798"></trkpt>
      <trkpt lat="66.177646" lon="13.801644"></trkpt>
      <trkpt lat="66.177603" lon="13.801565"></trkpt>
      <trkpt lat="66.177510" lon="13.801343"></trkpt>
      <trkpt lat="66.177454" lon="13.801156"></trkpt>
      <trkpt lat="66.177448" lon="13.801015"></trkpt>
      <trkpt lat="66.177455" lon="13.800870"></trkpt>
      <trkpt lat="66.177475" lon="13.800736"></trkpt>
      <trkpt lat="66.177505" lon="13.800612"></trkpt>
      <trkpt lat="66.177546" lon="13.800508"></trkpt>
      <trkpt lat="66.178233" lon="13.799380"></trkpt>
      <trkpt lat="66.178444" lon="13.799046"></trkpt>
      <trkpt lat="66.178651" lon="13.798761"></trkpt>
      <trkpt lat="66.178866" lon="13.798506"></trkpt>
      <trkpt lat="66.179085" lon="13.798281"></trkpt>
      <trkpt lat="66.179311" lon="13.798090"></trkpt>
      <trkpt lat="66.179458" lon="13.797988"></trkpt>
      <trkpt lat="66.179538" lon="13.797931"></trkpt>
      <trkpt lat="66.179772" lon="13.797804"></trkpt>
      <trkpt lat="66.180006" lon="13.797715"></trkpt>
      <trkpt lat="66.180242" lon="13.797658"></trkpt>
      <trkpt lat="66.180480" lon="13.797635"></trkpt>
      <trkpt lat="66.181793" lon="13.797679"></trkpt>
      <trkpt lat="66.181950" lon="13.797650"></trkpt>
      <trkpt lat="66.182104" lon="13.797587"></trkpt>
      <trkpt lat="66.182256" lon="13.797493"></trkpt>
      <trkpt lat="66.182405" lon="13.797364"></trkpt>
      <trkpt lat="66.182576" lon="13.797172"></trkpt>
      <trkpt lat="66.182819" lon="13.796863"></trkpt>
      <trkpt lat="66.183055" lon="13.796523"></trkpt>
      <trkpt lat="66.183285" lon="13.796153"></trkpt>
      <trkpt lat="66.183506" lon="13.795756"></trkpt>
      <trkpt lat="66.183719" lon="13.795331"></trkpt>
      <trkpt lat="66.183950" lon="13.794809"></trkpt>
      <trkpt lat="66.184117" lon="13.794404"></trkpt>
      <trkpt lat="66.184301" lon="13.793902"></trkpt>
      <trkpt lat="66.184475" lon="13.793379"></trkpt>
      <trkpt lat="66.184637" lon="13.792836"></trkpt>
      <trkpt lat="66.184789" lon="13.792274"></trkpt>
      <trkpt lat="66.184928" lon="13.791690"></trkpt>
      <trkpt lat="66.185056" lon="13.791092"></trkpt>
      <trkpt lat="66.185170" lon="13.790478"></trkpt>
      <trkpt lat="66.185278" lon="13.789820"></trkpt>
      <trkpt lat="66.185426" lon="13.788770"></trkpt>
      <trkpt lat="66.185539" lon="13.787790"></trkpt>
      <trkpt lat="66.185609" lon="13.787088"></trkpt>
      <trkpt lat="66.185530" lon="13.787039"></trkpt>
      <trkpt lat="66.185507" lon="13.786993"></trkpt>
      <trkpt lat="66.185487" lon="13.786926"></trkpt>
      <trkpt lat="66.185480" lon="13.786843"></trkpt>
      <trkpt lat="66.185482" lon="13.786778"></trkpt>
      <trkpt lat="66.185491" lon="13.786688"></trkpt>
      <trkpt lat="66.185482" lon="13.786778"></trkpt>
      <trkpt lat="66.185480" lon="13.786843"></trkpt>
      <trkpt lat="66.185487" lon="13.786926"></trkpt>
      <trkpt lat="66.185507" lon="13.786993"></trkpt>
      <trkpt lat="66.185530" lon="13.787039"></trkpt>
      <trkpt lat="66.185609" lon="13.787088"></trkpt>
      <trkpt lat="66.185539" lon="13.787790"></trkpt>
      <trkpt lat="66.185426" lon="13.788770"></trkpt>
      <trkpt lat="66.185278" lon="13.789820"></trkpt>
      <trkpt lat="66.185170" lon="13.790478"></trkpt>
      <trkpt lat="66.185056" lon="13.791092"></trkpt>
      <trkpt lat="66.184928" lon="13.791690"></trkpt>
      <trkpt lat="66.184892" lon="13.791842"></trkpt>
      <trkpt lat="66.184789" lon="13.792274"></trkpt>
      <trkpt lat="66.184637" lon="13.792836"></trkpt>
      <trkpt lat="66.184475" lon="13.793379"></trkpt>
      <trkpt lat="66.184301" lon="13.793902"></trkpt>
      <trkpt lat="66.184117" lon="13.794404"></trkpt>
      <trkpt lat="66.183950" lon="13.794809"></trkpt>
      <trkpt lat="66.184065" lon="13.795002"></trkpt>
      <trkpt lat="66.184078" lon="13.795025"></trkpt>
      <trkpt lat="66.184129" lon="13.795071"></trkpt>
      <trkpt lat="66.184182" lon="13.795087"></trkpt>
      <trkpt lat="66.184236" lon="13.795069"></trkpt>
      <trkpt lat="66.184286" lon="13.795022"></trkpt>
      <trkpt lat="66.184749" lon="13.794438"></trkpt>
      <trkpt lat="66.184895" lon="13.794291"></trkpt>
      <trkpt lat="66.185044" lon="13.794180"></trkpt>
      <trkpt lat="66.185329" lon="13.794018"></trkpt>
      <trkpt lat="66.185415" lon="13.793945"></trkpt>
      <trkpt lat="66.185562" lon="13.793834"></trkpt>
      <trkpt lat="66.185667" lon="13.793737"></trkpt>
      <trkpt lat="66.185700" lon="13.793704"></trkpt>
      <trkpt lat="66.186034" lon="13.793365"></trkpt>
      <trkpt lat="66.186159" lon="13.793254"></trkpt>
      <trkpt lat="66.186379" lon="13.793033"></trkpt>
      <trkpt lat="66.186495" lon="13.792928"></trkpt>
      <trkpt lat="66.186614" lon="13.792858"></trkpt>
      <trkpt lat="66.186741" lon="13.792783"></trkpt>
      <trkpt lat="66.186860" lon="13.792693"></trkpt>
      <trkpt lat="66.186956" lon="13.792610"></trkpt>
      <trkpt lat="66.187185" lon="13.792377"></trkpt>
      <trkpt lat="66.187388" lon="13.792135"></trkpt>
      <trkpt lat="66.187505" lon="13.792023"></trkpt>
      <trkpt lat="66.187620" lon="13.791897"></trkpt>
      <trkpt lat="66.187777" lon="13.791781"></trkpt>
      <trkpt lat="66.187864" lon="13.791741"></trkpt>
      <trkpt lat="66.187881" lon="13.791745"></trkpt>
      <trkpt lat="66.187977" lon="13.791742"></trkpt>
      <trkpt lat="66.188040" lon="13.791764"></trkpt>
      <trkpt lat="66.188163" lon="13.791829"></trkpt>
      <trkpt lat="66.188192" lon="13.791850"></trkpt>
      <trkpt lat="66.188298" lon="13.792033"></trkpt>
      <trkpt lat="66.188359" lon="13.792193"></trkpt>
      <trkpt lat="66.188398" lon="13.792308"></trkpt>
      <trkpt lat="66.188636" lon="13.793190"></trkpt>
      <trkpt lat="66.188668" lon="13.793300"></trkpt>
      <trkpt lat="66.188744" lon="13.793485"></trkpt>
      <trkpt lat="66.188847" lon="13.793677"></trkpt>
      <trkpt lat="66.189022" lon="13.793963"></trkpt>
      <trkpt lat="66.189190" lon="13.794264"></trkpt>
      <trkpt lat="66.189357" lon="13.794596"></trkpt>
      <trkpt lat="66.189441" lon="13.794791"></trkpt>
      <trkpt lat="66.189519" lon="13.794999"></trkpt>
      <trkpt lat="66.189576" lon="13.795178"></trkpt>
      <trkpt lat="66.189628" lon="13.795427"></trkpt>
      <trkpt lat="66.189665" lon="13.795687"></trkpt>
      <trkpt lat="66.189691" lon="13.795957"></trkpt>
      <trkpt lat="66.189701" lon="13.796231"></trkpt>
      <trkpt lat="66.189701" lon="13.796566"></trkpt>
      <trkpt lat="66.189700" lon="13.796754"></trkpt>
      <trkpt lat="66.189700" lon="13.797161"></trkpt>
      <trkpt lat="66.189708" lon="13.797378"></trkpt>
      <trkpt lat="66.189718" lon="13.797502"></trkpt>
      <trkpt lat="66.189732" lon="13.797605"></trkpt>
      <trkpt lat="66.189755" lon="13.797731"></trkpt>
      <trkpt lat="66.189787" lon="13.797845"></trkpt>
      <trkpt lat="66.189825" lon="13.797952"></trkpt>
      <trkpt lat="66.189870" lon="13.798049"></trkpt>
      <trkpt lat="66.189926" lon="13.798146"></trkpt>
      <trkpt lat="66.189987" lon="13.798215"></trkpt>
      <trkpt lat="66.190052" lon="13.798265"></trkpt>
      <trkpt lat="66.190119" lon="13.798294"></trkpt>
      <trkpt lat="66.190186" lon="13.798292"></trkpt>
      <trkpt lat="66.190265" lon="13.798270"></trkpt>
      <trkpt lat="66.190400" lon="13.798190"></trkpt>
      <trkpt lat="66.190513" lon="13.798120"></trkpt>
      <trkpt lat="66.190583" lon="13.798091"></trkpt>
      <trkpt lat="66.190635" lon="13.798080"></trkpt>
      <trkpt lat="66.190692" lon="13.798183"></trkpt>
      <trkpt lat="66.190719" lon="13.798254"></trkpt>
      <trkpt lat="66.190752" lon="13.798374"></trkpt>
      <trkpt lat="66.190772" lon="13.798525"></trkpt>
      <trkpt lat="66.190788" lon="13.798698"></trkpt>
      <trkpt lat="66.190852" lon="13.798816"></trkpt>
      <trkpt lat="66.191656" lon="13.798403"></trkpt>
      <trkpt lat="66.191835" lon="13.798294"></trkpt>
      <trkpt lat="66.191988" lon="13.798159"></trkpt>
      <trkpt lat="66.192367" lon="13.797963"></trkpt>
      <trkpt lat="66.193195" lon="13.797440"></trkpt>
      <trkpt lat="66.194000" lon="13.796993"></trkpt>
      <trkpt lat="66.194817" lon="13.796539"></trkpt>
      <trkpt lat="66.195355" lon="13.796240"></trkpt>
      <trkpt lat="66.195684" lon="13.796060"></trkpt>
      <trkpt lat="66.196965" lon="13.795342"></trkpt>
      <trkpt lat="66.197565" lon="13.794969"></trkpt>
      <trkpt lat="66.198479" lon="13.794361"></trkpt>
      <trkpt lat="66.199079" lon="13.793999"></trkpt>
      <trkpt lat="66.199731" lon="13.793642"></trkpt>
      <trkpt lat="66.200401" lon="13.793292"></trkpt>
      <trkpt lat="66.200552" lon="13.793214"></trkpt>
      <trkpt lat="66.201010" lon="13.792973"></trkpt>
      <trkpt lat="66.202730" lon="13.792059"></trkpt>
      <trkpt lat="66.203116" lon="13.791894"></trkpt>
      <trkpt lat="66.203339" lon="13.791833"></trkpt>
      <trkpt lat="66.203540" lon="13.791810"></trkpt>
      <trkpt lat="66.203741" lon="13.791825"></trkpt>
      <trkpt lat="66.203943" lon="13.791873"></trkpt>
      <trkpt lat="66.204141" lon="13.791954"></trkpt>
      <trkpt lat="66.204338" lon="13.792074"></trkpt>
      <trkpt lat="66.204530" lon="13.792224"></trkpt>
      <trkpt lat="66.204717" lon="13.792407"></trkpt>
      <trkpt lat="66.204900" lon="13.792622"></trkpt>
      <trkpt lat="66.205075" lon="13.792872"></trkpt>
      <trkpt lat="66.205243" lon="13.793148"></trkpt>
      <trkpt lat="66.205402" lon="13.793454"></trkpt>
      <trkpt lat="66.205552" lon="13.793786"></trkpt>
      <trkpt lat="66.205693" lon="13.794144"></trkpt>
      <trkpt lat="66.205823" lon="13.794526"></trkpt>
      <trkpt lat="66.205941" lon="13.794930"></trkpt>
      <trkpt lat="66.206054" lon="13.795371"></trkpt>
      <trkpt lat="66.206175" lon="13.795918"></trkpt>
      <trkpt lat="66.206584" lon="13.798040"></trkpt>
      <trkpt lat="66.206708" lon="13.798619"></trkpt>
      <trkpt lat="66.206822" lon="13.799087"></trkpt>
      <trkpt lat="66.206940" lon="13.799501"></trkpt>
      <trkpt lat="66.207095" lon="13.799978"></trkpt>
      <trkpt lat="66.207276" lon="13.800486"></trkpt>
      <trkpt lat="66.207360" lon="13.800701"></trkpt>
      <trkpt lat="66.207664" lon="13.801495"></trkpt>
      <trkpt lat="66.207830" lon="13.801949"></trkpt>
      <trkpt lat="66.207975" lon="13.802260"></trkpt>
      <trkpt lat="66.208350" lon="13.802976"></trkpt>
      <trkpt lat="66.208497" lon="13.803240"></trkpt>
      <trkpt lat="66.208645" lon="13.803531"></trkpt>
      <trkpt lat="66.208801" lon="13.803864"></trkpt>
      <trkpt lat="66.208963" lon="13.804289"></trkpt>
      <trkpt lat="66.209037" lon="13.804509"></trkpt>
      <trkpt lat="66.209228" lon="13.805092"></trkpt>
      <trkpt lat="66.209378" lon="13.805607"></trkpt>
      <trkpt lat="66.209559" lon="13.806239"></trkpt>
      <trkpt lat="66.209796" lon="13.807135"></trkpt>
      <trkpt lat="66.210019" lon="13.807985"></trkpt>
      <trkpt lat="66.210262" lon="13.808905"></trkpt>
      <trkpt lat="66.210396" lon="13.809377"></trkpt>
      <trkpt lat="66.210519" lon="13.809764"></trkpt>
      <trkpt lat="66.210602" lon="13.809988"></trkpt>
      <trkpt lat="66.210725" lon="13.810256"></trkpt>
      <trkpt lat="66.210858" lon="13.810515"></trkpt>
      <trkpt lat="66.210996" lon="13.810747"></trkpt>
      <trkpt lat="66.211239" lon="13.811071"></trkpt>
      <trkpt lat="66.211571" lon="13.811488"></trkpt>
      <trkpt lat="66.211859" lon="13.811853"></trkpt>
      <trkpt lat="66.212008" lon="13.812054"></trkpt>
      <trkpt lat="66.212152" lon="13.812263"></trkpt>
      <trkpt lat="66.212282" lon="13.812477"></trkpt>
      <trkpt lat="66.212407" lon="13.812706"></trkpt>
      <trkpt lat="66.212536" lon="13.812963"></trkpt>
      <trkpt lat="66.212647" lon="13.813206"></trkpt>
      <trkpt lat="66.212752" lon="13.813464"></trkpt>
      <trkpt lat="66.212846" lon="13.813721"></trkpt>
      <trkpt lat="66.212926" lon="13.813965"></trkpt>
      <trkpt lat="66.213015" lon="13.814260"></trkpt>
      <trkpt lat="66.213095" lon="13.814558"></trkpt>
      <trkpt lat="66.213170" lon="13.814889"></trkpt>
      <trkpt lat="66.213263" lon="13.815320"></trkpt>
      <trkpt lat="66.213346" lon="13.815749"></trkpt>
      <trkpt lat="66.213410" lon="13.816116"></trkpt>
      <trkpt lat="66.213513" lon="13.816799"></trkpt>
      <trkpt lat="66.213647" lon="13.817726"></trkpt>
      <trkpt lat="66.213700" lon="13.818091"></trkpt>
      <trkpt lat="66.213771" lon="13.818560"></trkpt>
      <trkpt lat="66.213840" lon="13.818911"></trkpt>
      <trkpt lat="66.213949" lon="13.819429"></trkpt>
      <trkpt lat="66.214180" lon="13.820409"></trkpt>
      <trkpt lat="66.214310" lon="13.821001"></trkpt>
      <trkpt lat="66.214409" lon="13.821474"></trkpt>
      <trkpt lat="66.214477" lon="13.821855"></trkpt>
      <trkpt lat="66.214571" lon="13.822324"></trkpt>
      <trkpt lat="66.214749" lon="13.823243"></trkpt>
      <trkpt lat="66.214855" lon="13.823676"></trkpt>
      <trkpt lat="66.214985" lon="13.824163"></trkpt>
      <trkpt lat="66.215200" lon="13.824917"></trkpt>
      <trkpt lat="66.215322" lon="13.825330"></trkpt>
      <trkpt lat="66.215602" lon="13.826329"></trkpt>
      <trkpt lat="66.215830" lon="13.827152"></trkpt>
      <trkpt lat="66.216024" lon="13.827921"></trkpt>
      <trkpt lat="66.216130" lon="13.828318"></trkpt>
      <trkpt lat="66.216729" lon="13.830773"></trkpt>
      <trkpt lat="66.217141" lon="13.832461"></trkpt>
      <trkpt lat="66.217344" lon="13.833324"></trkpt>
      <trkpt lat="66.217515" lon="13.834073"></trkpt>
      <trkpt lat="66.217705" lon="13.834942"></trkpt>
      <trkpt lat="66.217875" lon="13.835724"></trkpt>
      <trkpt lat="66.218024" lon="13.836395"></trkpt>
      <trkpt lat="66.218128" lon="13.836795"></trkpt>
      <trkpt lat="66.218230" lon="13.837148"></trkpt>
      <trkpt lat="66.218351" lon="13.837506"></trkpt>
      <trkpt lat="66.218470" lon="13.837797"></trkpt>
      <trkpt lat="66.218682" lon="13.838265"></trkpt>
      <trkpt lat="66.218880" lon="13.838690"></trkpt>
      <trkpt lat="66.218935" lon="13.838817"></trkpt>
      <trkpt lat="66.219153" lon="13.839369"></trkpt>
      <trkpt lat="66.219306" lon="13.839854"></trkpt>
      <trkpt lat="66.219581" lon="13.840783"></trkpt>
      <trkpt lat="66.219719" lon="13.841230"></trkpt>
      <trkpt lat="66.219896" lon="13.841756"></trkpt>
      <trkpt lat="66.220072" lon="13.842198"></trkpt>
      <trkpt lat="66.220175" lon="13.842435"></trkpt>
      <trkpt lat="66.220229" lon="13.842560"></trkpt>
      <trkpt lat="66.220498" lon="13.843253"></trkpt>
      <trkpt lat="66.220627" lon="13.843641"></trkpt>
      <trkpt lat="66.220675" lon="13.843808"></trkpt>
      <trkpt lat="66.220822" lon="13.844351"></trkpt>
      <trkpt lat="66.220903" lon="13.844724"></trkpt>
      <trkpt lat="66.220973" lon="13.845095"></trkpt>
      <trkpt lat="66.221043" lon="13.845491"></trkpt>
      <trkpt lat="66.221284" lon="13.847062"></trkpt>
      <trkpt lat="66.221447" lon="13.848032"></trkpt>
      <trkpt lat="66.221650" lon="13.849146"></trkpt>
      <trkpt lat="66.221803" lon="13.849899"></trkpt>
      <trkpt lat="66.221890" lon="13.850285"></trkpt>
      <trkpt lat="66.221986" lon="13.850680"></trkpt>
      <trkpt lat="66.222026" lon="13.850835"></trkpt>
      <trkpt lat="66.222051" lon="13.850930"></trkpt>
      <trkpt lat="66.222192" lon="13.851421"></trkpt>
      <trkpt lat="66.222237" lon="13.851565"></trkpt>
      <trkpt lat="66.222367" lon="13.851948"></trkpt>
      <trkpt lat="66.222493" lon="13.852275"></trkpt>
      <trkpt lat="66.222585" lon="13.852492"></trkpt>
      <trkpt lat="66.222737" lon="13.852816"></trkpt>
      <trkpt lat="66.222823" lon="13.852979"></trkpt>
      <trkpt lat="66.222954" lon="13.853215"></trkpt>
      <trkpt lat="66.223126" lon="13.853501"></trkpt>
      <trkpt lat="66.224255" lon="13.855279"></trkpt>
      <trkpt lat="66.224518" lon="13.855663"></trkpt>
      <trkpt lat="66.224742" lon="13.855943"></trkpt>
      <trkpt lat="66.224874" lon="13.856083"></trkpt>
      <trkpt lat="66.224995" lon="13.856197"></trkpt>
      <trkpt lat="66.225122" lon="13.856308"></trkpt>
      <trkpt lat="66.225253" lon="13.856393"></trkpt>
      <trkpt lat="66.225396" lon="13.856466"></trkpt>
      <trkpt lat="66.225532" lon="13.856531"></trkpt>
      <trkpt lat="66.225761" lon="13.856619"></trkpt>
      <trkpt lat="66.226055" lon="13.856753"></trkpt>
      <trkpt lat="66.226245" lon="13.856855"></trkpt>
      <trkpt lat="66.226430" lon="13.856970"></trkpt>
      <trkpt lat="66.226559" lon="13.857070"></trkpt>
      <trkpt lat="66.226712" lon="13.857217"></trkpt>
      <trkpt lat="66.226896" lon="13.857425"></trkpt>
      <trkpt lat="66.227120" lon="13.857702"></trkpt>
      <trkpt lat="66.227339" lon="13.858028"></trkpt>
      <trkpt lat="66.227548" lon="13.858395"></trkpt>
      <trkpt lat="66.227714" lon="13.858734"></trkpt>
      <trkpt lat="66.227867" lon="13.859092"></trkpt>
      <trkpt lat="66.228011" lon="13.859473"></trkpt>
      <trkpt lat="66.228153" lon="13.859903"></trkpt>
      <trkpt lat="66.228275" lon="13.860329"></trkpt>
      <trkpt lat="66.228393" lon="13.860801"></trkpt>
      <trkpt lat="66.228499" lon="13.861303"></trkpt>
      <trkpt lat="66.228581" lon="13.861760"></trkpt>
      <trkpt lat="66.228668" lon="13.862355"></trkpt>
      <trkpt lat="66.228742" lon="13.862996"></trkpt>
      <trkpt lat="66.229288" lon="13.868545"></trkpt>
      <trkpt lat="66.229390" lon="13.869512"></trkpt>
      <trkpt lat="66.229466" lon="13.870129"></trkpt>
      <trkpt lat="66.229550" lon="13.870739"></trkpt>
      <trkpt lat="66.229651" lon="13.871393"></trkpt>
      <trkpt lat="66.229779" lon="13.872159"></trkpt>
      <trkpt lat="66.229797" lon="13.872265"></trkpt>
      <trkpt lat="66.230022" lon="13.873594"></trkpt>
      <trkpt lat="66.230300" lon="13.875222"></trkpt>
      <trkpt lat="66.230487" lon="13.876319"></trkpt>
      <trkpt lat="66.230590" lon="13.876971"></trkpt>
      <trkpt lat="66.230678" lon="13.877624"></trkpt>
      <trkpt lat="66.230752" lon="13.878312"></trkpt>
      <trkpt lat="66.230793" lon="13.878801"></trkpt>
      <trkpt lat="66.230827" lon="13.879316"></trkpt>
      <trkpt lat="66.230855" lon="13.879857"></trkpt>
      <trkpt lat="66.230929" lon="13.881547"></trkpt>
      <trkpt lat="66.230963" lon="13.882107"></trkpt>
      <trkpt lat="66.231001" lon="13.882582"></trkpt>
      <trkpt lat="66.231035" lon="13.882932"></trkpt>
      <trkpt lat="66.231062" lon="13.883172"></trkpt>
      <trkpt lat="66.231105" lon="13.883518"></trkpt>
      <trkpt lat="66.231157" lon="13.883882"></trkpt>
      <trkpt lat="66.231211" lon="13.884226"></trkpt>
      <trkpt lat="66.231252" lon="13.884461"></trkpt>
      <trkpt lat="66.231361" lon="13.885034"></trkpt>
      <trkpt lat="66.231459" lon="13.885509"></trkpt>
      <trkpt lat="66.231586" lon="13.886117"></trkpt>
      <trkpt lat="66.231851" lon="13.887359"></trkpt>
      <trkpt lat="66.232364" lon="13.889779"></trkpt>
      <trkpt lat="66.232516" lon="13.890510"></trkpt>
      <trkpt lat="66.232606" lon="13.890970"></trkpt>
      <trkpt lat="66.232682" lon="13.891385"></trkpt>
      <trkpt lat="66.232755" lon="13.891815"></trkpt>
      <trkpt lat="66.232797" lon="13.892084"></trkpt>
      <trkpt lat="66.232873" lon="13.892596"></trkpt>
      <trkpt lat="66.232935" lon="13.893060"></trkpt>
      <trkpt lat="66.232984" lon="13.893465"></trkpt>
      <trkpt lat="66.233023" lon="13.893818"></trkpt>
      <trkpt lat="66.233053" lon="13.894109"></trkpt>
      <trkpt lat="66.233108" lon="13.894716"></trkpt>
      <trkpt lat="66.233153" lon="13.895317"></trkpt>
      <trkpt lat="66.233173" lon="13.895636"></trkpt>
      <trkpt lat="66.233212" lon="13.896407"></trkpt>
      <trkpt lat="66.233256" lon="13.897603"></trkpt>
      <trkpt lat="66.233367" lon="13.900836"></trkpt>
      <trkpt lat="66.233385" lon="13.901513"></trkpt>
      <trkpt lat="66.233391" lon="13.901935"></trkpt>
      <trkpt lat="66.233391" lon="13.902524"></trkpt>
      <trkpt lat="66.233379" lon="13.903156"></trkpt>
      <trkpt lat="66.233357" lon="13.903754"></trkpt>
      <trkpt lat="66.233334" lon="13.904183"></trkpt>
      <trkpt lat="66.233293" lon="13.904775"></trkpt>
      <trkpt lat="66.233237" lon="13.905405"></trkpt>
      <trkpt lat="66.233179" lon="13.905941"></trkpt>
      <trkpt lat="66.233119" lon="13.906430"></trkpt>
      <trkpt lat="66.232925" lon="13.907864"></trkpt>
      <trkpt lat="66.232862" lon="13.908362"></trkpt>
      <trkpt lat="66.232809" lon="13.908833"></trkpt>
      <trkpt lat="66.232773" lon="13.909221"></trkpt>
      <trkpt lat="66.232733" lon="13.909747"></trkpt>
      <trkpt lat="66.232710" lon="13.910202"></trkpt>
      <trkpt lat="66.232690" lon="13.910741"></trkpt>
      <trkpt lat="66.232685" lon="13.911052"></trkpt>
      <trkpt lat="66.232686" lon="13.911674"></trkpt>
      <trkpt lat="66.232704" lon="13.912317"></trkpt>
      <trkpt lat="66.232724" lon="13.912725"></trkpt>
      <trkpt lat="66.232743" lon="13.913022"></trkpt>
      <trkpt lat="66.232772" lon="13.913393"></trkpt>
      <trkpt lat="66.232800" lon="13.913696"></trkpt>
      <trkpt lat="66.232862" lon="13.914253"></trkpt>
      <trkpt lat="66.232901" lon="13.914549"></trkpt>
      <trkpt lat="66.232971" lon="13.915018"></trkpt>
      <trkpt lat="66.233060" lon="13.915528"></trkpt>
      <trkpt lat="66.233156" lon="13.916006"></trkpt>
      <trkpt lat="66.233271" lon="13.916508"></trkpt>
      <trkpt lat="66.233388" lon="13.916956"></trkpt>
      <trkpt lat="66.233450" lon="13.917174"></trkpt>
      <trkpt lat="66.233536" lon="13.917458"></trkpt>
      <trkpt lat="66.233626" lon="13.917735"></trkpt>
      <trkpt lat="66.233735" lon="13.918046"></trkpt>
      <trkpt lat="66.233877" lon="13.918431"></trkpt>
      <trkpt lat="66.234149" lon="13.919141"></trkpt>
      <trkpt lat="66.234279" lon="13.919494"></trkpt>
      <trkpt lat="66.234398" lon="13.919841"></trkpt>
      <trkpt lat="66.234520" lon="13.920239"></trkpt>
      <trkpt lat="66.234595" lon="13.920516"></trkpt>
      <trkpt lat="66.234642" lon="13.920706"></trkpt>
      <trkpt lat="66.234684" lon="13.920889"></trkpt>
      <trkpt lat="66.234742" lon="13.921165"></trkpt>
      <trkpt lat="66.234810" lon="13.921540"></trkpt>
      <trkpt lat="66.234856" lon="13.921830"></trkpt>
      <trkpt lat="66.234879" lon="13.921998"></trkpt>
      <trkpt lat="66.234899" lon="13.922146"></trkpt>
      <trkpt lat="66.234939" lon="13.922499"></trkpt>
      <trkpt lat="66.234970" lon="13.922846"></trkpt>
      <trkpt lat="66.234999" lon="13.923291"></trkpt>
      <trkpt lat="66.235024" lon="13.923904"></trkpt>
      <trkpt lat="66.235049" lon="13.924957"></trkpt>
      <trkpt lat="66.235066" lon="13.925467"></trkpt>
      <trkpt lat="66.235090" lon="13.925919"></trkpt>
      <trkpt lat="66.235113" lon="13.926225"></trkpt>
      <trkpt lat="66.235160" lon="13.926677"></trkpt>
      <trkpt lat="66.235195" lon="13.926940"></trkpt>
      <trkpt lat="66.235239" lon="13.927220"></trkpt>
      <trkpt lat="66.235289" lon="13.927493"></trkpt>
      <trkpt lat="66.235345" lon="13.927760"></trkpt>
      <trkpt lat="66.235411" lon="13.928037"></trkpt>
      <trkpt lat="66.235443" lon="13.928158"></trkpt>
      <trkpt lat="66.235505" lon="13.928376"></trkpt>
      <trkpt lat="66.235571" lon="13.928586"></trkpt>
      <trkpt lat="66.235624" lon="13.928739"></trkpt>
      <trkpt lat="66.235709" lon="13.928966"></trkpt>
      <trkpt lat="66.235760" lon="13.929091"></trkpt>
      <trkpt lat="66.235864" lon="13.929321"></trkpt>
      <trkpt lat="66.235966" lon="13.929521"></trkpt>
      <trkpt lat="66.236069" lon="13.929700"></trkpt>
      <trkpt lat="66.236218" lon="13.929925"></trkpt>
      <trkpt lat="66.236382" lon="13.930130"></trkpt>
      <trkpt lat="66.236542" lon="13.930304"></trkpt>
      <trkpt lat="66.237008" lon="13.930770"></trkpt>
      <trkpt lat="66.237147" lon="13.930927"></trkpt>
      <trkpt lat="66.237243" lon="13.931048"></trkpt>
      <trkpt lat="66.237382" lon="13.931250"></trkpt>
      <trkpt lat="66.237486" lon="13.931424"></trkpt>
      <trkpt lat="66.237617" lon="13.931676"></trkpt>
      <trkpt lat="66.237698" lon="13.931851"></trkpt>
      <trkpt lat="66.237757" lon="13.931990"></trkpt>
      <trkpt lat="66.237882" lon="13.932323"></trkpt>
      <trkpt lat="66.237958" lon="13.932556"></trkpt>
      <trkpt lat="66.238006" lon="13.932716"></trkpt>
      <trkpt lat="66.238047" lon="13.932863"></trkpt>
      <trkpt lat="66.238116" lon="13.933136"></trkpt>
      <trkpt lat="66.238166" lon="13.933360"></trkpt>
      <trkpt lat="66.238212" lon="13.933589"></trkpt>
      <trkpt lat="66.238262" lon="13.933874"></trkpt>
      <trkpt lat="66.238284" lon="13.934019"></trkpt>
      <trkpt lat="66.238307" lon="13.934177"></trkpt>
      <trkpt lat="66.238346" lon="13.934484"></trkpt>
      <trkpt lat="66.238400" lon="13.934989"></trkpt>
      <trkpt lat="66.238463" lon="13.935641"></trkpt>
      <trkpt lat="66.238576" lon="13.936803"></trkpt>
      <trkpt lat="66.238625" lon="13.937396"></trkpt>
      <trkpt lat="66.238651" lon="13.938056"></trkpt>
      <trkpt lat="66.238657" lon="13.938671"></trkpt>
      <trkpt lat="66.238636" lon="13.939765"></trkpt>
      <trkpt lat="66.238636" lon="13.940245"></trkpt>
      <trkpt lat="66.238646" lon="13.940697"></trkpt>
      <trkpt lat="66.238664" lon="13.941035"></trkpt>
      <trkpt lat="66.238703" lon="13.941461"></trkpt>
      <trkpt lat="66.238728" lon="13.941677"></trkpt>
      <trkpt lat="66.238805" lon="13.942107"></trkpt>
      <trkpt lat="66.238904" lon="13.942557"></trkpt>
      <trkpt lat="66.239012" lon="13.943026"></trkpt>
      <trkpt lat="66.239133" lon="13.943486"></trkpt>
      <trkpt lat="66.239239" lon="13.943931"></trkpt>
      <trkpt lat="66.239366" lon="13.944397"></trkpt>
      <trkpt lat="66.239532" lon="13.945098"></trkpt>
      <trkpt lat="66.239614" lon="13.945435"></trkpt>
      <trkpt lat="66.239690" lon="13.945747"></trkpt>
      <trkpt lat="66.239806" lon="13.946261"></trkpt>
      <trkpt lat="66.239897" lon="13.946780"></trkpt>
      <trkpt lat="66.239988" lon="13.947210"></trkpt>
      <trkpt lat="66.240074" lon="13.947691"></trkpt>
      <trkpt lat="66.240177" lon="13.948169"></trkpt>
      <trkpt lat="66.240258" lon="13.948491"></trkpt>
      <trkpt lat="66.240385" lon="13.948872"></trkpt>
      <trkpt lat="66.240529" lon="13.949238"></trkpt>
      <trkpt lat="66.240627" lon="13.949445"></trkpt>
      <trkpt lat="66.240769" lon="13.949702"></trkpt>
      <trkpt lat="66.240986" lon="13.950130"></trkpt>
      <trkpt lat="66.241088" lon="13.950347"></trkpt>
      <trkpt lat="66.241249" lon="13.950643"></trkpt>
      <trkpt lat="66.241442" lon="13.951017"></trkpt>
      <trkpt lat="66.241551" lon="13.951233"></trkpt>
      <trkpt lat="66.241704" lon="13.951492"></trkpt>
      <trkpt lat="66.241870" lon="13.951758"></trkpt>
      <trkpt lat="66.242014" lon="13.951925"></trkpt>
      <trkpt lat="66.242131" lon="13.952070"></trkpt>
      <trkpt lat="66.242273" lon="13.952151"></trkpt>
      <trkpt lat="66.242470" lon="13.952229"></trkpt>
      <trkpt lat="66.242851" lon="13.952318"></trkpt>
      <trkpt lat="66.242992" lon="13.952321"></trkpt>
      <trkpt lat="66.243123" lon="13.952347"></trkpt>
      <trkpt lat="66.243302" lon="13.952429"></trkpt>
      <trkpt lat="66.243479" lon="13.952532"></trkpt>
      <trkpt lat="66.243613" lon="13.952645"></trkpt>
      <trkpt lat="66.243775" lon="13.952803"></trkpt>
      <trkpt lat="66.243935" lon="13.953011"></trkpt>
      <trkpt lat="66.244113" lon="13.953345"></trkpt>
      <trkpt lat="66.244584" lon="13.954389"></trkpt>
      <trkpt lat="66.244724" lon="13.954712"></trkpt>
      <trkpt lat="66.244912" lon="13.955106"></trkpt>
      <trkpt lat="66.245007" lon="13.955315"></trkpt>
      <trkpt lat="66.245096" lon="13.955485"></trkpt>
      <trkpt lat="66.245228" lon="13.955777"></trkpt>
      <trkpt lat="66.245308" lon="13.955923"></trkpt>
      <trkpt lat="66.245693" lon="13.956671"></trkpt>
      <trkpt lat="66.245820" lon="13.956936"></trkpt>
      <trkpt lat="66.245936" lon="13.957208"></trkpt>
      <trkpt lat="66.246088" lon="13.957622"></trkpt>
      <trkpt lat="66.246171" lon="13.957899"></trkpt>
      <trkpt lat="66.246261" lon="13.958266"></trkpt>
      <trkpt lat="66.246329" lon="13.958631"></trkpt>
      <trkpt lat="66.246399" lon="13.959062"></trkpt>
      <trkpt lat="66.246455" lon="13.959513"></trkpt>
      <trkpt lat="66.246536" lon="13.960480"></trkpt>
      <trkpt lat="66.246624" lon="13.961257"></trkpt>
      <trkpt lat="66.246687" lon="13.961716"></trkpt>
      <trkpt lat="66.246789" lon="13.962380"></trkpt>
      <trkpt lat="66.246901" lon="13.962987"></trkpt>
      <trkpt lat="66.247162" lon="13.964381"></trkpt>
      <trkpt lat="66.247287" lon="13.965005"></trkpt>
      <trkpt lat="66.247371" lon="13.965388"></trkpt>
      <trkpt lat="66.247414" lon="13.965568"></trkpt>
      <trkpt lat="66.247703" lon="13.966689"></trkpt>
      <trkpt lat="66.247770" lon="13.966990"></trkpt>
      <trkpt lat="66.247831" lon="13.967293"></trkpt>
      <trkpt lat="66.247925" lon="13.967816"></trkpt>
      <trkpt lat="66.248297" lon="13.970163"></trkpt>
      <trkpt lat="66.248436" lon="13.970992"></trkpt>
      <trkpt lat="66.248517" lon="13.971456"></trkpt>
      <trkpt lat="66.248613" lon="13.971982"></trkpt>
      <trkpt lat="66.248679" lon="13.972324"></trkpt>
      <trkpt lat="66.248727" lon="13.972555"></trkpt>
      <trkpt lat="66.248833" lon="13.972994"></trkpt>
      <trkpt lat="66.248925" lon="13.973340"></trkpt>
      <trkpt lat="66.249036" lon="13.973721"></trkpt>
      <trkpt lat="66.249160" lon="13.974105"></trkpt>
      <trkpt lat="66.249277" lon="13.974436"></trkpt>
      <trkpt lat="66.249401" lon="13.974746"></trkpt>
      <trkpt lat="66.249526" lon="13.975026"></trkpt>
      <trkpt lat="66.249633" lon="13.975252"></trkpt>
      <trkpt lat="66.249740" lon="13.975462"></trkpt>
      <trkpt lat="66.249841" lon="13.975646"></trkpt>
      <trkpt lat="66.249958" lon="13.975843"></trkpt>
      <trkpt lat="66.250063" lon="13.976016"></trkpt>
      <trkpt lat="66.250241" lon="13.976287"></trkpt>
      <trkpt lat="66.250454" lon="13.976607"></trkpt>
      <trkpt lat="66.250636" lon="13.976853"></trkpt>
      <trkpt lat="66.250814" lon="13.977079"></trkpt>
      <trkpt lat="66.251034" lon="13.977338"></trkpt>
      <trkpt lat="66.251187" lon="13.977509"></trkpt>
      <trkpt lat="66.251311" lon="13.977638"></trkpt>
      <trkpt lat="66.251433" lon="13.977810"></trkpt>
      <trkpt lat="66.251556" lon="13.977931"></trkpt>
      <trkpt lat="66.251676" lon="13.978039"></trkpt>
      <trkpt lat="66.251787" lon="13.978130"></trkpt>
      <trkpt lat="66.251840" lon="13.978157"></trkpt>
      <trkpt lat="66.251925" lon="13.978219"></trkpt>
      <trkpt lat="66.252072" lon="13.978311"></trkpt>
      <trkpt lat="66.252156" lon="13.978349"></trkpt>
      <trkpt lat="66.252328" lon="13.978404"></trkpt>
      <trkpt lat="66.252503" lon="13.978436"></trkpt>
      <trkpt lat="66.252617" lon="13.978428"></trkpt>
      <trkpt lat="66.252728" lon="13.978387"></trkpt>
      <trkpt lat="66.252799" lon="13.978381"></trkpt>
      <trkpt lat="66.252935" lon="13.978352"></trkpt>
      <trkpt lat="66.253118" lon="13.978283"></trkpt>
      <trkpt lat="66.253205" lon="13.978237"></trkpt>
      <trkpt lat="66.253315" lon="13.978166"></trkpt>
      <trkpt lat="66.253500" lon="13.978019"></trkpt>
      <trkpt lat="66.253637" lon="13.977887"></trkpt>
      <trkpt lat="66.253796" lon="13.977710"></trkpt>
      <trkpt lat="66.254186" lon="13.977220"></trkpt>
      <trkpt lat="66.254376" lon="13.976995"></trkpt>
      <trkpt lat="66.254481" lon="13.976883"></trkpt>
      <trkpt lat="66.254574" lon="13.976791"></trkpt>
      <trkpt lat="66.254827" lon="13.976580"></trkpt>
      <trkpt lat="66.255002" lon="13.976451"></trkpt>
      <trkpt lat="66.255174" lon="13.976334"></trkpt>
      <trkpt lat="66.255187" lon="13.976325"></trkpt>
      <trkpt lat="66.255471" lon="13.976154"></trkpt>
      <trkpt lat="66.256996" lon="13.975253"></trkpt>
      <trkpt lat="66.257676" lon="13.974908"></trkpt>
      <trkpt lat="66.258121" lon="13.974687"></trkpt>
      <trkpt lat="66.258391" lon="13.974562"></trkpt>
      <trkpt lat="66.258639" lon="13.974476"></trkpt>
      <trkpt lat="66.258777" lon="13.974445"></trkpt>
      <trkpt lat="66.258905" lon="13.974434"></trkpt>
      <trkpt lat="66.259046" lon="13.974437"></trkpt>
      <trkpt lat="66.259194" lon="13.974459"></trkpt>
      <trkpt lat="66.259711" lon="13.974574"></trkpt>
      <trkpt lat="66.259877" lon="13.974601"></trkpt>
      <trkpt lat="66.260004" lon="13.974609"></trkpt>
      <trkpt lat="66.260167" lon="13.974595"></trkpt>
      <trkpt lat="66.260287" lon="13.974572"></trkpt>
      <trkpt lat="66.260385" lon="13.974538"></trkpt>
      <trkpt lat="66.260831" lon="13.974382"></trkpt>
      <trkpt lat="66.260962" lon="13.974343"></trkpt>
      <trkpt lat="66.261135" lon="13.974308"></trkpt>
      <trkpt lat="66.261394" lon="13.974295"></trkpt>
      <trkpt lat="66.261611" lon="13.974313"></trkpt>
      <trkpt lat="66.261754" lon="13.974338"></trkpt>
      <trkpt lat="66.261817" lon="13.974347"></trkpt>
      <trkpt lat="66.261869" lon="13.974364"></trkpt>
      <trkpt lat="66.262178" lon="13.974471"></trkpt>
      <trkpt lat="66.262829" lon="13.974719"></trkpt>
      <trkpt lat="66.263513" lon="13.974979"></trkpt>
      <trkpt lat="66.263710" lon="13.975057"></trkpt>
      <trkpt lat="66.264222" lon="13.975248"></trkpt>
      <trkpt lat="66.265334" lon="13.975671"></trkpt>
      <trkpt lat="66.265797" lon="13.975865"></trkpt>
      <trkpt lat="66.266184" lon="13.976055"></trkpt>
      <trkpt lat="66.266495" lon="13.976228"></trkpt>
      <trkpt lat="66.266950" lon="13.976512"></trkpt>
      <trkpt lat="66.267322" lon="13.976767"></trkpt>
      <trkpt lat="66.267383" lon="13.976810"></trkpt>
      <trkpt lat="66.267886" lon="13.977175"></trkpt>
      <trkpt lat="66.268283" lon="13.977473"></trkpt>
      <trkpt lat="66.268546" lon="13.977679"></trkpt>
      <trkpt lat="66.268736" lon="13.977856"></trkpt>
      <trkpt lat="66.268833" lon="13.977965"></trkpt>
      <trkpt lat="66.268992" lon="13.978168"></trkpt>
      <trkpt lat="66.269169" lon="13.978440"></trkpt>
      <trkpt lat="66.269322" lon="13.978709"></trkpt>
      <trkpt lat="66.269490" lon="13.979047"></trkpt>
      <trkpt lat="66.269683" lon="13.979488"></trkpt>
      <trkpt lat="66.269757" lon="13.979669"></trkpt>
      <trkpt lat="66.269855" lon="13.979921"></trkpt>
      <trkpt lat="66.270007" lon="13.980331"></trkpt>
      <trkpt lat="66.270246" lon="13.981025"></trkpt>
      <trkpt lat="66.270342" lon="13.981324"></trkpt>
      <trkpt lat="66.270487" lon="13.981799"></trkpt>
      <trkpt lat="66.270659" lon="13.982425"></trkpt>
      <trkpt lat="66.270739" lon="13.982733"></trkpt>
      <trkpt lat="66.270960" lon="13.983622"></trkpt>
      <trkpt lat="66.271202" lon="13.984605"></trkpt>
      <trkpt lat="66.271355" lon="13.985249"></trkpt>
      <trkpt lat="66.271496" lon="13.985811"></trkpt>
      <trkpt lat="66.271638" lon="13.986397"></trkpt>
      <trkpt lat="66.272009" lon="13.987905"></trkpt>
      <trkpt lat="66.272351" lon="13.989309"></trkpt>
      <trkpt lat="66.272573" lon="13.990276"></trkpt>
      <trkpt lat="66.272642" lon="13.990616"></trkpt>
      <trkpt lat="66.272706" lon="13.990968"></trkpt>
      <trkpt lat="66.272746" lon="13.991216"></trkpt>
      <trkpt lat="66.272790" lon="13.991528"></trkpt>
      <trkpt lat="66.272816" lon="13.991739"></trkpt>
      <trkpt lat="66.272836" lon="13.991907"></trkpt>
      <trkpt lat="66.272867" lon="13.992225"></trkpt>
      <trkpt lat="66.272913" lon="13.992785"></trkpt>
      <trkpt lat="66.272934" lon="13.993187"></trkpt>
      <trkpt lat="66.272947" lon="13.993692"></trkpt>
      <trkpt lat="66.272947" lon="13.993975"></trkpt>
      <trkpt lat="66.272931" lon="13.994558"></trkpt>
      <trkpt lat="66.272907" lon="13.995075"></trkpt>
      <trkpt lat="66.272848" lon="13.996179"></trkpt>
      <trkpt lat="66.272835" lon="13.996481"></trkpt>
      <trkpt lat="66.272826" lon="13.996783"></trkpt>
      <trkpt lat="66.272822" lon="13.997032"></trkpt>
      <trkpt lat="66.272816" lon="13.997411"></trkpt>
      <trkpt lat="66.272811" lon="13.998041"></trkpt>
      <trkpt lat="66.272804" lon="13.998663"></trkpt>
      <trkpt lat="66.272802" lon="13.999452"></trkpt>
      <trkpt lat="66.272808" lon="14.000175"></trkpt>
      <trkpt lat="66.272824" lon="14.000864"></trkpt>
      <trkpt lat="66.272827" lon="14.000953"></trkpt>
      <trkpt lat="66.272842" lon="14.001335"></trkpt>
      <trkpt lat="66.272872" lon="14.001971"></trkpt>
      <trkpt lat="66.272970" lon="14.003607"></trkpt>
      <trkpt lat="66.272994" lon="14.004073"></trkpt>
      <trkpt lat="66.273007" lon="14.004458"></trkpt>
      <trkpt lat="66.273015" lon="14.004973"></trkpt>
      <trkpt lat="66.273007" lon="14.005446"></trkpt>
      <trkpt lat="66.272996" lon="14.005784"></trkpt>
      <trkpt lat="66.272980" lon="14.006125"></trkpt>
      <trkpt lat="66.272938" lon="14.006883"></trkpt>
      <trkpt lat="66.272817" lon="14.008797"></trkpt>
      <trkpt lat="66.272671" lon="14.011257"></trkpt>
      <trkpt lat="66.272653" lon="14.011540"></trkpt>
      <trkpt lat="66.272631" lon="14.011930"></trkpt>
      <trkpt lat="66.272592" lon="14.012679"></trkpt>
      <trkpt lat="66.272580" lon="14.013076"></trkpt>
      <trkpt lat="66.272577" lon="14.013360"></trkpt>
      <trkpt lat="66.272578" lon="14.013617"></trkpt>
      <trkpt lat="66.272583" lon="14.013908"></trkpt>
      <trkpt lat="66.272595" lon="14.014191"></trkpt>
      <trkpt lat="66.272605" lon="14.014403"></trkpt>
      <trkpt lat="66.272625" lon="14.014672"></trkpt>
      <trkpt lat="66.272660" lon="14.015077"></trkpt>
      <trkpt lat="66.272688" lon="14.015348"></trkpt>
      <trkpt lat="66.272731" lon="14.015708"></trkpt>
      <trkpt lat="66.272864" lon="14.016726"></trkpt>
      <trkpt lat="66.273065" lon="14.018206"></trkpt>
      <trkpt lat="66.273170" lon="14.018946"></trkpt>
      <trkpt lat="66.273385" lon="14.020410"></trkpt>
      <trkpt lat="66.273449" lon="14.020814"></trkpt>
      <trkpt lat="66.273566" lon="14.021509"></trkpt>
      <trkpt lat="66.273717" lon="14.022339"></trkpt>
      <trkpt lat="66.273816" lon="14.022859"></trkpt>
      <trkpt lat="66.274072" lon="14.024127"></trkpt>
      <trkpt lat="66.274280" lon="14.025122"></trkpt>
      <trkpt lat="66.274711" lon="14.027125"></trkpt>
      <trkpt lat="66.275027" lon="14.028532"></trkpt>
      <trkpt lat="66.275182" lon="14.029198"></trkpt>
      <trkpt lat="66.275464" lon="14.030442"></trkpt>
      <trkpt lat="66.275538" lon="14.030775"></trkpt>
      <trkpt lat="66.275587" lon="14.031021"></trkpt>
      <trkpt lat="66.275636" lon="14.031270"></trkpt>
      <trkpt lat="66.275677" lon="14.031503"></trkpt>
      <trkpt lat="66.275715" lon="14.031727"></trkpt>
      <trkpt lat="66.275749" lon="14.031956"></trkpt>
      <trkpt lat="66.275814" lon="14.032437"></trkpt>
      <trkpt lat="66.275941" lon="14.033474"></trkpt>
      <trkpt lat="66.275967" lon="14.033670"></trkpt>
      <trkpt lat="66.275999" lon="14.033886"></trkpt>
      <trkpt lat="66.276091" lon="14.034366"></trkpt>
      <trkpt lat="66.276131" lon="14.034541"></trkpt>
      <trkpt lat="66.276189" lon="14.034750"></trkpt>
      <trkpt lat="66.276233" lon="14.034885"></trkpt>
      <trkpt lat="66.276303" lon="14.035072"></trkpt>
      <trkpt lat="66.276344" lon="14.035171"></trkpt>
      <trkpt lat="66.276415" lon="14.035320"></trkpt>
      <trkpt lat="66.276477" lon="14.035437"></trkpt>
      <trkpt lat="66.276538" lon="14.035540"></trkpt>
      <trkpt lat="66.276614" lon="14.035653"></trkpt>
      <trkpt lat="66.276703" lon="14.035760"></trkpt>
      <trkpt lat="66.276780" lon="14.035836"></trkpt>
      <trkpt lat="66.276909" lon="14.035941"></trkpt>
      <trkpt lat="66.277034" lon="14.036021"></trkpt>
      <trkpt lat="66.277220" lon="14.036100"></trkpt>
      <trkpt lat="66.277319" lon="14.036130"></trkpt>
      <trkpt lat="66.277418" lon="14.036149"></trkpt>
      <trkpt lat="66.277682" lon="14.036180"></trkpt>
      <trkpt lat="66.278236" lon="14.036234"></trkpt>
      <trkpt lat="66.278434" lon="14.036272"></trkpt>
      <trkpt lat="66.278518" lon="14.036298"></trkpt>
      <trkpt lat="66.278599" lon="14.036331"></trkpt>
      <trkpt lat="66.278693" lon="14.036387"></trkpt>
      <trkpt lat="66.278763" lon="14.036439"></trkpt>
      <trkpt lat="66.278849" lon="14.036514"></trkpt>
      <trkpt lat="66.278933" lon="14.036599"></trkpt>
      <trkpt lat="66.279016" lon="14.036695"></trkpt>
      <trkpt lat="66.279162" lon="14.036901"></trkpt>
      <trkpt lat="66.279313" lon="14.037156"></trkpt>
      <trkpt lat="66.279386" lon="14.037295"></trkpt>
      <trkpt lat="66.279563" lon="14.037668"></trkpt>
      <trkpt lat="66.279700" lon="14.037980"></trkpt>
      <trkpt lat="66.279814" lon="14.038284"></trkpt>
      <trkpt lat="66.279924" lon="14.038630"></trkpt>
      <trkpt lat="66.279945" lon="14.038695"></trkpt>
      <trkpt lat="66.280061" lon="14.039091"></trkpt>
      <trkpt lat="66.280147" lon="14.039416"></trkpt>
      <trkpt lat="66.280245" lon="14.039866"></trkpt>
      <trkpt lat="66.280406" lon="14.040658"></trkpt>
      <trkpt lat="66.280516" lon="14.041174"></trkpt>
      <trkpt lat="66.280562" lon="14.041368"></trkpt>
      <trkpt lat="66.280609" lon="14.041561"></trkpt>
      <trkpt lat="66.280669" lon="14.041786"></trkpt>
      <trkpt lat="66.280732" lon="14.042006"></trkpt>
      <trkpt lat="66.280801" lon="14.042229"></trkpt>
      <trkpt lat="66.280874" lon="14.042446"></trkpt>
      <trkpt lat="66.280983" lon="14.042743"></trkpt>
      <trkpt lat="66.281058" lon="14.042936"></trkpt>
      <trkpt lat="66.281176" lon="14.043214"></trkpt>
      <trkpt lat="66.281258" lon="14.043392"></trkpt>
      <trkpt lat="66.281495" lon="14.043826"></trkpt>
      <trkpt lat="66.281680" lon="14.044112"></trkpt>
      <trkpt lat="66.281771" lon="14.044242"></trkpt>
      <trkpt lat="66.281942" lon="14.044450"></trkpt>
      <trkpt lat="66.282032" lon="14.044546"></trkpt>
      <trkpt lat="66.282322" lon="14.044830"></trkpt>
      <trkpt lat="66.282516" lon="14.044996"></trkpt>
      <trkpt lat="66.282818" lon="14.045223"></trkpt>
      <trkpt lat="66.283425" lon="14.045665"></trkpt>
      <trkpt lat="66.284641" lon="14.046539"></trkpt>
      <trkpt lat="66.285188" lon="14.046939"></trkpt>
      <trkpt lat="66.285456" lon="14.047155"></trkpt>
      <trkpt lat="66.285680" lon="14.047345"></trkpt>
      <trkpt lat="66.285891" lon="14.047553"></trkpt>
      <trkpt lat="66.286011" lon="14.047679"></trkpt>
      <trkpt lat="66.286043" lon="14.047713"></trkpt>
      <trkpt lat="66.286252" lon="14.047973"></trkpt>
      <trkpt lat="66.286381" lon="14.048153"></trkpt>
      <trkpt lat="66.286481" lon="14.048371"></trkpt>
      <trkpt lat="66.286570" lon="14.048515"></trkpt>
      <trkpt lat="66.286679" lon="14.048706"></trkpt>
      <trkpt lat="66.286861" lon="14.049037"></trkpt>
      <trkpt lat="66.286989" lon="14.049288"></trkpt>
      <trkpt lat="66.287061" lon="14.049429"></trkpt>
      <trkpt lat="66.287212" lon="14.049726"></trkpt>
      <trkpt lat="66.287301" lon="14.049913"></trkpt>
      <trkpt lat="66.287467" lon="14.050278"></trkpt>
      <trkpt lat="66.287657" lon="14.050714"></trkpt>
      <trkpt lat="66.287768" lon="14.050913"></trkpt>
      <trkpt lat="66.287843" lon="14.051123"></trkpt>
      <trkpt lat="66.287928" lon="14.051347"></trkpt>
      <trkpt lat="66.288008" lon="14.051591"></trkpt>
      <trkpt lat="66.288160" lon="14.052112"></trkpt>
      <trkpt lat="66.288208" lon="14.052295"></trkpt>
      <trkpt lat="66.288298" lon="14.052682"></trkpt>
      <trkpt lat="66.288334" lon="14.052868"></trkpt>
      <trkpt lat="66.288400" lon="14.053240"></trkpt>
      <trkpt lat="66.288620" lon="14.054744"></trkpt>
      <trkpt lat="66.288634" lon="14.054842"></trkpt>
      <trkpt lat="66.289035" lon="14.057587"></trkpt>
      <trkpt lat="66.289158" lon="14.058452"></trkpt>
      <trkpt lat="66.289217" lon="14.058904"></trkpt>
      <trkpt lat="66.289326" lon="14.059814"></trkpt>
      <trkpt lat="66.289472" lon="14.061370"></trkpt>
      <trkpt lat="66.289500" lon="14.061624"></trkpt>
      <trkpt lat="66.289598" lon="14.062392"></trkpt>
      <trkpt lat="66.289847" lon="14.064011"></trkpt>
      <trkpt lat="66.289912" lon="14.064491"></trkpt>
      <trkpt lat="66.289971" lon="14.064975"></trkpt>
      <trkpt lat="66.289991" lon="14.065172"></trkpt>
      <trkpt lat="66.290020" lon="14.065553"></trkpt>
      <trkpt lat="66.290042" lon="14.065940"></trkpt>
      <trkpt lat="66.290051" lon="14.066142"></trkpt>
      <trkpt lat="66.290067" lon="14.066741"></trkpt>
      <trkpt lat="66.290067" lon="14.067100"></trkpt>
      <trkpt lat="66.290058" lon="14.067739"></trkpt>
      <trkpt lat="66.290026" lon="14.068882"></trkpt>
      <trkpt lat="66.290009" lon="14.069675"></trkpt>
      <trkpt lat="66.289997" lon="14.070509"></trkpt>
      <trkpt lat="66.289996" lon="14.071197"></trkpt>
      <trkpt lat="66.290000" lon="14.071681"></trkpt>
      <trkpt lat="66.290014" lon="14.072543"></trkpt>
      <trkpt lat="66.290029" lon="14.073227"></trkpt>
      <trkpt lat="66.290050" lon="14.073871"></trkpt>
      <trkpt lat="66.290088" lon="14.074765"></trkpt>
      <trkpt lat="66.290119" lon="14.075347"></trkpt>
      <trkpt lat="66.290188" lon="14.076434"></trkpt>
      <trkpt lat="66.290241" lon="14.077019"></trkpt>
      <trkpt lat="66.290271" lon="14.077321"></trkpt>
      <trkpt lat="66.290353" lon="14.078049"></trkpt>
      <trkpt lat="66.290520" lon="14.079294"></trkpt>
      <trkpt lat="66.290843" lon="14.081606"></trkpt>
      <trkpt lat="66.291008" lon="14.082747"></trkpt>
      <trkpt lat="66.291083" lon="14.083245"></trkpt>
      <trkpt lat="66.291135" lon="14.083562"></trkpt>
      <trkpt lat="66.291163" lon="14.083842"></trkpt>
      <trkpt lat="66.291207" lon="14.084111"></trkpt>
      <trkpt lat="66.291293" lon="14.084501"></trkpt>
      <trkpt lat="66.291401" lon="14.084884"></trkpt>
      <trkpt lat="66.291462" lon="14.085078"></trkpt>
      <trkpt lat="66.291555" lon="14.085353"></trkpt>
      <trkpt lat="66.291493" lon="14.085457"></trkpt>
      <trkpt lat="66.291433" lon="14.085564"></trkpt>
      <trkpt lat="66.291395" lon="14.085700"></trkpt>
      <trkpt lat="66.291363" lon="14.085736"></trkpt>
      <trkpt lat="66.291318" lon="14.085771"></trkpt>
      <trkpt lat="66.291253" lon="14.085809"></trkpt>
      <trkpt lat="66.291104" lon="14.085868"></trkpt>
      <trkpt lat="66.290664" lon="14.085921"></trkpt>
      <trkpt lat="66.290274" lon="14.085935"></trkpt>
      <trkpt lat="66.290148" lon="14.085922"></trkpt>
      <trkpt lat="66.290059" lon="14.085874"></trkpt>
      <trkpt lat="66.290008" lon="14.085787"></trkpt>
      <trkpt lat="66.289961" lon="14.085677"></trkpt>
      <trkpt lat="66.289862" lon="14.085342"></trkpt>
      <trkpt lat="66.289758" lon="14.084853"></trkpt>
      <trkpt lat="66.289660" lon="14.084493"></trkpt>
      <trkpt lat="66.289651" lon="14.084505"></trkpt>
      <trkpt lat="66.289573" lon="14.084528"></trkpt>
      <trkpt lat="66.289396" lon="14.084708"></trkpt>
      <trkpt lat="66.289281" lon="14.084766"></trkpt>
      <trkpt lat="66.289235" lon="14.084727"></trkpt>
      <trkpt lat="66.289078" lon="14.084490"></trkpt>
      <trkpt lat="66.289036" lon="14.084458"></trkpt>
      <trkpt lat="66.288946" lon="14.084430"></trkpt>
      <trkpt lat="66.288838" lon="14.084525"></trkpt>
      <trkpt lat="66.288740" lon="14.084580"></trkpt>
      <trkpt lat="66.288630" lon="14.084669"></trkpt>
      <trkpt lat="66.288341" lon="14.084958"></trkpt>
      <trkpt lat="66.288246" lon="14.085182"></trkpt>
      <trkpt lat="66.288174" lon="14.085410"></trkpt>
      <trkpt lat="66.288018" lon="14.086262"></trkpt>
      <trkpt lat="66.288013" lon="14.086361"></trkpt>
      <trkpt lat="66.287970" lon="14.086670"></trkpt>
      <trkpt lat="66.287910" lon="14.087013"></trkpt>
      <trkpt lat="66.287849" lon="14.087320"></trkpt>
      <trkpt lat="66.287768" lon="14.087817"></trkpt>
      <trkpt lat="66.287742" lon="14.088059"></trkpt>
      <trkpt lat="66.287733" lon="14.088194"></trkpt>
      <trkpt lat="66.287708" lon="14.088629"></trkpt>
      <trkpt lat="66.287698" lon="14.088779"></trkpt>
      <trkpt lat="66.287677" lon="14.089043"></trkpt>
      <trkpt lat="66.287642" lon="14.089207"></trkpt>
      <trkpt lat="66.287591" lon="14.089336"></trkpt>
      <trkpt lat="66.287526" lon="14.089430"></trkpt>
      <trkpt lat="66.287455" lon="14.089467"></trkpt>
      <trkpt lat="66.287352" lon="14.089442"></trkpt>
      <trkpt lat="66.287275" lon="14.089356"></trkpt>
      <trkpt lat="66.287220" lon="14.089236"></trkpt>
      <trkpt lat="66.287215" lon="14.089218"></trkpt>
      <trkpt lat="66.287195" lon="14.089151"></trkpt>
      <trkpt lat="66.287167" lon="14.088994"></trkpt>
      <trkpt lat="66.287114" lon="14.088533"></trkpt>
      <trkpt lat="66.287064" lon="14.088217"></trkpt>
      <trkpt lat="66.287023" lon="14.088052"></trkpt>
      <trkpt lat="66.286934" lon="14.087761"></trkpt>
      <trkpt lat="66.286751" lon="14.087223"></trkpt>
      <trkpt lat="66.286487" lon="14.086497"></trkpt>
      <trkpt lat="66.286413" lon="14.086327"></trkpt>
      <trkpt lat="66.286148" lon="14.085834"></trkpt>
      <trkpt lat="66.286088" lon="14.085692"></trkpt>
      <trkpt lat="66.286027" lon="14.085513"></trkpt>
      <trkpt lat="66.285959" lon="14.085243"></trkpt>
      <trkpt lat="66.285899" lon="14.084880"></trkpt>
      <trkpt lat="66.285867" lon="14.084516"></trkpt>
      <trkpt lat="66.285861" lon="14.084163"></trkpt>
      <trkpt lat="66.285799" lon="14.084178"></trkpt>
      <trkpt lat="66.285720" lon="14.084235"></trkpt>
      <trkpt lat="66.285694" lon="14.084279"></trkpt>
      <trkpt lat="66.285663" lon="14.084376"></trkpt>
      <trkpt lat="66.285651" lon="14.084487"></trkpt>
      <trkpt lat="66.285661" lon="14.084627"></trkpt>
      <trkpt lat="66.285735" lon="14.085000"></trkpt>
      <trkpt lat="66.285762" lon="14.085183"></trkpt>
      <trkpt lat="66.285859" lon="14.086193"></trkpt>
      <trkpt lat="66.285900" lon="14.086657"></trkpt>
      <trkpt lat="66.285908" lon="14.086864"></trkpt>
      <trkpt lat="66.285882" lon="14.087006"></trkpt>
      <trkpt lat="66.285858" lon="14.087077"></trkpt>
      <trkpt lat="66.285790" lon="14.087196"></trkpt>
      <trkpt lat="66.285685" lon="14.087085"></trkpt>
      <trkpt lat="66.285613" lon="14.086949"></trkpt>
      <trkpt lat="66.285543" lon="14.086735"></trkpt>
      <trkpt lat="66.285493" lon="14.086550"></trkpt>
      <trkpt lat="66.285460" lon="14.086427"></trkpt>
      <trkpt lat="66.285328" lon="14.085866"></trkpt>
      <trkpt lat="66.285254" lon="14.085487"></trkpt>
      <trkpt lat="66.285215" lon="14.085237"></trkpt>
      <trkpt lat="66.285137" lon="14.084644"></trkpt>
      <trkpt lat="66.285045" lon="14.083670"></trkpt>
      <trkpt lat="66.285004" lon="14.083141"></trkpt>
      <trkpt lat="66.284945" lon="14.082548"></trkpt>
      <trkpt lat="66.284916" lon="14.082400"></trkpt>
      <trkpt lat="66.284868" lon="14.082223"></trkpt>
      <trkpt lat="66.284822" lon="14.082257"></trkpt>
      <trkpt lat="66.284760" lon="14.082318"></trkpt>
      <trkpt lat="66.284725" lon="14.082393"></trkpt>
      <trkpt lat="66.284704" lon="14.082486"></trkpt>
      <trkpt lat="66.284687" lon="14.082644"></trkpt>
      <trkpt lat="66.284640" lon="14.083583"></trkpt>
      <trkpt lat="66.284637" lon="14.084441"></trkpt>
      <trkpt lat="66.284670" lon="14.085155"></trkpt>
      <trkpt lat="66.284847" lon="14.087314"></trkpt>
      <trkpt lat="66.284670" lon="14.085155"></trkpt>
      <trkpt lat="66.284637" lon="14.084441"></trkpt>
      <trkpt lat="66.284637" lon="14.084441"></trkpt>
      <trkpt lat="66.284640" lon="14.083583"></trkpt>
      <trkpt lat="66.284687" lon="14.082644"></trkpt>
      <trkpt lat="66.284704" lon="14.082486"></trkpt>
      <trkpt lat="66.284725" lon="14.082393"></trkpt>
      <trkpt lat="66.284760" lon="14.082318"></trkpt>
      <trkpt lat="66.284822" lon="14.082257"></trkpt>
      <trkpt lat="66.284868" lon="14.082223"></trkpt>
      <trkpt lat="66.284916" lon="14.082400"></trkpt>
      <trkpt lat="66.284945" lon="14.082548"></trkpt>
      <trkpt lat="66.285004" lon="14.083141"></trkpt>
      <trkpt lat="66.285045" lon="14.083670"></trkpt>
      <trkpt lat="66.285137" lon="14.084644"></trkpt>
      <trkpt lat="66.285215" lon="14.085237"></trkpt>
      <trkpt lat="66.285254" lon="14.085487"></trkpt>
      <trkpt lat="66.285328" lon="14.085866"></trkpt>
      <trkpt lat="66.285460" lon="14.086427"></trkpt>
      <trkpt lat="66.285493" lon="14.086550"></trkpt>
      <trkpt lat="66.285543" lon="14.086735"></trkpt>
      <trkpt lat="66.285613" lon="14.086949"></trkpt>
      <trkpt lat="66.285685" lon="14.087085"></trkpt>
      <trkpt lat="66.285790" lon="14.087196"></trkpt>
      <trkpt lat="66.285858" lon="14.087077"></trkpt>
      <trkpt lat="66.285882" lon="14.087006"></trkpt>
      <trkpt lat="66.285908" lon="14.086864"></trkpt>
      <trkpt lat="66.285900" lon="14.086657"></trkpt>
      <trkpt lat="66.285859" lon="14.086193"></trkpt>
      <trkpt lat="66.285762" lon="14.085183"></trkpt>
      <trkpt lat="66.285735" lon="14.085000"></trkpt>
      <trkpt lat="66.285661" lon="14.084627"></trkpt>
      <trkpt lat="66.285651" lon="14.084487"></trkpt>
      <trkpt lat="66.285663" lon="14.084376"></trkpt>
      <trkpt lat="66.285694" lon="14.084279"></trkpt>
      <trkpt lat="66.285720" lon="14.084235"></trkpt>
      <trkpt lat="66.285799" lon="14.084178"></trkpt>
      <trkpt lat="66.285861" lon="14.084163"></trkpt>
      <trkpt lat="66.285867" lon="14.084516"></trkpt>
      <trkpt lat="66.285899" lon="14.084880"></trkpt>
      <trkpt lat="66.285959" lon="14.085243"></trkpt>
      <trkpt lat="66.286027" lon="14.085513"></trkpt>
      <trkpt lat="66.286088" lon="14.085692"></trkpt>
      <trkpt lat="66.286148" lon="14.085834"></trkpt>
      <trkpt lat="66.286413" lon="14.086327"></trkpt>
      <trkpt lat="66.286487" lon="14.086497"></trkpt>
      <trkpt lat="66.286751" lon="14.087223"></trkpt>
      <trkpt lat="66.286934" lon="14.087761"></trkpt>
      <trkpt lat="66.287023" lon="14.088052"></trkpt>
      <trkpt lat="66.287064" lon="14.088217"></trkpt>
      <trkpt lat="66.287114" lon="14.088533"></trkpt>
      <trkpt lat="66.287167" lon="14.088994"></trkpt>
      <trkpt lat="66.287195" lon="14.089151"></trkpt>
      <trkpt lat="66.287215" lon="14.089218"></trkpt>
      <trkpt lat="66.287220" lon="14.089236"></trkpt>
      <trkpt lat="66.287275" lon="14.089356"></trkpt>
      <trkpt lat="66.287352" lon="14.089442"></trkpt>
      <trkpt lat="66.287455" lon="14.089467"></trkpt>
      <trkpt lat="66.287526" lon="14.089430"></trkpt>
      <trkpt lat="66.287591" lon="14.089336"></trkpt>
      <trkpt lat="66.287642" lon="14.089207"></trkpt>
      <trkpt lat="66.287677" lon="14.089043"></trkpt>
      <trkpt lat="66.287698" lon="14.088779"></trkpt>
      <trkpt lat="66.287708" lon="14.088629"></trkpt>
      <trkpt lat="66.287733" lon="14.088194"></trkpt>
      <trkpt lat="66.287742" lon="14.088059"></trkpt>
      <trkpt lat="66.287768" lon="14.087817"></trkpt>
      <trkpt lat="66.287849" lon="14.087320"></trkpt>
      <trkpt lat="66.287910" lon="14.087013"></trkpt>
      <trkpt lat="66.287970" lon="14.086670"></trkpt>
      <trkpt lat="66.288013" lon="14.086361"></trkpt>
      <trkpt lat="66.288018" lon="14.086262"></trkpt>
      <trkpt lat="66.288174" lon="14.085410"></trkpt>
      <trkpt lat="66.288246" lon="14.085182"></trkpt>
      <trkpt lat="66.288341" lon="14.084958"></trkpt>
      <trkpt lat="66.288630" lon="14.084669"></trkpt>
      <trkpt lat="66.288740" lon="14.084580"></trkpt>
      <trkpt lat="66.288838" lon="14.084525"></trkpt>
      <trkpt lat="66.288946" lon="14.084430"></trkpt>
      <trkpt lat="66.289036" lon="14.084458"></trkpt>
      <trkpt lat="66.289078" lon="14.084490"></trkpt>
      <trkpt lat="66.289235" lon="14.084727"></trkpt>
      <trkpt lat="66.289281" lon="14.084766"></trkpt>
      <trkpt lat="66.289396" lon="14.084708"></trkpt>
      <trkpt lat="66.289573" lon="14.084528"></trkpt>
      <trkpt lat="66.289651" lon="14.084505"></trkpt>
      <trkpt lat="66.289660" lon="14.084493"></trkpt>
      <trkpt lat="66.289758" lon="14.084853"></trkpt>
      <trkpt lat="66.289862" lon="14.085342"></trkpt>
      <trkpt lat="66.289961" lon="14.085677"></trkpt>
      <trkpt lat="66.290008" lon="14.085787"></trkpt>
      <trkpt lat="66.290059" lon="14.085874"></trkpt>
      <trkpt lat="66.290148" lon="14.085922"></trkpt>
      <trkpt lat="66.290274" lon="14.085935"></trkpt>
      <trkpt lat="66.290664" lon="14.085921"></trkpt>
      <trkpt lat="66.291104" lon="14.085868"></trkpt>
      <trkpt lat="66.291253" lon="14.085809"></trkpt>
      <trkpt lat="66.291318" lon="14.085771"></trkpt>
      <trkpt lat="66.291363" lon="14.085736"></trkpt>
      <trkpt lat="66.291395" lon="14.085700"></trkpt>
      <trkpt lat="66.291476" lon="14.085683"></trkpt>
      <trkpt lat="66.291539" lon="14.085618"></trkpt>
      <trkpt lat="66.291614" lon="14.085510"></trkpt>
      <trkpt lat="66.291707" lon="14.085768"></trkpt>
      <trkpt lat="66.291830" lon="14.086093"></trkpt>
      <trkpt lat="66.291972" lon="14.086472"></trkpt>
      <trkpt lat="66.292043" lon="14.086657"></trkpt>
      <trkpt lat="66.292118" lon="14.086857"></trkpt>
      <trkpt lat="66.292254" lon="14.087255"></trkpt>
      <trkpt lat="66.292296" lon="14.087363"></trkpt>
      <trkpt lat="66.292349" lon="14.087479"></trkpt>
      <trkpt lat="66.292393" lon="14.087642"></trkpt>
      <trkpt lat="66.292684" lon="14.088773"></trkpt>
      <trkpt lat="66.292741" lon="14.088980"></trkpt>
      <trkpt lat="66.292857" lon="14.089352"></trkpt>
      <trkpt lat="66.292931" lon="14.089575"></trkpt>
      <trkpt lat="66.293009" lon="14.089784"></trkpt>
      <trkpt lat="66.293088" lon="14.089944"></trkpt>
      <trkpt lat="66.293162" lon="14.090081"></trkpt>
      <trkpt lat="66.293294" lon="14.090288"></trkpt>
      <trkpt lat="66.293327" lon="14.090331"></trkpt>
      <trkpt lat="66.293393" lon="14.090411"></trkpt>
      <trkpt lat="66.293608" lon="14.090645"></trkpt>
      <trkpt lat="66.293727" lon="14.090768"></trkpt>
      <trkpt lat="66.294003" lon="14.091023"></trkpt>
      <trkpt lat="66.294410" lon="14.091378"></trkpt>
      <trkpt lat="66.294579" lon="14.091538"></trkpt>
      <trkpt lat="66.294665" lon="14.091627"></trkpt>
      <trkpt lat="66.294711" lon="14.091684"></trkpt>
      <trkpt lat="66.294785" lon="14.091780"></trkpt>
      <trkpt lat="66.294842" lon="14.091864"></trkpt>
      <trkpt lat="66.294905" lon="14.091961"></trkpt>
      <trkpt lat="66.294947" lon="14.092035"></trkpt>
      <trkpt lat="66.295106" lon="14.092333"></trkpt>
      <trkpt lat="66.295638" lon="14.093421"></trkpt>
      <trkpt lat="66.295974" lon="14.094093"></trkpt>
      <trkpt lat="66.296212" lon="14.094538"></trkpt>
      <trkpt lat="66.296303" lon="14.094689"></trkpt>
      <trkpt lat="66.296466" lon="14.094942"></trkpt>
      <trkpt lat="66.296631" lon="14.095174"></trkpt>
      <trkpt lat="66.296806" lon="14.095403"></trkpt>
      <trkpt lat="66.297478" lon="14.096246"></trkpt>
      <trkpt lat="66.297562" lon="14.096367"></trkpt>
      <trkpt lat="66.297735" lon="14.096634"></trkpt>
      <trkpt lat="66.297809" lon="14.096765"></trkpt>
      <trkpt lat="66.297944" lon="14.097034"></trkpt>
      <trkpt lat="66.298079" lon="14.097331"></trkpt>
      <trkpt lat="66.298170" lon="14.097549"></trkpt>
      <trkpt lat="66.298292" lon="14.097865"></trkpt>
      <trkpt lat="66.298430" lon="14.098249"></trkpt>
      <trkpt lat="66.298486" lon="14.098424"></trkpt>
      <trkpt lat="66.298589" lon="14.098818"></trkpt>
      <trkpt lat="66.298698" lon="14.099288"></trkpt>
      <trkpt lat="66.298949" lon="14.100418"></trkpt>
      <trkpt lat="66.299084" lon="14.101047"></trkpt>
      <trkpt lat="66.299204" lon="14.101670"></trkpt>
      <trkpt lat="66.299261" lon="14.102005"></trkpt>
      <trkpt lat="66.299376" lon="14.102751"></trkpt>
      <trkpt lat="66.299430" lon="14.103140"></trkpt>
      <trkpt lat="66.299491" lon="14.103623"></trkpt>
      <trkpt lat="66.299517" lon="14.103853"></trkpt>
      <trkpt lat="66.299581" lon="14.104470"></trkpt>
      <trkpt lat="66.299617" lon="14.104862"></trkpt>
      <trkpt lat="66.299651" lon="14.105303"></trkpt>
      <trkpt lat="66.299672" lon="14.105644"></trkpt>
      <trkpt lat="66.299685" lon="14.105871"></trkpt>
      <trkpt lat="66.299714" lon="14.106630"></trkpt>
      <trkpt lat="66.299728" lon="14.107269"></trkpt>
      <trkpt lat="66.299744" lon="14.107711"></trkpt>
      <trkpt lat="66.299766" lon="14.108147"></trkpt>
      <trkpt lat="66.299796" lon="14.108526"></trkpt>
      <trkpt lat="66.299829" lon="14.108835"></trkpt>
      <trkpt lat="66.299861" lon="14.109081"></trkpt>
      <trkpt lat="66.299907" lon="14.109368"></trkpt>
      <trkpt lat="66.299951" lon="14.109598"></trkpt>
      <trkpt lat="66.299986" lon="14.109755"></trkpt>
      <trkpt lat="66.300042" lon="14.109988"></trkpt>
      <trkpt lat="66.300074" lon="14.110106"></trkpt>
      <trkpt lat="66.300175" lon="14.110435"></trkpt>
      <trkpt lat="66.300297" lon="14.110793"></trkpt>
      <trkpt lat="66.300470" lon="14.111253"></trkpt>
      <trkpt lat="66.300630" lon="14.111637"></trkpt>
      <trkpt lat="66.300838" lon="14.112080"></trkpt>
      <trkpt lat="66.300963" lon="14.112318"></trkpt>
      <trkpt lat="66.300988" lon="14.112363"></trkpt>
      <trkpt lat="66.301186" lon="14.112672"></trkpt>
      <trkpt lat="66.301285" lon="14.112799"></trkpt>
      <trkpt lat="66.301784" lon="14.113327"></trkpt>
      <trkpt lat="66.301955" lon="14.113510"></trkpt>
      <trkpt lat="66.302130" lon="14.113766"></trkpt>
      <trkpt lat="66.302278" lon="14.113999"></trkpt>
      <trkpt lat="66.302594" lon="14.114521"></trkpt>
      <trkpt lat="66.302930" lon="14.115081"></trkpt>
      <trkpt lat="66.303094" lon="14.115348"></trkpt>
      <trkpt lat="66.303274" lon="14.115656"></trkpt>
      <trkpt lat="66.303592" lon="14.116236"></trkpt>
      <trkpt lat="66.303727" lon="14.116537"></trkpt>
      <trkpt lat="66.303878" lon="14.116972"></trkpt>
      <trkpt lat="66.303976" lon="14.117294"></trkpt>
      <trkpt lat="66.304048" lon="14.117595"></trkpt>
      <trkpt lat="66.304106" lon="14.117851"></trkpt>
      <trkpt lat="66.304179" lon="14.118209"></trkpt>
      <trkpt lat="66.304200" lon="14.118348"></trkpt>
      <trkpt lat="66.304221" lon="14.118504"></trkpt>
      <trkpt lat="66.304240" lon="14.118684"></trkpt>
      <trkpt lat="66.304256" lon="14.118856"></trkpt>
      <trkpt lat="66.304279" lon="14.119197"></trkpt>
      <trkpt lat="66.304300" lon="14.119783"></trkpt>
      <trkpt lat="66.304310" lon="14.120269"></trkpt>
      <trkpt lat="66.304324" lon="14.121561"></trkpt>
      <trkpt lat="66.304339" lon="14.122408"></trkpt>
      <trkpt lat="66.304353" lon="14.123037"></trkpt>
      <trkpt lat="66.304373" lon="14.123687"></trkpt>
      <trkpt lat="66.304400" lon="14.124606"></trkpt>
      <trkpt lat="66.304437" lon="14.125620"></trkpt>
      <trkpt lat="66.304440" lon="14.125701"></trkpt>
      <trkpt lat="66.304499" lon="14.127272"></trkpt>
      <trkpt lat="66.304483" lon="14.127575"></trkpt>
      <trkpt lat="66.304484" lon="14.128183"></trkpt>
      <trkpt lat="66.304483" lon="14.128309"></trkpt>
      <trkpt lat="66.304489" lon="14.128516"></trkpt>
      <trkpt lat="66.304494" lon="14.128638"></trkpt>
      <trkpt lat="66.304503" lon="14.128757"></trkpt>
      <trkpt lat="66.304521" lon="14.128927"></trkpt>
      <trkpt lat="66.304545" lon="14.129077"></trkpt>
      <trkpt lat="66.304639" lon="14.129640"></trkpt>
      <trkpt lat="66.304724" lon="14.130042"></trkpt>
      <trkpt lat="66.304798" lon="14.130253"></trkpt>
      <trkpt lat="66.304850" lon="14.130463"></trkpt>
      <trkpt lat="66.304946" lon="14.130853"></trkpt>
      <trkpt lat="66.305036" lon="14.131200"></trkpt>
      <trkpt lat="66.305072" lon="14.131452"></trkpt>
      <trkpt lat="66.305106" lon="14.131691"></trkpt>
      <trkpt lat="66.305149" lon="14.132105"></trkpt>
      <trkpt lat="66.305154" lon="14.132275"></trkpt>
      <trkpt lat="66.305142" lon="14.132350"></trkpt>
      <trkpt lat="66.305138" lon="14.132430"></trkpt>
      <trkpt lat="66.305142" lon="14.132511"></trkpt>
      <trkpt lat="66.305154" lon="14.132586"></trkpt>
      <trkpt lat="66.305164" lon="14.132629"></trkpt>
      <trkpt lat="66.305167" lon="14.132642"></trkpt>
      <trkpt lat="66.305205" lon="14.132714"></trkpt>
      <trkpt lat="66.305242" lon="14.132748"></trkpt>
      <trkpt lat="66.305284" lon="14.132875"></trkpt>
      <trkpt lat="66.305306" lon="14.133029"></trkpt>
      <trkpt lat="66.305329" lon="14.133240"></trkpt>
      <trkpt lat="66.305341" lon="14.133460"></trkpt>
      <trkpt lat="66.305344" lon="14.133533"></trkpt>
      <trkpt lat="66.305348" lon="14.133745"></trkpt>
      <trkpt lat="66.305344" lon="14.133955"></trkpt>
      <trkpt lat="66.305341" lon="14.134146"></trkpt>
      <trkpt lat="66.305331" lon="14.134198"></trkpt>
      <trkpt lat="66.305325" lon="14.134254"></trkpt>
      <trkpt lat="66.305324" lon="14.134331"></trkpt>
      <trkpt lat="66.305331" lon="14.134408"></trkpt>
      <trkpt lat="66.305345" lon="14.134477"></trkpt>
      <trkpt lat="66.305366" lon="14.134535"></trkpt>
      <trkpt lat="66.305392" lon="14.134578"></trkpt>
      <trkpt lat="66.305413" lon="14.134599"></trkpt>
      <trkpt lat="66.305436" lon="14.134609"></trkpt>
      <trkpt lat="66.305459" lon="14.134609"></trkpt>
      <trkpt lat="66.305482" lon="14.134597"></trkpt>
      <trkpt lat="66.305526" lon="14.134693"></trkpt>
      <trkpt lat="66.305611" lon="14.134865"></trkpt>
      <trkpt lat="66.305654" lon="14.134939"></trkpt>
      <trkpt lat="66.305705" lon="14.135011"></trkpt>
      <trkpt lat="66.305797" lon="14.135116"></trkpt>
      <trkpt lat="66.305891" lon="14.135245"></trkpt>
      <trkpt lat="66.305991" lon="14.135342"></trkpt>
      <trkpt lat="66.306096" lon="14.135405"></trkpt>
      <trkpt lat="66.306203" lon="14.135433"></trkpt>
      <trkpt lat="66.306310" lon="14.135424"></trkpt>
      <trkpt lat="66.306419" lon="14.135460"></trkpt>
      <trkpt lat="66.306508" lon="14.135475"></trkpt>
      <trkpt lat="66.306610" lon="14.135505"></trkpt>
      <trkpt lat="66.306673" lon="14.135537"></trkpt>
      <trkpt lat="66.306781" lon="14.135608"></trkpt>
      <trkpt lat="66.306878" lon="14.135653"></trkpt>
      <trkpt lat="66.306904" lon="14.135683"></trkpt>
      <trkpt lat="66.306932" lon="14.135696"></trkpt>
      <trkpt lat="66.306964" lon="14.135690"></trkpt>
      <trkpt lat="66.306994" lon="14.135661"></trkpt>
      <trkpt lat="66.307019" lon="14.135613"></trkpt>
      <trkpt lat="66.307038" lon="14.135549"></trkpt>
      <trkpt lat="66.307048" lon="14.135483"></trkpt>
      <trkpt lat="66.307125" lon="14.135408"></trkpt>
      <trkpt lat="66.307177" lon="14.135378"></trkpt>
      <trkpt lat="66.307310" lon="14.135380"></trkpt>
      <trkpt lat="66.307423" lon="14.135369"></trkpt>
      <trkpt lat="66.307447" lon="14.135377"></trkpt>
      <trkpt lat="66.307506" lon="14.135396"></trkpt>
      <trkpt lat="66.308181" lon="14.135420"></trkpt>
      <trkpt lat="66.308306" lon="14.135392"></trkpt>
      <trkpt lat="66.308499" lon="14.135347"></trkpt>
      <trkpt lat="66.308783" lon="14.135261"></trkpt>
      <trkpt lat="66.308891" lon="14.135228"></trkpt>
      <trkpt lat="66.308920" lon="14.135216"></trkpt>
      <trkpt lat="66.309117" lon="14.135202"></trkpt>
      <trkpt lat="66.309235" lon="14.135165"></trkpt>
      <trkpt lat="66.309352" lon="14.135133"></trkpt>
      <trkpt lat="66.309370" lon="14.135170"></trkpt>
      <trkpt lat="66.309390" lon="14.135194"></trkpt>
      <trkpt lat="66.309412" lon="14.135205"></trkpt>
      <trkpt lat="66.309435" lon="14.135202"></trkpt>
      <trkpt lat="66.309457" lon="14.135184"></trkpt>
      <trkpt lat="66.309476" lon="14.135154"></trkpt>
      <trkpt lat="66.309491" lon="14.135113"></trkpt>
      <trkpt lat="66.309503" lon="14.135059"></trkpt>
      <trkpt lat="66.309508" lon="14.135000"></trkpt>
      <trkpt lat="66.309507" lon="14.134939"></trkpt>
      <trkpt lat="66.309499" lon="14.134881"></trkpt>
      <trkpt lat="66.309486" lon="14.134834"></trkpt>
      <trkpt lat="66.309469" lon="14.134796"></trkpt>
      <trkpt lat="66.309432" lon="14.134607"></trkpt>
      <trkpt lat="66.309419" lon="14.134451"></trkpt>
      <trkpt lat="66.309380" lon="14.134215"></trkpt>
      <trkpt lat="66.309440" lon="14.134144"></trkpt>
      <trkpt lat="66.309491" lon="14.134104"></trkpt>
      <trkpt lat="66.309751" lon="14.133971"></trkpt>
      <trkpt lat="66.309845" lon="14.133919"></trkpt>
      <trkpt lat="66.309917" lon="14.133876"></trkpt>
      <trkpt lat="66.309988" lon="14.133830"></trkpt>
      <trkpt lat="66.310059" lon="14.133776"></trkpt>
      <trkpt lat="66.310118" lon="14.133714"></trkpt>
      <trkpt lat="66.310177" lon="14.133622"></trkpt>
      <trkpt lat="66.310209" lon="14.133543"></trkpt>
      <trkpt lat="66.310237" lon="14.133470"></trkpt>
      <trkpt lat="66.310320" lon="14.133154"></trkpt>
      <trkpt lat="66.310344" lon="14.133061"></trkpt>
      <trkpt lat="66.310368" lon="14.132993"></trkpt>
      <trkpt lat="66.310388" lon="14.132954"></trkpt>
      <trkpt lat="66.310412" lon="14.132917"></trkpt>
      <trkpt lat="66.310440" lon="14.132894"></trkpt>
      <trkpt lat="66.310472" lon="14.132878"></trkpt>
      <trkpt lat="66.310691" lon="14.132799"></trkpt>
      <trkpt lat="66.310729" lon="14.132797"></trkpt>
      <trkpt lat="66.310755" lon="14.132808"></trkpt>
      <trkpt lat="66.310811" lon="14.132848"></trkpt>
      <trkpt lat="66.310908" lon="14.132921"></trkpt>
      <trkpt lat="66.310952" lon="14.132937"></trkpt>
      <trkpt lat="66.311015" lon="14.132927"></trkpt>
      <trkpt lat="66.311110" lon="14.132893"></trkpt>
      <trkpt lat="66.311588" lon="14.132695"></trkpt>
      <trkpt lat="66.311647" lon="14.132669"></trkpt>
      <trkpt lat="66.311838" lon="14.132596"></trkpt>
      <trkpt lat="66.311966" lon="14.132542"></trkpt>
      <trkpt lat="66.312015" lon="14.132517"></trkpt>
      <trkpt lat="66.312233" lon="14.132537"></trkpt>
      <trkpt lat="66.312291" lon="14.132534"></trkpt>
      <trkpt lat="66.312355" lon="14.132564"></trkpt>
      <trkpt lat="66.312381" lon="14.132589"></trkpt>
      <trkpt lat="66.312409" lon="14.132593"></trkpt>
      <trkpt lat="66.312490" lon="14.132694"></trkpt>
      <trkpt lat="66.312552" lon="14.132745"></trkpt>
      <trkpt lat="66.312578" lon="14.132986"></trkpt>
      <trkpt lat="66.312606" lon="14.133395"></trkpt>
      <trkpt lat="66.312634" lon="14.133802"></trkpt>
      <trkpt lat="66.312656" lon="14.134146"></trkpt>
      <trkpt lat="66.312695" lon="14.134453"></trkpt>
      <trkpt lat="66.312782" lon="14.135035"></trkpt>
      <trkpt lat="66.312875" lon="14.135660"></trkpt>
      <trkpt lat="66.312916" lon="14.135995"></trkpt>
      <trkpt lat="66.312941" lon="14.136239"></trkpt>
      <trkpt lat="66.313061" lon="14.137874"></trkpt>
      <trkpt lat="66.313162" lon="14.139311"></trkpt>
      <trkpt lat="66.313177" lon="14.139643"></trkpt>
      <trkpt lat="66.313182" lon="14.139936"></trkpt>
      <trkpt lat="66.313184" lon="14.140177"></trkpt>
      <trkpt lat="66.313173" lon="14.140450"></trkpt>
      <trkpt lat="66.313147" lon="14.140843"></trkpt>
      <trkpt lat="66.313066" lon="14.141765"></trkpt>
      <trkpt lat="66.312960" lon="14.142966"></trkpt>
      <trkpt lat="66.312747" lon="14.142851"></trkpt>
      <trkpt lat="66.312580" lon="14.142741"></trkpt>
    </trkseg>
  </trk>
</gpx>