<?xml version="1.0" encoding="UTF-8"?>
<gpx version="1.1" creator="Rana Sykkelklubb - https://ranasykkelklubb.no" xmlns="http://www.topografix.com/GPX/1/1" xmlns:xsi="http://www.w3.org/2001/XMLSchema-instance" xsi:schemaLocation="http://www.topografix.com/GPX/1/1 http://www.topografix.com/GPX/1/1/gpx.xsd">
  <metadata>
    <name>Plurdalen &amp; Kaldvatnet Gravel Adventure</name>
    <desc>Plurdalen &amp; Kaldvatnet Gravel Adventure</desc>
    <author>
      <name>Rana Sykkelklubb</name>
    </author>
  </metadata>
  <wpt lat="66.335000" lon="14.210000">
    <name>Start: Gruben</name>
    <desc>Start ved innkjøringen til Plurdalsveien.</desc>
  </wpt>
  <wpt lat="66.381000" lon="14.620000">
    <name>Pluragrotta &amp; Karstlandskap</name>
    <desc>Kjent stoppested med spektakulær natur og rasteplass.</desc>
  </wpt>
  <trk>
    <name>Plurdalen &amp; Kaldvatnet Gravel Adventure</name>
    <trkseg>
      <trkpt lat="66.336733" lon="14.209804"></trkpt>
      <trkpt lat="66.336735" lon="14.209560"></trkpt>
      <trkpt lat="66.336766" lon="14.209307"></trkpt>
      <trkpt lat="66.336799" lon="14.208881"></trkpt>
      <trkpt lat="66.336835" lon="14.208512"></trkpt>
      <trkpt lat="66.336957" lon="14.207082"></trkpt>
      <trkpt lat="66.336963" lon="14.206858"></trkpt>
      <trkpt lat="66.336964" lon="14.206688"></trkpt>
      <trkpt lat="66.336955" lon="14.206504"></trkpt>
      <trkpt lat="66.336944" lon="14.206292"></trkpt>
      <trkpt lat="66.336921" lon="14.206029"></trkpt>
      <trkpt lat="66.336867" lon="14.205257"></trkpt>
      <trkpt lat="66.336870" lon="14.205066"></trkpt>
      <trkpt lat="66.336890" lon="14.204553"></trkpt>
      <trkpt lat="66.336907" lon="14.204336"></trkpt>
      <trkpt lat="66.336929" lon="14.204244"></trkpt>
      <trkpt lat="66.337110" lon="14.203843"></trkpt>
      <trkpt lat="66.337177" lon="14.203721"></trkpt>
      <trkpt lat="66.337216" lon="14.203680"></trkpt>
      <trkpt lat="66.337283" lon="14.203657"></trkpt>
      <trkpt lat="66.337399" lon="14.203652"></trkpt>
      <trkpt lat="66.337471" lon="14.203634"></trkpt>
      <trkpt lat="66.337518" lon="14.203608"></trkpt>
      <trkpt lat="66.337561" lon="14.203564"></trkpt>
      <trkpt lat="66.337593" lon="14.203510"></trkpt>
      <trkpt lat="66.337626" lon="14.203433"></trkpt>
      <trkpt lat="66.337648" lon="14.203353"></trkpt>
      <trkpt lat="66.337663" lon="14.203260"></trkpt>
      <trkpt lat="66.337673" lon="14.203132"></trkpt>
      <trkpt lat="66.337672" lon="14.202980"></trkpt>
      <trkpt lat="66.337661" lon="14.202855"></trkpt>
      <trkpt lat="66.337634" lon="14.202637"></trkpt>
      <trkpt lat="66.337580" lon="14.202360"></trkpt>
      <trkpt lat="66.337517" lon="14.201999"></trkpt>
      <trkpt lat="66.337498" lon="14.201826"></trkpt>
      <trkpt lat="66.337496" lon="14.201697"></trkpt>
      <trkpt lat="66.337511" lon="14.201566"></trkpt>
      <trkpt lat="66.337546" lon="14.201367"></trkpt>
      <trkpt lat="66.337569" lon="14.201090"></trkpt>
      <trkpt lat="66.337573" lon="14.200855"></trkpt>
      <trkpt lat="66.337567" lon="14.200595"></trkpt>
      <trkpt lat="66.337535" lon="14.199727"></trkpt>
      <trkpt lat="66.337531" lon="14.199551"></trkpt>
      <trkpt lat="66.337550" lon="14.199352"></trkpt>
      <trkpt lat="66.337591" lon="14.199117"></trkpt>
      <trkpt lat="66.337650" lon="14.198941"></trkpt>
      <trkpt lat="66.337773" lon="14.198617"></trkpt>
      <trkpt lat="66.337836" lon="14.198433"></trkpt>
      <trkpt lat="66.337862" lon="14.198317"></trkpt>
      <trkpt lat="66.337887" lon="14.198097"></trkpt>
      <trkpt lat="66.337891" lon="14.197822"></trkpt>
      <trkpt lat="66.337883" lon="14.197593"></trkpt>
      <trkpt lat="66.337845" lon="14.196984"></trkpt>
      <trkpt lat="66.337811" lon="14.196573"></trkpt>
      <trkpt lat="66.337764" lon="14.196277"></trkpt>
      <trkpt lat="66.337633" lon="14.195671"></trkpt>
      <trkpt lat="66.337612" lon="14.195522"></trkpt>
      <trkpt lat="66.337591" lon="14.195316"></trkpt>
      <trkpt lat="66.337578" lon="14.195041"></trkpt>
      <trkpt lat="66.337582" lon="14.194845"></trkpt>
      <trkpt lat="66.337613" lon="14.194505"></trkpt>
      <trkpt lat="66.337639" lon="14.194233"></trkpt>
      <trkpt lat="66.337646" lon="14.193695"></trkpt>
      <trkpt lat="66.337629" lon="14.193323"></trkpt>
      <trkpt lat="66.337561" lon="14.192916"></trkpt>
      <trkpt lat="66.337501" lon="14.192637"></trkpt>
      <trkpt lat="66.337461" lon="14.192456"></trkpt>
      <trkpt lat="66.337424" lon="14.192238"></trkpt>
      <trkpt lat="66.337369" lon="14.191975"></trkpt>
      <trkpt lat="66.337343" lon="14.191891"></trkpt>
      <trkpt lat="66.337319" lon="14.191831"></trkpt>
      <trkpt lat="66.337288" lon="14.191795"></trkpt>
      <trkpt lat="66.337227" lon="14.191780"></trkpt>
      <trkpt lat="66.337165" lon="14.191827"></trkpt>
      <trkpt lat="66.337135" lon="14.191892"></trkpt>
      <trkpt lat="66.336983" lon="14.192404"></trkpt>
      <trkpt lat="66.336907" lon="14.192597"></trkpt>
      <trkpt lat="66.336827" lon="14.192787"></trkpt>
      <trkpt lat="66.336688" lon="14.193096"></trkpt>
      <trkpt lat="66.336615" lon="14.193295"></trkpt>
      <trkpt lat="66.336572" lon="14.193444"></trkpt>
      <trkpt lat="66.336532" lon="14.193646"></trkpt>
      <trkpt lat="66.336500" lon="14.193875"></trkpt>
      <trkpt lat="66.336464" lon="14.194194"></trkpt>
      <trkpt lat="66.336437" lon="14.194298"></trkpt>
      <trkpt lat="66.336410" lon="14.194358"></trkpt>
      <trkpt lat="66.336392" lon="14.194381"></trkpt>
      <trkpt lat="66.336358" lon="14.194390"></trkpt>
      <trkpt lat="66.336310" lon="14.194387"></trkpt>
      <trkpt lat="66.336287" lon="14.194368"></trkpt>
      <trkpt lat="66.336266" lon="14.194306"></trkpt>
      <trkpt lat="66.336257" lon="14.194213"></trkpt>
      <trkpt lat="66.336246" lon="14.193811"></trkpt>
      <trkpt lat="66.336232" lon="14.193664"></trkpt>
      <trkpt lat="66.336200" lon="14.193426"></trkpt>
      <trkpt lat="66.336169" lon="14.193342"></trkpt>
      <trkpt lat="66.336148" lon="14.193333"></trkpt>
      <trkpt lat="66.336118" lon="14.193339"></trkpt>
      <trkpt lat="66.336091" lon="14.193380"></trkpt>
      <trkpt lat="66.336059" lon="14.193451"></trkpt>
      <trkpt lat="66.335986" lon="14.193743"></trkpt>
      <trkpt lat="66.335920" lon="14.194024"></trkpt>
      <trkpt lat="66.335855" lon="14.194308"></trkpt>
      <trkpt lat="66.335825" lon="14.194456"></trkpt>
      <trkpt lat="66.335812" lon="14.194593"></trkpt>
      <trkpt lat="66.335819" lon="14.194748"></trkpt>
      <trkpt lat="66.335821" lon="14.194975"></trkpt>
      <trkpt lat="66.335812" lon="14.195422"></trkpt>
      <trkpt lat="66.335799" lon="14.195869"></trkpt>
      <trkpt lat="66.335803" lon="14.196498"></trkpt>
      <trkpt lat="66.335797" lon="14.196933"></trkpt>
      <trkpt lat="66.335785" lon="14.197183"></trkpt>
      <trkpt lat="66.335775" lon="14.197881"></trkpt>
      <trkpt lat="66.335765" lon="14.198250"></trkpt>
      <trkpt lat="66.335710" lon="14.198924"></trkpt>
      <trkpt lat="66.335712" lon="14.199156"></trkpt>
      <trkpt lat="66.335724" lon="14.199687"></trkpt>
      <trkpt lat="66.335719" lon="14.199815"></trkpt>
      <trkpt lat="66.335702" lon="14.199970"></trkpt>
      <trkpt lat="66.335600" lon="14.200705"></trkpt>
      <trkpt lat="66.335568" lon="14.200857"></trkpt>
      <trkpt lat="66.335537" lon="14.200946"></trkpt>
      <trkpt lat="66.335511" lon="14.200997"></trkpt>
      <trkpt lat="66.335485" lon="14.201017"></trkpt>
      <trkpt lat="66.335451" lon="14.201017"></trkpt>
      <trkpt lat="66.335421" lon="14.201002"></trkpt>
      <trkpt lat="66.335376" lon="14.200954"></trkpt>
      <trkpt lat="66.335220" lon="14.200633"></trkpt>
      <trkpt lat="66.335191" lon="14.200606"></trkpt>
      <trkpt lat="66.335168" lon="14.200609"></trkpt>
      <trkpt lat="66.335128" lon="14.200633"></trkpt>
      <trkpt lat="66.335092" lon="14.200671"></trkpt>
      <trkpt lat="66.335047" lon="14.200748"></trkpt>
      <trkpt lat="66.334991" lon="14.200909"></trkpt>
      <trkpt lat="66.334913" lon="14.201113"></trkpt>
      <trkpt lat="66.334855" lon="14.201226"></trkpt>
      <trkpt lat="66.334724" lon="14.201413"></trkpt>
      <trkpt lat="66.334681" lon="14.201502"></trkpt>
      <trkpt lat="66.334656" lon="14.201591"></trkpt>
      <trkpt lat="66.334641" lon="14.201695"></trkpt>
      <trkpt lat="66.334602" lon="14.202077"></trkpt>
      <trkpt lat="66.334589" lon="14.202175"></trkpt>
      <trkpt lat="66.334560" lon="14.202312"></trkpt>
      <trkpt lat="66.334526" lon="14.202404"></trkpt>
      <trkpt lat="66.334499" lon="14.202433"></trkpt>
      <trkpt lat="66.334462" lon="14.202430"></trkpt>
      <trkpt lat="66.334426" lon="14.202400"></trkpt>
      <trkpt lat="66.334401" lon="14.202349"></trkpt>
      <trkpt lat="66.334383" lon="14.202283"></trkpt>
      <trkpt lat="66.334365" lon="14.202164"></trkpt>
      <trkpt lat="66.334352" lon="14.202018"></trkpt>
      <trkpt lat="66.334349" lon="14.201708"></trkpt>
      <trkpt lat="66.334377" lon="14.201005"></trkpt>
      <trkpt lat="66.334379" lon="14.200832"></trkpt>
      <trkpt lat="66.334370" lon="14.200563"></trkpt>
      <trkpt lat="66.334336" lon="14.199976"></trkpt>
      <trkpt lat="66.334330" lon="14.199800"></trkpt>
      <trkpt lat="66.334326" lon="14.199475"></trkpt>
      <trkpt lat="66.334345" lon="14.198873"></trkpt>
      <trkpt lat="66.334344" lon="14.198763"></trkpt>
      <trkpt lat="66.334278" lon="14.198613"></trkpt>
      <trkpt lat="66.334247" lon="14.198594"></trkpt>
      <trkpt lat="66.334165" lon="14.198617"></trkpt>
      <trkpt lat="66.334076" lon="14.198751"></trkpt>
      <trkpt lat="66.334020" lon="14.198929"></trkpt>
      <trkpt lat="66.333984" lon="14.199120"></trkpt>
      <trkpt lat="66.333918" lon="14.200068"></trkpt>
      <trkpt lat="66.333906" lon="14.200237"></trkpt>
      <trkpt lat="66.333893" lon="14.200340"></trkpt>
      <trkpt lat="66.333849" lon="14.200625"></trkpt>
      <trkpt lat="66.333755" lon="14.201391"></trkpt>
      <trkpt lat="66.333710" lon="14.201627"></trkpt>
      <trkpt lat="66.333667" lon="14.201787"></trkpt>
      <trkpt lat="66.333646" lon="14.201819"></trkpt>
      <trkpt lat="66.333602" lon="14.201832"></trkpt>
      <trkpt lat="66.333566" lon="14.201741"></trkpt>
      <trkpt lat="66.333543" lon="14.201637"></trkpt>
      <trkpt lat="66.333477" lon="14.201117"></trkpt>
      <trkpt lat="66.333402" lon="14.200715"></trkpt>
      <trkpt lat="66.333291" lon="14.200323"></trkpt>
      <trkpt lat="66.333163" lon="14.199975"></trkpt>
      <trkpt lat="66.333098" lon="14.199588"></trkpt>
      <trkpt lat="66.333037" lon="14.199351"></trkpt>
      <trkpt lat="66.332998" lon="14.199270"></trkpt>
      <trkpt lat="66.332968" lon="14.199240"></trkpt>
      <trkpt lat="66.332911" lon="14.199239"></trkpt>
      <trkpt lat="66.332880" lon="14.199265"></trkpt>
      <trkpt lat="66.332845" lon="14.199340"></trkpt>
      <trkpt lat="66.332813" lon="14.199468"></trkpt>
      <trkpt lat="66.332753" lon="14.199999"></trkpt>
      <trkpt lat="66.332710" lon="14.200199"></trkpt>
      <trkpt lat="66.332604" lon="14.200789"></trkpt>
      <trkpt lat="66.332435" lon="14.202114"></trkpt>
      <trkpt lat="66.332409" lon="14.202276"></trkpt>
      <trkpt lat="66.332364" lon="14.202503"></trkpt>
      <trkpt lat="66.332271" lon="14.202655"></trkpt>
      <trkpt lat="66.332203" lon="14.202657"></trkpt>
      <trkpt lat="66.332114" lon="14.202466"></trkpt>
      <trkpt lat="66.332051" lon="14.202127"></trkpt>
      <trkpt lat="66.332006" lon="14.201784"></trkpt>
      <trkpt lat="66.331901" lon="14.201272"></trkpt>
      <trkpt lat="66.331847" lon="14.201142"></trkpt>
      <trkpt lat="66.331683" lon="14.200861"></trkpt>
      <trkpt lat="66.331504" lon="14.200655"></trkpt>
      <trkpt lat="66.331349" lon="14.200539"></trkpt>
      <trkpt lat="66.331155" lon="14.200434"></trkpt>
      <trkpt lat="66.330809" lon="14.200082"></trkpt>
      <trkpt lat="66.330646" lon="14.199905"></trkpt>
      <trkpt lat="66.330445" lon="14.199595"></trkpt>
      <trkpt lat="66.330268" lon="14.199370"></trkpt>
      <trkpt lat="66.330169" lon="14.199282"></trkpt>
      <trkpt lat="66.329984" lon="14.199193"></trkpt>
      <trkpt lat="66.329776" lon="14.199138"></trkpt>
      <trkpt lat="66.329608" lon="14.199133"></trkpt>
      <trkpt lat="66.329455" lon="14.199182"></trkpt>
      <trkpt lat="66.329275" lon="14.199255"></trkpt>
      <trkpt lat="66.328885" lon="14.199531"></trkpt>
      <trkpt lat="66.328537" lon="14.199827"></trkpt>
      <trkpt lat="66.328450" lon="14.199867"></trkpt>
      <trkpt lat="66.328369" lon="14.199864"></trkpt>
      <trkpt lat="66.328347" lon="14.199847"></trkpt>
      <trkpt lat="66.328279" lon="14.199732"></trkpt>
      <trkpt lat="66.328086" lon="14.199415"></trkpt>
      <trkpt lat="66.328025" lon="14.199359"></trkpt>
      <trkpt lat="66.327946" lon="14.199337"></trkpt>
      <trkpt lat="66.327851" lon="14.199356"></trkpt>
      <trkpt lat="66.327796" lon="14.199445"></trkpt>
      <trkpt lat="66.327767" lon="14.199528"></trkpt>
      <trkpt lat="66.327760" lon="14.199573"></trkpt>
      <trkpt lat="66.327759" lon="14.199861"></trkpt>
      <trkpt lat="66.327783" lon="14.200025"></trkpt>
      <trkpt lat="66.327856" lon="14.200253"></trkpt>
      <trkpt lat="66.327965" lon="14.200439"></trkpt>
      <trkpt lat="66.328011" lon="14.200554"></trkpt>
      <trkpt lat="66.328012" lon="14.200717"></trkpt>
      <trkpt lat="66.328004" lon="14.200788"></trkpt>
      <trkpt lat="66.327967" lon="14.200825"></trkpt>
      <trkpt lat="66.327785" lon="14.200461"></trkpt>
      <trkpt lat="66.327508" lon="14.200032"></trkpt>
      <trkpt lat="66.327441" lon="14.199918"></trkpt>
      <trkpt lat="66.327340" lon="14.199676"></trkpt>
      <trkpt lat="66.327256" lon="14.199261"></trkpt>
      <trkpt lat="66.327197" lon="14.199080"></trkpt>
      <trkpt lat="66.327140" lon="14.198965"></trkpt>
      <trkpt lat="66.326894" lon="14.198694"></trkpt>
      <trkpt lat="66.326834" lon="14.198567"></trkpt>
      <trkpt lat="66.326806" lon="14.198429"></trkpt>
      <trkpt lat="66.326804" lon="14.198179"></trkpt>
      <trkpt lat="66.326811" lon="14.198163"></trkpt>
      <trkpt lat="66.326735" lon="14.197653"></trkpt>
      <trkpt lat="66.326701" lon="14.197267"></trkpt>
      <trkpt lat="66.326657" lon="14.196968"></trkpt>
      <trkpt lat="66.326639" lon="14.196682"></trkpt>
      <trkpt lat="66.326588" lon="14.196200"></trkpt>
      <trkpt lat="66.326549" lon="14.195695"></trkpt>
      <trkpt lat="66.326452" lon="14.194639"></trkpt>
      <trkpt lat="66.326421" lon="14.194378"></trkpt>
      <trkpt lat="66.326391" lon="14.194240"></trkpt>
      <trkpt lat="66.326325" lon="14.194099"></trkpt>
      <trkpt lat="66.326273" lon="14.194050"></trkpt>
      <trkpt lat="66.326200" lon="14.194029"></trkpt>
      <trkpt lat="66.326043" lon="14.194089"></trkpt>
      <trkpt lat="66.325894" lon="14.194140"></trkpt>
      <trkpt lat="66.325759" lon="14.194132"></trkpt>
      <trkpt lat="66.325668" lon="14.194113"></trkpt>
      <trkpt lat="66.325623" lon="14.194121"></trkpt>
      <trkpt lat="66.325582" lon="14.193796"></trkpt>
      <trkpt lat="66.325540" lon="14.193520"></trkpt>
      <trkpt lat="66.325146" lon="14.191044"></trkpt>
      <trkpt lat="66.325071" lon="14.190554"></trkpt>
      <trkpt lat="66.325061" lon="14.190463"></trkpt>
      <trkpt lat="66.325038" lon="14.190308"></trkpt>
      <trkpt lat="66.324942" lon="14.189707"></trkpt>
      <trkpt lat="66.324908" lon="14.189498"></trkpt>
      <trkpt lat="66.324863" lon="14.189207"></trkpt>
      <trkpt lat="66.324607" lon="14.187471"></trkpt>
      <trkpt lat="66.324356" lon="14.185709"></trkpt>
      <trkpt lat="66.324177" lon="14.184399"></trkpt>
      <trkpt lat="66.324054" lon="14.183485"></trkpt>
      <trkpt lat="66.323908" lon="14.182345"></trkpt>
      <trkpt lat="66.323863" lon="14.181932"></trkpt>
      <trkpt lat="66.323838" lon="14.181647"></trkpt>
      <trkpt lat="66.323818" lon="14.181367"></trkpt>
      <trkpt lat="66.323798" lon="14.180977"></trkpt>
      <trkpt lat="66.323785" lon="14.180576"></trkpt>
      <trkpt lat="66.323782" lon="14.180232"></trkpt>
      <trkpt lat="66.323783" lon="14.179888"></trkpt>
      <trkpt lat="66.323788" lon="14.179653"></trkpt>
      <trkpt lat="66.323802" lon="14.179278"></trkpt>
      <trkpt lat="66.323819" lon="14.178905"></trkpt>
      <trkpt lat="66.323852" lon="14.178298"></trkpt>
      <trkpt lat="66.323892" lon="14.177620"></trkpt>
      <trkpt lat="66.323912" lon="14.177161"></trkpt>
      <trkpt lat="66.323967" lon="14.176758"></trkpt>
      <trkpt lat="66.323985" lon="14.176600"></trkpt>
      <trkpt lat="66.324022" lon="14.176364"></trkpt>
      <trkpt lat="66.324048" lon="14.176193"></trkpt>
      <trkpt lat="66.324057" lon="14.176176"></trkpt>
      <trkpt lat="66.324076" lon="14.176123"></trkpt>
      <trkpt lat="66.324088" lon="14.176058"></trkpt>
      <trkpt lat="66.324093" lon="14.175988"></trkpt>
      <trkpt lat="66.324089" lon="14.175917"></trkpt>
      <trkpt lat="66.324077" lon="14.175852"></trkpt>
      <trkpt lat="66.324059" lon="14.175798"></trkpt>
      <trkpt lat="66.324035" lon="14.175760"></trkpt>
      <trkpt lat="66.324006" lon="14.175739"></trkpt>
      <trkpt lat="66.323886" lon="14.175613"></trkpt>
      <trkpt lat="66.323807" lon="14.175498"></trkpt>
      <trkpt lat="66.323743" lon="14.175445"></trkpt>
      <trkpt lat="66.323633" lon="14.175340"></trkpt>
      <trkpt lat="66.323591" lon="14.175301"></trkpt>
      <trkpt lat="66.323550" lon="14.175267"></trkpt>
      <trkpt lat="66.323512" lon="14.175238"></trkpt>
      <trkpt lat="66.322275" lon="14.174348"></trkpt>
      <trkpt lat="66.322202" lon="14.174230"></trkpt>
      <trkpt lat="66.322102" lon="14.174081"></trkpt>
      <trkpt lat="66.322050" lon="14.174000"></trkpt>
      <trkpt lat="66.322042" lon="14.173947"></trkpt>
      <trkpt lat="66.322029" lon="14.173901"></trkpt>
      <trkpt lat="66.322012" lon="14.173864"></trkpt>
      <trkpt lat="66.321992" lon="14.173839"></trkpt>
      <trkpt lat="66.321970" lon="14.173827"></trkpt>
      <trkpt lat="66.321947" lon="14.173830"></trkpt>
      <trkpt lat="66.321936" lon="14.173838"></trkpt>
      <trkpt lat="66.321926" lon="14.173846"></trkpt>
      <trkpt lat="66.321829" lon="14.173813"></trkpt>
      <trkpt lat="66.321757" lon="14.173793"></trkpt>
      <trkpt lat="66.321724" lon="14.173785"></trkpt>
      <trkpt lat="66.321592" lon="14.173779"></trkpt>
      <trkpt lat="66.321562" lon="14.173778"></trkpt>
      <trkpt lat="66.321467" lon="14.173727"></trkpt>
      <trkpt lat="66.321222" lon="14.173580"></trkpt>
      <trkpt lat="66.321111" lon="14.173506"></trkpt>
      <trkpt lat="66.320995" lon="14.173412"></trkpt>
      <trkpt lat="66.320899" lon="14.173310"></trkpt>
      <trkpt lat="66.320811" lon="14.173194"></trkpt>
      <trkpt lat="66.320698" lon="14.173009"></trkpt>
      <trkpt lat="66.320663" lon="14.172943"></trkpt>
      <trkpt lat="66.320600" lon="14.172807"></trkpt>
      <trkpt lat="66.320541" lon="14.172654"></trkpt>
      <trkpt lat="66.320514" lon="14.172575"></trkpt>
      <trkpt lat="66.320486" lon="14.172399"></trkpt>
      <trkpt lat="66.320400" lon="14.171967"></trkpt>
      <trkpt lat="66.320349" lon="14.171591"></trkpt>
      <trkpt lat="66.320322" lon="14.171353"></trkpt>
      <trkpt lat="66.320325" lon="14.171304"></trkpt>
      <trkpt lat="66.320325" lon="14.171222"></trkpt>
      <trkpt lat="66.320317" lon="14.171126"></trkpt>
      <trkpt lat="66.320299" lon="14.171038"></trkpt>
      <trkpt lat="66.320272" lon="14.170965"></trkpt>
      <trkpt lat="66.320239" lon="14.170910"></trkpt>
      <trkpt lat="66.320221" lon="14.170891"></trkpt>
      <trkpt lat="66.320202" lon="14.170878"></trkpt>
      <trkpt lat="66.320162" lon="14.170870"></trkpt>
      <trkpt lat="66.320142" lon="14.170875"></trkpt>
      <trkpt lat="66.320105" lon="14.170904"></trkpt>
      <trkpt lat="66.320071" lon="14.170956"></trkpt>
      <trkpt lat="66.320043" lon="14.171027"></trkpt>
      <trkpt lat="66.320024" lon="14.171112"></trkpt>
      <trkpt lat="66.320018" lon="14.171159"></trkpt>
      <trkpt lat="66.320012" lon="14.171257"></trkpt>
      <trkpt lat="66.320013" lon="14.171306"></trkpt>
      <trkpt lat="66.320017" lon="14.171355"></trkpt>
      <trkpt lat="66.320031" lon="14.171447"></trkpt>
      <trkpt lat="66.320005" lon="14.171541"></trkpt>
      <trkpt lat="66.319976" lon="14.171646"></trkpt>
      <trkpt lat="66.319955" lon="14.171720"></trkpt>
      <trkpt lat="66.319926" lon="14.171817"></trkpt>
      <trkpt lat="66.319878" lon="14.172025"></trkpt>
      <trkpt lat="66.319826" lon="14.172448"></trkpt>
      <trkpt lat="66.319814" lon="14.172558"></trkpt>
      <trkpt lat="66.319796" lon="14.172757"></trkpt>
      <trkpt lat="66.319788" lon="14.172967"></trkpt>
      <trkpt lat="66.319792" lon="14.173206"></trkpt>
      <trkpt lat="66.319812" lon="14.173468"></trkpt>
      <trkpt lat="66.319836" lon="14.173667"></trkpt>
      <trkpt lat="66.319877" lon="14.173895"></trkpt>
      <trkpt lat="66.319903" lon="14.174033"></trkpt>
      <trkpt lat="66.319939" lon="14.174194"></trkpt>
      <trkpt lat="66.320163" lon="14.175212"></trkpt>
      <trkpt lat="66.320479" lon="14.176592"></trkpt>
      <trkpt lat="66.320666" lon="14.177412"></trkpt>
      <trkpt lat="66.320859" lon="14.178281"></trkpt>
      <trkpt lat="66.320961" lon="14.178802"></trkpt>
      <trkpt lat="66.321036" lon="14.179255"></trkpt>
      <trkpt lat="66.321095" lon="14.179710"></trkpt>
      <trkpt lat="66.321142" lon="14.180175"></trkpt>
      <trkpt lat="66.321184" lon="14.180758"></trkpt>
      <trkpt lat="66.321288" lon="14.182647"></trkpt>
      <trkpt lat="66.321350" lon="14.183527"></trkpt>
      <trkpt lat="66.321426" lon="14.184399"></trkpt>
      <trkpt lat="66.321526" lon="14.185382"></trkpt>
      <trkpt lat="66.321847" lon="14.188112"></trkpt>
      <trkpt lat="66.321910" lon="14.188737"></trkpt>
      <trkpt lat="66.321954" lon="14.189320"></trkpt>
      <trkpt lat="66.321983" lon="14.189906"></trkpt>
      <trkpt lat="66.321999" lon="14.190495"></trkpt>
      <trkpt lat="66.322001" lon="14.190762"></trkpt>
      <trkpt lat="66.322002" lon="14.191042"></trkpt>
      <trkpt lat="66.321991" lon="14.191600"></trkpt>
      <trkpt lat="66.321978" lon="14.191937"></trkpt>
      <trkpt lat="66.321938" lon="14.192383"></trkpt>
      <trkpt lat="66.321920" lon="14.192606"></trkpt>
      <trkpt lat="66.321878" lon="14.192994"></trkpt>
      <trkpt lat="66.321798" lon="14.193613"></trkpt>
      <trkpt lat="66.321717" lon="14.194237"></trkpt>
      <trkpt lat="66.321692" lon="14.194439"></trkpt>
      <trkpt lat="66.321531" lon="14.195789"></trkpt>
      <trkpt lat="66.321403" lon="14.196846"></trkpt>
      <trkpt lat="66.321356" lon="14.197270"></trkpt>
      <trkpt lat="66.321304" lon="14.197734"></trkpt>
      <trkpt lat="66.321279" lon="14.197993"></trkpt>
      <trkpt lat="66.321222" lon="14.198654"></trkpt>
      <trkpt lat="66.321196" lon="14.198998"></trkpt>
      <trkpt lat="66.321082" lon="14.199893"></trkpt>
      <trkpt lat="66.321034" lon="14.200127"></trkpt>
      <trkpt lat="66.320994" lon="14.200432"></trkpt>
      <trkpt lat="66.320854" lon="14.201514"></trkpt>
      <trkpt lat="66.320780" lon="14.202124"></trkpt>
      <trkpt lat="66.320757" lon="14.202327"></trkpt>
      <trkpt lat="66.320665" lon="14.203049"></trkpt>
      <trkpt lat="66.320537" lon="14.204110"></trkpt>
      <trkpt lat="66.320504" lon="14.204388"></trkpt>
      <trkpt lat="66.320445" lon="14.204939"></trkpt>
      <trkpt lat="66.320404" lon="14.205359"></trkpt>
      <trkpt lat="66.320370" lon="14.205727"></trkpt>
      <trkpt lat="66.320344" lon="14.206053"></trkpt>
      <trkpt lat="66.320329" lon="14.206288"></trkpt>
      <trkpt lat="66.320277" lon="14.207099"></trkpt>
      <trkpt lat="66.320260" lon="14.207482"></trkpt>
      <trkpt lat="66.320233" lon="14.208205"></trkpt>
      <trkpt lat="66.320214" lon="14.208764"></trkpt>
      <trkpt lat="66.320192" lon="14.209615"></trkpt>
      <trkpt lat="66.320186" lon="14.209842"></trkpt>
      <trkpt lat="66.320162" lon="14.210876"></trkpt>
      <trkpt lat="66.320127" lon="14.212194"></trkpt>
      <trkpt lat="66.320105" lon="14.212911"></trkpt>
      <trkpt lat="66.320078" lon="14.213627"></trkpt>
      <trkpt lat="66.320051" lon="14.214032"></trkpt>
      <trkpt lat="66.320020" lon="14.214395"></trkpt>
      <trkpt lat="66.320000" lon="14.214584"></trkpt>
      <trkpt lat="66.319979" lon="14.214772"></trkpt>
      <trkpt lat="66.319952" lon="14.214978"></trkpt>
      <trkpt lat="66.319923" lon="14.215183"></trkpt>
      <trkpt lat="66.319869" lon="14.215505"></trkpt>
      <trkpt lat="66.319811" lon="14.215802"></trkpt>
      <trkpt lat="66.319739" lon="14.216140"></trkpt>
      <trkpt lat="66.319661" lon="14.216455"></trkpt>
      <trkpt lat="66.319572" lon="14.216777"></trkpt>
      <trkpt lat="66.319484" lon="14.217054"></trkpt>
      <trkpt lat="66.319381" lon="14.217368"></trkpt>
      <trkpt lat="66.319275" lon="14.217622"></trkpt>
      <trkpt lat="66.319207" lon="14.217778"></trkpt>
      <trkpt lat="66.319034" lon="14.218132"></trkpt>
      <trkpt lat="66.318912" lon="14.218350"></trkpt>
      <trkpt lat="66.318847" lon="14.218456"></trkpt>
      <trkpt lat="66.318723" lon="14.218639"></trkpt>
      <trkpt lat="66.318636" lon="14.218752"></trkpt>
      <trkpt lat="66.318352" lon="14.219093"></trkpt>
      <trkpt lat="66.318287" lon="14.219179"></trkpt>
      <trkpt lat="66.318171" lon="14.219340"></trkpt>
      <trkpt lat="66.318073" lon="14.219501"></trkpt>
      <trkpt lat="66.317999" lon="14.219628"></trkpt>
      <trkpt lat="66.317887" lon="14.219833"></trkpt>
      <trkpt lat="66.317825" lon="14.219960"></trkpt>
      <trkpt lat="66.317658" lon="14.220337"></trkpt>
      <trkpt lat="66.317557" lon="14.220591"></trkpt>
      <trkpt lat="66.317472" lon="14.220831"></trkpt>
      <trkpt lat="66.317342" lon="14.221244"></trkpt>
      <trkpt lat="66.317250" lon="14.221575"></trkpt>
      <trkpt lat="66.317199" lon="14.221786"></trkpt>
      <trkpt lat="66.317164" lon="14.221954"></trkpt>
      <trkpt lat="66.317132" lon="14.222159"></trkpt>
      <trkpt lat="66.317096" lon="14.222441"></trkpt>
      <trkpt lat="66.317084" lon="14.222661"></trkpt>
      <trkpt lat="66.317077" lon="14.222725"></trkpt>
      <trkpt lat="66.316977" lon="14.223629"></trkpt>
      <trkpt lat="66.316939" lon="14.224039"></trkpt>
      <trkpt lat="66.316857" lon="14.225046"></trkpt>
      <trkpt lat="66.316845" lon="14.225288"></trkpt>
      <trkpt lat="66.316805" lon="14.226058"></trkpt>
      <trkpt lat="66.316795" lon="14.226574"></trkpt>
      <trkpt lat="66.316792" lon="14.226688"></trkpt>
      <trkpt lat="66.316788" lon="14.227070"></trkpt>
      <trkpt lat="66.316785" lon="14.227363"></trkpt>
      <trkpt lat="66.316785" lon="14.227829"></trkpt>
      <trkpt lat="66.316784" lon="14.228422"></trkpt>
      <trkpt lat="66.316776" lon="14.228724"></trkpt>
      <trkpt lat="66.316765" lon="14.228967"></trkpt>
      <trkpt lat="66.316747" lon="14.229262"></trkpt>
      <trkpt lat="66.316724" lon="14.229555"></trkpt>
      <trkpt lat="66.316681" lon="14.229959"></trkpt>
      <trkpt lat="66.316628" lon="14.230343"></trkpt>
      <trkpt lat="66.316586" lon="14.230602"></trkpt>
      <trkpt lat="66.316552" lon="14.230791"></trkpt>
      <trkpt lat="66.316475" lon="14.231160"></trkpt>
      <trkpt lat="66.316406" lon="14.231457"></trkpt>
      <trkpt lat="66.316243" lon="14.232082"></trkpt>
      <trkpt lat="66.316179" lon="14.232316"></trkpt>
      <trkpt lat="66.315532" lon="14.234594"></trkpt>
      <trkpt lat="66.315446" lon="14.234909"></trkpt>
      <trkpt lat="66.315251" lon="14.235704"></trkpt>
      <trkpt lat="66.315136" lon="14.236221"></trkpt>
      <trkpt lat="66.315039" lon="14.236696"></trkpt>
      <trkpt lat="66.314973" lon="14.237036"></trkpt>
      <trkpt lat="66.314916" lon="14.237352"></trkpt>
      <trkpt lat="66.314839" lon="14.237851"></trkpt>
      <trkpt lat="66.314796" lon="14.238171"></trkpt>
      <trkpt lat="66.314740" lon="14.238636"></trkpt>
      <trkpt lat="66.314691" lon="14.239076"></trkpt>
      <trkpt lat="66.314659" lon="14.239432"></trkpt>
      <trkpt lat="66.314634" lon="14.239732"></trkpt>
      <trkpt lat="66.314530" lon="14.241166"></trkpt>
      <trkpt lat="66.314469" lon="14.241943"></trkpt>
      <trkpt lat="66.314462" lon="14.242022"></trkpt>
      <trkpt lat="66.314408" lon="14.242585"></trkpt>
      <trkpt lat="66.314364" lon="14.242981"></trkpt>
      <trkpt lat="66.314312" lon="14.243408"></trkpt>
      <trkpt lat="66.314172" lon="14.244474"></trkpt>
      <trkpt lat="66.314110" lon="14.244995"></trkpt>
      <trkpt lat="66.314098" lon="14.245120"></trkpt>
      <trkpt lat="66.314066" lon="14.245492"></trkpt>
      <trkpt lat="66.314049" lon="14.245737"></trkpt>
      <trkpt lat="66.314034" lon="14.246025"></trkpt>
      <trkpt lat="66.314023" lon="14.246370"></trkpt>
      <trkpt lat="66.314023" lon="14.246741"></trkpt>
      <trkpt lat="66.314032" lon="14.247130"></trkpt>
      <trkpt lat="66.314048" lon="14.247515"></trkpt>
      <trkpt lat="66.314074" lon="14.247911"></trkpt>
      <trkpt lat="66.314116" lon="14.248480"></trkpt>
      <trkpt lat="66.314295" lon="14.250836"></trkpt>
      <trkpt lat="66.314327" lon="14.251324"></trkpt>
      <trkpt lat="66.314356" lon="14.251837"></trkpt>
      <trkpt lat="66.314378" lon="14.252405"></trkpt>
      <trkpt lat="66.314391" lon="14.252896"></trkpt>
      <trkpt lat="66.314408" lon="14.253768"></trkpt>
      <trkpt lat="66.314427" lon="14.255148"></trkpt>
      <trkpt lat="66.314456" lon="14.256384"></trkpt>
      <trkpt lat="66.314490" lon="14.257426"></trkpt>
      <trkpt lat="66.314518" lon="14.258083"></trkpt>
      <trkpt lat="66.314587" lon="14.259347"></trkpt>
      <trkpt lat="66.314636" lon="14.260141"></trkpt>
      <trkpt lat="66.314683" lon="14.260788"></trkpt>
      <trkpt lat="66.314753" lon="14.261635"></trkpt>
      <trkpt lat="66.314939" lon="14.263675"></trkpt>
      <trkpt lat="66.314987" lon="14.264261"></trkpt>
      <trkpt lat="66.315028" lon="14.264899"></trkpt>
      <trkpt lat="66.315053" lon="14.265509"></trkpt>
      <trkpt lat="66.315069" lon="14.266026"></trkpt>
      <trkpt lat="66.315066" lon="14.266498"></trkpt>
      <trkpt lat="66.315055" lon="14.267023"></trkpt>
      <trkpt lat="66.314755" lon="14.278733"></trkpt>
      <trkpt lat="66.314749" lon="14.279052"></trkpt>
      <trkpt lat="66.314745" lon="14.279707"></trkpt>
      <trkpt lat="66.314748" lon="14.280576"></trkpt>
      <trkpt lat="66.314761" lon="14.281389"></trkpt>
      <trkpt lat="66.314788" lon="14.282634"></trkpt>
      <trkpt lat="66.314796" lon="14.283136"></trkpt>
      <trkpt lat="66.314791" lon="14.283586"></trkpt>
      <trkpt lat="66.314777" lon="14.283914"></trkpt>
      <trkpt lat="66.314767" lon="14.284080"></trkpt>
      <trkpt lat="66.314730" lon="14.284504"></trkpt>
      <trkpt lat="66.314700" lon="14.284783"></trkpt>
      <trkpt lat="66.314666" lon="14.285051"></trkpt>
      <trkpt lat="66.314597" lon="14.285484"></trkpt>
      <trkpt lat="66.314499" lon="14.285979"></trkpt>
      <trkpt lat="66.314399" lon="14.286386"></trkpt>
      <trkpt lat="66.313714" lon="14.288791"></trkpt>
      <trkpt lat="66.313484" lon="14.289618"></trkpt>
      <trkpt lat="66.313358" lon="14.290116"></trkpt>
      <trkpt lat="66.313309" lon="14.290353"></trkpt>
      <trkpt lat="66.313255" lon="14.290639"></trkpt>
      <trkpt lat="66.313231" lon="14.290783"></trkpt>
      <trkpt lat="66.313175" lon="14.291174"></trkpt>
      <trkpt lat="66.313131" lon="14.291605"></trkpt>
      <trkpt lat="66.313106" lon="14.291948"></trkpt>
      <trkpt lat="66.313094" lon="14.292248"></trkpt>
      <trkpt lat="66.313091" lon="14.292372"></trkpt>
      <trkpt lat="66.313091" lon="14.292622"></trkpt>
      <trkpt lat="66.313095" lon="14.292892"></trkpt>
      <trkpt lat="66.313106" lon="14.293259"></trkpt>
      <trkpt lat="66.313133" lon="14.293949"></trkpt>
      <trkpt lat="66.313207" lon="14.295849"></trkpt>
      <trkpt lat="66.313242" lon="14.296943"></trkpt>
      <trkpt lat="66.313265" lon="14.298038"></trkpt>
      <trkpt lat="66.313274" lon="14.298819"></trkpt>
      <trkpt lat="66.313277" lon="14.299383"></trkpt>
      <trkpt lat="66.313275" lon="14.302069"></trkpt>
      <trkpt lat="66.313261" lon="14.310033"></trkpt>
      <trkpt lat="66.313257" lon="14.310915"></trkpt>
      <trkpt lat="66.313249" lon="14.311907"></trkpt>
      <trkpt lat="66.313234" lon="14.312584"></trkpt>
      <trkpt lat="66.313214" lon="14.313125"></trkpt>
      <trkpt lat="66.313189" lon="14.313640"></trkpt>
      <trkpt lat="66.313155" lon="14.314176"></trkpt>
      <trkpt lat="66.313133" lon="14.314468"></trkpt>
      <trkpt lat="66.313105" lon="14.314793"></trkpt>
      <trkpt lat="66.313038" lon="14.315532"></trkpt>
      <trkpt lat="66.312965" lon="14.316166"></trkpt>
      <trkpt lat="66.312795" lon="14.317567"></trkpt>
      <trkpt lat="66.312508" lon="14.319866"></trkpt>
      <trkpt lat="66.311826" lon="14.325381"></trkpt>
      <trkpt lat="66.311683" lon="14.326560"></trkpt>
      <trkpt lat="66.311623" lon="14.327120"></trkpt>
      <trkpt lat="66.311590" lon="14.327505"></trkpt>
      <trkpt lat="66.311566" lon="14.327891"></trkpt>
      <trkpt lat="66.311558" lon="14.328173"></trkpt>
      <trkpt lat="66.311556" lon="14.328364"></trkpt>
      <trkpt lat="66.311557" lon="14.328758"></trkpt>
      <trkpt lat="66.311562" lon="14.328921"></trkpt>
      <trkpt lat="66.311585" lon="14.329395"></trkpt>
      <trkpt lat="66.311605" lon="14.329641"></trkpt>
      <trkpt lat="66.311622" lon="14.329831"></trkpt>
      <trkpt lat="66.311667" lon="14.330211"></trkpt>
      <trkpt lat="66.311724" lon="14.330598"></trkpt>
      <trkpt lat="66.311763" lon="14.330833"></trkpt>
      <trkpt lat="66.311834" lon="14.331212"></trkpt>
      <trkpt lat="66.311909" lon="14.331546"></trkpt>
      <trkpt lat="66.312036" lon="14.332044"></trkpt>
      <trkpt lat="66.312564" lon="14.334033"></trkpt>
      <trkpt lat="66.312673" lon="14.334459"></trkpt>
      <trkpt lat="66.312734" lon="14.334727"></trkpt>
      <trkpt lat="66.312822" lon="14.335146"></trkpt>
      <trkpt lat="66.312891" lon="14.335558"></trkpt>
      <trkpt lat="66.312951" lon="14.336007"></trkpt>
      <trkpt lat="66.313006" lon="14.336517"></trkpt>
      <trkpt lat="66.313027" lon="14.336778"></trkpt>
      <trkpt lat="66.313055" lon="14.337242"></trkpt>
      <trkpt lat="66.313069" lon="14.337797"></trkpt>
      <trkpt lat="66.313070" lon="14.338005"></trkpt>
      <trkpt lat="66.313062" lon="14.338510"></trkpt>
      <trkpt lat="66.313019" lon="14.339837"></trkpt>
      <trkpt lat="66.313048" lon="14.339852"></trkpt>
      <trkpt lat="66.313116" lon="14.339904"></trkpt>
      <trkpt lat="66.313175" lon="14.339960"></trkpt>
      <trkpt lat="66.313389" lon="14.340182"></trkpt>
      <trkpt lat="66.313430" lon="14.340230"></trkpt>
      <trkpt lat="66.313479" lon="14.340302"></trkpt>
      <trkpt lat="66.313533" lon="14.340413"></trkpt>
      <trkpt lat="66.313583" lon="14.340556"></trkpt>
      <trkpt lat="66.313620" lon="14.340686"></trkpt>
      <trkpt lat="66.313654" lon="14.340852"></trkpt>
      <trkpt lat="66.313668" lon="14.340963"></trkpt>
      <trkpt lat="66.313686" lon="14.341161"></trkpt>
      <trkpt lat="66.313703" lon="14.341473"></trkpt>
      <trkpt lat="66.313716" lon="14.341844"></trkpt>
      <trkpt lat="66.313761" lon="14.342788"></trkpt>
      <trkpt lat="66.313782" lon="14.343337"></trkpt>
      <trkpt lat="66.313796" lon="14.343906"></trkpt>
      <trkpt lat="66.313797" lon="14.344387"></trkpt>
      <trkpt lat="66.313801" lon="14.344484"></trkpt>
      <trkpt lat="66.313809" lon="14.344578"></trkpt>
      <trkpt lat="66.313820" lon="14.344685"></trkpt>
      <trkpt lat="66.313856" lon="14.344877"></trkpt>
      <trkpt lat="66.313895" lon="14.345014"></trkpt>
      <trkpt lat="66.313923" lon="14.345100"></trkpt>
      <trkpt lat="66.314003" lon="14.345256"></trkpt>
      <trkpt lat="66.314041" lon="14.345314"></trkpt>
      <trkpt lat="66.314115" lon="14.345382"></trkpt>
      <trkpt lat="66.314291" lon="14.345469"></trkpt>
      <trkpt lat="66.314457" lon="14.345538"></trkpt>
      <trkpt lat="66.314522" lon="14.345577"></trkpt>
      <trkpt lat="66.314597" lon="14.345648"></trkpt>
      <trkpt lat="66.314630" lon="14.345693"></trkpt>
      <trkpt lat="66.314691" lon="14.345802"></trkpt>
      <trkpt lat="66.314739" lon="14.345924"></trkpt>
      <trkpt lat="66.314776" lon="14.346054"></trkpt>
      <trkpt lat="66.314801" lon="14.346170"></trkpt>
      <trkpt lat="66.314875" lon="14.346590"></trkpt>
      <trkpt lat="66.314920" lon="14.346799"></trkpt>
      <trkpt lat="66.314934" lon="14.346855"></trkpt>
      <trkpt lat="66.315070" lon="14.347300"></trkpt>
      <trkpt lat="66.315246" lon="14.347853"></trkpt>
      <trkpt lat="66.315334" lon="14.348115"></trkpt>
      <trkpt lat="66.315483" lon="14.348532"></trkpt>
      <trkpt lat="66.315599" lon="14.348808"></trkpt>
      <trkpt lat="66.315661" lon="14.348931"></trkpt>
      <trkpt lat="66.315703" lon="14.349010"></trkpt>
      <trkpt lat="66.315765" lon="14.349110"></trkpt>
      <trkpt lat="66.315888" lon="14.349294"></trkpt>
      <trkpt lat="66.315981" lon="14.349399"></trkpt>
      <trkpt lat="66.316069" lon="14.349482"></trkpt>
      <trkpt lat="66.316122" lon="14.349522"></trkpt>
      <trkpt lat="66.316197" lon="14.349547"></trkpt>
      <trkpt lat="66.316271" lon="14.349563"></trkpt>
      <trkpt lat="66.316321" lon="14.349560"></trkpt>
      <trkpt lat="66.316405" lon="14.349533"></trkpt>
      <trkpt lat="66.316449" lon="14.349512"></trkpt>
      <trkpt lat="66.316511" lon="14.349471"></trkpt>
      <trkpt lat="66.316567" lon="14.349432"></trkpt>
      <trkpt lat="66.316624" lon="14.349409"></trkpt>
      <trkpt lat="66.316701" lon="14.349400"></trkpt>
      <trkpt lat="66.316773" lon="14.349415"></trkpt>
      <trkpt lat="66.316908" lon="14.349426"></trkpt>
      <trkpt lat="66.317212" lon="14.349476"></trkpt>
      <trkpt lat="66.317285" lon="14.349482"></trkpt>
      <trkpt lat="66.317341" lon="14.349476"></trkpt>
      <trkpt lat="66.317397" lon="14.349455"></trkpt>
      <trkpt lat="66.317470" lon="14.349409"></trkpt>
      <trkpt lat="66.317658" lon="14.349240"></trkpt>
      <trkpt lat="66.317751" lon="14.349165"></trkpt>
      <trkpt lat="66.317800" lon="14.349134"></trkpt>
      <trkpt lat="66.317849" lon="14.349118"></trkpt>
      <trkpt lat="66.317929" lon="14.349108"></trkpt>
      <trkpt lat="66.317958" lon="14.349113"></trkpt>
      <trkpt lat="66.318004" lon="14.349117"></trkpt>
      <trkpt lat="66.318061" lon="14.349145"></trkpt>
      <trkpt lat="66.318100" lon="14.349172"></trkpt>
      <trkpt lat="66.318164" lon="14.349259"></trkpt>
      <trkpt lat="66.318190" lon="14.349313"></trkpt>
      <trkpt lat="66.318217" lon="14.349378"></trkpt>
      <trkpt lat="66.318242" lon="14.349452"></trkpt>
      <trkpt lat="66.318263" lon="14.349532"></trkpt>
      <trkpt lat="66.318303" lon="14.349722"></trkpt>
      <trkpt lat="66.318362" lon="14.349951"></trkpt>
      <trkpt lat="66.318411" lon="14.350119"></trkpt>
      <trkpt lat="66.318483" lon="14.350317"></trkpt>
      <trkpt lat="66.318606" lon="14.350678"></trkpt>
      <trkpt lat="66.318682" lon="14.350937"></trkpt>
      <trkpt lat="66.318763" lon="14.351246"></trkpt>
      <trkpt lat="66.318919" lon="14.351881"></trkpt>
      <trkpt lat="66.319119" lon="14.352762"></trkpt>
      <trkpt lat="66.319211" lon="14.353184"></trkpt>
      <trkpt lat="66.319241" lon="14.353336"></trkpt>
      <trkpt lat="66.319263" lon="14.353470"></trkpt>
      <trkpt lat="66.319274" lon="14.353563"></trkpt>
      <trkpt lat="66.319299" lon="14.353791"></trkpt>
      <trkpt lat="66.319371" lon="14.354618"></trkpt>
      <trkpt lat="66.319380" lon="14.354737"></trkpt>
      <trkpt lat="66.319411" lon="14.355319"></trkpt>
      <trkpt lat="66.319429" lon="14.355739"></trkpt>
      <trkpt lat="66.319447" lon="14.355943"></trkpt>
      <trkpt lat="66.319472" lon="14.356128"></trkpt>
      <trkpt lat="66.319502" lon="14.356320"></trkpt>
      <trkpt lat="66.319547" lon="14.356535"></trkpt>
      <trkpt lat="66.319601" lon="14.356746"></trkpt>
      <trkpt lat="66.319629" lon="14.356890"></trkpt>
      <trkpt lat="66.319651" lon="14.357056"></trkpt>
      <trkpt lat="66.319662" lon="14.357169"></trkpt>
      <trkpt lat="66.319670" lon="14.357275"></trkpt>
      <trkpt lat="66.319685" lon="14.357565"></trkpt>
      <trkpt lat="66.319705" lon="14.358042"></trkpt>
      <trkpt lat="66.319713" lon="14.358340"></trkpt>
      <trkpt lat="66.319712" lon="14.358582"></trkpt>
      <trkpt lat="66.319689" lon="14.359323"></trkpt>
      <trkpt lat="66.319682" lon="14.359738"></trkpt>
      <trkpt lat="66.319679" lon="14.360391"></trkpt>
      <trkpt lat="66.319684" lon="14.360614"></trkpt>
      <trkpt lat="66.319680" lon="14.360838"></trkpt>
      <trkpt lat="66.319672" lon="14.360995"></trkpt>
      <trkpt lat="66.319665" lon="14.361070"></trkpt>
      <trkpt lat="66.319658" lon="14.361141"></trkpt>
      <trkpt lat="66.319634" lon="14.361317"></trkpt>
      <trkpt lat="66.319523" lon="14.361984"></trkpt>
      <trkpt lat="66.319503" lon="14.362151"></trkpt>
      <trkpt lat="66.319488" lon="14.362352"></trkpt>
      <trkpt lat="66.319475" lon="14.362602"></trkpt>
      <trkpt lat="66.319468" lon="14.362925"></trkpt>
      <trkpt lat="66.319468" lon="14.362991"></trkpt>
      <trkpt lat="66.319469" lon="14.363386"></trkpt>
      <trkpt lat="66.319457" lon="14.364078"></trkpt>
      <trkpt lat="66.319442" lon="14.364411"></trkpt>
      <trkpt lat="66.319401" lon="14.365028"></trkpt>
      <trkpt lat="66.319360" lon="14.365733"></trkpt>
      <trkpt lat="66.319346" lon="14.366159"></trkpt>
      <trkpt lat="66.319344" lon="14.366504"></trkpt>
      <trkpt lat="66.319355" lon="14.366959"></trkpt>
      <trkpt lat="66.319386" lon="14.367582"></trkpt>
      <trkpt lat="66.319417" lon="14.368003"></trkpt>
      <trkpt lat="66.319442" lon="14.368267"></trkpt>
      <trkpt lat="66.319510" lon="14.368837"></trkpt>
      <trkpt lat="66.319597" lon="14.369669"></trkpt>
      <trkpt lat="66.319635" lon="14.370012"></trkpt>
      <trkpt lat="66.319710" lon="14.370591"></trkpt>
      <trkpt lat="66.319767" lon="14.370956"></trkpt>
      <trkpt lat="66.319804" lon="14.371127"></trkpt>
      <trkpt lat="66.319833" lon="14.371241"></trkpt>
      <trkpt lat="66.319896" lon="14.371438"></trkpt>
      <trkpt lat="66.319917" lon="14.371488"></trkpt>
      <trkpt lat="66.319979" lon="14.371609"></trkpt>
      <trkpt lat="66.320016" lon="14.371665"></trkpt>
      <trkpt lat="66.320126" lon="14.371797"></trkpt>
      <trkpt lat="66.320167" lon="14.371861"></trkpt>
      <trkpt lat="66.320244" lon="14.371993"></trkpt>
      <trkpt lat="66.320312" lon="14.372125"></trkpt>
      <trkpt lat="66.320417" lon="14.372362"></trkpt>
      <trkpt lat="66.320585" lon="14.372786"></trkpt>
      <trkpt lat="66.320616" lon="14.372859"></trkpt>
      <trkpt lat="66.320668" lon="14.372965"></trkpt>
      <trkpt lat="66.320712" lon="14.373027"></trkpt>
      <trkpt lat="66.320774" lon="14.373084"></trkpt>
      <trkpt lat="66.320814" lon="14.373104"></trkpt>
      <trkpt lat="66.320882" lon="14.373120"></trkpt>
      <trkpt lat="66.321022" lon="14.373153"></trkpt>
      <trkpt lat="66.321059" lon="14.373178"></trkpt>
      <trkpt lat="66.321134" lon="14.373259"></trkpt>
      <trkpt lat="66.321194" lon="14.373346"></trkpt>
      <trkpt lat="66.321253" lon="14.373472"></trkpt>
      <trkpt lat="66.321303" lon="14.373614"></trkpt>
      <trkpt lat="66.321338" lon="14.373747"></trkpt>
      <trkpt lat="66.321393" lon="14.374005"></trkpt>
      <trkpt lat="66.321423" lon="14.374204"></trkpt>
      <trkpt lat="66.321537" lon="14.374841"></trkpt>
      <trkpt lat="66.321629" lon="14.375396"></trkpt>
      <trkpt lat="66.321691" lon="14.375725"></trkpt>
      <trkpt lat="66.321730" lon="14.375888"></trkpt>
      <trkpt lat="66.321939" lon="14.376652"></trkpt>
      <trkpt lat="66.322024" lon="14.377001"></trkpt>
      <trkpt lat="66.322146" lon="14.377625"></trkpt>
      <trkpt lat="66.322202" lon="14.377952"></trkpt>
      <trkpt lat="66.322273" lon="14.378443"></trkpt>
      <trkpt lat="66.322454" lon="14.379639"></trkpt>
      <trkpt lat="66.322561" lon="14.380511"></trkpt>
      <trkpt lat="66.322585" lon="14.380750"></trkpt>
      <trkpt lat="66.322588" lon="14.380820"></trkpt>
      <trkpt lat="66.322599" lon="14.381116"></trkpt>
      <trkpt lat="66.322599" lon="14.381283"></trkpt>
      <trkpt lat="66.322617" lon="14.382576"></trkpt>
      <trkpt lat="66.322625" lon="14.382824"></trkpt>
      <trkpt lat="66.322651" lon="14.383265"></trkpt>
      <trkpt lat="66.322683" lon="14.383640"></trkpt>
      <trkpt lat="66.322708" lon="14.383875"></trkpt>
      <trkpt lat="66.322761" lon="14.384322"></trkpt>
      <trkpt lat="66.322782" lon="14.384537"></trkpt>
      <trkpt lat="66.322793" lon="14.384647"></trkpt>
      <trkpt lat="66.322804" lon="14.384932"></trkpt>
      <trkpt lat="66.322805" lon="14.385368"></trkpt>
      <trkpt lat="66.322793" lon="14.386177"></trkpt>
      <trkpt lat="66.322778" lon="14.386770"></trkpt>
      <trkpt lat="66.322764" lon="14.387090"></trkpt>
      <trkpt lat="66.322736" lon="14.387467"></trkpt>
      <trkpt lat="66.322694" lon="14.387950"></trkpt>
      <trkpt lat="66.322684" lon="14.388136"></trkpt>
      <trkpt lat="66.322682" lon="14.388250"></trkpt>
      <trkpt lat="66.322686" lon="14.388321"></trkpt>
      <trkpt lat="66.322703" lon="14.388459"></trkpt>
      <trkpt lat="66.322718" lon="14.388523"></trkpt>
      <trkpt lat="66.322747" lon="14.388607"></trkpt>
      <trkpt lat="66.322764" lon="14.388646"></trkpt>
      <trkpt lat="66.322800" lon="14.388707"></trkpt>
      <trkpt lat="66.322843" lon="14.388761"></trkpt>
      <trkpt lat="66.322890" lon="14.388804"></trkpt>
      <trkpt lat="66.322976" lon="14.388863"></trkpt>
      <trkpt lat="66.323050" lon="14.388892"></trkpt>
      <trkpt lat="66.323191" lon="14.388905"></trkpt>
      <trkpt lat="66.323296" lon="14.388877"></trkpt>
      <trkpt lat="66.323355" lon="14.388841"></trkpt>
      <trkpt lat="66.323385" lon="14.388817"></trkpt>
      <trkpt lat="66.323441" lon="14.388755"></trkpt>
      <trkpt lat="66.323526" lon="14.388620"></trkpt>
      <trkpt lat="66.323642" lon="14.388413"></trkpt>
      <trkpt lat="66.323714" lon="14.388302"></trkpt>
      <trkpt lat="66.323754" lon="14.388259"></trkpt>
      <trkpt lat="66.323814" lon="14.388214"></trkpt>
      <trkpt lat="66.323881" lon="14.388183"></trkpt>
      <trkpt lat="66.324211" lon="14.388179"></trkpt>
      <trkpt lat="66.324375" lon="14.388191"></trkpt>
      <trkpt lat="66.324506" lon="14.388226"></trkpt>
      <trkpt lat="66.324621" lon="14.388292"></trkpt>
      <trkpt lat="66.324721" lon="14.388371"></trkpt>
      <trkpt lat="66.324788" lon="14.388440"></trkpt>
      <trkpt lat="66.324875" lon="14.388553"></trkpt>
      <trkpt lat="66.324988" lon="14.388753"></trkpt>
      <trkpt lat="66.325014" lon="14.388811"></trkpt>
      <trkpt lat="66.325095" lon="14.388993"></trkpt>
      <trkpt lat="66.325500" lon="14.390095"></trkpt>
      <trkpt lat="66.325565" lon="14.390269"></trkpt>
      <trkpt lat="66.325625" lon="14.390417"></trkpt>
      <trkpt lat="66.325758" lon="14.390778"></trkpt>
      <trkpt lat="66.325943" lon="14.391357"></trkpt>
      <trkpt lat="66.326067" lon="14.391730"></trkpt>
      <trkpt lat="66.326135" lon="14.391920"></trkpt>
      <trkpt lat="66.326226" lon="14.392156"></trkpt>
      <trkpt lat="66.326504" lon="14.392820"></trkpt>
      <trkpt lat="66.326604" lon="14.393074"></trkpt>
      <trkpt lat="66.326911" lon="14.393939"></trkpt>
      <trkpt lat="66.326952" lon="14.394031"></trkpt>
      <trkpt lat="66.327027" lon="14.394157"></trkpt>
      <trkpt lat="66.327078" lon="14.394210"></trkpt>
      <trkpt lat="66.327142" lon="14.394261"></trkpt>
      <trkpt lat="66.327221" lon="14.394301"></trkpt>
      <trkpt lat="66.327280" lon="14.394317"></trkpt>
      <trkpt lat="66.327441" lon="14.394331"></trkpt>
      <trkpt lat="66.327551" lon="14.394323"></trkpt>
      <trkpt lat="66.327731" lon="14.394297"></trkpt>
      <trkpt lat="66.327878" lon="14.394259"></trkpt>
      <trkpt lat="66.327956" lon="14.394227"></trkpt>
      <trkpt lat="66.327980" lon="14.394210"></trkpt>
      <trkpt lat="66.328025" lon="14.394172"></trkpt>
      <trkpt lat="66.328077" lon="14.394092"></trkpt>
      <trkpt lat="66.328109" lon="14.394031"></trkpt>
      <trkpt lat="66.328150" lon="14.393931"></trkpt>
      <trkpt lat="66.328202" lon="14.393753"></trkpt>
      <trkpt lat="66.328238" lon="14.393550"></trkpt>
      <trkpt lat="66.328249" lon="14.393421"></trkpt>
      <trkpt lat="66.328254" lon="14.393282"></trkpt>
      <trkpt lat="66.328252" lon="14.393137"></trkpt>
      <trkpt lat="66.328242" lon="14.393000"></trkpt>
      <trkpt lat="66.328210" lon="14.392745"></trkpt>
      <trkpt lat="66.328190" lon="14.392617"></trkpt>
      <trkpt lat="66.328156" lon="14.392433"></trkpt>
      <trkpt lat="66.328067" lon="14.391986"></trkpt>
      <trkpt lat="66.328053" lon="14.391860"></trkpt>
      <trkpt lat="66.328045" lon="14.391734"></trkpt>
      <trkpt lat="66.328042" lon="14.391606"></trkpt>
      <trkpt lat="66.328048" lon="14.391497"></trkpt>
      <trkpt lat="66.328060" lon="14.391393"></trkpt>
      <trkpt lat="66.328083" lon="14.391278"></trkpt>
      <trkpt lat="66.328117" lon="14.391179"></trkpt>
      <trkpt lat="66.328154" lon="14.391086"></trkpt>
      <trkpt lat="66.328188" lon="14.391019"></trkpt>
      <trkpt lat="66.328227" lon="14.390962"></trkpt>
      <trkpt lat="66.328269" lon="14.390934"></trkpt>
      <trkpt lat="66.328362" lon="14.390902"></trkpt>
      <trkpt lat="66.328732" lon="14.390802"></trkpt>
      <trkpt lat="66.328816" lon="14.390786"></trkpt>
      <trkpt lat="66.328888" lon="14.390783"></trkpt>
      <trkpt lat="66.328953" lon="14.390797"></trkpt>
      <trkpt lat="66.329022" lon="14.390841"></trkpt>
      <trkpt lat="66.329088" lon="14.390897"></trkpt>
      <trkpt lat="66.329152" lon="14.390970"></trkpt>
      <trkpt lat="66.329209" lon="14.391047"></trkpt>
      <trkpt lat="66.329436" lon="14.391437"></trkpt>
      <trkpt lat="66.329501" lon="14.391522"></trkpt>
      <trkpt lat="66.329564" lon="14.391597"></trkpt>
      <trkpt lat="66.329603" lon="14.391634"></trkpt>
      <trkpt lat="66.329676" lon="14.391665"></trkpt>
      <trkpt lat="66.329733" lon="14.391658"></trkpt>
      <trkpt lat="66.329809" lon="14.391603"></trkpt>
      <trkpt lat="66.329847" lon="14.391554"></trkpt>
      <trkpt lat="66.329873" lon="14.391510"></trkpt>
      <trkpt lat="66.329919" lon="14.391400"></trkpt>
      <trkpt lat="66.329938" lon="14.391331"></trkpt>
      <trkpt lat="66.329967" lon="14.391153"></trkpt>
      <trkpt lat="66.330015" lon="14.390627"></trkpt>
      <trkpt lat="66.330065" lon="14.390255"></trkpt>
      <trkpt lat="66.330107" lon="14.390025"></trkpt>
      <trkpt lat="66.330156" lon="14.389792"></trkpt>
      <trkpt lat="66.330179" lon="14.389698"></trkpt>
      <trkpt lat="66.330210" lon="14.389596"></trkpt>
      <trkpt lat="66.330253" lon="14.389483"></trkpt>
      <trkpt lat="66.330298" lon="14.389390"></trkpt>
      <trkpt lat="66.330382" lon="14.389255"></trkpt>
      <trkpt lat="66.330488" lon="14.389108"></trkpt>
      <trkpt lat="66.330554" lon="14.389059"></trkpt>
      <trkpt lat="66.330611" lon="14.389036"></trkpt>
      <trkpt lat="66.330674" lon="14.389030"></trkpt>
      <trkpt lat="66.330741" lon="14.389051"></trkpt>
      <trkpt lat="66.330822" lon="14.389102"></trkpt>
      <trkpt lat="66.330924" lon="14.389197"></trkpt>
      <trkpt lat="66.330964" lon="14.389253"></trkpt>
      <trkpt lat="66.331017" lon="14.389314"></trkpt>
      <trkpt lat="66.331077" lon="14.389411"></trkpt>
      <trkpt lat="66.331118" lon="14.389496"></trkpt>
      <trkpt lat="66.331162" lon="14.389601"></trkpt>
      <trkpt lat="66.331189" lon="14.389684"></trkpt>
      <trkpt lat="66.331265" lon="14.389949"></trkpt>
      <trkpt lat="66.331338" lon="14.390248"></trkpt>
      <trkpt lat="66.331795" lon="14.392260"></trkpt>
      <trkpt lat="66.331853" lon="14.392487"></trkpt>
      <trkpt lat="66.331926" lon="14.392717"></trkpt>
      <trkpt lat="66.332013" lon="14.392940"></trkpt>
      <trkpt lat="66.332093" lon="14.393172"></trkpt>
      <trkpt lat="66.332191" lon="14.393493"></trkpt>
      <trkpt lat="66.332267" lon="14.393782"></trkpt>
      <trkpt lat="66.332325" lon="14.394024"></trkpt>
      <trkpt lat="66.332411" lon="14.394404"></trkpt>
      <trkpt lat="66.332501" lon="14.394827"></trkpt>
      <trkpt lat="66.332587" lon="14.395188"></trkpt>
      <trkpt lat="66.332663" lon="14.395464"></trkpt>
      <trkpt lat="66.332725" lon="14.395669"></trkpt>
      <trkpt lat="66.332838" lon="14.396013"></trkpt>
      <trkpt lat="66.332883" lon="14.396170"></trkpt>
      <trkpt lat="66.332910" lon="14.396285"></trkpt>
      <trkpt lat="66.332949" lon="14.396500"></trkpt>
      <trkpt lat="66.332971" lon="14.396666"></trkpt>
      <trkpt lat="66.333047" lon="14.397367"></trkpt>
      <trkpt lat="66.333123" lon="14.397926"></trkpt>
      <trkpt lat="66.333162" lon="14.398183"></trkpt>
      <trkpt lat="66.333283" lon="14.398886"></trkpt>
      <trkpt lat="66.333357" lon="14.399270"></trkpt>
      <trkpt lat="66.333388" lon="14.399400"></trkpt>
      <trkpt lat="66.333515" lon="14.400075"></trkpt>
      <trkpt lat="66.333590" lon="14.400428"></trkpt>
      <trkpt lat="66.333655" lon="14.400690"></trkpt>
      <trkpt lat="66.333786" lon="14.401098"></trkpt>
      <trkpt lat="66.333859" lon="14.401345"></trkpt>
      <trkpt lat="66.333901" lon="14.401516"></trkpt>
      <trkpt lat="66.334021" lon="14.402053"></trkpt>
      <trkpt lat="66.334075" lon="14.402336"></trkpt>
      <trkpt lat="66.334136" lon="14.402714"></trkpt>
      <trkpt lat="66.334197" lon="14.403177"></trkpt>
      <trkpt lat="66.334247" lon="14.403510"></trkpt>
      <trkpt lat="66.334275" lon="14.403659"></trkpt>
      <trkpt lat="66.334299" lon="14.403764"></trkpt>
      <trkpt lat="66.334432" lon="14.404247"></trkpt>
      <trkpt lat="66.334493" lon="14.404527"></trkpt>
      <trkpt lat="66.334507" lon="14.404600"></trkpt>
      <trkpt lat="66.334547" lon="14.404893"></trkpt>
      <trkpt lat="66.334573" lon="14.405108"></trkpt>
      <trkpt lat="66.334598" lon="14.405410"></trkpt>
      <trkpt lat="66.334640" lon="14.406147"></trkpt>
      <trkpt lat="66.334655" lon="14.406509"></trkpt>
      <trkpt lat="66.334658" lon="14.406787"></trkpt>
      <trkpt lat="66.334642" lon="14.407556"></trkpt>
      <trkpt lat="66.334642" lon="14.407729"></trkpt>
      <trkpt lat="66.334656" lon="14.408032"></trkpt>
      <trkpt lat="66.334695" lon="14.408510"></trkpt>
      <trkpt lat="66.334708" lon="14.408722"></trkpt>
      <trkpt lat="66.334737" lon="14.409195"></trkpt>
      <trkpt lat="66.334757" lon="14.409592"></trkpt>
      <trkpt lat="66.334776" lon="14.409876"></trkpt>
      <trkpt lat="66.334791" lon="14.410022"></trkpt>
      <trkpt lat="66.334810" lon="14.410168"></trkpt>
      <trkpt lat="66.334884" lon="14.410566"></trkpt>
      <trkpt lat="66.334915" lon="14.410791"></trkpt>
      <trkpt lat="66.334930" lon="14.410928"></trkpt>
      <trkpt lat="66.334940" lon="14.411077"></trkpt>
      <trkpt lat="66.334946" lon="14.411228"></trkpt>
      <trkpt lat="66.334945" lon="14.411509"></trkpt>
      <trkpt lat="66.334917" lon="14.412475"></trkpt>
      <trkpt lat="66.334911" lon="14.412736"></trkpt>
      <trkpt lat="66.334911" lon="14.412865"></trkpt>
      <trkpt lat="66.334911" lon="14.413054"></trkpt>
      <trkpt lat="66.334918" lon="14.413294"></trkpt>
      <trkpt lat="66.334944" lon="14.413811"></trkpt>
      <trkpt lat="66.334954" lon="14.414084"></trkpt>
      <trkpt lat="66.334959" lon="14.414324"></trkpt>
      <trkpt lat="66.334955" lon="14.414451"></trkpt>
      <trkpt lat="66.334938" lon="14.414706"></trkpt>
      <trkpt lat="66.334885" lon="14.415099"></trkpt>
      <trkpt lat="66.334853" lon="14.415270"></trkpt>
      <trkpt lat="66.334777" lon="14.415781"></trkpt>
      <trkpt lat="66.334744" lon="14.416055"></trkpt>
      <trkpt lat="66.334712" lon="14.416451"></trkpt>
      <trkpt lat="66.334709" lon="14.416602"></trkpt>
      <trkpt lat="66.334712" lon="14.416742"></trkpt>
      <trkpt lat="66.334722" lon="14.416875"></trkpt>
      <trkpt lat="66.334763" lon="14.417209"></trkpt>
      <trkpt lat="66.334782" lon="14.417459"></trkpt>
      <trkpt lat="66.334810" lon="14.418181"></trkpt>
      <trkpt lat="66.334824" lon="14.418369"></trkpt>
      <trkpt lat="66.334841" lon="14.418554"></trkpt>
      <trkpt lat="66.334861" lon="14.418728"></trkpt>
      <trkpt lat="66.334913" lon="14.419083"></trkpt>
      <trkpt lat="66.334953" lon="14.419318"></trkpt>
      <trkpt lat="66.334982" lon="14.419465"></trkpt>
      <trkpt lat="66.335081" lon="14.419862"></trkpt>
      <trkpt lat="66.335178" lon="14.420191"></trkpt>
      <trkpt lat="66.335271" lon="14.420449"></trkpt>
      <trkpt lat="66.335395" lon="14.420753"></trkpt>
      <trkpt lat="66.335497" lon="14.420974"></trkpt>
      <trkpt lat="66.335539" lon="14.421058"></trkpt>
      <trkpt lat="66.335727" lon="14.421402"></trkpt>
      <trkpt lat="66.335817" lon="14.421575"></trkpt>
      <trkpt lat="66.335914" lon="14.421786"></trkpt>
      <trkpt lat="66.335965" lon="14.421917"></trkpt>
      <trkpt lat="66.336001" lon="14.422033"></trkpt>
      <trkpt lat="66.336023" lon="14.422112"></trkpt>
      <trkpt lat="66.336060" lon="14.422297"></trkpt>
      <trkpt lat="66.336318" lon="14.423897"></trkpt>
      <trkpt lat="66.336361" lon="14.424187"></trkpt>
      <trkpt lat="66.336409" lon="14.424503"></trkpt>
      <trkpt lat="66.336461" lon="14.424894"></trkpt>
      <trkpt lat="66.336538" lon="14.425534"></trkpt>
      <trkpt lat="66.336583" lon="14.425784"></trkpt>
      <trkpt lat="66.336619" lon="14.425921"></trkpt>
      <trkpt lat="66.336665" lon="14.426026"></trkpt>
      <trkpt lat="66.336719" lon="14.426088"></trkpt>
      <trkpt lat="66.336765" lon="14.426096"></trkpt>
      <trkpt lat="66.336780" lon="14.426094"></trkpt>
      <trkpt lat="66.336817" lon="14.426077"></trkpt>
      <trkpt lat="66.336865" lon="14.426017"></trkpt>
      <trkpt lat="66.336901" lon="14.425932"></trkpt>
      <trkpt lat="66.337025" lon="14.425582"></trkpt>
      <trkpt lat="66.337092" lon="14.425433"></trkpt>
      <trkpt lat="66.337134" lon="14.425363"></trkpt>
      <trkpt lat="66.337266" lon="14.425175"></trkpt>
      <trkpt lat="66.337395" lon="14.424981"></trkpt>
      <trkpt lat="66.337477" lon="14.424876"></trkpt>
      <trkpt lat="66.337515" lon="14.424835"></trkpt>
      <trkpt lat="66.337602" lon="14.424788"></trkpt>
      <trkpt lat="66.337688" lon="14.424810"></trkpt>
      <trkpt lat="66.337781" lon="14.424880"></trkpt>
      <trkpt lat="66.337831" lon="14.424944"></trkpt>
      <trkpt lat="66.337886" lon="14.425027"></trkpt>
      <trkpt lat="66.337925" lon="14.425088"></trkpt>
      <trkpt lat="66.337987" lon="14.425200"></trkpt>
      <trkpt lat="66.338251" lon="14.425691"></trkpt>
      <trkpt lat="66.338391" lon="14.425928"></trkpt>
      <trkpt lat="66.338594" lon="14.426218"></trkpt>
      <trkpt lat="66.338619" lon="14.426261"></trkpt>
      <trkpt lat="66.338662" lon="14.426334"></trkpt>
      <trkpt lat="66.338767" lon="14.426538"></trkpt>
      <trkpt lat="66.339005" lon="14.427039"></trkpt>
      <trkpt lat="66.339111" lon="14.427248"></trkpt>
      <trkpt lat="66.339163" lon="14.427342"></trkpt>
      <trkpt lat="66.339215" lon="14.427459"></trkpt>
      <trkpt lat="66.339244" lon="14.427537"></trkpt>
      <trkpt lat="66.339266" lon="14.427594"></trkpt>
      <trkpt lat="66.339338" lon="14.427819"></trkpt>
      <trkpt lat="66.339384" lon="14.427976"></trkpt>
      <trkpt lat="66.339551" lon="14.428457"></trkpt>
      <trkpt lat="66.339759" lon="14.429099"></trkpt>
      <trkpt lat="66.339819" lon="14.429321"></trkpt>
      <trkpt lat="66.339892" lon="14.429623"></trkpt>
      <trkpt lat="66.339946" lon="14.429876"></trkpt>
      <trkpt lat="66.340301" lon="14.431638"></trkpt>
      <trkpt lat="66.340342" lon="14.431881"></trkpt>
      <trkpt lat="66.340359" lon="14.432007"></trkpt>
      <trkpt lat="66.340369" lon="14.432149"></trkpt>
      <trkpt lat="66.340370" lon="14.432238"></trkpt>
      <trkpt lat="66.340370" lon="14.432279"></trkpt>
      <trkpt lat="66.340332" lon="14.433092"></trkpt>
      <trkpt lat="66.340324" lon="14.433336"></trkpt>
      <trkpt lat="66.340320" lon="14.433485"></trkpt>
      <trkpt lat="66.340319" lon="14.434153"></trkpt>
      <trkpt lat="66.340316" lon="14.434301"></trkpt>
      <trkpt lat="66.340311" lon="14.434439"></trkpt>
      <trkpt lat="66.340290" lon="14.434797"></trkpt>
      <trkpt lat="66.340286" lon="14.434908"></trkpt>
      <trkpt lat="66.340286" lon="14.435006"></trkpt>
      <trkpt lat="66.340290" lon="14.435102"></trkpt>
      <trkpt lat="66.340302" lon="14.435226"></trkpt>
      <trkpt lat="66.340316" lon="14.435299"></trkpt>
      <trkpt lat="66.340323" lon="14.435339"></trkpt>
      <trkpt lat="66.340340" lon="14.435389"></trkpt>
      <trkpt lat="66.340404" lon="14.435510"></trkpt>
      <trkpt lat="66.340614" lon="14.435763"></trkpt>
      <trkpt lat="66.341110" lon="14.436437"></trkpt>
      <trkpt lat="66.341316" lon="14.436693"></trkpt>
      <trkpt lat="66.341850" lon="14.437298"></trkpt>
      <trkpt lat="66.341994" lon="14.437446"></trkpt>
      <trkpt lat="66.342065" lon="14.437514"></trkpt>
      <trkpt lat="66.342144" lon="14.437569"></trkpt>
      <trkpt lat="66.342225" lon="14.437604"></trkpt>
      <trkpt lat="66.342261" lon="14.437610"></trkpt>
      <trkpt lat="66.342381" lon="14.437624"></trkpt>
      <trkpt lat="66.342559" lon="14.437622"></trkpt>
      <trkpt lat="66.342640" lon="14.437630"></trkpt>
      <trkpt lat="66.342687" lon="14.437642"></trkpt>
      <trkpt lat="66.342749" lon="14.437682"></trkpt>
      <trkpt lat="66.342769" lon="14.437696"></trkpt>
      <trkpt lat="66.342787" lon="14.437709"></trkpt>
      <trkpt lat="66.343193" lon="14.438194"></trkpt>
      <trkpt lat="66.343241" lon="14.438266"></trkpt>
      <trkpt lat="66.343284" lon="14.438339"></trkpt>
      <trkpt lat="66.343321" lon="14.438434"></trkpt>
      <trkpt lat="66.343357" lon="14.438560"></trkpt>
      <trkpt lat="66.343367" lon="14.438613"></trkpt>
      <trkpt lat="66.343384" lon="14.438703"></trkpt>
      <trkpt lat="66.343405" lon="14.438841"></trkpt>
      <trkpt lat="66.343420" lon="14.438981"></trkpt>
      <trkpt lat="66.343442" lon="14.439282"></trkpt>
      <trkpt lat="66.343464" lon="14.439768"></trkpt>
      <trkpt lat="66.343516" lon="14.441197"></trkpt>
      <trkpt lat="66.343555" lon="14.442971"></trkpt>
      <trkpt lat="66.343562" lon="14.443172"></trkpt>
      <trkpt lat="66.343581" lon="14.443425"></trkpt>
      <trkpt lat="66.343592" lon="14.443543"></trkpt>
      <trkpt lat="66.343699" lon="14.444403"></trkpt>
      <trkpt lat="66.343724" lon="14.444626"></trkpt>
      <trkpt lat="66.343768" lon="14.445063"></trkpt>
      <trkpt lat="66.343800" lon="14.445477"></trkpt>
      <trkpt lat="66.343816" lon="14.445779"></trkpt>
      <trkpt lat="66.343836" lon="14.446255"></trkpt>
      <trkpt lat="66.343847" lon="14.446907"></trkpt>
      <trkpt lat="66.343847" lon="14.447132"></trkpt>
      <trkpt lat="66.343832" lon="14.447600"></trkpt>
      <trkpt lat="66.343823" lon="14.448051"></trkpt>
      <trkpt lat="66.343815" lon="14.448306"></trkpt>
      <trkpt lat="66.343796" lon="14.448764"></trkpt>
      <trkpt lat="66.343776" lon="14.449362"></trkpt>
      <trkpt lat="66.343768" lon="14.449673"></trkpt>
      <trkpt lat="66.343765" lon="14.449938"></trkpt>
      <trkpt lat="66.343768" lon="14.450154"></trkpt>
      <trkpt lat="66.343773" lon="14.450296"></trkpt>
      <trkpt lat="66.343813" lon="14.451275"></trkpt>
      <trkpt lat="66.343826" lon="14.451493"></trkpt>
      <trkpt lat="66.343848" lon="14.451685"></trkpt>
      <trkpt lat="66.343870" lon="14.451805"></trkpt>
      <trkpt lat="66.343899" lon="14.451927"></trkpt>
      <trkpt lat="66.343938" lon="14.452055"></trkpt>
      <trkpt lat="66.344001" lon="14.452239"></trkpt>
      <trkpt lat="66.344027" lon="14.452332"></trkpt>
      <trkpt lat="66.344065" lon="14.452508"></trkpt>
      <trkpt lat="66.344100" lon="14.452715"></trkpt>
      <trkpt lat="66.344161" lon="14.453234"></trkpt>
      <trkpt lat="66.344206" lon="14.453484"></trkpt>
      <trkpt lat="66.344267" lon="14.453787"></trkpt>
      <trkpt lat="66.344289" lon="14.453921"></trkpt>
      <trkpt lat="66.344305" lon="14.454064"></trkpt>
      <trkpt lat="66.344320" lon="14.454207"></trkpt>
      <trkpt lat="66.344330" lon="14.454337"></trkpt>
      <trkpt lat="66.344374" lon="14.455191"></trkpt>
      <trkpt lat="66.344386" lon="14.455378"></trkpt>
      <trkpt lat="66.344399" lon="14.455479"></trkpt>
      <trkpt lat="66.344408" lon="14.455533"></trkpt>
      <trkpt lat="66.344446" lon="14.455678"></trkpt>
      <trkpt lat="66.344498" lon="14.455948"></trkpt>
      <trkpt lat="66.344516" lon="14.456073"></trkpt>
      <trkpt lat="66.344527" lon="14.456194"></trkpt>
      <trkpt lat="66.344533" lon="14.456265"></trkpt>
      <trkpt lat="66.344540" lon="14.456408"></trkpt>
      <trkpt lat="66.344542" lon="14.456937"></trkpt>
      <trkpt lat="66.344547" lon="14.457062"></trkpt>
      <trkpt lat="66.344565" lon="14.457221"></trkpt>
      <trkpt lat="66.344591" lon="14.457377"></trkpt>
      <trkpt lat="66.344620" lon="14.457517"></trkpt>
      <trkpt lat="66.344727" lon="14.457962"></trkpt>
      <trkpt lat="66.344799" lon="14.458294"></trkpt>
      <trkpt lat="66.344841" lon="14.458527"></trkpt>
      <trkpt lat="66.344855" lon="14.458647"></trkpt>
      <trkpt lat="66.344869" lon="14.458785"></trkpt>
      <trkpt lat="66.344879" lon="14.458945"></trkpt>
      <trkpt lat="66.344885" lon="14.459246"></trkpt>
      <trkpt lat="66.344879" lon="14.459583"></trkpt>
      <trkpt lat="66.344866" lon="14.460047"></trkpt>
      <trkpt lat="66.344849" lon="14.460441"></trkpt>
      <trkpt lat="66.344813" lon="14.461507"></trkpt>
      <trkpt lat="66.344781" lon="14.462319"></trkpt>
      <trkpt lat="66.344774" lon="14.462623"></trkpt>
      <trkpt lat="66.344765" lon="14.463087"></trkpt>
      <trkpt lat="66.344766" lon="14.463159"></trkpt>
      <trkpt lat="66.344772" lon="14.463383"></trkpt>
      <trkpt lat="66.344789" lon="14.463613"></trkpt>
      <trkpt lat="66.344828" lon="14.463836"></trkpt>
      <trkpt lat="66.344852" lon="14.463939"></trkpt>
      <trkpt lat="66.344909" lon="14.464128"></trkpt>
      <trkpt lat="66.344949" lon="14.464233"></trkpt>
      <trkpt lat="66.345014" lon="14.464369"></trkpt>
      <trkpt lat="66.345052" lon="14.464460"></trkpt>
      <trkpt lat="66.345115" lon="14.464626"></trkpt>
      <trkpt lat="66.345188" lon="14.464826"></trkpt>
      <trkpt lat="66.345237" lon="14.464987"></trkpt>
      <trkpt lat="66.345255" lon="14.465061"></trkpt>
      <trkpt lat="66.345285" lon="14.465273"></trkpt>
      <trkpt lat="66.345304" lon="14.465471"></trkpt>
      <trkpt lat="66.345350" lon="14.465830"></trkpt>
      <trkpt lat="66.345377" lon="14.466006"></trkpt>
      <trkpt lat="66.345435" lon="14.466335"></trkpt>
      <trkpt lat="66.345469" lon="14.466567"></trkpt>
      <trkpt lat="66.345518" lon="14.467042"></trkpt>
      <trkpt lat="66.345551" lon="14.467490"></trkpt>
      <trkpt lat="66.345582" lon="14.467928"></trkpt>
      <trkpt lat="66.345599" lon="14.468240"></trkpt>
      <trkpt lat="66.345611" lon="14.468626"></trkpt>
      <trkpt lat="66.345603" lon="14.469212"></trkpt>
      <trkpt lat="66.345590" lon="14.469447"></trkpt>
      <trkpt lat="66.345550" lon="14.469879"></trkpt>
      <trkpt lat="66.345523" lon="14.470215"></trkpt>
      <trkpt lat="66.345516" lon="14.470327"></trkpt>
      <trkpt lat="66.345512" lon="14.470485"></trkpt>
      <trkpt lat="66.345521" lon="14.470700"></trkpt>
      <trkpt lat="66.345536" lon="14.470885"></trkpt>
      <trkpt lat="66.345632" lon="14.471651"></trkpt>
      <trkpt lat="66.345651" lon="14.471867"></trkpt>
      <trkpt lat="66.345654" lon="14.472121"></trkpt>
      <trkpt lat="66.345623" lon="14.472874"></trkpt>
      <trkpt lat="66.345612" lon="14.473099"></trkpt>
      <trkpt lat="66.345570" lon="14.473682"></trkpt>
      <trkpt lat="66.345549" lon="14.474064"></trkpt>
      <trkpt lat="66.345546" lon="14.474283"></trkpt>
      <trkpt lat="66.345548" lon="14.474406"></trkpt>
      <trkpt lat="66.345562" lon="14.474707"></trkpt>
      <trkpt lat="66.345579" lon="14.474921"></trkpt>
      <trkpt lat="66.345581" lon="14.474970"></trkpt>
      <trkpt lat="66.345594" lon="14.475285"></trkpt>
      <trkpt lat="66.345606" lon="14.475731"></trkpt>
      <trkpt lat="66.345608" lon="14.476006"></trkpt>
      <trkpt lat="66.345590" lon="14.476713"></trkpt>
      <trkpt lat="66.345599" lon="14.476967"></trkpt>
      <trkpt lat="66.345610" lon="14.477078"></trkpt>
      <trkpt lat="66.345628" lon="14.477206"></trkpt>
      <trkpt lat="66.345653" lon="14.477332"></trkpt>
      <trkpt lat="66.345683" lon="14.477443"></trkpt>
      <trkpt lat="66.345758" lon="14.477629"></trkpt>
      <trkpt lat="66.345794" lon="14.477699"></trkpt>
      <trkpt lat="66.345870" lon="14.477825"></trkpt>
      <trkpt lat="66.345915" lon="14.477923"></trkpt>
      <trkpt lat="66.345958" lon="14.478064"></trkpt>
      <trkpt lat="66.345979" lon="14.478164"></trkpt>
      <trkpt lat="66.345988" lon="14.478228"></trkpt>
      <trkpt lat="66.345994" lon="14.478269"></trkpt>
      <trkpt lat="66.346003" lon="14.478363"></trkpt>
      <trkpt lat="66.346008" lon="14.478456"></trkpt>
      <trkpt lat="66.346009" lon="14.478570"></trkpt>
      <trkpt lat="66.346002" lon="14.478785"></trkpt>
      <trkpt lat="66.345993" lon="14.478906"></trkpt>
      <trkpt lat="66.345970" lon="14.479097"></trkpt>
      <trkpt lat="66.345943" lon="14.479247"></trkpt>
      <trkpt lat="66.345922" lon="14.479345"></trkpt>
      <trkpt lat="66.345875" lon="14.479533"></trkpt>
      <trkpt lat="66.345812" lon="14.479742"></trkpt>
      <trkpt lat="66.345686" lon="14.480091"></trkpt>
      <trkpt lat="66.345579" lon="14.480360"></trkpt>
      <trkpt lat="66.345431" lon="14.480757"></trkpt>
      <trkpt lat="66.345391" lon="14.480891"></trkpt>
      <trkpt lat="66.345370" lon="14.480984"></trkpt>
      <trkpt lat="66.345354" lon="14.481096"></trkpt>
      <trkpt lat="66.345344" lon="14.481209"></trkpt>
      <trkpt lat="66.345341" lon="14.481311"></trkpt>
      <trkpt lat="66.345347" lon="14.481423"></trkpt>
      <trkpt lat="66.345360" lon="14.481548"></trkpt>
      <trkpt lat="66.345404" lon="14.481912"></trkpt>
      <trkpt lat="66.345415" lon="14.482039"></trkpt>
      <trkpt lat="66.345419" lon="14.482154"></trkpt>
      <trkpt lat="66.345418" lon="14.482322"></trkpt>
      <trkpt lat="66.345412" lon="14.482428"></trkpt>
      <trkpt lat="66.345393" lon="14.482643"></trkpt>
      <trkpt lat="66.345372" lon="14.482812"></trkpt>
      <trkpt lat="66.345344" lon="14.482994"></trkpt>
      <trkpt lat="66.345314" lon="14.483147"></trkpt>
      <trkpt lat="66.345281" lon="14.483304"></trkpt>
      <trkpt lat="66.345135" lon="14.483936"></trkpt>
      <trkpt lat="66.345112" lon="14.484052"></trkpt>
      <trkpt lat="66.345097" lon="14.484146"></trkpt>
      <trkpt lat="66.345086" lon="14.484252"></trkpt>
      <trkpt lat="66.345087" lon="14.484306"></trkpt>
      <trkpt lat="66.345097" lon="14.484392"></trkpt>
      <trkpt lat="66.345109" lon="14.484437"></trkpt>
      <trkpt lat="66.345124" lon="14.484474"></trkpt>
      <trkpt lat="66.345167" lon="14.484524"></trkpt>
      <trkpt lat="66.345202" lon="14.484522"></trkpt>
      <trkpt lat="66.345244" lon="14.484480"></trkpt>
      <trkpt lat="66.345275" lon="14.484403"></trkpt>
      <trkpt lat="66.345295" lon="14.484314"></trkpt>
      <trkpt lat="66.345313" lon="14.484202"></trkpt>
      <trkpt lat="66.345389" lon="14.483576"></trkpt>
      <trkpt lat="66.345415" lon="14.483408"></trkpt>
      <trkpt lat="66.345448" lon="14.483246"></trkpt>
      <trkpt lat="66.345485" lon="14.483117"></trkpt>
      <trkpt lat="66.345514" lon="14.482993"></trkpt>
      <trkpt lat="66.345527" lon="14.482917"></trkpt>
      <trkpt lat="66.345535" lon="14.482868"></trkpt>
      <trkpt lat="66.345552" lon="14.482663"></trkpt>
      <trkpt lat="66.345576" lon="14.482470"></trkpt>
      <trkpt lat="66.345607" lon="14.482366"></trkpt>
      <trkpt lat="66.345648" lon="14.482293"></trkpt>
      <trkpt lat="66.345695" lon="14.482250"></trkpt>
      <trkpt lat="66.345768" lon="14.482197"></trkpt>
      <trkpt lat="66.345988" lon="14.482079"></trkpt>
      <trkpt lat="66.346071" lon="14.482016"></trkpt>
      <trkpt lat="66.346121" lon="14.481949"></trkpt>
      <trkpt lat="66.346139" lon="14.481915"></trkpt>
      <trkpt lat="66.346156" lon="14.481873"></trkpt>
      <trkpt lat="66.346178" lon="14.481791"></trkpt>
      <trkpt lat="66.346189" lon="14.481745"></trkpt>
      <trkpt lat="66.346207" lon="14.481622"></trkpt>
      <trkpt lat="66.346254" lon="14.481127"></trkpt>
      <trkpt lat="66.346291" lon="14.480825"></trkpt>
      <trkpt lat="66.346310" lon="14.480743"></trkpt>
      <trkpt lat="66.346330" lon="14.480692"></trkpt>
      <trkpt lat="66.346359" lon="14.480649"></trkpt>
      <trkpt lat="66.346385" lon="14.480633"></trkpt>
      <trkpt lat="66.346430" lon="14.480640"></trkpt>
      <trkpt lat="66.346570" lon="14.480682"></trkpt>
      <trkpt lat="66.346653" lon="14.480715"></trkpt>
      <trkpt lat="66.346717" lon="14.480736"></trkpt>
      <trkpt lat="66.346899" lon="14.480809"></trkpt>
      <trkpt lat="66.347008" lon="14.480886"></trkpt>
      <trkpt lat="66.347079" lon="14.480968"></trkpt>
      <trkpt lat="66.347140" lon="14.481068"></trkpt>
      <trkpt lat="66.347165" lon="14.481117"></trkpt>
      <trkpt lat="66.347186" lon="14.481172"></trkpt>
      <trkpt lat="66.347242" lon="14.481353"></trkpt>
      <trkpt lat="66.347273" lon="14.481441"></trkpt>
      <trkpt lat="66.347326" lon="14.481569"></trkpt>
      <trkpt lat="66.347384" lon="14.481678"></trkpt>
      <trkpt lat="66.347446" lon="14.481765"></trkpt>
      <trkpt lat="66.347480" lon="14.481793"></trkpt>
      <trkpt lat="66.347525" lon="14.481802"></trkpt>
      <trkpt lat="66.347567" lon="14.481784"></trkpt>
      <trkpt lat="66.347601" lon="14.481749"></trkpt>
      <trkpt lat="66.347633" lon="14.481705"></trkpt>
      <trkpt lat="66.347661" lon="14.481655"></trkpt>
      <trkpt lat="66.347689" lon="14.481590"></trkpt>
      <trkpt lat="66.347715" lon="14.481502"></trkpt>
      <trkpt lat="66.347737" lon="14.481407"></trkpt>
      <trkpt lat="66.347750" lon="14.481313"></trkpt>
      <trkpt lat="66.347777" lon="14.481041"></trkpt>
      <trkpt lat="66.347805" lon="14.480821"></trkpt>
      <trkpt lat="66.347838" lon="14.480628"></trkpt>
      <trkpt lat="66.347874" lon="14.480479"></trkpt>
      <trkpt lat="66.347916" lon="14.480345"></trkpt>
      <trkpt lat="66.348092" lon="14.479853"></trkpt>
      <trkpt lat="66.348145" lon="14.479755"></trkpt>
      <trkpt lat="66.348202" lon="14.479712"></trkpt>
      <trkpt lat="66.348257" lon="14.479714"></trkpt>
      <trkpt lat="66.348318" lon="14.479771"></trkpt>
      <trkpt lat="66.348376" lon="14.479877"></trkpt>
      <trkpt lat="66.348424" lon="14.480005"></trkpt>
      <trkpt lat="66.348469" lon="14.480153"></trkpt>
      <trkpt lat="66.348580" lon="14.480547"></trkpt>
      <trkpt lat="66.348617" lon="14.480415"></trkpt>
      <trkpt lat="66.348659" lon="14.480288"></trkpt>
      <trkpt lat="66.348718" lon="14.480131"></trkpt>
      <trkpt lat="66.348759" lon="14.480035"></trkpt>
      <trkpt lat="66.349060" lon="14.479416"></trkpt>
      <trkpt lat="66.349241" lon="14.479009"></trkpt>
      <trkpt lat="66.349278" lon="14.478917"></trkpt>
      <trkpt lat="66.349342" lon="14.478737"></trkpt>
      <trkpt lat="66.349399" lon="14.478563"></trkpt>
      <trkpt lat="66.349484" lon="14.478282"></trkpt>
      <trkpt lat="66.349549" lon="14.478042"></trkpt>
      <trkpt lat="66.349630" lon="14.477701"></trkpt>
      <trkpt lat="66.349679" lon="14.477469"></trkpt>
      <trkpt lat="66.349727" lon="14.477219"></trkpt>
      <trkpt lat="66.349799" lon="14.476827"></trkpt>
      <trkpt lat="66.349844" lon="14.476559"></trkpt>
      <trkpt lat="66.349932" lon="14.476020"></trkpt>
      <trkpt lat="66.350016" lon="14.475480"></trkpt>
      <trkpt lat="66.350126" lon="14.474838"></trkpt>
      <trkpt lat="66.350184" lon="14.474542"></trkpt>
      <trkpt lat="66.350207" lon="14.474440"></trkpt>
      <trkpt lat="66.350232" lon="14.474348"></trkpt>
      <trkpt lat="66.350420" lon="14.473726"></trkpt>
      <trkpt lat="66.350467" lon="14.473550"></trkpt>
      <trkpt lat="66.350674" lon="14.472843"></trkpt>
      <trkpt lat="66.350777" lon="14.472498"></trkpt>
      <trkpt lat="66.351072" lon="14.471448"></trkpt>
      <trkpt lat="66.351167" lon="14.471076"></trkpt>
      <trkpt lat="66.351222" lon="14.470842"></trkpt>
      <trkpt lat="66.351269" lon="14.470625"></trkpt>
      <trkpt lat="66.351314" lon="14.470382"></trkpt>
      <trkpt lat="66.351376" lon="14.470015"></trkpt>
      <trkpt lat="66.351426" lon="14.469664"></trkpt>
      <trkpt lat="66.351484" lon="14.469202"></trkpt>
      <trkpt lat="66.351537" lon="14.468654"></trkpt>
      <trkpt lat="66.351585" lon="14.468197"></trkpt>
      <trkpt lat="66.351606" lon="14.467919"></trkpt>
      <trkpt lat="66.351629" lon="14.467444"></trkpt>
      <trkpt lat="66.351658" lon="14.466977"></trkpt>
      <trkpt lat="66.351668" lon="14.466789"></trkpt>
      <trkpt lat="66.351691" lon="14.465998"></trkpt>
      <trkpt lat="66.351718" lon="14.465377"></trkpt>
      <trkpt lat="66.351787" lon="14.463588"></trkpt>
      <trkpt lat="66.351811" lon="14.462899"></trkpt>
      <trkpt lat="66.351859" lon="14.461736"></trkpt>
      <trkpt lat="66.351862" lon="14.461382"></trkpt>
      <trkpt lat="66.351852" lon="14.461047"></trkpt>
      <trkpt lat="66.351826" lon="14.460686"></trkpt>
      <trkpt lat="66.351775" lon="14.460228"></trkpt>
      <trkpt lat="66.351719" lon="14.459843"></trkpt>
      <trkpt lat="66.351587" lon="14.459023"></trkpt>
      <trkpt lat="66.351367" lon="14.457761"></trkpt>
      <trkpt lat="66.351175" lon="14.456622"></trkpt>
      <trkpt lat="66.350992" lon="14.455507"></trkpt>
      <trkpt lat="66.350948" lon="14.455265"></trkpt>
      <trkpt lat="66.350906" lon="14.454990"></trkpt>
      <trkpt lat="66.350886" lon="14.454817"></trkpt>
      <trkpt lat="66.350867" lon="14.454571"></trkpt>
      <trkpt lat="66.350831" lon="14.453877"></trkpt>
      <trkpt lat="66.350770" lon="14.452502"></trkpt>
      <trkpt lat="66.350759" lon="14.452085"></trkpt>
      <trkpt lat="66.350758" lon="14.451980"></trkpt>
      <trkpt lat="66.350762" lon="14.451788"></trkpt>
      <trkpt lat="66.350770" lon="14.451570"></trkpt>
      <trkpt lat="66.350785" lon="14.451344"></trkpt>
      <trkpt lat="66.350804" lon="14.451147"></trkpt>
      <trkpt lat="66.350835" lon="14.450882"></trkpt>
      <trkpt lat="66.350885" lon="14.450346"></trkpt>
      <trkpt lat="66.350907" lon="14.449951"></trkpt>
      <trkpt lat="66.350910" lon="14.449829"></trkpt>
      <trkpt lat="66.350910" lon="14.449829"></trkpt>
      <trkpt lat="66.350909" lon="14.449608"></trkpt>
      <trkpt lat="66.350898" lon="14.449386"></trkpt>
      <trkpt lat="66.350877" lon="14.449173"></trkpt>
      <trkpt lat="66.350825" lon="14.448806"></trkpt>
      <trkpt lat="66.350806" lon="14.448686"></trkpt>
      <trkpt lat="66.350744" lon="14.448348"></trkpt>
      <trkpt lat="66.350584" lon="14.447527"></trkpt>
      <trkpt lat="66.350323" lon="14.446191"></trkpt>
      <trkpt lat="66.350176" lon="14.445414"></trkpt>
      <trkpt lat="66.350125" lon="14.445099"></trkpt>
      <trkpt lat="66.350065" lon="14.444696"></trkpt>
      <trkpt lat="66.350039" lon="14.444420"></trkpt>
      <trkpt lat="66.350023" lon="14.444195"></trkpt>
      <trkpt lat="66.349997" lon="14.443741"></trkpt>
      <trkpt lat="66.349940" lon="14.442258"></trkpt>
      <trkpt lat="66.349879" lon="14.440895"></trkpt>
      <trkpt lat="66.349852" lon="14.440181"></trkpt>
      <trkpt lat="66.349784" lon="14.438774"></trkpt>
      <trkpt lat="66.349775" lon="14.438507"></trkpt>
      <trkpt lat="66.349768" lon="14.438120"></trkpt>
      <trkpt lat="66.349768" lon="14.437778"></trkpt>
      <trkpt lat="66.349777" lon="14.436917"></trkpt>
      <trkpt lat="66.349783" lon="14.436288"></trkpt>
      <trkpt lat="66.349789" lon="14.436027"></trkpt>
      <trkpt lat="66.349804" lon="14.435136"></trkpt>
      <trkpt lat="66.349807" lon="14.434553"></trkpt>
      <trkpt lat="66.349803" lon="14.434127"></trkpt>
      <trkpt lat="66.349796" lon="14.433848"></trkpt>
      <trkpt lat="66.349785" lon="14.433569"></trkpt>
      <trkpt lat="66.349761" lon="14.433141"></trkpt>
      <trkpt lat="66.349667" lon="14.431800"></trkpt>
      <trkpt lat="66.349624" lon="14.431042"></trkpt>
      <trkpt lat="66.349618" lon="14.430791"></trkpt>
      <trkpt lat="66.349616" lon="14.430199"></trkpt>
      <trkpt lat="66.349621" lon="14.429788"></trkpt>
      <trkpt lat="66.349689" lon="14.428206"></trkpt>
      <trkpt lat="66.349793" lon="14.425977"></trkpt>
      <trkpt lat="66.349802" lon="14.425853"></trkpt>
      <trkpt lat="66.349818" lon="14.425672"></trkpt>
      <trkpt lat="66.349835" lon="14.425515"></trkpt>
      <trkpt lat="66.349890" lon="14.425033"></trkpt>
      <trkpt lat="66.350009" lon="14.424113"></trkpt>
      <trkpt lat="66.350095" lon="14.423399"></trkpt>
      <trkpt lat="66.350184" lon="14.422734"></trkpt>
      <trkpt lat="66.350252" lon="14.422256"></trkpt>
      <trkpt lat="66.350294" lon="14.422002"></trkpt>
      <trkpt lat="66.350341" lon="14.421779"></trkpt>
      <trkpt lat="66.350367" lon="14.421672"></trkpt>
      <trkpt lat="66.350587" lon="14.420885"></trkpt>
      <trkpt lat="66.350635" lon="14.420702"></trkpt>
      <trkpt lat="66.350786" lon="14.420164"></trkpt>
      <trkpt lat="66.350971" lon="14.419463"></trkpt>
      <trkpt lat="66.351666" lon="14.416910"></trkpt>
      <trkpt lat="66.351697" lon="14.416811"></trkpt>
      <trkpt lat="66.351728" lon="14.416708"></trkpt>
      <trkpt lat="66.351813" lon="14.416388"></trkpt>
      <trkpt lat="66.351915" lon="14.415943"></trkpt>
      <trkpt lat="66.351953" lon="14.415762"></trkpt>
      <trkpt lat="66.351971" lon="14.415660"></trkpt>
      <trkpt lat="66.352005" lon="14.415447"></trkpt>
      <trkpt lat="66.352023" lon="14.415311"></trkpt>
      <trkpt lat="66.352036" lon="14.415224"></trkpt>
      <trkpt lat="66.352064" lon="14.414968"></trkpt>
      <trkpt lat="66.352087" lon="14.414651"></trkpt>
      <trkpt lat="66.352143" lon="14.413699"></trkpt>
      <trkpt lat="66.352164" lon="14.413368"></trkpt>
      <trkpt lat="66.352214" lon="14.412524"></trkpt>
      <trkpt lat="66.352266" lon="14.411807"></trkpt>
      <trkpt lat="66.352368" lon="14.410270"></trkpt>
      <trkpt lat="66.352419" lon="14.409646"></trkpt>
      <trkpt lat="66.352518" lon="14.408536"></trkpt>
      <trkpt lat="66.352530" lon="14.408359"></trkpt>
      <trkpt lat="66.352573" lon="14.407686"></trkpt>
      <trkpt lat="66.352581" lon="14.407572"></trkpt>
      <trkpt lat="66.352636" lon="14.406995"></trkpt>
      <trkpt lat="66.352739" lon="14.406165"></trkpt>
      <trkpt lat="66.352765" lon="14.405740"></trkpt>
      <trkpt lat="66.352772" lon="14.405407"></trkpt>
      <trkpt lat="66.352776" lon="14.404975"></trkpt>
      <trkpt lat="66.352770" lon="14.403912"></trkpt>
      <trkpt lat="66.352773" lon="14.403544"></trkpt>
      <trkpt lat="66.352808" lon="14.402542"></trkpt>
      <trkpt lat="66.352843" lon="14.401794"></trkpt>
      <trkpt lat="66.352868" lon="14.401317"></trkpt>
      <trkpt lat="66.352877" lon="14.401191"></trkpt>
      <trkpt lat="66.352888" lon="14.401029"></trkpt>
      <trkpt lat="66.352938" lon="14.400486"></trkpt>
      <trkpt lat="66.352961" lon="14.400305"></trkpt>
      <trkpt lat="66.352990" lon="14.400123"></trkpt>
      <trkpt lat="66.353021" lon="14.399955"></trkpt>
      <trkpt lat="66.353147" lon="14.399348"></trkpt>
      <trkpt lat="66.353337" lon="14.398396"></trkpt>
      <trkpt lat="66.353377" lon="14.398202"></trkpt>
      <trkpt lat="66.353383" lon="14.398177"></trkpt>
      <trkpt lat="66.353705" lon="14.396855"></trkpt>
      <trkpt lat="66.353757" lon="14.396661"></trkpt>
      <trkpt lat="66.353809" lon="14.396493"></trkpt>
      <trkpt lat="66.353857" lon="14.396337"></trkpt>
      <trkpt lat="66.353901" lon="14.396255"></trkpt>
      <trkpt lat="66.353951" lon="14.396186"></trkpt>
      <trkpt lat="66.354015" lon="14.396132"></trkpt>
      <trkpt lat="66.354094" lon="14.396094"></trkpt>
      <trkpt lat="66.354183" lon="14.396064"></trkpt>
      <trkpt lat="66.354313" lon="14.396037"></trkpt>
      <trkpt lat="66.354472" lon="14.395999"></trkpt>
      <trkpt lat="66.354523" lon="14.395964"></trkpt>
      <trkpt lat="66.354591" lon="14.395906"></trkpt>
      <trkpt lat="66.354650" lon="14.395831"></trkpt>
      <trkpt lat="66.354702" lon="14.395746"></trkpt>
      <trkpt lat="66.354747" lon="14.395658"></trkpt>
      <trkpt lat="66.354783" lon="14.395564"></trkpt>
      <trkpt lat="66.354810" lon="14.395480"></trkpt>
      <trkpt lat="66.354833" lon="14.395385"></trkpt>
      <trkpt lat="66.354854" lon="14.395276"></trkpt>
      <trkpt lat="66.354874" lon="14.395154"></trkpt>
      <trkpt lat="66.354900" lon="14.394934"></trkpt>
      <trkpt lat="66.354927" lon="14.394672"></trkpt>
      <trkpt lat="66.354958" lon="14.394149"></trkpt>
      <trkpt lat="66.354977" lon="14.393745"></trkpt>
      <trkpt lat="66.354997" lon="14.393184"></trkpt>
      <trkpt lat="66.355014" lon="14.392887"></trkpt>
      <trkpt lat="66.355037" lon="14.392590"></trkpt>
      <trkpt lat="66.355106" lon="14.391929"></trkpt>
      <trkpt lat="66.355146" lon="14.391413"></trkpt>
      <trkpt lat="66.355266" lon="14.390085"></trkpt>
      <trkpt lat="66.355390" lon="14.388600"></trkpt>
      <trkpt lat="66.355460" lon="14.387865"></trkpt>
      <trkpt lat="66.355518" lon="14.387207"></trkpt>
      <trkpt lat="66.355528" lon="14.387097"></trkpt>
      <trkpt lat="66.355545" lon="14.386819"></trkpt>
      <trkpt lat="66.355544" lon="14.386190"></trkpt>
      <trkpt lat="66.355531" lon="14.385787"></trkpt>
      <trkpt lat="66.355487" lon="14.384946"></trkpt>
      <trkpt lat="66.355470" lon="14.384465"></trkpt>
      <trkpt lat="66.355453" lon="14.383843"></trkpt>
      <trkpt lat="66.355437" lon="14.382945"></trkpt>
      <trkpt lat="66.355422" lon="14.382282"></trkpt>
      <trkpt lat="66.355379" lon="14.380833"></trkpt>
      <trkpt lat="66.355347" lon="14.379476"></trkpt>
      <trkpt lat="66.355339" lon="14.378786"></trkpt>
      <trkpt lat="66.355340" lon="14.378390"></trkpt>
      <trkpt lat="66.355350" lon="14.377931"></trkpt>
      <trkpt lat="66.355362" lon="14.377572"></trkpt>
      <trkpt lat="66.355398" lon="14.376813"></trkpt>
      <trkpt lat="66.355446" lon="14.376232"></trkpt>
      <trkpt lat="66.355492" lon="14.375760"></trkpt>
      <trkpt lat="66.355601" lon="14.374727"></trkpt>
      <trkpt lat="66.355681" lon="14.373892"></trkpt>
      <trkpt lat="66.355729" lon="14.373420"></trkpt>
      <trkpt lat="66.355819" lon="14.372561"></trkpt>
      <trkpt lat="66.355825" lon="14.372501"></trkpt>
      <trkpt lat="66.355964" lon="14.371129"></trkpt>
      <trkpt lat="66.356059" lon="14.370260"></trkpt>
      <trkpt lat="66.356092" lon="14.369909"></trkpt>
      <trkpt lat="66.356119" lon="14.369522"></trkpt>
      <trkpt lat="66.356136" lon="14.369053"></trkpt>
      <trkpt lat="66.356135" lon="14.368663"></trkpt>
      <trkpt lat="66.356099" lon="14.367752"></trkpt>
      <trkpt lat="66.356091" lon="14.367457"></trkpt>
      <trkpt lat="66.356092" lon="14.367314"></trkpt>
      <trkpt lat="66.356095" lon="14.367169"></trkpt>
      <trkpt lat="66.356112" lon="14.366907"></trkpt>
      <trkpt lat="66.356144" lon="14.366639"></trkpt>
      <trkpt lat="66.356172" lon="14.366464"></trkpt>
      <trkpt lat="66.356212" lon="14.366293"></trkpt>
      <trkpt lat="66.356278" lon="14.366084"></trkpt>
      <trkpt lat="66.356409" lon="14.365742"></trkpt>
      <trkpt lat="66.356696" lon="14.365084"></trkpt>
      <trkpt lat="66.356742" lon="14.364978"></trkpt>
      <trkpt lat="66.356790" lon="14.364866"></trkpt>
      <trkpt lat="66.356864" lon="14.364643"></trkpt>
      <trkpt lat="66.356916" lon="14.364466"></trkpt>
      <trkpt lat="66.356969" lon="14.364239"></trkpt>
      <trkpt lat="66.357003" lon="14.364051"></trkpt>
      <trkpt lat="66.357055" lon="14.363694"></trkpt>
      <trkpt lat="66.357075" lon="14.363499"></trkpt>
      <trkpt lat="66.357093" lon="14.363255"></trkpt>
      <trkpt lat="66.357157" lon="14.362091"></trkpt>
      <trkpt lat="66.357227" lon="14.361234"></trkpt>
      <trkpt lat="66.357255" lon="14.360915"></trkpt>
      <trkpt lat="66.357266" lon="14.360742"></trkpt>
      <trkpt lat="66.357278" lon="14.360523"></trkpt>
      <trkpt lat="66.357291" lon="14.359959"></trkpt>
      <trkpt lat="66.357289" lon="14.359207"></trkpt>
      <trkpt lat="66.357277" lon="14.358681"></trkpt>
      <trkpt lat="66.357244" lon="14.358067"></trkpt>
      <trkpt lat="66.357221" lon="14.357679"></trkpt>
      <trkpt lat="66.357201" lon="14.357205"></trkpt>
      <trkpt lat="66.357185" lon="14.356732"></trkpt>
      <trkpt lat="66.357177" lon="14.356368"></trkpt>
      <trkpt lat="66.357172" lon="14.355873"></trkpt>
      <trkpt lat="66.357185" lon="14.355620"></trkpt>
      <trkpt lat="66.357210" lon="14.355313"></trkpt>
      <trkpt lat="66.357233" lon="14.355063"></trkpt>
      <trkpt lat="66.357256" lon="14.354852"></trkpt>
      <trkpt lat="66.357302" lon="14.354520"></trkpt>
      <trkpt lat="66.357378" lon="14.354100"></trkpt>
      <trkpt lat="66.357428" lon="14.353858"></trkpt>
      <trkpt lat="66.357581" lon="14.353211"></trkpt>
      <trkpt lat="66.357845" lon="14.352282"></trkpt>
      <trkpt lat="66.357904" lon="14.352067"></trkpt>
      <trkpt lat="66.358045" lon="14.351522"></trkpt>
      <trkpt lat="66.358172" lon="14.350989"></trkpt>
      <trkpt lat="66.358234" lon="14.350638"></trkpt>
      <trkpt lat="66.358261" lon="14.350417"></trkpt>
      <trkpt lat="66.358277" lon="14.350246"></trkpt>
      <trkpt lat="66.358306" lon="14.349865"></trkpt>
      <trkpt lat="66.358311" lon="14.349613"></trkpt>
      <trkpt lat="66.358311" lon="14.349440"></trkpt>
      <trkpt lat="66.358304" lon="14.349256"></trkpt>
      <trkpt lat="66.358291" lon="14.349035"></trkpt>
      <trkpt lat="66.358202" lon="14.347827"></trkpt>
      <trkpt lat="66.358191" lon="14.347666"></trkpt>
      <trkpt lat="66.358178" lon="14.347369"></trkpt>
      <trkpt lat="66.358173" lon="14.347173"></trkpt>
      <trkpt lat="66.358171" lon="14.346723"></trkpt>
      <trkpt lat="66.358176" lon="14.346264"></trkpt>
      <trkpt lat="66.358205" lon="14.345775"></trkpt>
      <trkpt lat="66.358250" lon="14.344765"></trkpt>
      <trkpt lat="66.358248" lon="14.344622"></trkpt>
      <trkpt lat="66.358241" lon="14.344499"></trkpt>
      <trkpt lat="66.358233" lon="14.344389"></trkpt>
      <trkpt lat="66.358220" lon="14.344296"></trkpt>
      <trkpt lat="66.358199" lon="14.344165"></trkpt>
      <trkpt lat="66.358173" lon="14.344057"></trkpt>
      <trkpt lat="66.358131" lon="14.343912"></trkpt>
      <trkpt lat="66.358085" lon="14.343797"></trkpt>
      <trkpt lat="66.358017" lon="14.343645"></trkpt>
      <trkpt lat="66.357953" lon="14.343522"></trkpt>
      <trkpt lat="66.357887" lon="14.343421"></trkpt>
      <trkpt lat="66.357824" lon="14.343337"></trkpt>
      <trkpt lat="66.357565" lon="14.343033"></trkpt>
      <trkpt lat="66.357282" lon="14.342666"></trkpt>
      <trkpt lat="66.357187" lon="14.342533"></trkpt>
      <trkpt lat="66.357057" lon="14.342330"></trkpt>
      <trkpt lat="66.356899" lon="14.342050"></trkpt>
      <trkpt lat="66.356756" lon="14.341772"></trkpt>
      <trkpt lat="66.356677" lon="14.341592"></trkpt>
      <trkpt lat="66.356518" lon="14.341188"></trkpt>
      <trkpt lat="66.356469" lon="14.341047"></trkpt>
      <trkpt lat="66.356406" lon="14.340844"></trkpt>
      <trkpt lat="66.356335" lon="14.340590"></trkpt>
      <trkpt lat="66.356314" lon="14.340482"></trkpt>
      <trkpt lat="66.356300" lon="14.340409"></trkpt>
      <trkpt lat="66.356276" lon="14.340279"></trkpt>
      <trkpt lat="66.356226" lon="14.339913"></trkpt>
      <trkpt lat="66.356169" lon="14.339278"></trkpt>
      <trkpt lat="66.356128" lon="14.338721"></trkpt>
      <trkpt lat="66.356112" lon="14.338138"></trkpt>
      <trkpt lat="66.356109" lon="14.337947"></trkpt>
      <trkpt lat="66.356109" lon="14.337767"></trkpt>
      <trkpt lat="66.356144" lon="14.337197"></trkpt>
      <trkpt lat="66.356166" lon="14.336929"></trkpt>
      <trkpt lat="66.356196" lon="14.336638"></trkpt>
      <trkpt lat="66.356233" lon="14.336384"></trkpt>
      <trkpt lat="66.356273" lon="14.336153"></trkpt>
      <trkpt lat="66.356314" lon="14.336006"></trkpt>
      <trkpt lat="66.356362" lon="14.335880"></trkpt>
      <trkpt lat="66.356416" lon="14.335782"></trkpt>
      <trkpt lat="66.356506" lon="14.335650"></trkpt>
      <trkpt lat="66.356648" lon="14.335462"></trkpt>
      <trkpt lat="66.356980" lon="14.335058"></trkpt>
      <trkpt lat="66.357132" lon="14.334877"></trkpt>
      <trkpt lat="66.357279" lon="14.334719"></trkpt>
      <trkpt lat="66.357583" lon="14.334417"></trkpt>
      <trkpt lat="66.357679" lon="14.334314"></trkpt>
      <trkpt lat="66.357740" lon="14.334238"></trkpt>
      <trkpt lat="66.357838" lon="14.334119"></trkpt>
      <trkpt lat="66.357887" lon="14.334052"></trkpt>
      <trkpt lat="66.357927" lon="14.333978"></trkpt>
      <trkpt lat="66.357979" lon="14.333871"></trkpt>
      <trkpt lat="66.358788" lon="14.332210"></trkpt>
      <trkpt lat="66.358837" lon="14.332112"></trkpt>
      <trkpt lat="66.358898" lon="14.331960"></trkpt>
      <trkpt lat="66.358927" lon="14.331852"></trkpt>
      <trkpt lat="66.358943" lon="14.331768"></trkpt>
      <trkpt lat="66.358953" lon="14.331676"></trkpt>
      <trkpt lat="66.358956" lon="14.331520"></trkpt>
      <trkpt lat="66.358949" lon="14.331417"></trkpt>
      <trkpt lat="66.358939" lon="14.331327"></trkpt>
      <trkpt lat="66.358907" lon="14.331128"></trkpt>
      <trkpt lat="66.358828" lon="14.330705"></trkpt>
      <trkpt lat="66.358811" lon="14.330598"></trkpt>
      <trkpt lat="66.358773" lon="14.330319"></trkpt>
      <trkpt lat="66.358757" lon="14.330176"></trkpt>
      <trkpt lat="66.358731" lon="14.329863"></trkpt>
      <trkpt lat="66.358677" lon="14.329132"></trkpt>
      <trkpt lat="66.358647" lon="14.328769"></trkpt>
      <trkpt lat="66.358637" lon="14.328651"></trkpt>
      <trkpt lat="66.358615" lon="14.328389"></trkpt>
      <trkpt lat="66.358520" lon="14.327146"></trkpt>
      <trkpt lat="66.358477" lon="14.326569"></trkpt>
      <trkpt lat="66.358450" lon="14.326150"></trkpt>
      <trkpt lat="66.358439" lon="14.325929"></trkpt>
      <trkpt lat="66.358429" lon="14.325474"></trkpt>
      <trkpt lat="66.358432" lon="14.325362"></trkpt>
      <trkpt lat="66.358447" lon="14.325223"></trkpt>
      <trkpt lat="66.358476" lon="14.325022"></trkpt>
      <trkpt lat="66.358514" lon="14.324858"></trkpt>
      <trkpt lat="66.358542" lon="14.324782"></trkpt>
      <trkpt lat="66.359337" lon="14.326340"></trkpt>
      <trkpt lat="66.359590" lon="14.326832"></trkpt>
      <trkpt lat="66.359825" lon="14.327284"></trkpt>
      <trkpt lat="66.360065" lon="14.327748"></trkpt>
      <trkpt lat="66.360330" lon="14.328269"></trkpt>
      <trkpt lat="66.360555" lon="14.328716"></trkpt>
      <trkpt lat="66.360748" lon="14.329133"></trkpt>
      <trkpt lat="66.360907" lon="14.329480"></trkpt>
      <trkpt lat="66.361045" lon="14.329809"></trkpt>
      <trkpt lat="66.361178" lon="14.330143"></trkpt>
      <trkpt lat="66.361364" lon="14.330615"></trkpt>
      <trkpt lat="66.361532" lon="14.331080"></trkpt>
      <trkpt lat="66.361772" lon="14.331790"></trkpt>
      <trkpt lat="66.362021" lon="14.332569"></trkpt>
      <trkpt lat="66.362296" lon="14.333455"></trkpt>
      <trkpt lat="66.362637" lon="14.334574"></trkpt>
      <trkpt lat="66.363169" lon="14.336296"></trkpt>
      <trkpt lat="66.363645" lon="14.337827"></trkpt>
      <trkpt lat="66.364110" lon="14.339376"></trkpt>
      <trkpt lat="66.364326" lon="14.340078"></trkpt>
      <trkpt lat="66.364542" lon="14.340781"></trkpt>
      <trkpt lat="66.365000" lon="14.342273"></trkpt>
      <trkpt lat="66.365524" lon="14.343976"></trkpt>
      <trkpt lat="66.365862" lon="14.345075"></trkpt>
      <trkpt lat="66.366130" lon="14.345941"></trkpt>
      <trkpt lat="66.366278" lon="14.346416"></trkpt>
      <trkpt lat="66.366545" lon="14.347294"></trkpt>
      <trkpt lat="66.366802" lon="14.348172"></trkpt>
      <trkpt lat="66.367090" lon="14.349074"></trkpt>
      <trkpt lat="66.367274" lon="14.349689"></trkpt>
      <trkpt lat="66.367565" lon="14.350633"></trkpt>
      <trkpt lat="66.368006" lon="14.352276"></trkpt>
      <trkpt lat="66.368105" lon="14.352728"></trkpt>
      <trkpt lat="66.368326" lon="14.353845"></trkpt>
      <trkpt lat="66.368382" lon="14.354144"></trkpt>
      <trkpt lat="66.368513" lon="14.354913"></trkpt>
      <trkpt lat="66.368557" lon="14.355113"></trkpt>
      <trkpt lat="66.368614" lon="14.355292"></trkpt>
      <trkpt lat="66.368683" lon="14.355445"></trkpt>
      <trkpt lat="66.368788" lon="14.355599"></trkpt>
      <trkpt lat="66.368875" lon="14.355673"></trkpt>
      <trkpt lat="66.368966" lon="14.355709"></trkpt>
      <trkpt lat="66.369224" lon="14.355682"></trkpt>
      <trkpt lat="66.369269" lon="14.355677"></trkpt>
      <trkpt lat="66.369277" lon="14.355979"></trkpt>
      <trkpt lat="66.369289" lon="14.356362"></trkpt>
      <trkpt lat="66.369311" lon="14.356899"></trkpt>
      <trkpt lat="66.369343" lon="14.357502"></trkpt>
      <trkpt lat="66.369375" lon="14.357981"></trkpt>
      <trkpt lat="66.369412" lon="14.358459"></trkpt>
      <trkpt lat="66.369443" lon="14.358815"></trkpt>
      <trkpt lat="66.369502" lon="14.359405"></trkpt>
      <trkpt lat="66.369541" lon="14.359756"></trkpt>
      <trkpt lat="66.369627" lon="14.360453"></trkpt>
      <trkpt lat="66.369698" lon="14.360963"></trkpt>
      <trkpt lat="66.369774" lon="14.361469"></trkpt>
      <trkpt lat="66.370380" lon="14.365257"></trkpt>
      <trkpt lat="66.371470" lon="14.372052"></trkpt>
      <trkpt lat="66.371709" lon="14.373535"></trkpt>
      <trkpt lat="66.371882" lon="14.374547"></trkpt>
      <trkpt lat="66.371994" lon="14.375149"></trkpt>
      <trkpt lat="66.372094" lon="14.375655"></trkpt>
      <trkpt lat="66.372213" lon="14.376211"></trkpt>
      <trkpt lat="66.372300" lon="14.376608"></trkpt>
      <trkpt lat="66.372412" lon="14.377098"></trkpt>
      <trkpt lat="66.372944" lon="14.379372"></trkpt>
      <trkpt lat="66.373511" lon="14.381792"></trkpt>
      <trkpt lat="66.373755" lon="14.382848"></trkpt>
      <trkpt lat="66.373824" lon="14.383166"></trkpt>
      <trkpt lat="66.373917" lon="14.383629"></trkpt>
      <trkpt lat="66.373984" lon="14.383996"></trkpt>
      <trkpt lat="66.374068" lon="14.384490"></trkpt>
      <trkpt lat="66.374333" lon="14.386162"></trkpt>
      <trkpt lat="66.374399" lon="14.386541"></trkpt>
      <trkpt lat="66.374476" lon="14.386942"></trkpt>
      <trkpt lat="66.374537" lon="14.387226"></trkpt>
      <trkpt lat="66.374629" lon="14.387603"></trkpt>
      <trkpt lat="66.374705" lon="14.387877"></trkpt>
      <trkpt lat="66.374829" lon="14.388270"></trkpt>
      <trkpt lat="66.374918" lon="14.388519"></trkpt>
      <trkpt lat="66.374980" lon="14.388678"></trkpt>
      <trkpt lat="66.375111" lon="14.388982"></trkpt>
      <trkpt lat="66.375231" lon="14.389229"></trkpt>
      <trkpt lat="66.375321" lon="14.389395"></trkpt>
      <trkpt lat="66.375488" lon="14.389669"></trkpt>
      <trkpt lat="66.375640" lon="14.389882"></trkpt>
      <trkpt lat="66.375832" lon="14.390113"></trkpt>
      <trkpt lat="66.375988" lon="14.390282"></trkpt>
      <trkpt lat="66.376562" lon="14.390862"></trkpt>
      <trkpt lat="66.379613" lon="14.393936"></trkpt>
      <trkpt lat="66.379812" lon="14.394124"></trkpt>
      <trkpt lat="66.379974" lon="14.394259"></trkpt>
      <trkpt lat="66.380097" lon="14.394348"></trkpt>
      <trkpt lat="66.380223" lon="14.394423"></trkpt>
      <trkpt lat="66.380384" lon="14.394495"></trkpt>
      <trkpt lat="66.380511" lon="14.394537"></trkpt>
      <trkpt lat="66.380680" lon="14.394577"></trkpt>
      <trkpt lat="66.380808" lon="14.394599"></trkpt>
      <trkpt lat="66.381570" lon="14.394704"></trkpt>
      <trkpt lat="66.383473" lon="14.394953"></trkpt>
      <trkpt lat="66.383784" lon="14.394977"></trkpt>
      <trkpt lat="66.383992" lon="14.394977"></trkpt>
      <trkpt lat="66.384135" lon="14.394967"></trkpt>
      <trkpt lat="66.384291" lon="14.394947"></trkpt>
      <trkpt lat="66.384478" lon="14.394910"></trkpt>
      <trkpt lat="66.384720" lon="14.394842"></trkpt>
      <trkpt lat="66.384911" lon="14.394774"></trkpt>
      <trkpt lat="66.385134" lon="14.394681"></trkpt>
      <trkpt lat="66.385339" lon="14.394586"></trkpt>
      <trkpt lat="66.385544" lon="14.394483"></trkpt>
      <trkpt lat="66.385988" lon="14.394245"></trkpt>
      <trkpt lat="66.386078" lon="14.394201"></trkpt>
      <trkpt lat="66.386344" lon="14.394089"></trkpt>
      <trkpt lat="66.386579" lon="14.394017"></trkpt>
      <trkpt lat="66.386865" lon="14.393969"></trkpt>
      <trkpt lat="66.387435" lon="14.393897"></trkpt>
      <trkpt lat="66.387671" lon="14.393844"></trkpt>
      <trkpt lat="66.387747" lon="14.393827"></trkpt>
      <trkpt lat="66.387921" lon="14.393769"></trkpt>
      <trkpt lat="66.388053" lon="14.393724"></trkpt>
      <trkpt lat="66.388402" lon="14.393565"></trkpt>
      <trkpt lat="66.389052" lon="14.393236"></trkpt>
      <trkpt lat="66.389361" lon="14.393113"></trkpt>
      <trkpt lat="66.389669" lon="14.393025"></trkpt>
      <trkpt lat="66.389978" lon="14.392975"></trkpt>
      <trkpt lat="66.390288" lon="14.392958"></trkpt>
      <trkpt lat="66.390597" lon="14.392975"></trkpt>
      <trkpt lat="66.390905" lon="14.393030"></trkpt>
      <trkpt lat="66.391212" lon="14.393119"></trkpt>
      <trkpt lat="66.391518" lon="14.393246"></trkpt>
      <trkpt lat="66.391838" lon="14.393415"></trkpt>
      <trkpt lat="66.392299" lon="14.393702"></trkpt>
      <trkpt lat="66.396290" lon="14.396345"></trkpt>
      <trkpt lat="66.396870" lon="14.396740"></trkpt>
      <trkpt lat="66.397199" lon="14.396994"></trkpt>
      <trkpt lat="66.397499" lon="14.397264"></trkpt>
      <trkpt lat="66.397793" lon="14.397566"></trkpt>
      <trkpt lat="66.398081" lon="14.397900"></trkpt>
      <trkpt lat="66.398383" lon="14.398293"></trkpt>
      <trkpt lat="66.398751" lon="14.398810"></trkpt>
      <trkpt lat="66.398904" lon="14.399038"></trkpt>
      <trkpt lat="66.398991" lon="14.399169"></trkpt>
      <trkpt lat="66.399396" lon="14.399781"></trkpt>
      <trkpt lat="66.399572" lon="14.400066"></trkpt>
      <trkpt lat="66.399710" lon="14.400308"></trkpt>
      <trkpt lat="66.399811" lon="14.400502"></trkpt>
      <trkpt lat="66.399909" lon="14.400706"></trkpt>
      <trkpt lat="66.400034" lon="14.400995"></trkpt>
      <trkpt lat="66.400124" lon="14.401222"></trkpt>
      <trkpt lat="66.400210" lon="14.401458"></trkpt>
      <trkpt lat="66.400292" lon="14.401702"></trkpt>
      <trkpt lat="66.400370" lon="14.401955"></trkpt>
      <trkpt lat="66.400444" lon="14.402215"></trkpt>
      <trkpt lat="66.400513" lon="14.402483"></trkpt>
      <trkpt lat="66.400599" lon="14.402851"></trkpt>
      <trkpt lat="66.400676" lon="14.403225"></trkpt>
      <trkpt lat="66.400763" lon="14.403702"></trkpt>
      <trkpt lat="66.400784" lon="14.403829"></trkpt>
      <trkpt lat="66.400859" lon="14.404284"></trkpt>
      <trkpt lat="66.401220" lon="14.406550"></trkpt>
      <trkpt lat="66.401222" lon="14.406560"></trkpt>
      <trkpt lat="66.401571" lon="14.408738"></trkpt>
      <trkpt lat="66.401735" lon="14.409694"></trkpt>
      <trkpt lat="66.401868" lon="14.410394"></trkpt>
      <trkpt lat="66.401959" lon="14.410844"></trkpt>
      <trkpt lat="66.402266" lon="14.412316"></trkpt>
      <trkpt lat="66.402365" lon="14.412823"></trkpt>
      <trkpt lat="66.402451" lon="14.413306"></trkpt>
      <trkpt lat="66.402536" lon="14.413836"></trkpt>
      <trkpt lat="66.402612" lon="14.414374"></trkpt>
      <trkpt lat="66.402689" lon="14.415012"></trkpt>
      <trkpt lat="66.402727" lon="14.415381"></trkpt>
      <trkpt lat="66.402761" lon="14.415752"></trkpt>
      <trkpt lat="66.402797" lon="14.416218"></trkpt>
      <trkpt lat="66.402816" lon="14.416500"></trkpt>
      <trkpt lat="66.402837" lon="14.416877"></trkpt>
      <trkpt lat="66.402854" lon="14.417255"></trkpt>
      <trkpt lat="66.402869" lon="14.417729"></trkpt>
      <trkpt lat="66.402875" lon="14.418014"></trkpt>
      <trkpt lat="66.402879" lon="14.418490"></trkpt>
      <trkpt lat="66.402878" lon="14.418764"></trkpt>
      <trkpt lat="66.402861" lon="14.418902"></trkpt>
      <trkpt lat="66.402848" lon="14.419455"></trkpt>
      <trkpt lat="66.402820" lon="14.420091"></trkpt>
      <trkpt lat="66.402741" lon="14.421337"></trkpt>
      <trkpt lat="66.402701" lon="14.422173"></trkpt>
      <trkpt lat="66.402686" lon="14.422497"></trkpt>
      <trkpt lat="66.402617" lon="14.424012"></trkpt>
      <trkpt lat="66.402596" lon="14.424558"></trkpt>
      <trkpt lat="66.402580" lon="14.425224"></trkpt>
      <trkpt lat="66.402571" lon="14.425785"></trkpt>
      <trkpt lat="66.402581" lon="14.425939"></trkpt>
      <trkpt lat="66.402516" lon="14.427404"></trkpt>
      <trkpt lat="66.402475" lon="14.428180"></trkpt>
      <trkpt lat="66.402437" lon="14.428732"></trkpt>
      <trkpt lat="66.402406" lon="14.429093"></trkpt>
      <trkpt lat="66.402363" lon="14.429522"></trkpt>
      <trkpt lat="66.402313" lon="14.429947"></trkpt>
      <trkpt lat="66.402236" lon="14.430505"></trkpt>
      <trkpt lat="66.402182" lon="14.430848"></trkpt>
      <trkpt lat="66.402121" lon="14.431200"></trkpt>
      <trkpt lat="66.402041" lon="14.431625"></trkpt>
      <trkpt lat="66.401885" lon="14.432381"></trkpt>
      <trkpt lat="66.401029" lon="14.436412"></trkpt>
      <trkpt lat="66.400906" lon="14.437036"></trkpt>
      <trkpt lat="66.400846" lon="14.437366"></trkpt>
      <trkpt lat="66.400800" lon="14.437639"></trkpt>
      <trkpt lat="66.400707" lon="14.438252"></trkpt>
      <trkpt lat="66.400677" lon="14.438473"></trkpt>
      <trkpt lat="66.400625" lon="14.438898"></trkpt>
      <trkpt lat="66.400579" lon="14.439328"></trkpt>
      <trkpt lat="66.400539" lon="14.439761"></trkpt>
      <trkpt lat="66.400516" lon="14.440052"></trkpt>
      <trkpt lat="66.400487" lon="14.440490"></trkpt>
      <trkpt lat="66.400464" lon="14.440931"></trkpt>
      <trkpt lat="66.400452" lon="14.441226"></trkpt>
      <trkpt lat="66.400439" lon="14.441715"></trkpt>
      <trkpt lat="66.400434" lon="14.442114"></trkpt>
      <trkpt lat="66.400434" lon="14.442414"></trkpt>
      <trkpt lat="66.400442" lon="14.443002"></trkpt>
      <trkpt lat="66.400450" lon="14.443298"></trkpt>
      <trkpt lat="66.400471" lon="14.443808"></trkpt>
      <trkpt lat="66.400492" lon="14.444181"></trkpt>
      <trkpt lat="66.400512" lon="14.444473"></trkpt>
      <trkpt lat="66.400534" lon="14.444764"></trkpt>
      <trkpt lat="66.400573" lon="14.445198"></trkpt>
      <trkpt lat="66.400618" lon="14.445627"></trkpt>
      <trkpt lat="66.400652" lon="14.445912"></trkpt>
      <trkpt lat="66.400688" lon="14.446194"></trkpt>
      <trkpt lat="66.400767" lon="14.446740"></trkpt>
      <trkpt lat="66.400892" lon="14.447491"></trkpt>
      <trkpt lat="66.401804" lon="14.452529"></trkpt>
      <trkpt lat="66.401967" lon="14.453400"></trkpt>
      <trkpt lat="66.402082" lon="14.453969"></trkpt>
      <trkpt lat="66.402214" lon="14.454561"></trkpt>
      <trkpt lat="66.402332" lon="14.455045"></trkpt>
      <trkpt lat="66.402455" lon="14.455518"></trkpt>
      <trkpt lat="66.402585" lon="14.455980"></trkpt>
      <trkpt lat="66.402666" lon="14.456252"></trkpt>
      <trkpt lat="66.402806" lon="14.456697"></trkpt>
      <trkpt lat="66.402893" lon="14.456958"></trkpt>
      <trkpt lat="66.403103" lon="14.457549"></trkpt>
      <trkpt lat="66.403228" lon="14.457875"></trkpt>
      <trkpt lat="66.403357" lon="14.458194"></trkpt>
      <trkpt lat="66.403489" lon="14.458503"></trkpt>
      <trkpt lat="66.403624" lon="14.458803"></trkpt>
      <trkpt lat="66.403869" lon="14.459307"></trkpt>
      <trkpt lat="66.404005" lon="14.459568"></trkpt>
      <trkpt lat="66.404144" lon="14.459823"></trkpt>
      <trkpt lat="66.404746" lon="14.460897"></trkpt>
      <trkpt lat="66.404955" lon="14.461298"></trkpt>
      <trkpt lat="66.405123" lon="14.461651"></trkpt>
      <trkpt lat="66.405222" lon="14.461878"></trkpt>
      <trkpt lat="66.405352" lon="14.462197"></trkpt>
      <trkpt lat="66.405432" lon="14.462411"></trkpt>
      <trkpt lat="66.405529" lon="14.462686"></trkpt>
      <trkpt lat="66.405629" lon="14.462992"></trkpt>
      <trkpt lat="66.405693" lon="14.463202"></trkpt>
      <trkpt lat="66.405784" lon="14.463524"></trkpt>
      <trkpt lat="66.405846" lon="14.463758"></trkpt>
      <trkpt lat="66.405926" lon="14.464080"></trkpt>
      <trkpt lat="66.406004" lon="14.464425"></trkpt>
      <trkpt lat="66.406055" lon="14.464671"></trkpt>
      <trkpt lat="66.406099" lon="14.464895"></trkpt>
      <trkpt lat="66.406164" lon="14.465256"></trkpt>
      <trkpt lat="66.406241" lon="14.465746"></trkpt>
      <trkpt lat="66.406308" lon="14.466245"></trkpt>
      <trkpt lat="66.406365" lon="14.466753"></trkpt>
      <trkpt lat="66.406400" lon="14.467138"></trkpt>
      <trkpt lat="66.406438" lon="14.467657"></trkpt>
      <trkpt lat="66.406459" lon="14.468049"></trkpt>
      <trkpt lat="66.406474" lon="14.468442"></trkpt>
      <trkpt lat="66.406480" lon="14.468705"></trkpt>
      <trkpt lat="66.406484" lon="14.468968"></trkpt>
      <trkpt lat="66.406485" lon="14.469336"></trkpt>
      <trkpt lat="66.406483" lon="14.469573"></trkpt>
      <trkpt lat="66.406471" lon="14.470163"></trkpt>
      <trkpt lat="66.406453" lon="14.470752"></trkpt>
      <trkpt lat="66.406389" lon="14.472632"></trkpt>
      <trkpt lat="66.406370" lon="14.472757"></trkpt>
      <trkpt lat="66.406346" lon="14.473338"></trkpt>
      <trkpt lat="66.406324" lon="14.473787"></trkpt>
      <trkpt lat="66.406304" lon="14.474307"></trkpt>
      <trkpt lat="66.406252" lon="14.475846"></trkpt>
      <trkpt lat="66.406218" lon="14.476850"></trkpt>
      <trkpt lat="66.406190" lon="14.478031"></trkpt>
      <trkpt lat="66.406202" lon="14.478136"></trkpt>
      <trkpt lat="66.406178" lon="14.478747"></trkpt>
      <trkpt lat="66.406152" lon="14.479343"></trkpt>
      <trkpt lat="66.406127" lon="14.479777"></trkpt>
      <trkpt lat="66.406100" lon="14.480171"></trkpt>
      <trkpt lat="66.406051" lon="14.480769"></trkpt>
      <trkpt lat="66.406000" lon="14.481310"></trkpt>
      <trkpt lat="66.405866" lon="14.482650"></trkpt>
      <trkpt lat="66.405803" lon="14.483354"></trkpt>
      <trkpt lat="66.405765" lon="14.483850"></trkpt>
      <trkpt lat="66.405727" lon="14.484491"></trkpt>
      <trkpt lat="66.405701" lon="14.485136"></trkpt>
      <trkpt lat="66.405686" lon="14.485891"></trkpt>
      <trkpt lat="66.405686" lon="14.486539"></trkpt>
      <trkpt lat="66.405693" lon="14.486971"></trkpt>
      <trkpt lat="66.405713" lon="14.487617"></trkpt>
      <trkpt lat="66.405745" lon="14.488260"></trkpt>
      <trkpt lat="66.405789" lon="14.488898"></trkpt>
      <trkpt lat="66.405825" lon="14.489321"></trkpt>
      <trkpt lat="66.405877" lon="14.489845"></trkpt>
      <trkpt lat="66.405951" lon="14.490467"></trkpt>
      <trkpt lat="66.406025" lon="14.491014"></trkpt>
      <trkpt lat="66.406370" lon="14.493277"></trkpt>
      <trkpt lat="66.406480" lon="14.494075"></trkpt>
      <trkpt lat="66.406555" lon="14.494704"></trkpt>
      <trkpt lat="66.406623" lon="14.495370"></trkpt>
      <trkpt lat="66.406666" lon="14.495874"></trkpt>
      <trkpt lat="66.406719" lon="14.496627"></trkpt>
      <trkpt lat="66.406740" lon="14.497020"></trkpt>
      <trkpt lat="66.406773" lon="14.497798"></trkpt>
      <trkpt lat="66.406801" lon="14.498709"></trkpt>
      <trkpt lat="66.406875" lon="14.501411"></trkpt>
      <trkpt lat="66.406885" lon="14.501739"></trkpt>
      <trkpt lat="66.406905" lon="14.502382"></trkpt>
      <trkpt lat="66.406964" lon="14.504026"></trkpt>
      <trkpt lat="66.407022" lon="14.505416"></trkpt>
      <trkpt lat="66.407046" lon="14.505963"></trkpt>
      <trkpt lat="66.407057" lon="14.506201"></trkpt>
      <trkpt lat="66.407143" lon="14.507938"></trkpt>
      <trkpt lat="66.407227" lon="14.509445"></trkpt>
      <trkpt lat="66.407352" lon="14.511666"></trkpt>
      <trkpt lat="66.407425" lon="14.512997"></trkpt>
      <trkpt lat="66.407460" lon="14.513775"></trkpt>
      <trkpt lat="66.407484" lon="14.514398"></trkpt>
      <trkpt lat="66.407506" lon="14.515097"></trkpt>
      <trkpt lat="66.407529" lon="14.516116"></trkpt>
      <trkpt lat="66.407516" lon="14.516271"></trkpt>
      <trkpt lat="66.407519" lon="14.516812"></trkpt>
      <trkpt lat="66.407514" lon="14.517347"></trkpt>
      <trkpt lat="66.407491" lon="14.518253"></trkpt>
      <trkpt lat="66.407485" lon="14.518711"></trkpt>
      <trkpt lat="66.407477" lon="14.519179"></trkpt>
      <trkpt lat="66.407466" lon="14.519553"></trkpt>
      <trkpt lat="66.407454" lon="14.519880"></trkpt>
      <trkpt lat="66.407430" lon="14.520321"></trkpt>
      <trkpt lat="66.407408" lon="14.520646"></trkpt>
      <trkpt lat="66.407374" lon="14.521065"></trkpt>
      <trkpt lat="66.407294" lon="14.521882"></trkpt>
      <trkpt lat="66.407247" lon="14.522295"></trkpt>
      <trkpt lat="66.407220" lon="14.522502"></trkpt>
      <trkpt lat="66.407161" lon="14.522897"></trkpt>
      <trkpt lat="66.407112" lon="14.523183"></trkpt>
      <trkpt lat="66.407043" lon="14.523537"></trkpt>
      <trkpt lat="66.406963" lon="14.523904"></trkpt>
      <trkpt lat="66.406932" lon="14.524106"></trkpt>
      <trkpt lat="66.406911" lon="14.524193"></trkpt>
      <trkpt lat="66.406844" lon="14.524450"></trkpt>
      <trkpt lat="66.406774" lon="14.524702"></trkpt>
      <trkpt lat="66.406676" lon="14.525029"></trkpt>
      <trkpt lat="66.406599" lon="14.525268"></trkpt>
      <trkpt lat="66.406519" lon="14.525501"></trkpt>
      <trkpt lat="66.406361" lon="14.525923"></trkpt>
      <trkpt lat="66.406204" lon="14.526298"></trkpt>
      <trkpt lat="66.406083" lon="14.526565"></trkpt>
      <trkpt lat="66.405579" lon="14.527609"></trkpt>
      <trkpt lat="66.405562" lon="14.527645"></trkpt>
      <trkpt lat="66.405443" lon="14.527902"></trkpt>
      <trkpt lat="66.405332" lon="14.528154"></trkpt>
      <trkpt lat="66.405267" lon="14.528307"></trkpt>
      <trkpt lat="66.405177" lon="14.528532"></trkpt>
      <trkpt lat="66.405076" lon="14.528748"></trkpt>
      <trkpt lat="66.404966" lon="14.529057"></trkpt>
      <trkpt lat="66.404879" lon="14.529319"></trkpt>
      <trkpt lat="66.404741" lon="14.529770"></trkpt>
      <trkpt lat="66.404637" lon="14.530142"></trkpt>
      <trkpt lat="66.404539" lon="14.530524"></trkpt>
      <trkpt lat="66.404425" lon="14.531015"></trkpt>
      <trkpt lat="66.404341" lon="14.531417"></trkpt>
      <trkpt lat="66.404280" lon="14.531729"></trkpt>
      <trkpt lat="66.404256" lon="14.531872"></trkpt>
      <trkpt lat="66.404134" lon="14.532563"></trkpt>
      <trkpt lat="66.404045" lon="14.533106"></trkpt>
      <trkpt lat="66.403966" lon="14.533617"></trkpt>
      <trkpt lat="66.403894" lon="14.534119"></trkpt>
      <trkpt lat="66.403776" lon="14.534990"></trkpt>
      <trkpt lat="66.403715" lon="14.535362"></trkpt>
      <trkpt lat="66.403649" lon="14.535692"></trkpt>
      <trkpt lat="66.403629" lon="14.535865"></trkpt>
      <trkpt lat="66.403617" lon="14.535917"></trkpt>
      <trkpt lat="66.403552" lon="14.536174"></trkpt>
      <trkpt lat="66.403467" lon="14.536471"></trkpt>
      <trkpt lat="66.403390" lon="14.536707"></trkpt>
      <trkpt lat="66.403302" lon="14.536948"></trkpt>
      <trkpt lat="66.403186" lon="14.537228"></trkpt>
      <trkpt lat="66.403090" lon="14.537431"></trkpt>
      <trkpt lat="66.402957" lon="14.537679"></trkpt>
      <trkpt lat="66.402875" lon="14.537812"></trkpt>
      <trkpt lat="66.402749" lon="14.537995"></trkpt>
      <trkpt lat="66.402662" lon="14.538105"></trkpt>
      <trkpt lat="66.402528" lon="14.538253"></trkpt>
      <trkpt lat="66.402437" lon="14.538339"></trkpt>
      <trkpt lat="66.402345" lon="14.538415"></trkpt>
      <trkpt lat="66.402204" lon="14.538510"></trkpt>
      <trkpt lat="66.402061" lon="14.538583"></trkpt>
      <trkpt lat="66.401964" lon="14.538618"></trkpt>
      <trkpt lat="66.401819" lon="14.538651"></trkpt>
      <trkpt lat="66.401697" lon="14.538661"></trkpt>
      <trkpt lat="66.401575" lon="14.538654"></trkpt>
      <trkpt lat="66.401502" lon="14.538642"></trkpt>
      <trkpt lat="66.401357" lon="14.538600"></trkpt>
      <trkpt lat="66.401237" lon="14.538547"></trkpt>
      <trkpt lat="66.401072" lon="14.538446"></trkpt>
      <trkpt lat="66.400979" lon="14.538374"></trkpt>
      <trkpt lat="66.400882" lon="14.538287"></trkpt>
      <trkpt lat="66.400737" lon="14.538136"></trkpt>
      <trkpt lat="66.400666" lon="14.538052"></trkpt>
      <trkpt lat="66.400596" lon="14.537965"></trkpt>
      <trkpt lat="66.400458" lon="14.537778"></trkpt>
      <trkpt lat="66.400256" lon="14.537477"></trkpt>
      <trkpt lat="66.399300" lon="14.535934"></trkpt>
      <trkpt lat="66.398758" lon="14.535082"></trkpt>
      <trkpt lat="66.398342" lon="14.534445"></trkpt>
      <trkpt lat="66.397793" lon="14.533629"></trkpt>
      <trkpt lat="66.397313" lon="14.532937"></trkpt>
      <trkpt lat="66.396935" lon="14.532406"></trkpt>
      <trkpt lat="66.396387" lon="14.531657"></trkpt>
      <trkpt lat="66.395766" lon="14.530839"></trkpt>
      <trkpt lat="66.395461" lon="14.530464"></trkpt>
      <trkpt lat="66.395329" lon="14.530314"></trkpt>
      <trkpt lat="66.395187" lon="14.530163"></trkpt>
      <trkpt lat="66.395014" lon="14.529998"></trkpt>
      <trkpt lat="66.394807" lon="14.529830"></trkpt>
      <trkpt lat="66.394692" lon="14.529754"></trkpt>
      <trkpt lat="66.394595" lon="14.529696"></trkpt>
      <trkpt lat="66.394419" lon="14.529616"></trkpt>
      <trkpt lat="66.394229" lon="14.529563"></trkpt>
      <trkpt lat="66.394065" lon="14.529545"></trkpt>
      <trkpt lat="66.393945" lon="14.529548"></trkpt>
      <trkpt lat="66.393766" lon="14.529574"></trkpt>
      <trkpt lat="66.393587" lon="14.529627"></trkpt>
      <trkpt lat="66.393499" lon="14.529662"></trkpt>
      <trkpt lat="66.393323" lon="14.529751"></trkpt>
      <trkpt lat="66.393236" lon="14.529805"></trkpt>
      <trkpt lat="66.393064" lon="14.529930"></trkpt>
      <trkpt lat="66.392895" lon="14.530079"></trkpt>
      <trkpt lat="66.392811" lon="14.530162"></trkpt>
      <trkpt lat="66.392648" lon="14.530346"></trkpt>
      <trkpt lat="66.392488" lon="14.530552"></trkpt>
      <trkpt lat="66.392334" lon="14.530780"></trkpt>
      <trkpt lat="66.392259" lon="14.530902"></trkpt>
      <trkpt lat="66.392113" lon="14.531161"></trkpt>
      <trkpt lat="66.391972" lon="14.531439"></trkpt>
      <trkpt lat="66.391772" lon="14.531888"></trkpt>
      <trkpt lat="66.391580" lon="14.532359"></trkpt>
      <trkpt lat="66.390700" lon="14.534593"></trkpt>
      <trkpt lat="66.390451" lon="14.535182"></trkpt>
      <trkpt lat="66.390303" lon="14.535501"></trkpt>
      <trkpt lat="66.390101" lon="14.535905"></trkpt>
      <trkpt lat="66.389948" lon="14.536183"></trkpt>
      <trkpt lat="66.389800" lon="14.536435"></trkpt>
      <trkpt lat="66.389648" lon="14.536674"></trkpt>
      <trkpt lat="66.389493" lon="14.536900"></trkpt>
      <trkpt lat="66.389336" lon="14.537115"></trkpt>
      <trkpt lat="66.389126" lon="14.537387"></trkpt>
      <trkpt lat="66.389054" lon="14.537477"></trkpt>
      <trkpt lat="66.388933" lon="14.537627"></trkpt>
      <trkpt lat="66.388805" lon="14.537787"></trkpt>
      <trkpt lat="66.388487" lon="14.538184"></trkpt>
      <trkpt lat="66.388412" lon="14.538239"></trkpt>
      <trkpt lat="66.388161" lon="14.538578"></trkpt>
      <trkpt lat="66.387953" lon="14.538892"></trkpt>
      <trkpt lat="66.387761" lon="14.539216"></trkpt>
      <trkpt lat="66.387747" lon="14.539164"></trkpt>
      <trkpt lat="66.387715" lon="14.539049"></trkpt>
      <trkpt lat="66.387640" lon="14.538875"></trkpt>
      <trkpt lat="66.387576" lon="14.538791"></trkpt>
      <trkpt lat="66.387535" lon="14.538761"></trkpt>
      <trkpt lat="66.387489" lon="14.538797"></trkpt>
      <trkpt lat="66.387434" lon="14.538793"></trkpt>
      <trkpt lat="66.387380" lon="14.538817"></trkpt>
      <trkpt lat="66.387329" lon="14.538868"></trkpt>
      <trkpt lat="66.387294" lon="14.538922"></trkpt>
      <trkpt lat="66.387273" lon="14.538965"></trkpt>
      <trkpt lat="66.387245" lon="14.539039"></trkpt>
      <trkpt lat="66.387229" lon="14.539094"></trkpt>
      <trkpt lat="66.387209" lon="14.539184"></trkpt>
      <trkpt lat="66.387175" lon="14.539429"></trkpt>
      <trkpt lat="66.387139" lon="14.539618"></trkpt>
      <trkpt lat="66.387117" lon="14.539708"></trkpt>
      <trkpt lat="66.387080" lon="14.539835"></trkpt>
      <trkpt lat="66.387053" lon="14.539914"></trkpt>
      <trkpt lat="66.387008" lon="14.540024"></trkpt>
      <trkpt lat="66.386942" lon="14.540152"></trkpt>
      <trkpt lat="66.386888" lon="14.540234"></trkpt>
      <trkpt lat="66.386831" lon="14.540301"></trkpt>
      <trkpt lat="66.386690" lon="14.540437"></trkpt>
      <trkpt lat="66.386617" lon="14.540528"></trkpt>
      <trkpt lat="66.386546" lon="14.540632"></trkpt>
      <trkpt lat="66.386448" lon="14.540805"></trkpt>
      <trkpt lat="66.386332" lon="14.541030"></trkpt>
      <trkpt lat="66.386200" lon="14.541321"></trkpt>
      <trkpt lat="66.386108" lon="14.541548"></trkpt>
      <trkpt lat="66.386013" lon="14.541816"></trkpt>
      <trkpt lat="66.385922" lon="14.542099"></trkpt>
      <trkpt lat="66.385567" lon="14.543296"></trkpt>
      <trkpt lat="66.385366" lon="14.543946"></trkpt>
      <trkpt lat="66.385222" lon="14.544385"></trkpt>
      <trkpt lat="66.385085" lon="14.544791"></trkpt>
      <trkpt lat="66.384767" lon="14.545702"></trkpt>
      <trkpt lat="66.384712" lon="14.545874"></trkpt>
      <trkpt lat="66.384657" lon="14.546062"></trkpt>
      <trkpt lat="66.384606" lon="14.546259"></trkpt>
      <trkpt lat="66.384566" lon="14.546440"></trkpt>
      <trkpt lat="66.384516" lon="14.546701"></trkpt>
      <trkpt lat="66.384462" lon="14.547078"></trkpt>
      <trkpt lat="66.384359" lon="14.548021"></trkpt>
      <trkpt lat="66.384324" lon="14.548300"></trkpt>
      <trkpt lat="66.384185" lon="14.549243"></trkpt>
      <trkpt lat="66.384145" lon="14.549537"></trkpt>
      <trkpt lat="66.384111" lon="14.549824"></trkpt>
      <trkpt lat="66.384075" lon="14.550163"></trkpt>
      <trkpt lat="66.384045" lon="14.550510"></trkpt>
      <trkpt lat="66.384002" lon="14.551064"></trkpt>
      <trkpt lat="66.383934" lon="14.552029"></trkpt>
      <trkpt lat="66.383899" lon="14.552576"></trkpt>
      <trkpt lat="66.383833" lon="14.553474"></trkpt>
      <trkpt lat="66.383811" lon="14.553714"></trkpt>
      <trkpt lat="66.383786" lon="14.553939"></trkpt>
      <trkpt lat="66.383732" lon="14.554378"></trkpt>
      <trkpt lat="66.383688" lon="14.554687"></trkpt>
      <trkpt lat="66.383635" lon="14.555020"></trkpt>
      <trkpt lat="66.383556" lon="14.555472"></trkpt>
      <trkpt lat="66.383493" lon="14.555764"></trkpt>
      <trkpt lat="66.383427" lon="14.556037"></trkpt>
      <trkpt lat="66.383351" lon="14.556283"></trkpt>
      <trkpt lat="66.383267" lon="14.556501"></trkpt>
      <trkpt lat="66.383149" lon="14.556735"></trkpt>
      <trkpt lat="66.383034" lon="14.556934"></trkpt>
      <trkpt lat="66.382896" lon="14.557153"></trkpt>
      <trkpt lat="66.382800" lon="14.557287"></trkpt>
      <trkpt lat="66.382701" lon="14.557416"></trkpt>
      <trkpt lat="66.382291" lon="14.557911"></trkpt>
      <trkpt lat="66.382174" lon="14.558071"></trkpt>
      <trkpt lat="66.382074" lon="14.558239"></trkpt>
      <trkpt lat="66.382004" lon="14.558371"></trkpt>
      <trkpt lat="66.381985" lon="14.558414"></trkpt>
      <trkpt lat="66.381935" lon="14.558528"></trkpt>
      <trkpt lat="66.381852" lon="14.558749"></trkpt>
      <trkpt lat="66.381767" lon="14.559042"></trkpt>
      <trkpt lat="66.381716" lon="14.559252"></trkpt>
      <trkpt lat="66.381663" lon="14.559521"></trkpt>
      <trkpt lat="66.381610" lon="14.559860"></trkpt>
      <trkpt lat="66.381470" lon="14.560875"></trkpt>
      <trkpt lat="66.381398" lon="14.561283"></trkpt>
      <trkpt lat="66.381359" lon="14.561460"></trkpt>
      <trkpt lat="66.381301" lon="14.561686"></trkpt>
      <trkpt lat="66.381219" lon="14.561950"></trkpt>
      <trkpt lat="66.381152" lon="14.562129"></trkpt>
      <trkpt lat="66.381209" lon="14.562302"></trkpt>
      <trkpt lat="66.381221" lon="14.562354"></trkpt>
      <trkpt lat="66.381233" lon="14.562437"></trkpt>
      <trkpt lat="66.381236" lon="14.562524"></trkpt>
      <trkpt lat="66.381232" lon="14.562595"></trkpt>
      <trkpt lat="66.381203" lon="14.562841"></trkpt>
      <trkpt lat="66.381188" lon="14.563016"></trkpt>
      <trkpt lat="66.381178" lon="14.563170"></trkpt>
      <trkpt lat="66.381169" lon="14.563430"></trkpt>
      <trkpt lat="66.381167" lon="14.563567"></trkpt>
      <trkpt lat="66.381170" lon="14.563737"></trkpt>
      <trkpt lat="66.381178" lon="14.563913"></trkpt>
      <trkpt lat="66.381194" lon="14.564139"></trkpt>
      <trkpt lat="66.381251" lon="14.564791"></trkpt>
      <trkpt lat="66.381266" lon="14.564933"></trkpt>
      <trkpt lat="66.381274" lon="14.564994"></trkpt>
      <trkpt lat="66.381326" lon="14.565370"></trkpt>
      <trkpt lat="66.381389" lon="14.565929"></trkpt>
      <trkpt lat="66.381421" lon="14.566241"></trkpt>
      <trkpt lat="66.381459" lon="14.566711"></trkpt>
      <trkpt lat="66.381474" lon="14.566961"></trkpt>
      <trkpt lat="66.381489" lon="14.567380"></trkpt>
      <trkpt lat="66.381491" lon="14.567744"></trkpt>
      <trkpt lat="66.381481" lon="14.568111"></trkpt>
      <trkpt lat="66.381455" lon="14.568561"></trkpt>
      <trkpt lat="66.381414" lon="14.569016"></trkpt>
      <trkpt lat="66.381387" lon="14.569234"></trkpt>
      <trkpt lat="66.381344" lon="14.569530"></trkpt>
      <trkpt lat="66.381286" lon="14.569855"></trkpt>
      <trkpt lat="66.381241" lon="14.570074"></trkpt>
      <trkpt lat="66.381165" lon="14.570392"></trkpt>
      <trkpt lat="66.381083" lon="14.570687"></trkpt>
      <trkpt lat="66.380977" lon="14.571019"></trkpt>
      <trkpt lat="66.380866" lon="14.571316"></trkpt>
      <trkpt lat="66.380766" lon="14.571554"></trkpt>
      <trkpt lat="66.380605" lon="14.571908"></trkpt>
      <trkpt lat="66.380099" lon="14.572926"></trkpt>
      <trkpt lat="66.379638" lon="14.573874"></trkpt>
      <trkpt lat="66.379435" lon="14.574305"></trkpt>
      <trkpt lat="66.379352" lon="14.574505"></trkpt>
      <trkpt lat="66.379265" lon="14.574746"></trkpt>
      <trkpt lat="66.379192" lon="14.574982"></trkpt>
      <trkpt lat="66.379110" lon="14.575299"></trkpt>
      <trkpt lat="66.379043" lon="14.575618"></trkpt>
      <trkpt lat="66.378986" lon="14.575933"></trkpt>
      <trkpt lat="66.378971" lon="14.576042"></trkpt>
      <trkpt lat="66.378941" lon="14.576247"></trkpt>
      <trkpt lat="66.378903" lon="14.576582"></trkpt>
      <trkpt lat="66.378849" lon="14.577185"></trkpt>
      <trkpt lat="66.378824" lon="14.577518"></trkpt>
      <trkpt lat="66.378804" lon="14.577838"></trkpt>
      <trkpt lat="66.378772" lon="14.578485"></trkpt>
      <trkpt lat="66.378679" lon="14.580676"></trkpt>
      <trkpt lat="66.378592" lon="14.582839"></trkpt>
      <trkpt lat="66.378497" lon="14.585402"></trkpt>
      <trkpt lat="66.378479" lon="14.585761"></trkpt>
      <trkpt lat="66.378457" lon="14.586302"></trkpt>
      <trkpt lat="66.378432" lon="14.587043"></trkpt>
      <trkpt lat="66.378423" lon="14.587410"></trkpt>
      <trkpt lat="66.378420" lon="14.587761"></trkpt>
      <trkpt lat="66.378421" lon="14.588239"></trkpt>
      <trkpt lat="66.378446" lon="14.589764"></trkpt>
      <trkpt lat="66.378462" lon="14.590419"></trkpt>
      <trkpt lat="66.378474" lon="14.590752"></trkpt>
      <trkpt lat="66.378577" lon="14.592808"></trkpt>
      <trkpt lat="66.378596" lon="14.593127"></trkpt>
      <trkpt lat="66.378687" lon="14.594427"></trkpt>
      <trkpt lat="66.378738" lon="14.595213"></trkpt>
      <trkpt lat="66.378784" lon="14.595769"></trkpt>
      <trkpt lat="66.378817" lon="14.596059"></trkpt>
      <trkpt lat="66.378844" lon="14.596263"></trkpt>
      <trkpt lat="66.378888" lon="14.596544"></trkpt>
      <trkpt lat="66.379143" lon="14.597954"></trkpt>
      <trkpt lat="66.379181" lon="14.598199"></trkpt>
      <trkpt lat="66.379240" lon="14.598656"></trkpt>
      <trkpt lat="66.379297" lon="14.599238"></trkpt>
      <trkpt lat="66.379338" lon="14.599772"></trkpt>
      <trkpt lat="66.379357" lon="14.600078"></trkpt>
      <trkpt lat="66.379372" lon="14.600468"></trkpt>
      <trkpt lat="66.379382" lon="14.601030"></trkpt>
      <trkpt lat="66.379381" lon="14.601866"></trkpt>
      <trkpt lat="66.379378" lon="14.602167"></trkpt>
      <trkpt lat="66.379381" lon="14.602560"></trkpt>
      <trkpt lat="66.379390" lon="14.602821"></trkpt>
      <trkpt lat="66.379403" lon="14.603003"></trkpt>
      <trkpt lat="66.379429" lon="14.603284"></trkpt>
      <trkpt lat="66.379451" lon="14.603453"></trkpt>
      <trkpt lat="66.379488" lon="14.603694"></trkpt>
      <trkpt lat="66.379536" lon="14.603915"></trkpt>
      <trkpt lat="66.379608" lon="14.604221"></trkpt>
      <trkpt lat="66.379685" lon="14.604517"></trkpt>
      <trkpt lat="66.379769" lon="14.604818"></trkpt>
      <trkpt lat="66.379853" lon="14.605111"></trkpt>
      <trkpt lat="66.380071" lon="14.605830"></trkpt>
      <trkpt lat="66.380305" lon="14.606558"></trkpt>
      <trkpt lat="66.380511" lon="14.607225"></trkpt>
      <trkpt lat="66.380626" lon="14.607637"></trkpt>
      <trkpt lat="66.380706" lon="14.607990"></trkpt>
      <trkpt lat="66.380819" lon="14.608554"></trkpt>
      <trkpt lat="66.380948" lon="14.609271"></trkpt>
      <trkpt lat="66.381460" lon="14.612304"></trkpt>
      <trkpt lat="66.381627" lon="14.613242"></trkpt>
      <trkpt lat="66.381727" lon="14.613761"></trkpt>
      <trkpt lat="66.381880" lon="14.614492"></trkpt>
      <trkpt lat="66.381858" lon="14.614589"></trkpt>
      <trkpt lat="66.381812" lon="14.614790"></trkpt>
      <trkpt lat="66.381786" lon="14.614998"></trkpt>
      <trkpt lat="66.381776" lon="14.615224"></trkpt>
      <trkpt lat="66.381773" lon="14.615728"></trkpt>
      <trkpt lat="66.381763" lon="14.615940"></trkpt>
      <trkpt lat="66.381721" lon="14.616355"></trkpt>
      <trkpt lat="66.381655" lon="14.616673"></trkpt>
      <trkpt lat="66.381582" lon="14.616896"></trkpt>
      <trkpt lat="66.381583" lon="14.616914"></trkpt>
      <trkpt lat="66.381583" lon="14.616914"></trkpt>
      <trkpt lat="66.381582" lon="14.616896"></trkpt>
      <trkpt lat="66.381655" lon="14.616673"></trkpt>
      <trkpt lat="66.381721" lon="14.616355"></trkpt>
      <trkpt lat="66.381763" lon="14.615940"></trkpt>
      <trkpt lat="66.381773" lon="14.615728"></trkpt>
      <trkpt lat="66.381776" lon="14.615224"></trkpt>
      <trkpt lat="66.381786" lon="14.614998"></trkpt>
      <trkpt lat="66.381812" lon="14.614790"></trkpt>
      <trkpt lat="66.381858" lon="14.614589"></trkpt>
      <trkpt lat="66.381880" lon="14.614492"></trkpt>
      <trkpt lat="66.381727" lon="14.613761"></trkpt>
      <trkpt lat="66.381627" lon="14.613242"></trkpt>
      <trkpt lat="66.381460" lon="14.612304"></trkpt>
      <trkpt lat="66.380948" lon="14.609271"></trkpt>
      <trkpt lat="66.380819" lon="14.608554"></trkpt>
      <trkpt lat="66.380706" lon="14.607990"></trkpt>
      <trkpt lat="66.380626" lon="14.607637"></trkpt>
      <trkpt lat="66.380511" lon="14.607225"></trkpt>
      <trkpt lat="66.380305" lon="14.606558"></trkpt>
      <trkpt lat="66.380071" lon="14.605830"></trkpt>
      <trkpt lat="66.379853" lon="14.605111"></trkpt>
      <trkpt lat="66.379769" lon="14.604818"></trkpt>
      <trkpt lat="66.379685" lon="14.604517"></trkpt>
      <trkpt lat="66.379608" lon="14.604221"></trkpt>
      <trkpt lat="66.379536" lon="14.603915"></trkpt>
      <trkpt lat="66.379488" lon="14.603694"></trkpt>
      <trkpt lat="66.379451" lon="14.603453"></trkpt>
      <trkpt lat="66.379429" lon="14.603284"></trkpt>
      <trkpt lat="66.379403" lon="14.603003"></trkpt>
      <trkpt lat="66.379390" lon="14.602821"></trkpt>
      <trkpt lat="66.379381" lon="14.602560"></trkpt>
      <trkpt lat="66.379378" lon="14.602167"></trkpt>
      <trkpt lat="66.379381" lon="14.601866"></trkpt>
      <trkpt lat="66.379382" lon="14.601030"></trkpt>
      <trkpt lat="66.379372" lon="14.600468"></trkpt>
      <trkpt lat="66.379357" lon="14.600078"></trkpt>
      <trkpt lat="66.379338" lon="14.599772"></trkpt>
      <trkpt lat="66.379297" lon="14.599238"></trkpt>
      <trkpt lat="66.379240" lon="14.598656"></trkpt>
      <trkpt lat="66.379181" lon="14.598199"></trkpt>
      <trkpt lat="66.379143" lon="14.597954"></trkpt>
      <trkpt lat="66.378888" lon="14.596544"></trkpt>
      <trkpt lat="66.378844" lon="14.596263"></trkpt>
      <trkpt lat="66.378817" lon="14.596059"></trkpt>
      <trkpt lat="66.378784" lon="14.595769"></trkpt>
      <trkpt lat="66.378738" lon="14.595213"></trkpt>
      <trkpt lat="66.378687" lon="14.594427"></trkpt>
      <trkpt lat="66.378596" lon="14.593127"></trkpt>
      <trkpt lat="66.378577" lon="14.592808"></trkpt>
      <trkpt lat="66.378474" lon="14.590752"></trkpt>
      <trkpt lat="66.378462" lon="14.590419"></trkpt>
      <trkpt lat="66.378446" lon="14.589764"></trkpt>
      <trkpt lat="66.378421" lon="14.588239"></trkpt>
      <trkpt lat="66.378420" lon="14.587761"></trkpt>
      <trkpt lat="66.378423" lon="14.587410"></trkpt>
      <trkpt lat="66.378432" lon="14.587043"></trkpt>
      <trkpt lat="66.378457" lon="14.586302"></trkpt>
      <trkpt lat="66.378479" lon="14.585761"></trkpt>
      <trkpt lat="66.378497" lon="14.585402"></trkpt>
      <trkpt lat="66.378592" lon="14.582839"></trkpt>
      <trkpt lat="66.378679" lon="14.580676"></trkpt>
      <trkpt lat="66.378772" lon="14.578485"></trkpt>
      <trkpt lat="66.378804" lon="14.577838"></trkpt>
      <trkpt lat="66.378824" lon="14.577518"></trkpt>
      <trkpt lat="66.378849" lon="14.577185"></trkpt>
      <trkpt lat="66.378903" lon="14.576582"></trkpt>
      <trkpt lat="66.378941" lon="14.576247"></trkpt>
      <trkpt lat="66.378971" lon="14.576042"></trkpt>
      <trkpt lat="66.378986" lon="14.575933"></trkpt>
      <trkpt lat="66.379043" lon="14.575618"></trkpt>
      <trkpt lat="66.379110" lon="14.575299"></trkpt>
      <trkpt lat="66.379192" lon="14.574982"></trkpt>
      <trkpt lat="66.379265" lon="14.574746"></trkpt>
      <trkpt lat="66.379352" lon="14.574505"></trkpt>
      <trkpt lat="66.379435" lon="14.574305"></trkpt>
      <trkpt lat="66.379638" lon="14.573874"></trkpt>
      <trkpt lat="66.380099" lon="14.572926"></trkpt>
      <trkpt lat="66.380605" lon="14.571908"></trkpt>
      <trkpt lat="66.380766" lon="14.571554"></trkpt>
      <trkpt lat="66.380866" lon="14.571316"></trkpt>
      <trkpt lat="66.380977" lon="14.571019"></trkpt>
      <trkpt lat="66.381083" lon="14.570687"></trkpt>
      <trkpt lat="66.381165" lon="14.570392"></trkpt>
      <trkpt lat="66.381241" lon="14.570074"></trkpt>
      <trkpt lat="66.381286" lon="14.569855"></trkpt>
      <trkpt lat="66.381344" lon="14.569530"></trkpt>
      <trkpt lat="66.381387" lon="14.569234"></trkpt>
      <trkpt lat="66.381414" lon="14.569016"></trkpt>
      <trkpt lat="66.381455" lon="14.568561"></trkpt>
      <trkpt lat="66.381481" lon="14.568111"></trkpt>
      <trkpt lat="66.381491" lon="14.567744"></trkpt>
      <trkpt lat="66.381489" lon="14.567380"></trkpt>
      <trkpt lat="66.381474" lon="14.566961"></trkpt>
      <trkpt lat="66.381459" lon="14.566711"></trkpt>
      <trkpt lat="66.381421" lon="14.566241"></trkpt>
      <trkpt lat="66.381389" lon="14.565929"></trkpt>
      <trkpt lat="66.381326" lon="14.565370"></trkpt>
      <trkpt lat="66.381274" lon="14.564994"></trkpt>
      <trkpt lat="66.381266" lon="14.564933"></trkpt>
      <trkpt lat="66.381251" lon="14.564791"></trkpt>
      <trkpt lat="66.381194" lon="14.564139"></trkpt>
      <trkpt lat="66.381178" lon="14.563913"></trkpt>
      <trkpt lat="66.381170" lon="14.563737"></trkpt>
      <trkpt lat="66.381167" lon="14.563567"></trkpt>
      <trkpt lat="66.381169" lon="14.563430"></trkpt>
      <trkpt lat="66.381178" lon="14.563170"></trkpt>
      <trkpt lat="66.381188" lon="14.563016"></trkpt>
      <trkpt lat="66.381203" lon="14.562841"></trkpt>
      <trkpt lat="66.381232" lon="14.562595"></trkpt>
      <trkpt lat="66.381236" lon="14.562524"></trkpt>
      <trkpt lat="66.381233" lon="14.562437"></trkpt>
      <trkpt lat="66.381221" lon="14.562354"></trkpt>
      <trkpt lat="66.381209" lon="14.562302"></trkpt>
      <trkpt lat="66.381152" lon="14.562129"></trkpt>
      <trkpt lat="66.381219" lon="14.561950"></trkpt>
      <trkpt lat="66.381301" lon="14.561686"></trkpt>
      <trkpt lat="66.381359" lon="14.561460"></trkpt>
      <trkpt lat="66.381398" lon="14.561283"></trkpt>
      <trkpt lat="66.381470" lon="14.560875"></trkpt>
      <trkpt lat="66.381610" lon="14.559860"></trkpt>
      <trkpt lat="66.381663" lon="14.559521"></trkpt>
      <trkpt lat="66.381716" lon="14.559252"></trkpt>
      <trkpt lat="66.381767" lon="14.559042"></trkpt>
      <trkpt lat="66.381852" lon="14.558749"></trkpt>
      <trkpt lat="66.381935" lon="14.558528"></trkpt>
      <trkpt lat="66.381985" lon="14.558414"></trkpt>
      <trkpt lat="66.382004" lon="14.558371"></trkpt>
      <trkpt lat="66.382074" lon="14.558239"></trkpt>
      <trkpt lat="66.382174" lon="14.558071"></trkpt>
      <trkpt lat="66.382291" lon="14.557911"></trkpt>
      <trkpt lat="66.382701" lon="14.557416"></trkpt>
      <trkpt lat="66.382800" lon="14.557287"></trkpt>
      <trkpt lat="66.382896" lon="14.557153"></trkpt>
      <trkpt lat="66.383034" lon="14.556934"></trkpt>
      <trkpt lat="66.383149" lon="14.556735"></trkpt>
      <trkpt lat="66.383267" lon="14.556501"></trkpt>
      <trkpt lat="66.383351" lon="14.556283"></trkpt>
      <trkpt lat="66.383427" lon="14.556037"></trkpt>
      <trkpt lat="66.383493" lon="14.555764"></trkpt>
      <trkpt lat="66.383556" lon="14.555472"></trkpt>
      <trkpt lat="66.383635" lon="14.555020"></trkpt>
      <trkpt lat="66.383688" lon="14.554687"></trkpt>
      <trkpt lat="66.383732" lon="14.554378"></trkpt>
      <trkpt lat="66.383786" lon="14.553939"></trkpt>
      <trkpt lat="66.383811" lon="14.553714"></trkpt>
      <trkpt lat="66.383833" lon="14.553474"></trkpt>
      <trkpt lat="66.383899" lon="14.552576"></trkpt>
      <trkpt lat="66.383934" lon="14.552029"></trkpt>
      <trkpt lat="66.384002" lon="14.551064"></trkpt>
      <trkpt lat="66.384045" lon="14.550510"></trkpt>
      <trkpt lat="66.384075" lon="14.550163"></trkpt>
      <trkpt lat="66.384111" lon="14.549824"></trkpt>
      <trkpt lat="66.384145" lon="14.549537"></trkpt>
      <trkpt lat="66.384185" lon="14.549243"></trkpt>
      <trkpt lat="66.384324" lon="14.548300"></trkpt>
      <trkpt lat="66.384359" lon="14.548021"></trkpt>
      <trkpt lat="66.384462" lon="14.547078"></trkpt>
      <trkpt lat="66.384516" lon="14.546701"></trkpt>
      <trkpt lat="66.384566" lon="14.546440"></trkpt>
      <trkpt lat="66.384606" lon="14.546259"></trkpt>
      <trkpt lat="66.384657" lon="14.546062"></trkpt>
      <trkpt lat="66.384712" lon="14.545874"></trkpt>
      <trkpt lat="66.384767" lon="14.545702"></trkpt>
      <trkpt lat="66.385085" lon="14.544791"></trkpt>
      <trkpt lat="66.385222" lon="14.544385"></trkpt>
      <trkpt lat="66.385366" lon="14.543946"></trkpt>
      <trkpt lat="66.385567" lon="14.543296"></trkpt>
      <trkpt lat="66.385922" lon="14.542099"></trkpt>
      <trkpt lat="66.386013" lon="14.541816"></trkpt>
      <trkpt lat="66.386108" lon="14.541548"></trkpt>
      <trkpt lat="66.386200" lon="14.541321"></trkpt>
      <trkpt lat="66.386332" lon="14.541030"></trkpt>
      <trkpt lat="66.386448" lon="14.540805"></trkpt>
      <trkpt lat="66.386546" lon="14.540632"></trkpt>
      <trkpt lat="66.386617" lon="14.540528"></trkpt>
      <trkpt lat="66.386690" lon="14.540437"></trkpt>
      <trkpt lat="66.386831" lon="14.540301"></trkpt>
      <trkpt lat="66.386888" lon="14.540234"></trkpt>
      <trkpt lat="66.386942" lon="14.540152"></trkpt>
      <trkpt lat="66.387008" lon="14.540024"></trkpt>
      <trkpt lat="66.387053" lon="14.539914"></trkpt>
      <trkpt lat="66.387080" lon="14.539835"></trkpt>
      <trkpt lat="66.387117" lon="14.539708"></trkpt>
      <trkpt lat="66.387139" lon="14.539618"></trkpt>
      <trkpt lat="66.387175" lon="14.539429"></trkpt>
      <trkpt lat="66.387209" lon="14.539184"></trkpt>
      <trkpt lat="66.387229" lon="14.539094"></trkpt>
      <trkpt lat="66.387245" lon="14.539039"></trkpt>
      <trkpt lat="66.387273" lon="14.538965"></trkpt>
      <trkpt lat="66.387294" lon="14.538922"></trkpt>
      <trkpt lat="66.387329" lon="14.538868"></trkpt>
      <trkpt lat="66.387380" lon="14.538817"></trkpt>
      <trkpt lat="66.387434" lon="14.538793"></trkpt>
      <trkpt lat="66.387489" lon="14.538797"></trkpt>
      <trkpt lat="66.387520" lon="14.538888"></trkpt>
      <trkpt lat="66.387565" lon="14.538948"></trkpt>
      <trkpt lat="66.387597" lon="14.539010"></trkpt>
      <trkpt lat="66.387644" lon="14.539152"></trkpt>
      <trkpt lat="66.387679" lon="14.539274"></trkpt>
      <trkpt lat="66.387696" lon="14.539335"></trkpt>
      <trkpt lat="66.387766" lon="14.539414"></trkpt>
      <trkpt lat="66.388193" lon="14.538680"></trkpt>
      <trkpt lat="66.388422" lon="14.538327"></trkpt>
      <trkpt lat="66.388487" lon="14.538184"></trkpt>
      <trkpt lat="66.388805" lon="14.537787"></trkpt>
      <trkpt lat="66.388933" lon="14.537627"></trkpt>
      <trkpt lat="66.389054" lon="14.537477"></trkpt>
      <trkpt lat="66.389126" lon="14.537387"></trkpt>
      <trkpt lat="66.389336" lon="14.537115"></trkpt>
      <trkpt lat="66.389493" lon="14.536900"></trkpt>
      <trkpt lat="66.389648" lon="14.536674"></trkpt>
      <trkpt lat="66.389800" lon="14.536435"></trkpt>
      <trkpt lat="66.389948" lon="14.536183"></trkpt>
      <trkpt lat="66.390101" lon="14.535905"></trkpt>
      <trkpt lat="66.390303" lon="14.535501"></trkpt>
      <trkpt lat="66.390451" lon="14.535182"></trkpt>
      <trkpt lat="66.390700" lon="14.534593"></trkpt>
      <trkpt lat="66.391580" lon="14.532359"></trkpt>
      <trkpt lat="66.391772" lon="14.531888"></trkpt>
      <trkpt lat="66.391972" lon="14.531439"></trkpt>
      <trkpt lat="66.392113" lon="14.531161"></trkpt>
      <trkpt lat="66.392259" lon="14.530902"></trkpt>
      <trkpt lat="66.392334" lon="14.530780"></trkpt>
      <trkpt lat="66.392488" lon="14.530552"></trkpt>
      <trkpt lat="66.392648" lon="14.530346"></trkpt>
      <trkpt lat="66.392811" lon="14.530162"></trkpt>
      <trkpt lat="66.392895" lon="14.530079"></trkpt>
      <trkpt lat="66.393064" lon="14.529930"></trkpt>
      <trkpt lat="66.393236" lon="14.529805"></trkpt>
      <trkpt lat="66.393323" lon="14.529751"></trkpt>
      <trkpt lat="66.393499" lon="14.529662"></trkpt>
      <trkpt lat="66.393587" lon="14.529627"></trkpt>
      <trkpt lat="66.393766" lon="14.529574"></trkpt>
      <trkpt lat="66.393945" lon="14.529548"></trkpt>
      <trkpt lat="66.394065" lon="14.529545"></trkpt>
      <trkpt lat="66.394229" lon="14.529563"></trkpt>
      <trkpt lat="66.394419" lon="14.529616"></trkpt>
      <trkpt lat="66.394595" lon="14.529696"></trkpt>
      <trkpt lat="66.394692" lon="14.529754"></trkpt>
      <trkpt lat="66.394807" lon="14.529830"></trkpt>
      <trkpt lat="66.395014" lon="14.529998"></trkpt>
      <trkpt lat="66.395187" lon="14.530163"></trkpt>
      <trkpt lat="66.395329" lon="14.530314"></trkpt>
      <trkpt lat="66.395461" lon="14.530464"></trkpt>
      <trkpt lat="66.395766" lon="14.530839"></trkpt>
      <trkpt lat="66.396387" lon="14.531657"></trkpt>
      <trkpt lat="66.396935" lon="14.532406"></trkpt>
      <trkpt lat="66.397313" lon="14.532937"></trkpt>
      <trkpt lat="66.397793" lon="14.533629"></trkpt>
      <trkpt lat="66.398342" lon="14.534445"></trkpt>
      <trkpt lat="66.398758" lon="14.535082"></trkpt>
      <trkpt lat="66.399300" lon="14.535934"></trkpt>
      <trkpt lat="66.400256" lon="14.537477"></trkpt>
      <trkpt lat="66.400458" lon="14.537778"></trkpt>
      <trkpt lat="66.400596" lon="14.537965"></trkpt>
      <trkpt lat="66.400666" lon="14.538052"></trkpt>
      <trkpt lat="66.400737" lon="14.538136"></trkpt>
      <trkpt lat="66.400882" lon="14.538287"></trkpt>
      <trkpt lat="66.400979" lon="14.538374"></trkpt>
      <trkpt lat="66.401072" lon="14.538446"></trkpt>
      <trkpt lat="66.401237" lon="14.538547"></trkpt>
      <trkpt lat="66.401357" lon="14.538600"></trkpt>
      <trkpt lat="66.401502" lon="14.538642"></trkpt>
      <trkpt lat="66.401575" lon="14.538654"></trkpt>
      <trkpt lat="66.401697" lon="14.538661"></trkpt>
      <trkpt lat="66.401819" lon="14.538651"></trkpt>
      <trkpt lat="66.401964" lon="14.538618"></trkpt>
      <trkpt lat="66.402061" lon="14.538583"></trkpt>
      <trkpt lat="66.402204" lon="14.538510"></trkpt>
      <trkpt lat="66.402345" lon="14.538415"></trkpt>
      <trkpt lat="66.402437" lon="14.538339"></trkpt>
      <trkpt lat="66.402528" lon="14.538253"></trkpt>
      <trkpt lat="66.402662" lon="14.538105"></trkpt>
      <trkpt lat="66.402749" lon="14.537995"></trkpt>
      <trkpt lat="66.402875" lon="14.537812"></trkpt>
      <trkpt lat="66.402957" lon="14.537679"></trkpt>
      <trkpt lat="66.403090" lon="14.537431"></trkpt>
      <trkpt lat="66.403186" lon="14.537228"></trkpt>
      <trkpt lat="66.403302" lon="14.536948"></trkpt>
      <trkpt lat="66.403390" lon="14.536707"></trkpt>
      <trkpt lat="66.403467" lon="14.536471"></trkpt>
      <trkpt lat="66.403552" lon="14.536174"></trkpt>
      <trkpt lat="66.403617" lon="14.535917"></trkpt>
      <trkpt lat="66.403629" lon="14.535865"></trkpt>
      <trkpt lat="66.403678" lon="14.535726"></trkpt>
      <trkpt lat="66.403734" lon="14.535462"></trkpt>
      <trkpt lat="66.403788" lon="14.535188"></trkpt>
      <trkpt lat="66.403878" lon="14.534688"></trkpt>
      <trkpt lat="66.403930" lon="14.534364"></trkpt>
      <trkpt lat="66.404059" lon="14.533484"></trkpt>
      <trkpt lat="66.404187" lon="14.532683"></trkpt>
      <trkpt lat="66.404271" lon="14.532193"></trkpt>
      <trkpt lat="66.404327" lon="14.531863"></trkpt>
      <trkpt lat="66.404408" lon="14.531450"></trkpt>
      <trkpt lat="66.404504" lon="14.530956"></trkpt>
      <trkpt lat="66.404601" lon="14.530509"></trkpt>
      <trkpt lat="66.404673" lon="14.530211"></trkpt>
      <trkpt lat="66.404773" lon="14.529828"></trkpt>
      <trkpt lat="66.404854" lon="14.529545"></trkpt>
      <trkpt lat="66.404995" lon="14.529097"></trkpt>
      <trkpt lat="66.405099" lon="14.528796"></trkpt>
      <trkpt lat="66.405177" lon="14.528532"></trkpt>
      <trkpt lat="66.405267" lon="14.528307"></trkpt>
      <trkpt lat="66.405332" lon="14.528154"></trkpt>
      <trkpt lat="66.405443" lon="14.527902"></trkpt>
      <trkpt lat="66.405562" lon="14.527645"></trkpt>
      <trkpt lat="66.405579" lon="14.527609"></trkpt>
      <trkpt lat="66.406083" lon="14.526565"></trkpt>
      <trkpt lat="66.406204" lon="14.526298"></trkpt>
      <trkpt lat="66.406361" lon="14.525923"></trkpt>
      <trkpt lat="66.406519" lon="14.525501"></trkpt>
      <trkpt lat="66.406599" lon="14.525268"></trkpt>
      <trkpt lat="66.406676" lon="14.525029"></trkpt>
      <trkpt lat="66.406774" lon="14.524702"></trkpt>
      <trkpt lat="66.406844" lon="14.524450"></trkpt>
      <trkpt lat="66.406911" lon="14.524193"></trkpt>
      <trkpt lat="66.406932" lon="14.524106"></trkpt>
      <trkpt lat="66.406987" lon="14.523951"></trkpt>
      <trkpt lat="66.407072" lon="14.523574"></trkpt>
      <trkpt lat="66.407136" lon="14.523259"></trkpt>
      <trkpt lat="66.407194" lon="14.522949"></trkpt>
      <trkpt lat="66.407247" lon="14.522636"></trkpt>
      <trkpt lat="66.407319" lon="14.522157"></trkpt>
      <trkpt lat="66.407381" lon="14.521674"></trkpt>
      <trkpt lat="66.407417" lon="14.521344"></trkpt>
      <trkpt lat="66.407449" lon="14.521010"></trkpt>
      <trkpt lat="66.407491" lon="14.520479"></trkpt>
      <trkpt lat="66.407505" lon="14.520240"></trkpt>
      <trkpt lat="66.407522" lon="14.519887"></trkpt>
      <trkpt lat="66.407536" lon="14.519519"></trkpt>
      <trkpt lat="66.407550" lon="14.518953"></trkpt>
      <trkpt lat="66.407555" lon="14.518574"></trkpt>
      <trkpt lat="66.407558" lon="14.517627"></trkpt>
      <trkpt lat="66.407555" lon="14.517061"></trkpt>
      <trkpt lat="66.407545" lon="14.516249"></trkpt>
      <trkpt lat="66.407529" lon="14.516116"></trkpt>
      <trkpt lat="66.407506" lon="14.515097"></trkpt>
      <trkpt lat="66.407484" lon="14.514398"></trkpt>
      <trkpt lat="66.407460" lon="14.513775"></trkpt>
      <trkpt lat="66.407425" lon="14.512997"></trkpt>
      <trkpt lat="66.407352" lon="14.511666"></trkpt>
      <trkpt lat="66.407227" lon="14.509445"></trkpt>
      <trkpt lat="66.407143" lon="14.507938"></trkpt>
      <trkpt lat="66.407057" lon="14.506201"></trkpt>
      <trkpt lat="66.407046" lon="14.505963"></trkpt>
      <trkpt lat="66.407022" lon="14.505416"></trkpt>
      <trkpt lat="66.406964" lon="14.504026"></trkpt>
      <trkpt lat="66.406905" lon="14.502382"></trkpt>
      <trkpt lat="66.406885" lon="14.501739"></trkpt>
      <trkpt lat="66.406875" lon="14.501411"></trkpt>
      <trkpt lat="66.406801" lon="14.498709"></trkpt>
      <trkpt lat="66.406773" lon="14.497798"></trkpt>
      <trkpt lat="66.406740" lon="14.497020"></trkpt>
      <trkpt lat="66.406719" lon="14.496627"></trkpt>
      <trkpt lat="66.406666" lon="14.495874"></trkpt>
      <trkpt lat="66.406623" lon="14.495370"></trkpt>
      <trkpt lat="66.406555" lon="14.494704"></trkpt>
      <trkpt lat="66.406480" lon="14.494075"></trkpt>
      <trkpt lat="66.406370" lon="14.493277"></trkpt>
      <trkpt lat="66.406025" lon="14.491014"></trkpt>
      <trkpt lat="66.405951" lon="14.490467"></trkpt>
      <trkpt lat="66.405877" lon="14.489845"></trkpt>
      <trkpt lat="66.405825" lon="14.489321"></trkpt>
      <trkpt lat="66.405789" lon="14.488898"></trkpt>
      <trkpt lat="66.405745" lon="14.488260"></trkpt>
      <trkpt lat="66.405713" lon="14.487617"></trkpt>
      <trkpt lat="66.405693" lon="14.486971"></trkpt>
      <trkpt lat="66.405686" lon="14.486539"></trkpt>
      <trkpt lat="66.405686" lon="14.485891"></trkpt>
      <trkpt lat="66.405701" lon="14.485136"></trkpt>
      <trkpt lat="66.405727" lon="14.484491"></trkpt>
      <trkpt lat="66.405765" lon="14.483850"></trkpt>
      <trkpt lat="66.405803" lon="14.483354"></trkpt>
      <trkpt lat="66.405866" lon="14.482650"></trkpt>
      <trkpt lat="66.406000" lon="14.481310"></trkpt>
      <trkpt lat="66.406051" lon="14.480769"></trkpt>
      <trkpt lat="66.406100" lon="14.480171"></trkpt>
      <trkpt lat="66.406127" lon="14.479777"></trkpt>
      <trkpt lat="66.406152" lon="14.479343"></trkpt>
      <trkpt lat="66.406178" lon="14.478747"></trkpt>
      <trkpt lat="66.406202" lon="14.478136"></trkpt>
      <trkpt lat="66.406220" lon="14.478033"></trkpt>
      <trkpt lat="66.406235" lon="14.477670"></trkpt>
      <trkpt lat="66.406285" lon="14.476744"></trkpt>
      <trkpt lat="66.406316" lon="14.475972"></trkpt>
      <trkpt lat="66.406323" lon="14.475731"></trkpt>
      <trkpt lat="66.406358" lon="14.474703"></trkpt>
      <trkpt lat="66.406371" lon="14.474192"></trkpt>
      <trkpt lat="66.406382" lon="14.473405"></trkpt>
      <trkpt lat="66.406399" lon="14.472762"></trkpt>
      <trkpt lat="66.406389" lon="14.472632"></trkpt>
      <trkpt lat="66.406453" lon="14.470752"></trkpt>
      <trkpt lat="66.406471" lon="14.470163"></trkpt>
      <trkpt lat="66.406483" lon="14.469573"></trkpt>
      <trkpt lat="66.406485" lon="14.469336"></trkpt>
      <trkpt lat="66.406484" lon="14.468968"></trkpt>
      <trkpt lat="66.406480" lon="14.468705"></trkpt>
      <trkpt lat="66.406474" lon="14.468442"></trkpt>
      <trkpt lat="66.406459" lon="14.468049"></trkpt>
      <trkpt lat="66.406438" lon="14.467657"></trkpt>
      <trkpt lat="66.406400" lon="14.467138"></trkpt>
      <trkpt lat="66.406365" lon="14.466753"></trkpt>
      <trkpt lat="66.406308" lon="14.466245"></trkpt>
      <trkpt lat="66.406241" lon="14.465746"></trkpt>
      <trkpt lat="66.406164" lon="14.465256"></trkpt>
      <trkpt lat="66.406099" lon="14.464895"></trkpt>
      <trkpt lat="66.406055" lon="14.464671"></trkpt>
      <trkpt lat="66.406004" lon="14.464425"></trkpt>
      <trkpt lat="66.405926" lon="14.464080"></trkpt>
      <trkpt lat="66.405846" lon="14.463758"></trkpt>
      <trkpt lat="66.405784" lon="14.463524"></trkpt>
      <trkpt lat="66.405693" lon="14.463202"></trkpt>
      <trkpt lat="66.405629" lon="14.462992"></trkpt>
      <trkpt lat="66.405529" lon="14.462686"></trkpt>
      <trkpt lat="66.405432" lon="14.462411"></trkpt>
      <trkpt lat="66.405352" lon="14.462197"></trkpt>
      <trkpt lat="66.405222" lon="14.461878"></trkpt>
      <trkpt lat="66.405123" lon="14.461651"></trkpt>
      <trkpt lat="66.404955" lon="14.461298"></trkpt>
      <trkpt lat="66.404746" lon="14.460897"></trkpt>
      <trkpt lat="66.404144" lon="14.459823"></trkpt>
      <trkpt lat="66.404005" lon="14.459568"></trkpt>
      <trkpt lat="66.403869" lon="14.459307"></trkpt>
      <trkpt lat="66.403624" lon="14.458803"></trkpt>
      <trkpt lat="66.403489" lon="14.458503"></trkpt>
      <trkpt lat="66.403357" lon="14.458194"></trkpt>
      <trkpt lat="66.403228" lon="14.457875"></trkpt>
      <trkpt lat="66.403103" lon="14.457549"></trkpt>
      <trkpt lat="66.402893" lon="14.456958"></trkpt>
      <trkpt lat="66.402806" lon="14.456697"></trkpt>
      <trkpt lat="66.402666" lon="14.456252"></trkpt>
      <trkpt lat="66.402585" lon="14.455980"></trkpt>
      <trkpt lat="66.402455" lon="14.455518"></trkpt>
      <trkpt lat="66.402332" lon="14.455045"></trkpt>
      <trkpt lat="66.402214" lon="14.454561"></trkpt>
      <trkpt lat="66.402082" lon="14.453969"></trkpt>
      <trkpt lat="66.401967" lon="14.453400"></trkpt>
      <trkpt lat="66.401804" lon="14.452529"></trkpt>
      <trkpt lat="66.400892" lon="14.447491"></trkpt>
      <trkpt lat="66.400767" lon="14.446740"></trkpt>
      <trkpt lat="66.400688" lon="14.446194"></trkpt>
      <trkpt lat="66.400652" lon="14.445912"></trkpt>
      <trkpt lat="66.400618" lon="14.445627"></trkpt>
      <trkpt lat="66.400573" lon="14.445198"></trkpt>
      <trkpt lat="66.400534" lon="14.444764"></trkpt>
      <trkpt lat="66.400512" lon="14.444473"></trkpt>
      <trkpt lat="66.400492" lon="14.444181"></trkpt>
      <trkpt lat="66.400471" lon="14.443808"></trkpt>
      <trkpt lat="66.400450" lon="14.443298"></trkpt>
      <trkpt lat="66.400442" lon="14.443002"></trkpt>
      <trkpt lat="66.400434" lon="14.442414"></trkpt>
      <trkpt lat="66.400434" lon="14.442114"></trkpt>
      <trkpt lat="66.400439" lon="14.441715"></trkpt>
      <trkpt lat="66.400452" lon="14.441226"></trkpt>
      <trkpt lat="66.400464" lon="14.440931"></trkpt>
      <trkpt lat="66.400487" lon="14.440490"></trkpt>
      <trkpt lat="66.400516" lon="14.440052"></trkpt>
      <trkpt lat="66.400539" lon="14.439761"></trkpt>
      <trkpt lat="66.400579" lon="14.439328"></trkpt>
      <trkpt lat="66.400625" lon="14.438898"></trkpt>
      <trkpt lat="66.400677" lon="14.438473"></trkpt>
      <trkpt lat="66.400707" lon="14.438252"></trkpt>
      <trkpt lat="66.400800" lon="14.437639"></trkpt>
      <trkpt lat="66.400846" lon="14.437366"></trkpt>
      <trkpt lat="66.400906" lon="14.437036"></trkpt>
      <trkpt lat="66.401029" lon="14.436412"></trkpt>
      <trkpt lat="66.401885" lon="14.432381"></trkpt>
      <trkpt lat="66.402041" lon="14.431625"></trkpt>
      <trkpt lat="66.402121" lon="14.431200"></trkpt>
      <trkpt lat="66.402182" lon="14.430848"></trkpt>
      <trkpt lat="66.402236" lon="14.430505"></trkpt>
      <trkpt lat="66.402313" lon="14.429947"></trkpt>
      <trkpt lat="66.402363" lon="14.429522"></trkpt>
      <trkpt lat="66.402406" lon="14.429093"></trkpt>
      <trkpt lat="66.402437" lon="14.428732"></trkpt>
      <trkpt lat="66.402475" lon="14.428180"></trkpt>
      <trkpt lat="66.402516" lon="14.427404"></trkpt>
      <trkpt lat="66.402581" lon="14.425939"></trkpt>
      <trkpt lat="66.402603" lon="14.425810"></trkpt>
      <trkpt lat="66.402680" lon="14.424121"></trkpt>
      <trkpt lat="66.402760" lon="14.422364"></trkpt>
      <trkpt lat="66.402850" lon="14.420362"></trkpt>
      <trkpt lat="66.402871" lon="14.419805"></trkpt>
      <trkpt lat="66.402881" lon="14.419469"></trkpt>
      <trkpt lat="66.402891" lon="14.418974"></trkpt>
      <trkpt lat="66.402891" lon="14.418909"></trkpt>
      <trkpt lat="66.402878" lon="14.418764"></trkpt>
      <trkpt lat="66.402879" lon="14.418490"></trkpt>
      <trkpt lat="66.402875" lon="14.418014"></trkpt>
      <trkpt lat="66.402869" lon="14.417729"></trkpt>
      <trkpt lat="66.402854" lon="14.417255"></trkpt>
      <trkpt lat="66.402837" lon="14.416877"></trkpt>
      <trkpt lat="66.402816" lon="14.416500"></trkpt>
      <trkpt lat="66.402797" lon="14.416218"></trkpt>
      <trkpt lat="66.402761" lon="14.415752"></trkpt>
      <trkpt lat="66.402727" lon="14.415381"></trkpt>
      <trkpt lat="66.402689" lon="14.415012"></trkpt>
      <trkpt lat="66.402612" lon="14.414374"></trkpt>
      <trkpt lat="66.402536" lon="14.413836"></trkpt>
      <trkpt lat="66.402451" lon="14.413306"></trkpt>
      <trkpt lat="66.402365" lon="14.412823"></trkpt>
      <trkpt lat="66.402266" lon="14.412316"></trkpt>
      <trkpt lat="66.401959" lon="14.410844"></trkpt>
      <trkpt lat="66.401868" lon="14.410394"></trkpt>
      <trkpt lat="66.401735" lon="14.409694"></trkpt>
      <trkpt lat="66.401571" lon="14.408738"></trkpt>
      <trkpt lat="66.401222" lon="14.406560"></trkpt>
      <trkpt lat="66.401220" lon="14.406550"></trkpt>
      <trkpt lat="66.400859" lon="14.404284"></trkpt>
      <trkpt lat="66.400784" lon="14.403829"></trkpt>
      <trkpt lat="66.400763" lon="14.403702"></trkpt>
      <trkpt lat="66.400676" lon="14.403225"></trkpt>
      <trkpt lat="66.400599" lon="14.402851"></trkpt>
      <trkpt lat="66.400513" lon="14.402483"></trkpt>
      <trkpt lat="66.400444" lon="14.402215"></trkpt>
      <trkpt lat="66.400370" lon="14.401955"></trkpt>
      <trkpt lat="66.400292" lon="14.401702"></trkpt>
      <trkpt lat="66.400210" lon="14.401458"></trkpt>
      <trkpt lat="66.400124" lon="14.401222"></trkpt>
      <trkpt lat="66.400034" lon="14.400995"></trkpt>
      <trkpt lat="66.399909" lon="14.400706"></trkpt>
      <trkpt lat="66.399811" lon="14.400502"></trkpt>
      <trkpt lat="66.399710" lon="14.400308"></trkpt>
      <trkpt lat="66.399572" lon="14.400066"></trkpt>
      <trkpt lat="66.399396" lon="14.399781"></trkpt>
      <trkpt lat="66.398991" lon="14.399169"></trkpt>
      <trkpt lat="66.398904" lon="14.399038"></trkpt>
      <trkpt lat="66.398751" lon="14.398810"></trkpt>
      <trkpt lat="66.398383" lon="14.398293"></trkpt>
      <trkpt lat="66.398081" lon="14.397900"></trkpt>
      <trkpt lat="66.397793" lon="14.397566"></trkpt>
      <trkpt lat="66.397499" lon="14.397264"></trkpt>
      <trkpt lat="66.397199" lon="14.396994"></trkpt>
      <trkpt lat="66.396870" lon="14.396740"></trkpt>
      <trkpt lat="66.396290" lon="14.396345"></trkpt>
      <trkpt lat="66.392299" lon="14.393702"></trkpt>
      <trkpt lat="66.391838" lon="14.393415"></trkpt>
      <trkpt lat="66.391518" lon="14.393246"></trkpt>
      <trkpt lat="66.391212" lon="14.393119"></trkpt>
      <trkpt lat="66.390905" lon="14.393030"></trkpt>
      <trkpt lat="66.390597" lon="14.392975"></trkpt>
      <trkpt lat="66.390288" lon="14.392958"></trkpt>
      <trkpt lat="66.389978" lon="14.392975"></trkpt>
      <trkpt lat="66.389669" lon="14.393025"></trkpt>
      <trkpt lat="66.389361" lon="14.393113"></trkpt>
      <trkpt lat="66.389052" lon="14.393236"></trkpt>
      <trkpt lat="66.388402" lon="14.393565"></trkpt>
      <trkpt lat="66.388053" lon="14.393724"></trkpt>
      <trkpt lat="66.387921" lon="14.393769"></trkpt>
      <trkpt lat="66.387747" lon="14.393827"></trkpt>
      <trkpt lat="66.387671" lon="14.393844"></trkpt>
      <trkpt lat="66.387435" lon="14.393897"></trkpt>
      <trkpt lat="66.386865" lon="14.393969"></trkpt>
      <trkpt lat="66.386579" lon="14.394017"></trkpt>
      <trkpt lat="66.386344" lon="14.394089"></trkpt>
      <trkpt lat="66.386078" lon="14.394201"></trkpt>
      <trkpt lat="66.385988" lon="14.394245"></trkpt>
      <trkpt lat="66.385544" lon="14.394483"></trkpt>
      <trkpt lat="66.385339" lon="14.394586"></trkpt>
      <trkpt lat="66.385134" lon="14.394681"></trkpt>
      <trkpt lat="66.384911" lon="14.394774"></trkpt>
      <trkpt lat="66.384720" lon="14.394842"></trkpt>
      <trkpt lat="66.384478" lon="14.394910"></trkpt>
      <trkpt lat="66.384291" lon="14.394947"></trkpt>
      <trkpt lat="66.384135" lon="14.394967"></trkpt>
      <trkpt lat="66.383992" lon="14.394977"></trkpt>
      <trkpt lat="66.383784" lon="14.394977"></trkpt>
      <trkpt lat="66.383473" lon="14.394953"></trkpt>
      <trkpt lat="66.381570" lon="14.394704"></trkpt>
      <trkpt lat="66.380808" lon="14.394599"></trkpt>
      <trkpt lat="66.380680" lon="14.394577"></trkpt>
      <trkpt lat="66.380511" lon="14.394537"></trkpt>
      <trkpt lat="66.380384" lon="14.394495"></trkpt>
      <trkpt lat="66.380223" lon="14.394423"></trkpt>
      <trkpt lat="66.380097" lon="14.394348"></trkpt>
      <trkpt lat="66.379974" lon="14.394259"></trkpt>
      <trkpt lat="66.379812" lon="14.394124"></trkpt>
      <trkpt lat="66.379613" lon="14.393936"></trkpt>
      <trkpt lat="66.376562" lon="14.390862"></trkpt>
      <trkpt lat="66.375988" lon="14.390282"></trkpt>
      <trkpt lat="66.375832" lon="14.390113"></trkpt>
      <trkpt lat="66.375640" lon="14.389882"></trkpt>
      <trkpt lat="66.375488" lon="14.389669"></trkpt>
      <trkpt lat="66.375321" lon="14.389395"></trkpt>
      <trkpt lat="66.375231" lon="14.389229"></trkpt>
      <trkpt lat="66.375111" lon="14.388982"></trkpt>
      <trkpt lat="66.374980" lon="14.388678"></trkpt>
      <trkpt lat="66.374918" lon="14.388519"></trkpt>
      <trkpt lat="66.374829" lon="14.388270"></trkpt>
      <trkpt lat="66.374705" lon="14.387877"></trkpt>
      <trkpt lat="66.374629" lon="14.387603"></trkpt>
      <trkpt lat="66.374537" lon="14.387226"></trkpt>
      <trkpt lat="66.374476" lon="14.386942"></trkpt>
      <trkpt lat="66.374399" lon="14.386541"></trkpt>
      <trkpt lat="66.374333" lon="14.386162"></trkpt>
      <trkpt lat="66.374068" lon="14.384490"></trkpt>
      <trkpt lat="66.373984" lon="14.383996"></trkpt>
      <trkpt lat="66.373917" lon="14.383629"></trkpt>
      <trkpt lat="66.373824" lon="14.383166"></trkpt>
      <trkpt lat="66.373755" lon="14.382848"></trkpt>
      <trkpt lat="66.373511" lon="14.381792"></trkpt>
      <trkpt lat="66.372944" lon="14.379372"></trkpt>
      <trkpt lat="66.372412" lon="14.377098"></trkpt>
      <trkpt lat="66.372300" lon="14.376608"></trkpt>
      <trkpt lat="66.372213" lon="14.376211"></trkpt>
      <trkpt lat="66.372094" lon="14.375655"></trkpt>
      <trkpt lat="66.371994" lon="14.375149"></trkpt>
      <trkpt lat="66.371882" lon="14.374547"></trkpt>
      <trkpt lat="66.371709" lon="14.373535"></trkpt>
      <trkpt lat="66.371470" lon="14.372052"></trkpt>
      <trkpt lat="66.370380" lon="14.365257"></trkpt>
      <trkpt lat="66.369774" lon="14.361469"></trkpt>
      <trkpt lat="66.369698" lon="14.360963"></trkpt>
      <trkpt lat="66.369627" lon="14.360453"></trkpt>
      <trkpt lat="66.369541" lon="14.359756"></trkpt>
      <trkpt lat="66.369502" lon="14.359405"></trkpt>
      <trkpt lat="66.369443" lon="14.358815"></trkpt>
      <trkpt lat="66.369412" lon="14.358459"></trkpt>
      <trkpt lat="66.369375" lon="14.357981"></trkpt>
      <trkpt lat="66.369343" lon="14.357502"></trkpt>
      <trkpt lat="66.369311" lon="14.356899"></trkpt>
      <trkpt lat="66.369289" lon="14.356362"></trkpt>
      <trkpt lat="66.369277" lon="14.355979"></trkpt>
      <trkpt lat="66.369269" lon="14.355677"></trkpt>
      <trkpt lat="66.369224" lon="14.355682"></trkpt>
      <trkpt lat="66.368966" lon="14.355709"></trkpt>
      <trkpt lat="66.368875" lon="14.355673"></trkpt>
      <trkpt lat="66.368788" lon="14.355599"></trkpt>
      <trkpt lat="66.368683" lon="14.355445"></trkpt>
      <trkpt lat="66.368614" lon="14.355292"></trkpt>
      <trkpt lat="66.368557" lon="14.355113"></trkpt>
      <trkpt lat="66.368513" lon="14.354913"></trkpt>
      <trkpt lat="66.368382" lon="14.354144"></trkpt>
      <trkpt lat="66.368326" lon="14.353845"></trkpt>
      <trkpt lat="66.368105" lon="14.352728"></trkpt>
      <trkpt lat="66.368006" lon="14.352276"></trkpt>
      <trkpt lat="66.367565" lon="14.350633"></trkpt>
      <trkpt lat="66.367274" lon="14.349689"></trkpt>
      <trkpt lat="66.367090" lon="14.349074"></trkpt>
      <trkpt lat="66.366802" lon="14.348172"></trkpt>
      <trkpt lat="66.366545" lon="14.347294"></trkpt>
      <trkpt lat="66.366278" lon="14.346416"></trkpt>
      <trkpt lat="66.366130" lon="14.345941"></trkpt>
      <trkpt lat="66.365862" lon="14.345075"></trkpt>
      <trkpt lat="66.365524" lon="14.343976"></trkpt>
      <trkpt lat="66.365000" lon="14.342273"></trkpt>
      <trkpt lat="66.364542" lon="14.340781"></trkpt>
      <trkpt lat="66.364326" lon="14.340078"></trkpt>
      <trkpt lat="66.364110" lon="14.339376"></trkpt>
      <trkpt lat="66.363645" lon="14.337827"></trkpt>
      <trkpt lat="66.363169" lon="14.336296"></trkpt>
      <trkpt lat="66.362637" lon="14.334574"></trkpt>
      <trkpt lat="66.362296" lon="14.333455"></trkpt>
      <trkpt lat="66.362021" lon="14.332569"></trkpt>
      <trkpt lat="66.361772" lon="14.331790"></trkpt>
      <trkpt lat="66.361532" lon="14.331080"></trkpt>
      <trkpt lat="66.361364" lon="14.330615"></trkpt>
      <trkpt lat="66.361178" lon="14.330143"></trkpt>
      <trkpt lat="66.361045" lon="14.329809"></trkpt>
      <trkpt lat="66.360907" lon="14.329480"></trkpt>
      <trkpt lat="66.360748" lon="14.329133"></trkpt>
      <trkpt lat="66.360555" lon="14.328716"></trkpt>
      <trkpt lat="66.360330" lon="14.328269"></trkpt>
      <trkpt lat="66.360065" lon="14.327748"></trkpt>
      <trkpt lat="66.359825" lon="14.327284"></trkpt>
      <trkpt lat="66.359590" lon="14.326832"></trkpt>
      <trkpt lat="66.359337" lon="14.326340"></trkpt>
      <trkpt lat="66.358542" lon="14.324782"></trkpt>
      <trkpt lat="66.358514" lon="14.324858"></trkpt>
      <trkpt lat="66.358476" lon="14.325022"></trkpt>
      <trkpt lat="66.358447" lon="14.325223"></trkpt>
      <trkpt lat="66.358432" lon="14.325362"></trkpt>
      <trkpt lat="66.358429" lon="14.325474"></trkpt>
      <trkpt lat="66.358439" lon="14.325929"></trkpt>
      <trkpt lat="66.358450" lon="14.326150"></trkpt>
      <trkpt lat="66.358477" lon="14.326569"></trkpt>
      <trkpt lat="66.358520" lon="14.327146"></trkpt>
      <trkpt lat="66.358615" lon="14.328389"></trkpt>
      <trkpt lat="66.358637" lon="14.328651"></trkpt>
      <trkpt lat="66.358647" lon="14.328769"></trkpt>
      <trkpt lat="66.358677" lon="14.329132"></trkpt>
      <trkpt lat="66.358731" lon="14.329863"></trkpt>
      <trkpt lat="66.358757" lon="14.330176"></trkpt>
      <trkpt lat="66.358773" lon="14.330319"></trkpt>
      <trkpt lat="66.358811" lon="14.330598"></trkpt>
      <trkpt lat="66.358828" lon="14.330705"></trkpt>
      <trkpt lat="66.358907" lon="14.331128"></trkpt>
      <trkpt lat="66.358939" lon="14.331327"></trkpt>
      <trkpt lat="66.358949" lon="14.331417"></trkpt>
      <trkpt lat="66.358956" lon="14.331520"></trkpt>
      <trkpt lat="66.358953" lon="14.331676"></trkpt>
      <trkpt lat="66.358943" lon="14.331768"></trkpt>
      <trkpt lat="66.358927" lon="14.331852"></trkpt>
      <trkpt lat="66.358898" lon="14.331960"></trkpt>
      <trkpt lat="66.358837" lon="14.332112"></trkpt>
      <trkpt lat="66.358788" lon="14.332210"></trkpt>
      <trkpt lat="66.357979" lon="14.333871"></trkpt>
      <trkpt lat="66.357927" lon="14.333978"></trkpt>
      <trkpt lat="66.357887" lon="14.334052"></trkpt>
      <trkpt lat="66.357838" lon="14.334119"></trkpt>
      <trkpt lat="66.357740" lon="14.334238"></trkpt>
      <trkpt lat="66.357679" lon="14.334314"></trkpt>
      <trkpt lat="66.357583" lon="14.334417"></trkpt>
      <trkpt lat="66.357279" lon="14.334719"></trkpt>
      <trkpt lat="66.357132" lon="14.334877"></trkpt>
      <trkpt lat="66.356980" lon="14.335058"></trkpt>
      <trkpt lat="66.356648" lon="14.335462"></trkpt>
      <trkpt lat="66.356506" lon="14.335650"></trkpt>
      <trkpt lat="66.356416" lon="14.335782"></trkpt>
      <trkpt lat="66.356362" lon="14.335880"></trkpt>
      <trkpt lat="66.356314" lon="14.336006"></trkpt>
      <trkpt lat="66.356273" lon="14.336153"></trkpt>
      <trkpt lat="66.356233" lon="14.336384"></trkpt>
      <trkpt lat="66.356196" lon="14.336638"></trkpt>
      <trkpt lat="66.356166" lon="14.336929"></trkpt>
      <trkpt lat="66.356144" lon="14.337197"></trkpt>
      <trkpt lat="66.356109" lon="14.337767"></trkpt>
      <trkpt lat="66.356109" lon="14.337947"></trkpt>
      <trkpt lat="66.356112" lon="14.338138"></trkpt>
      <trkpt lat="66.356128" lon="14.338721"></trkpt>
      <trkpt lat="66.356169" lon="14.339278"></trkpt>
      <trkpt lat="66.356226" lon="14.339913"></trkpt>
      <trkpt lat="66.356276" lon="14.340279"></trkpt>
      <trkpt lat="66.356300" lon="14.340409"></trkpt>
      <trkpt lat="66.356314" lon="14.340482"></trkpt>
      <trkpt lat="66.356335" lon="14.340590"></trkpt>
      <trkpt lat="66.356406" lon="14.340844"></trkpt>
      <trkpt lat="66.356469" lon="14.341047"></trkpt>
      <trkpt lat="66.356518" lon="14.341188"></trkpt>
      <trkpt lat="66.356677" lon="14.341592"></trkpt>
      <trkpt lat="66.356756" lon="14.341772"></trkpt>
      <trkpt lat="66.356899" lon="14.342050"></trkpt>
      <trkpt lat="66.357057" lon="14.342330"></trkpt>
      <trkpt lat="66.357187" lon="14.342533"></trkpt>
      <trkpt lat="66.357282" lon="14.342666"></trkpt>
      <trkpt lat="66.357565" lon="14.343033"></trkpt>
      <trkpt lat="66.357824" lon="14.343337"></trkpt>
      <trkpt lat="66.357887" lon="14.343421"></trkpt>
      <trkpt lat="66.357953" lon="14.343522"></trkpt>
      <trkpt lat="66.358017" lon="14.343645"></trkpt>
      <trkpt lat="66.358085" lon="14.343797"></trkpt>
      <trkpt lat="66.358131" lon="14.343912"></trkpt>
      <trkpt lat="66.358173" lon="14.344057"></trkpt>
      <trkpt lat="66.358199" lon="14.344165"></trkpt>
      <trkpt lat="66.358220" lon="14.344296"></trkpt>
      <trkpt lat="66.358233" lon="14.344389"></trkpt>
      <trkpt lat="66.358241" lon="14.344499"></trkpt>
      <trkpt lat="66.358248" lon="14.344622"></trkpt>
      <trkpt lat="66.358250" lon="14.344765"></trkpt>
      <trkpt lat="66.358205" lon="14.345775"></trkpt>
      <trkpt lat="66.358176" lon="14.346264"></trkpt>
      <trkpt lat="66.358171" lon="14.346723"></trkpt>
      <trkpt lat="66.358173" lon="14.347173"></trkpt>
      <trkpt lat="66.358178" lon="14.347369"></trkpt>
      <trkpt lat="66.358191" lon="14.347666"></trkpt>
      <trkpt lat="66.358202" lon="14.347827"></trkpt>
      <trkpt lat="66.358291" lon="14.349035"></trkpt>
      <trkpt lat="66.358304" lon="14.349256"></trkpt>
      <trkpt lat="66.358311" lon="14.349440"></trkpt>
      <trkpt lat="66.358311" lon="14.349613"></trkpt>
      <trkpt lat="66.358306" lon="14.349865"></trkpt>
      <trkpt lat="66.358277" lon="14.350246"></trkpt>
      <trkpt lat="66.358261" lon="14.350417"></trkpt>
      <trkpt lat="66.358234" lon="14.350638"></trkpt>
      <trkpt lat="66.358172" lon="14.350989"></trkpt>
      <trkpt lat="66.358045" lon="14.351522"></trkpt>
      <trkpt lat="66.357904" lon="14.352067"></trkpt>
      <trkpt lat="66.357845" lon="14.352282"></trkpt>
      <trkpt lat="66.357581" lon="14.353211"></trkpt>
      <trkpt lat="66.357428" lon="14.353858"></trkpt>
      <trkpt lat="66.357378" lon="14.354100"></trkpt>
      <trkpt lat="66.357302" lon="14.354520"></trkpt>
      <trkpt lat="66.357256" lon="14.354852"></trkpt>
      <trkpt lat="66.357233" lon="14.355063"></trkpt>
      <trkpt lat="66.357210" lon="14.355313"></trkpt>
      <trkpt lat="66.357185" lon="14.355620"></trkpt>
      <trkpt lat="66.357172" lon="14.355873"></trkpt>
      <trkpt lat="66.357177" lon="14.356368"></trkpt>
      <trkpt lat="66.357185" lon="14.356732"></trkpt>
      <trkpt lat="66.357201" lon="14.357205"></trkpt>
      <trkpt lat="66.357221" lon="14.357679"></trkpt>
      <trkpt lat="66.357244" lon="14.358067"></trkpt>
      <trkpt lat="66.357277" lon="14.358681"></trkpt>
      <trkpt lat="66.357289" lon="14.359207"></trkpt>
      <trkpt lat="66.357291" lon="14.359959"></trkpt>
      <trkpt lat="66.357278" lon="14.360523"></trkpt>
      <trkpt lat="66.357266" lon="14.360742"></trkpt>
      <trkpt lat="66.357255" lon="14.360915"></trkpt>
      <trkpt lat="66.357227" lon="14.361234"></trkpt>
      <trkpt lat="66.357157" lon="14.362091"></trkpt>
      <trkpt lat="66.357093" lon="14.363255"></trkpt>
      <trkpt lat="66.357075" lon="14.363499"></trkpt>
      <trkpt lat="66.357055" lon="14.363694"></trkpt>
      <trkpt lat="66.357003" lon="14.364051"></trkpt>
      <trkpt lat="66.356969" lon="14.364239"></trkpt>
      <trkpt lat="66.356916" lon="14.364466"></trkpt>
      <trkpt lat="66.356864" lon="14.364643"></trkpt>
      <trkpt lat="66.356790" lon="14.364866"></trkpt>
      <trkpt lat="66.356742" lon="14.364978"></trkpt>
      <trkpt lat="66.356696" lon="14.365084"></trkpt>
      <trkpt lat="66.356409" lon="14.365742"></trkpt>
      <trkpt lat="66.356278" lon="14.366084"></trkpt>
      <trkpt lat="66.356212" lon="14.366293"></trkpt>
      <trkpt lat="66.356172" lon="14.366464"></trkpt>
      <trkpt lat="66.356144" lon="14.366639"></trkpt>
      <trkpt lat="66.356112" lon="14.366907"></trkpt>
      <trkpt lat="66.356095" lon="14.367169"></trkpt>
      <trkpt lat="66.356092" lon="14.367314"></trkpt>
      <trkpt lat="66.356091" lon="14.367457"></trkpt>
      <trkpt lat="66.356099" lon="14.367752"></trkpt>
      <trkpt lat="66.356135" lon="14.368663"></trkpt>
      <trkpt lat="66.356136" lon="14.369053"></trkpt>
      <trkpt lat="66.356119" lon="14.369522"></trkpt>
      <trkpt lat="66.356092" lon="14.369909"></trkpt>
      <trkpt lat="66.356059" lon="14.370260"></trkpt>
      <trkpt lat="66.355964" lon="14.371129"></trkpt>
      <trkpt lat="66.355825" lon="14.372501"></trkpt>
      <trkpt lat="66.355819" lon="14.372561"></trkpt>
      <trkpt lat="66.355729" lon="14.373420"></trkpt>
      <trkpt lat="66.355681" lon="14.373892"></trkpt>
      <trkpt lat="66.355601" lon="14.374727"></trkpt>
      <trkpt lat="66.355492" lon="14.375760"></trkpt>
      <trkpt lat="66.355446" lon="14.376232"></trkpt>
      <trkpt lat="66.355398" lon="14.376813"></trkpt>
      <trkpt lat="66.355362" lon="14.377572"></trkpt>
      <trkpt lat="66.355350" lon="14.377931"></trkpt>
      <trkpt lat="66.355340" lon="14.378390"></trkpt>
      <trkpt lat="66.355339" lon="14.378786"></trkpt>
      <trkpt lat="66.355347" lon="14.379476"></trkpt>
      <trkpt lat="66.355379" lon="14.380833"></trkpt>
      <trkpt lat="66.355422" lon="14.382282"></trkpt>
      <trkpt lat="66.355437" lon="14.382945"></trkpt>
      <trkpt lat="66.355453" lon="14.383843"></trkpt>
      <trkpt lat="66.355470" lon="14.384465"></trkpt>
      <trkpt lat="66.355487" lon="14.384946"></trkpt>
      <trkpt lat="66.355531" lon="14.385787"></trkpt>
      <trkpt lat="66.355544" lon="14.386190"></trkpt>
      <trkpt lat="66.355545" lon="14.386819"></trkpt>
      <trkpt lat="66.355528" lon="14.387097"></trkpt>
      <trkpt lat="66.355518" lon="14.387207"></trkpt>
      <trkpt lat="66.355460" lon="14.387865"></trkpt>
      <trkpt lat="66.355390" lon="14.388600"></trkpt>
      <trkpt lat="66.355266" lon="14.390085"></trkpt>
      <trkpt lat="66.355146" lon="14.391413"></trkpt>
      <trkpt lat="66.355106" lon="14.391929"></trkpt>
      <trkpt lat="66.355037" lon="14.392590"></trkpt>
      <trkpt lat="66.355014" lon="14.392887"></trkpt>
      <trkpt lat="66.354997" lon="14.393184"></trkpt>
      <trkpt lat="66.354977" lon="14.393745"></trkpt>
      <trkpt lat="66.354958" lon="14.394149"></trkpt>
      <trkpt lat="66.354927" lon="14.394672"></trkpt>
      <trkpt lat="66.354900" lon="14.394934"></trkpt>
      <trkpt lat="66.354874" lon="14.395154"></trkpt>
      <trkpt lat="66.354854" lon="14.395276"></trkpt>
      <trkpt lat="66.354833" lon="14.395385"></trkpt>
      <trkpt lat="66.354810" lon="14.395480"></trkpt>
      <trkpt lat="66.354783" lon="14.395564"></trkpt>
      <trkpt lat="66.354747" lon="14.395658"></trkpt>
      <trkpt lat="66.354702" lon="14.395746"></trkpt>
      <trkpt lat="66.354650" lon="14.395831"></trkpt>
      <trkpt lat="66.354591" lon="14.395906"></trkpt>
      <trkpt lat="66.354523" lon="14.395964"></trkpt>
      <trkpt lat="66.354472" lon="14.395999"></trkpt>
      <trkpt lat="66.354313" lon="14.396037"></trkpt>
      <trkpt lat="66.354183" lon="14.396064"></trkpt>
      <trkpt lat="66.354094" lon="14.396094"></trkpt>
      <trkpt lat="66.354015" lon="14.396132"></trkpt>
      <trkpt lat="66.353951" lon="14.396186"></trkpt>
      <trkpt lat="66.353901" lon="14.396255"></trkpt>
      <trkpt lat="66.353857" lon="14.396337"></trkpt>
      <trkpt lat="66.353809" lon="14.396493"></trkpt>
      <trkpt lat="66.353757" lon="14.396661"></trkpt>
      <trkpt lat="66.353705" lon="14.396855"></trkpt>
      <trkpt lat="66.353383" lon="14.398177"></trkpt>
      <trkpt lat="66.353377" lon="14.398202"></trkpt>
      <trkpt lat="66.353337" lon="14.398396"></trkpt>
      <trkpt lat="66.353147" lon="14.399348"></trkpt>
      <trkpt lat="66.353021" lon="14.399955"></trkpt>
      <trkpt lat="66.352990" lon="14.400123"></trkpt>
      <trkpt lat="66.352961" lon="14.400305"></trkpt>
      <trkpt lat="66.352938" lon="14.400486"></trkpt>
      <trkpt lat="66.352888" lon="14.401029"></trkpt>
      <trkpt lat="66.352877" lon="14.401191"></trkpt>
      <trkpt lat="66.352868" lon="14.401317"></trkpt>
      <trkpt lat="66.352843" lon="14.401794"></trkpt>
      <trkpt lat="66.352808" lon="14.402542"></trkpt>
      <trkpt lat="66.352773" lon="14.403544"></trkpt>
      <trkpt lat="66.352770" lon="14.403912"></trkpt>
      <trkpt lat="66.352776" lon="14.404975"></trkpt>
      <trkpt lat="66.352772" lon="14.405407"></trkpt>
      <trkpt lat="66.352765" lon="14.405740"></trkpt>
      <trkpt lat="66.352739" lon="14.406165"></trkpt>
      <trkpt lat="66.352636" lon="14.406995"></trkpt>
      <trkpt lat="66.352581" lon="14.407572"></trkpt>
      <trkpt lat="66.352573" lon="14.407686"></trkpt>
      <trkpt lat="66.352530" lon="14.408359"></trkpt>
      <trkpt lat="66.352518" lon="14.408536"></trkpt>
      <trkpt lat="66.352419" lon="14.409646"></trkpt>
      <trkpt lat="66.352368" lon="14.410270"></trkpt>
      <trkpt lat="66.352266" lon="14.411807"></trkpt>
      <trkpt lat="66.352214" lon="14.412524"></trkpt>
      <trkpt lat="66.352164" lon="14.413368"></trkpt>
      <trkpt lat="66.352143" lon="14.413699"></trkpt>
      <trkpt lat="66.352087" lon="14.414651"></trkpt>
      <trkpt lat="66.352064" lon="14.414968"></trkpt>
      <trkpt lat="66.352036" lon="14.415224"></trkpt>
      <trkpt lat="66.352023" lon="14.415311"></trkpt>
      <trkpt lat="66.352005" lon="14.415447"></trkpt>
      <trkpt lat="66.351971" lon="14.415660"></trkpt>
      <trkpt lat="66.351953" lon="14.415762"></trkpt>
      <trkpt lat="66.351915" lon="14.415943"></trkpt>
      <trkpt lat="66.351813" lon="14.416388"></trkpt>
      <trkpt lat="66.351728" lon="14.416708"></trkpt>
      <trkpt lat="66.351697" lon="14.416811"></trkpt>
      <trkpt lat="66.351666" lon="14.416910"></trkpt>
      <trkpt lat="66.350971" lon="14.419463"></trkpt>
      <trkpt lat="66.350786" lon="14.420164"></trkpt>
      <trkpt lat="66.350635" lon="14.420702"></trkpt>
      <trkpt lat="66.350587" lon="14.420885"></trkpt>
      <trkpt lat="66.350367" lon="14.421672"></trkpt>
      <trkpt lat="66.350341" lon="14.421779"></trkpt>
      <trkpt lat="66.350294" lon="14.422002"></trkpt>
      <trkpt lat="66.350252" lon="14.422256"></trkpt>
      <trkpt lat="66.350184" lon="14.422734"></trkpt>
      <trkpt lat="66.350095" lon="14.423399"></trkpt>
      <trkpt lat="66.350009" lon="14.424113"></trkpt>
      <trkpt lat="66.349890" lon="14.425033"></trkpt>
      <trkpt lat="66.349835" lon="14.425515"></trkpt>
      <trkpt lat="66.349818" lon="14.425672"></trkpt>
      <trkpt lat="66.349802" lon="14.425853"></trkpt>
      <trkpt lat="66.349793" lon="14.425977"></trkpt>
      <trkpt lat="66.349689" lon="14.428206"></trkpt>
      <trkpt lat="66.349621" lon="14.429788"></trkpt>
      <trkpt lat="66.349616" lon="14.430199"></trkpt>
      <trkpt lat="66.349618" lon="14.430791"></trkpt>
      <trkpt lat="66.349624" lon="14.431042"></trkpt>
      <trkpt lat="66.349667" lon="14.431800"></trkpt>
      <trkpt lat="66.349761" lon="14.433141"></trkpt>
      <trkpt lat="66.349785" lon="14.433569"></trkpt>
      <trkpt lat="66.349796" lon="14.433848"></trkpt>
      <trkpt lat="66.349803" lon="14.434127"></trkpt>
      <trkpt lat="66.349807" lon="14.434553"></trkpt>
      <trkpt lat="66.349804" lon="14.435136"></trkpt>
      <trkpt lat="66.349789" lon="14.436027"></trkpt>
      <trkpt lat="66.349783" lon="14.436288"></trkpt>
      <trkpt lat="66.349777" lon="14.436917"></trkpt>
      <trkpt lat="66.349768" lon="14.437778"></trkpt>
      <trkpt lat="66.349768" lon="14.438120"></trkpt>
      <trkpt lat="66.349775" lon="14.438507"></trkpt>
      <trkpt lat="66.349784" lon="14.438774"></trkpt>
      <trkpt lat="66.349852" lon="14.440181"></trkpt>
      <trkpt lat="66.349879" lon="14.440895"></trkpt>
      <trkpt lat="66.349940" lon="14.442258"></trkpt>
      <trkpt lat="66.349997" lon="14.443741"></trkpt>
      <trkpt lat="66.350023" lon="14.444195"></trkpt>
      <trkpt lat="66.350039" lon="14.444420"></trkpt>
      <trkpt lat="66.350065" lon="14.444696"></trkpt>
      <trkpt lat="66.350125" lon="14.445099"></trkpt>
      <trkpt lat="66.350176" lon="14.445414"></trkpt>
      <trkpt lat="66.350323" lon="14.446191"></trkpt>
      <trkpt lat="66.350584" lon="14.447527"></trkpt>
      <trkpt lat="66.350744" lon="14.448348"></trkpt>
      <trkpt lat="66.350806" lon="14.448686"></trkpt>
      <trkpt lat="66.350825" lon="14.448806"></trkpt>
      <trkpt lat="66.350877" lon="14.449173"></trkpt>
      <trkpt lat="66.350898" lon="14.449386"></trkpt>
      <trkpt lat="66.350909" lon="14.449608"></trkpt>
      <trkpt lat="66.350910" lon="14.449829"></trkpt>
      <trkpt lat="66.350910" lon="14.449829"></trkpt>
      <trkpt lat="66.350907" lon="14.449951"></trkpt>
      <trkpt lat="66.350885" lon="14.450346"></trkpt>
      <trkpt lat="66.350835" lon="14.450882"></trkpt>
      <trkpt lat="66.350804" lon="14.451147"></trkpt>
      <trkpt lat="66.350785" lon="14.451344"></trkpt>
      <trkpt lat="66.350770" lon="14.451570"></trkpt>
      <trkpt lat="66.350762" lon="14.451788"></trkpt>
      <trkpt lat="66.350758" lon="14.451980"></trkpt>
      <trkpt lat="66.350759" lon="14.452085"></trkpt>
      <trkpt lat="66.350770" lon="14.452502"></trkpt>
      <trkpt lat="66.350831" lon="14.453877"></trkpt>
      <trkpt lat="66.350867" lon="14.454571"></trkpt>
      <trkpt lat="66.350886" lon="14.454817"></trkpt>
      <trkpt lat="66.350906" lon="14.454990"></trkpt>
      <trkpt lat="66.350948" lon="14.455265"></trkpt>
      <trkpt lat="66.350992" lon="14.455507"></trkpt>
      <trkpt lat="66.351175" lon="14.456622"></trkpt>
      <trkpt lat="66.351367" lon="14.457761"></trkpt>
      <trkpt lat="66.351587" lon="14.459023"></trkpt>
      <trkpt lat="66.351719" lon="14.459843"></trkpt>
      <trkpt lat="66.351775" lon="14.460228"></trkpt>
      <trkpt lat="66.351826" lon="14.460686"></trkpt>
      <trkpt lat="66.351852" lon="14.461047"></trkpt>
      <trkpt lat="66.351862" lon="14.461382"></trkpt>
      <trkpt lat="66.351859" lon="14.461736"></trkpt>
      <trkpt lat="66.351811" lon="14.462899"></trkpt>
      <trkpt lat="66.351787" lon="14.463588"></trkpt>
      <trkpt lat="66.351718" lon="14.465377"></trkpt>
      <trkpt lat="66.351691" lon="14.465998"></trkpt>
      <trkpt lat="66.351668" lon="14.466789"></trkpt>
      <trkpt lat="66.351658" lon="14.466977"></trkpt>
      <trkpt lat="66.351629" lon="14.467444"></trkpt>
      <trkpt lat="66.351606" lon="14.467919"></trkpt>
      <trkpt lat="66.351585" lon="14.468197"></trkpt>
      <trkpt lat="66.351537" lon="14.468654"></trkpt>
      <trkpt lat="66.351484" lon="14.469202"></trkpt>
      <trkpt lat="66.351426" lon="14.469664"></trkpt>
      <trkpt lat="66.351376" lon="14.470015"></trkpt>
      <trkpt lat="66.351314" lon="14.470382"></trkpt>
      <trkpt lat="66.351269" lon="14.470625"></trkpt>
      <trkpt lat="66.351222" lon="14.470842"></trkpt>
      <trkpt lat="66.351167" lon="14.471076"></trkpt>
      <trkpt lat="66.351072" lon="14.471448"></trkpt>
      <trkpt lat="66.350777" lon="14.472498"></trkpt>
      <trkpt lat="66.350674" lon="14.472843"></trkpt>
      <trkpt lat="66.350467" lon="14.473550"></trkpt>
      <trkpt lat="66.350420" lon="14.473726"></trkpt>
      <trkpt lat="66.350232" lon="14.474348"></trkpt>
      <trkpt lat="66.350207" lon="14.474440"></trkpt>
      <trkpt lat="66.350184" lon="14.474542"></trkpt>
      <trkpt lat="66.350126" lon="14.474838"></trkpt>
      <trkpt lat="66.350016" lon="14.475480"></trkpt>
      <trkpt lat="66.349932" lon="14.476020"></trkpt>
      <trkpt lat="66.349844" lon="14.476559"></trkpt>
      <trkpt lat="66.349799" lon="14.476827"></trkpt>
      <trkpt lat="66.349727" lon="14.477219"></trkpt>
      <trkpt lat="66.349679" lon="14.477469"></trkpt>
      <trkpt lat="66.349630" lon="14.477701"></trkpt>
      <trkpt lat="66.349549" lon="14.478042"></trkpt>
      <trkpt lat="66.349484" lon="14.478282"></trkpt>
      <trkpt lat="66.349399" lon="14.478563"></trkpt>
      <trkpt lat="66.349342" lon="14.478737"></trkpt>
      <trkpt lat="66.349278" lon="14.478917"></trkpt>
      <trkpt lat="66.349241" lon="14.479009"></trkpt>
      <trkpt lat="66.349060" lon="14.479416"></trkpt>
      <trkpt lat="66.348759" lon="14.480035"></trkpt>
      <trkpt lat="66.348718" lon="14.480131"></trkpt>
      <trkpt lat="66.348659" lon="14.480288"></trkpt>
      <trkpt lat="66.348617" lon="14.480415"></trkpt>
      <trkpt lat="66.348580" lon="14.480547"></trkpt>
      <trkpt lat="66.348469" lon="14.480153"></trkpt>
      <trkpt lat="66.348424" lon="14.480005"></trkpt>
      <trkpt lat="66.348376" lon="14.479877"></trkpt>
      <trkpt lat="66.348318" lon="14.479771"></trkpt>
      <trkpt lat="66.348257" lon="14.479714"></trkpt>
      <trkpt lat="66.348202" lon="14.479712"></trkpt>
      <trkpt lat="66.348145" lon="14.479755"></trkpt>
      <trkpt lat="66.348092" lon="14.479853"></trkpt>
      <trkpt lat="66.347916" lon="14.480345"></trkpt>
      <trkpt lat="66.347874" lon="14.480479"></trkpt>
      <trkpt lat="66.347838" lon="14.480628"></trkpt>
      <trkpt lat="66.347805" lon="14.480821"></trkpt>
      <trkpt lat="66.347777" lon="14.481041"></trkpt>
      <trkpt lat="66.347750" lon="14.481313"></trkpt>
      <trkpt lat="66.347737" lon="14.481407"></trkpt>
      <trkpt lat="66.347715" lon="14.481502"></trkpt>
      <trkpt lat="66.347689" lon="14.481590"></trkpt>
      <trkpt lat="66.347661" lon="14.481655"></trkpt>
      <trkpt lat="66.347633" lon="14.481705"></trkpt>
      <trkpt lat="66.347601" lon="14.481749"></trkpt>
      <trkpt lat="66.347567" lon="14.481784"></trkpt>
      <trkpt lat="66.347525" lon="14.481802"></trkpt>
      <trkpt lat="66.347480" lon="14.481793"></trkpt>
      <trkpt lat="66.347446" lon="14.481765"></trkpt>
      <trkpt lat="66.347384" lon="14.481678"></trkpt>
      <trkpt lat="66.347326" lon="14.481569"></trkpt>
      <trkpt lat="66.347273" lon="14.481441"></trkpt>
      <trkpt lat="66.347242" lon="14.481353"></trkpt>
      <trkpt lat="66.347186" lon="14.481172"></trkpt>
      <trkpt lat="66.347165" lon="14.481117"></trkpt>
      <trkpt lat="66.347140" lon="14.481068"></trkpt>
      <trkpt lat="66.347079" lon="14.480968"></trkpt>
      <trkpt lat="66.347008" lon="14.480886"></trkpt>
      <trkpt lat="66.346899" lon="14.480809"></trkpt>
      <trkpt lat="66.346717" lon="14.480736"></trkpt>
      <trkpt lat="66.346653" lon="14.480715"></trkpt>
      <trkpt lat="66.346570" lon="14.480682"></trkpt>
      <trkpt lat="66.346430" lon="14.480640"></trkpt>
      <trkpt lat="66.346385" lon="14.480633"></trkpt>
      <trkpt lat="66.346359" lon="14.480649"></trkpt>
      <trkpt lat="66.346330" lon="14.480692"></trkpt>
      <trkpt lat="66.346310" lon="14.480743"></trkpt>
      <trkpt lat="66.346291" lon="14.480825"></trkpt>
      <trkpt lat="66.346254" lon="14.481127"></trkpt>
      <trkpt lat="66.346207" lon="14.481622"></trkpt>
      <trkpt lat="66.346189" lon="14.481745"></trkpt>
      <trkpt lat="66.346178" lon="14.481791"></trkpt>
      <trkpt lat="66.346156" lon="14.481873"></trkpt>
      <trkpt lat="66.346139" lon="14.481915"></trkpt>
      <trkpt lat="66.346121" lon="14.481949"></trkpt>
      <trkpt lat="66.346071" lon="14.482016"></trkpt>
      <trkpt lat="66.345988" lon="14.482079"></trkpt>
      <trkpt lat="66.345768" lon="14.482197"></trkpt>
      <trkpt lat="66.345695" lon="14.482250"></trkpt>
      <trkpt lat="66.345648" lon="14.482293"></trkpt>
      <trkpt lat="66.345607" lon="14.482366"></trkpt>
      <trkpt lat="66.345576" lon="14.482470"></trkpt>
      <trkpt lat="66.345552" lon="14.482663"></trkpt>
      <trkpt lat="66.345535" lon="14.482868"></trkpt>
      <trkpt lat="66.345527" lon="14.482917"></trkpt>
      <trkpt lat="66.345514" lon="14.482993"></trkpt>
      <trkpt lat="66.345485" lon="14.483117"></trkpt>
      <trkpt lat="66.345448" lon="14.483246"></trkpt>
      <trkpt lat="66.345415" lon="14.483408"></trkpt>
      <trkpt lat="66.345389" lon="14.483576"></trkpt>
      <trkpt lat="66.345313" lon="14.484202"></trkpt>
      <trkpt lat="66.345295" lon="14.484314"></trkpt>
      <trkpt lat="66.345275" lon="14.484403"></trkpt>
      <trkpt lat="66.345244" lon="14.484480"></trkpt>
      <trkpt lat="66.345202" lon="14.484522"></trkpt>
      <trkpt lat="66.345167" lon="14.484524"></trkpt>
      <trkpt lat="66.345124" lon="14.484474"></trkpt>
      <trkpt lat="66.345109" lon="14.484437"></trkpt>
      <trkpt lat="66.345097" lon="14.484392"></trkpt>
      <trkpt lat="66.345087" lon="14.484306"></trkpt>
      <trkpt lat="66.345086" lon="14.484252"></trkpt>
      <trkpt lat="66.345097" lon="14.484146"></trkpt>
      <trkpt lat="66.345112" lon="14.484052"></trkpt>
      <trkpt lat="66.345135" lon="14.483936"></trkpt>
      <trkpt lat="66.345281" lon="14.483304"></trkpt>
      <trkpt lat="66.345314" lon="14.483147"></trkpt>
      <trkpt lat="66.345344" lon="14.482994"></trkpt>
      <trkpt lat="66.345372" lon="14.482812"></trkpt>
      <trkpt lat="66.345393" lon="14.482643"></trkpt>
      <trkpt lat="66.345412" lon="14.482428"></trkpt>
      <trkpt lat="66.345418" lon="14.482322"></trkpt>
      <trkpt lat="66.345419" lon="14.482154"></trkpt>
      <trkpt lat="66.345415" lon="14.482039"></trkpt>
      <trkpt lat="66.345404" lon="14.481912"></trkpt>
      <trkpt lat="66.345360" lon="14.481548"></trkpt>
      <trkpt lat="66.345347" lon="14.481423"></trkpt>
      <trkpt lat="66.345341" lon="14.481311"></trkpt>
      <trkpt lat="66.345344" lon="14.481209"></trkpt>
      <trkpt lat="66.345354" lon="14.481096"></trkpt>
      <trkpt lat="66.345370" lon="14.480984"></trkpt>
      <trkpt lat="66.345391" lon="14.480891"></trkpt>
      <trkpt lat="66.345431" lon="14.480757"></trkpt>
      <trkpt lat="66.345579" lon="14.480360"></trkpt>
      <trkpt lat="66.345686" lon="14.480091"></trkpt>
      <trkpt lat="66.345812" lon="14.479742"></trkpt>
      <trkpt lat="66.345875" lon="14.479533"></trkpt>
      <trkpt lat="66.345922" lon="14.479345"></trkpt>
      <trkpt lat="66.345943" lon="14.479247"></trkpt>
      <trkpt lat="66.345970" lon="14.479097"></trkpt>
      <trkpt lat="66.345993" lon="14.478906"></trkpt>
      <trkpt lat="66.346002" lon="14.478785"></trkpt>
      <trkpt lat="66.346009" lon="14.478570"></trkpt>
      <trkpt lat="66.346008" lon="14.478456"></trkpt>
      <trkpt lat="66.346003" lon="14.478363"></trkpt>
      <trkpt lat="66.345994" lon="14.478269"></trkpt>
      <trkpt lat="66.345988" lon="14.478228"></trkpt>
      <trkpt lat="66.345979" lon="14.478164"></trkpt>
      <trkpt lat="66.345958" lon="14.478064"></trkpt>
      <trkpt lat="66.345915" lon="14.477923"></trkpt>
      <trkpt lat="66.345870" lon="14.477825"></trkpt>
      <trkpt lat="66.345794" lon="14.477699"></trkpt>
      <trkpt lat="66.345758" lon="14.477629"></trkpt>
      <trkpt lat="66.345683" lon="14.477443"></trkpt>
      <trkpt lat="66.345653" lon="14.477332"></trkpt>
      <trkpt lat="66.345628" lon="14.477206"></trkpt>
      <trkpt lat="66.345610" lon="14.477078"></trkpt>
      <trkpt lat="66.345599" lon="14.476967"></trkpt>
      <trkpt lat="66.345590" lon="14.476713"></trkpt>
      <trkpt lat="66.345608" lon="14.476006"></trkpt>
      <trkpt lat="66.345606" lon="14.475731"></trkpt>
      <trkpt lat="66.345594" lon="14.475285"></trkpt>
      <trkpt lat="66.345581" lon="14.474970"></trkpt>
      <trkpt lat="66.345579" lon="14.474921"></trkpt>
      <trkpt lat="66.345562" lon="14.474707"></trkpt>
      <trkpt lat="66.345548" lon="14.474406"></trkpt>
      <trkpt lat="66.345546" lon="14.474283"></trkpt>
      <trkpt lat="66.345549" lon="14.474064"></trkpt>
      <trkpt lat="66.345570" lon="14.473682"></trkpt>
      <trkpt lat="66.345612" lon="14.473099"></trkpt>
      <trkpt lat="66.345623" lon="14.472874"></trkpt>
      <trkpt lat="66.345654" lon="14.472121"></trkpt>
      <trkpt lat="66.345651" lon="14.471867"></trkpt>
      <trkpt lat="66.345632" lon="14.471651"></trkpt>
      <trkpt lat="66.345536" lon="14.470885"></trkpt>
      <trkpt lat="66.345521" lon="14.470700"></trkpt>
      <trkpt lat="66.345512" lon="14.470485"></trkpt>
      <trkpt lat="66.345516" lon="14.470327"></trkpt>
      <trkpt lat="66.345523" lon="14.470215"></trkpt>
      <trkpt lat="66.345550" lon="14.469879"></trkpt>
      <trkpt lat="66.345590" lon="14.469447"></trkpt>
      <trkpt lat="66.345603" lon="14.469212"></trkpt>
      <trkpt lat="66.345611" lon="14.468626"></trkpt>
      <trkpt lat="66.345599" lon="14.468240"></trkpt>
      <trkpt lat="66.345582" lon="14.467928"></trkpt>
      <trkpt lat="66.345551" lon="14.467490"></trkpt>
      <trkpt lat="66.345518" lon="14.467042"></trkpt>
      <trkpt lat="66.345469" lon="14.466567"></trkpt>
      <trkpt lat="66.345435" lon="14.466335"></trkpt>
      <trkpt lat="66.345377" lon="14.466006"></trkpt>
      <trkpt lat="66.345350" lon="14.465830"></trkpt>
      <trkpt lat="66.345304" lon="14.465471"></trkpt>
      <trkpt lat="66.345285" lon="14.465273"></trkpt>
      <trkpt lat="66.345255" lon="14.465061"></trkpt>
      <trkpt lat="66.345237" lon="14.464987"></trkpt>
      <trkpt lat="66.345188" lon="14.464826"></trkpt>
      <trkpt lat="66.345115" lon="14.464626"></trkpt>
      <trkpt lat="66.345052" lon="14.464460"></trkpt>
      <trkpt lat="66.345014" lon="14.464369"></trkpt>
      <trkpt lat="66.344949" lon="14.464233"></trkpt>
      <trkpt lat="66.344909" lon="14.464128"></trkpt>
      <trkpt lat="66.344852" lon="14.463939"></trkpt>
      <trkpt lat="66.344828" lon="14.463836"></trkpt>
      <trkpt lat="66.344789" lon="14.463613"></trkpt>
      <trkpt lat="66.344772" lon="14.463383"></trkpt>
      <trkpt lat="66.344766" lon="14.463159"></trkpt>
      <trkpt lat="66.344765" lon="14.463087"></trkpt>
      <trkpt lat="66.344774" lon="14.462623"></trkpt>
      <trkpt lat="66.344781" lon="14.462319"></trkpt>
      <trkpt lat="66.344813" lon="14.461507"></trkpt>
      <trkpt lat="66.344849" lon="14.460441"></trkpt>
      <trkpt lat="66.344866" lon="14.460047"></trkpt>
      <trkpt lat="66.344879" lon="14.459583"></trkpt>
      <trkpt lat="66.344885" lon="14.459246"></trkpt>
      <trkpt lat="66.344879" lon="14.458945"></trkpt>
      <trkpt lat="66.344869" lon="14.458785"></trkpt>
      <trkpt lat="66.344855" lon="14.458647"></trkpt>
      <trkpt lat="66.344841" lon="14.458527"></trkpt>
      <trkpt lat="66.344799" lon="14.458294"></trkpt>
      <trkpt lat="66.344727" lon="14.457962"></trkpt>
      <trkpt lat="66.344620" lon="14.457517"></trkpt>
      <trkpt lat="66.344591" lon="14.457377"></trkpt>
      <trkpt lat="66.344565" lon="14.457221"></trkpt>
      <trkpt lat="66.344547" lon="14.457062"></trkpt>
      <trkpt lat="66.344542" lon="14.456937"></trkpt>
      <trkpt lat="66.344540" lon="14.456408"></trkpt>
      <trkpt lat="66.344533" lon="14.456265"></trkpt>
      <trkpt lat="66.344527" lon="14.456194"></trkpt>
      <trkpt lat="66.344516" lon="14.456073"></trkpt>
      <trkpt lat="66.344498" lon="14.455948"></trkpt>
      <trkpt lat="66.344446" lon="14.455678"></trkpt>
      <trkpt lat="66.344408" lon="14.455533"></trkpt>
      <trkpt lat="66.344399" lon="14.455479"></trkpt>
      <trkpt lat="66.344386" lon="14.455378"></trkpt>
      <trkpt lat="66.344374" lon="14.455191"></trkpt>
      <trkpt lat="66.344330" lon="14.454337"></trkpt>
      <trkpt lat="66.344320" lon="14.454207"></trkpt>
      <trkpt lat="66.344305" lon="14.454064"></trkpt>
      <trkpt lat="66.344289" lon="14.453921"></trkpt>
      <trkpt lat="66.344267" lon="14.453787"></trkpt>
      <trkpt lat="66.344206" lon="14.453484"></trkpt>
      <trkpt lat="66.344161" lon="14.453234"></trkpt>
      <trkpt lat="66.344100" lon="14.452715"></trkpt>
      <trkpt lat="66.344065" lon="14.452508"></trkpt>
      <trkpt lat="66.344027" lon="14.452332"></trkpt>
      <trkpt lat="66.344001" lon="14.452239"></trkpt>
      <trkpt lat="66.343938" lon="14.452055"></trkpt>
      <trkpt lat="66.343899" lon="14.451927"></trkpt>
      <trkpt lat="66.343870" lon="14.451805"></trkpt>
      <trkpt lat="66.343848" lon="14.451685"></trkpt>
      <trkpt lat="66.343826" lon="14.451493"></trkpt>
      <trkpt lat="66.343813" lon="14.451275"></trkpt>
      <trkpt lat="66.343773" lon="14.450296"></trkpt>
      <trkpt lat="66.343768" lon="14.450154"></trkpt>
      <trkpt lat="66.343765" lon="14.449938"></trkpt>
      <trkpt lat="66.343768" lon="14.449673"></trkpt>
      <trkpt lat="66.343776" lon="14.449362"></trkpt>
      <trkpt lat="66.343796" lon="14.448764"></trkpt>
      <trkpt lat="66.343815" lon="14.448306"></trkpt>
      <trkpt lat="66.343823" lon="14.448051"></trkpt>
      <trkpt lat="66.343832" lon="14.447600"></trkpt>
      <trkpt lat="66.343847" lon="14.447132"></trkpt>
      <trkpt lat="66.343847" lon="14.446907"></trkpt>
      <trkpt lat="66.343836" lon="14.446255"></trkpt>
      <trkpt lat="66.343816" lon="14.445779"></trkpt>
      <trkpt lat="66.343800" lon="14.445477"></trkpt>
      <trkpt lat="66.343768" lon="14.445063"></trkpt>
      <trkpt lat="66.343724" lon="14.444626"></trkpt>
      <trkpt lat="66.343699" lon="14.444403"></trkpt>
      <trkpt lat="66.343592" lon="14.443543"></trkpt>
      <trkpt lat="66.343581" lon="14.443425"></trkpt>
      <trkpt lat="66.343562" lon="14.443172"></trkpt>
      <trkpt lat="66.343555" lon="14.442971"></trkpt>
      <trkpt lat="66.343516" lon="14.441197"></trkpt>
      <trkpt lat="66.343464" lon="14.439768"></trkpt>
      <trkpt lat="66.343442" lon="14.439282"></trkpt>
      <trkpt lat="66.343420" lon="14.438981"></trkpt>
      <trkpt lat="66.343405" lon="14.438841"></trkpt>
      <trkpt lat="66.343384" lon="14.438703"></trkpt>
      <trkpt lat="66.343367" lon="14.438613"></trkpt>
      <trkpt lat="66.343357" lon="14.438560"></trkpt>
      <trkpt lat="66.343321" lon="14.438434"></trkpt>
      <trkpt lat="66.343284" lon="14.438339"></trkpt>
      <trkpt lat="66.343241" lon="14.438266"></trkpt>
      <trkpt lat="66.343193" lon="14.438194"></trkpt>
      <trkpt lat="66.342787" lon="14.437709"></trkpt>
      <trkpt lat="66.342769" lon="14.437696"></trkpt>
      <trkpt lat="66.342749" lon="14.437682"></trkpt>
      <trkpt lat="66.342687" lon="14.437642"></trkpt>
      <trkpt lat="66.342640" lon="14.437630"></trkpt>
      <trkpt lat="66.342559" lon="14.437622"></trkpt>
      <trkpt lat="66.342381" lon="14.437624"></trkpt>
      <trkpt lat="66.342261" lon="14.437610"></trkpt>
      <trkpt lat="66.342225" lon="14.437604"></trkpt>
      <trkpt lat="66.342144" lon="14.437569"></trkpt>
      <trkpt lat="66.342065" lon="14.437514"></trkpt>
      <trkpt lat="66.341994" lon="14.437446"></trkpt>
      <trkpt lat="66.341850" lon="14.437298"></trkpt>
      <trkpt lat="66.341316" lon="14.436693"></trkpt>
      <trkpt lat="66.341110" lon="14.436437"></trkpt>
      <trkpt lat="66.340614" lon="14.435763"></trkpt>
      <trkpt lat="66.340404" lon="14.435510"></trkpt>
      <trkpt lat="66.340340" lon="14.435389"></trkpt>
      <trkpt lat="66.340323" lon="14.435339"></trkpt>
      <trkpt lat="66.340316" lon="14.435299"></trkpt>
      <trkpt lat="66.340302" lon="14.435226"></trkpt>
      <trkpt lat="66.340290" lon="14.435102"></trkpt>
      <trkpt lat="66.340286" lon="14.435006"></trkpt>
      <trkpt lat="66.340286" lon="14.434908"></trkpt>
      <trkpt lat="66.340290" lon="14.434797"></trkpt>
      <trkpt lat="66.340311" lon="14.434439"></trkpt>
      <trkpt lat="66.340316" lon="14.434301"></trkpt>
      <trkpt lat="66.340319" lon="14.434153"></trkpt>
      <trkpt lat="66.340320" lon="14.433485"></trkpt>
      <trkpt lat="66.340324" lon="14.433336"></trkpt>
      <trkpt lat="66.340332" lon="14.433092"></trkpt>
      <trkpt lat="66.340370" lon="14.432279"></trkpt>
      <trkpt lat="66.340370" lon="14.432238"></trkpt>
      <trkpt lat="66.340369" lon="14.432149"></trkpt>
      <trkpt lat="66.340359" lon="14.432007"></trkpt>
      <trkpt lat="66.340342" lon="14.431881"></trkpt>
      <trkpt lat="66.340301" lon="14.431638"></trkpt>
      <trkpt lat="66.339946" lon="14.429876"></trkpt>
      <trkpt lat="66.339892" lon="14.429623"></trkpt>
      <trkpt lat="66.339819" lon="14.429321"></trkpt>
      <trkpt lat="66.339759" lon="14.429099"></trkpt>
      <trkpt lat="66.339551" lon="14.428457"></trkpt>
      <trkpt lat="66.339384" lon="14.427976"></trkpt>
      <trkpt lat="66.339338" lon="14.427819"></trkpt>
      <trkpt lat="66.339266" lon="14.427594"></trkpt>
      <trkpt lat="66.339244" lon="14.427537"></trkpt>
      <trkpt lat="66.339215" lon="14.427459"></trkpt>
      <trkpt lat="66.339163" lon="14.427342"></trkpt>
      <trkpt lat="66.339111" lon="14.427248"></trkpt>
      <trkpt lat="66.339005" lon="14.427039"></trkpt>
      <trkpt lat="66.338767" lon="14.426538"></trkpt>
      <trkpt lat="66.338662" lon="14.426334"></trkpt>
      <trkpt lat="66.338619" lon="14.426261"></trkpt>
      <trkpt lat="66.338594" lon="14.426218"></trkpt>
      <trkpt lat="66.338391" lon="14.425928"></trkpt>
      <trkpt lat="66.338251" lon="14.425691"></trkpt>
      <trkpt lat="66.337987" lon="14.425200"></trkpt>
      <trkpt lat="66.337925" lon="14.425088"></trkpt>
      <trkpt lat="66.337886" lon="14.425027"></trkpt>
      <trkpt lat="66.337831" lon="14.424944"></trkpt>
      <trkpt lat="66.337781" lon="14.424880"></trkpt>
      <trkpt lat="66.337688" lon="14.424810"></trkpt>
      <trkpt lat="66.337602" lon="14.424788"></trkpt>
      <trkpt lat="66.337515" lon="14.424835"></trkpt>
      <trkpt lat="66.337477" lon="14.424876"></trkpt>
      <trkpt lat="66.337395" lon="14.424981"></trkpt>
      <trkpt lat="66.337266" lon="14.425175"></trkpt>
      <trkpt lat="66.337134" lon="14.425363"></trkpt>
      <trkpt lat="66.337092" lon="14.425433"></trkpt>
      <trkpt lat="66.337025" lon="14.425582"></trkpt>
      <trkpt lat="66.336901" lon="14.425932"></trkpt>
      <trkpt lat="66.336865" lon="14.426017"></trkpt>
      <trkpt lat="66.336817" lon="14.426077"></trkpt>
      <trkpt lat="66.336780" lon="14.426094"></trkpt>
      <trkpt lat="66.336765" lon="14.426096"></trkpt>
      <trkpt lat="66.336719" lon="14.426088"></trkpt>
      <trkpt lat="66.336665" lon="14.426026"></trkpt>
      <trkpt lat="66.336619" lon="14.425921"></trkpt>
      <trkpt lat="66.336583" lon="14.425784"></trkpt>
      <trkpt lat="66.336538" lon="14.425534"></trkpt>
      <trkpt lat="66.336461" lon="14.424894"></trkpt>
      <trkpt lat="66.336409" lon="14.424503"></trkpt>
      <trkpt lat="66.336361" lon="14.424187"></trkpt>
      <trkpt lat="66.336318" lon="14.423897"></trkpt>
      <trkpt lat="66.336060" lon="14.422297"></trkpt>
      <trkpt lat="66.336023" lon="14.422112"></trkpt>
      <trkpt lat="66.336001" lon="14.422033"></trkpt>
      <trkpt lat="66.335965" lon="14.421917"></trkpt>
      <trkpt lat="66.335914" lon="14.421786"></trkpt>
      <trkpt lat="66.335817" lon="14.421575"></trkpt>
      <trkpt lat="66.335727" lon="14.421402"></trkpt>
      <trkpt lat="66.335539" lon="14.421058"></trkpt>
      <trkpt lat="66.335497" lon="14.420974"></trkpt>
      <trkpt lat="66.335395" lon="14.420753"></trkpt>
      <trkpt lat="66.335271" lon="14.420449"></trkpt>
      <trkpt lat="66.335178" lon="14.420191"></trkpt>
      <trkpt lat="66.335081" lon="14.419862"></trkpt>
      <trkpt lat="66.334982" lon="14.419465"></trkpt>
      <trkpt lat="66.334953" lon="14.419318"></trkpt>
      <trkpt lat="66.334913" lon="14.419083"></trkpt>
      <trkpt lat="66.334861" lon="14.418728"></trkpt>
      <trkpt lat="66.334841" lon="14.418554"></trkpt>
      <trkpt lat="66.334824" lon="14.418369"></trkpt>
      <trkpt lat="66.334810" lon="14.418181"></trkpt>
      <trkpt lat="66.334782" lon="14.417459"></trkpt>
      <trkpt lat="66.334763" lon="14.417209"></trkpt>
      <trkpt lat="66.334722" lon="14.416875"></trkpt>
      <trkpt lat="66.334712" lon="14.416742"></trkpt>
      <trkpt lat="66.334709" lon="14.416602"></trkpt>
      <trkpt lat="66.334712" lon="14.416451"></trkpt>
      <trkpt lat="66.334744" lon="14.416055"></trkpt>
      <trkpt lat="66.334777" lon="14.415781"></trkpt>
      <trkpt lat="66.334853" lon="14.415270"></trkpt>
      <trkpt lat="66.334885" lon="14.415099"></trkpt>
      <trkpt lat="66.334938" lon="14.414706"></trkpt>
      <trkpt lat="66.334955" lon="14.414451"></trkpt>
      <trkpt lat="66.334959" lon="14.414324"></trkpt>
      <trkpt lat="66.334954" lon="14.414084"></trkpt>
      <trkpt lat="66.334944" lon="14.413811"></trkpt>
      <trkpt lat="66.334918" lon="14.413294"></trkpt>
      <trkpt lat="66.334911" lon="14.413054"></trkpt>
      <trkpt lat="66.334911" lon="14.412865"></trkpt>
      <trkpt lat="66.334911" lon="14.412736"></trkpt>
      <trkpt lat="66.334917" lon="14.412475"></trkpt>
      <trkpt lat="66.334945" lon="14.411509"></trkpt>
      <trkpt lat="66.334946" lon="14.411228"></trkpt>
      <trkpt lat="66.334940" lon="14.411077"></trkpt>
      <trkpt lat="66.334930" lon="14.410928"></trkpt>
      <trkpt lat="66.334915" lon="14.410791"></trkpt>
      <trkpt lat="66.334884" lon="14.410566"></trkpt>
      <trkpt lat="66.334810" lon="14.410168"></trkpt>
      <trkpt lat="66.334791" lon="14.410022"></trkpt>
      <trkpt lat="66.334776" lon="14.409876"></trkpt>
      <trkpt lat="66.334757" lon="14.409592"></trkpt>
      <trkpt lat="66.334737" lon="14.409195"></trkpt>
      <trkpt lat="66.334708" lon="14.408722"></trkpt>
      <trkpt lat="66.334695" lon="14.408510"></trkpt>
      <trkpt lat="66.334656" lon="14.408032"></trkpt>
      <trkpt lat="66.334642" lon="14.407729"></trkpt>
      <trkpt lat="66.334642" lon="14.407556"></trkpt>
      <trkpt lat="66.334658" lon="14.406787"></trkpt>
      <trkpt lat="66.334655" lon="14.406509"></trkpt>
      <trkpt lat="66.334640" lon="14.406147"></trkpt>
      <trkpt lat="66.334598" lon="14.405410"></trkpt>
      <trkpt lat="66.334573" lon="14.405108"></trkpt>
      <trkpt lat="66.334547" lon="14.404893"></trkpt>
      <trkpt lat="66.334507" lon="14.404600"></trkpt>
      <trkpt lat="66.334493" lon="14.404527"></trkpt>
      <trkpt lat="66.334432" lon="14.404247"></trkpt>
      <trkpt lat="66.334299" lon="14.403764"></trkpt>
      <trkpt lat="66.334275" lon="14.403659"></trkpt>
      <trkpt lat="66.334247" lon="14.403510"></trkpt>
      <trkpt lat="66.334197" lon="14.403177"></trkpt>
      <trkpt lat="66.334136" lon="14.402714"></trkpt>
      <trkpt lat="66.334075" lon="14.402336"></trkpt>
      <trkpt lat="66.334021" lon="14.402053"></trkpt>
      <trkpt lat="66.333901" lon="14.401516"></trkpt>
      <trkpt lat="66.333859" lon="14.401345"></trkpt>
      <trkpt lat="66.333786" lon="14.401098"></trkpt>
      <trkpt lat="66.333655" lon="14.400690"></trkpt>
      <trkpt lat="66.333590" lon="14.400428"></trkpt>
      <trkpt lat="66.333515" lon="14.400075"></trkpt>
      <trkpt lat="66.333388" lon="14.399400"></trkpt>
      <trkpt lat="66.333357" lon="14.399270"></trkpt>
      <trkpt lat="66.333283" lon="14.398886"></trkpt>
      <trkpt lat="66.333162" lon="14.398183"></trkpt>
      <trkpt lat="66.333123" lon="14.397926"></trkpt>
      <trkpt lat="66.333047" lon="14.397367"></trkpt>
      <trkpt lat="66.332971" lon="14.396666"></trkpt>
      <trkpt lat="66.332949" lon="14.396500"></trkpt>
      <trkpt lat="66.332910" lon="14.396285"></trkpt>
      <trkpt lat="66.332883" lon="14.396170"></trkpt>
      <trkpt lat="66.332838" lon="14.396013"></trkpt>
      <trkpt lat="66.332725" lon="14.395669"></trkpt>
      <trkpt lat="66.332663" lon="14.395464"></trkpt>
      <trkpt lat="66.332587" lon="14.395188"></trkpt>
      <trkpt lat="66.332501" lon="14.394827"></trkpt>
      <trkpt lat="66.332411" lon="14.394404"></trkpt>
      <trkpt lat="66.332325" lon="14.394024"></trkpt>
      <trkpt lat="66.332267" lon="14.393782"></trkpt>
      <trkpt lat="66.332191" lon="14.393493"></trkpt>
      <trkpt lat="66.332093" lon="14.393172"></trkpt>
      <trkpt lat="66.332013" lon="14.392940"></trkpt>
      <trkpt lat="66.331926" lon="14.392717"></trkpt>
      <trkpt lat="66.331853" lon="14.392487"></trkpt>
      <trkpt lat="66.331795" lon="14.392260"></trkpt>
      <trkpt lat="66.331338" lon="14.390248"></trkpt>
      <trkpt lat="66.331265" lon="14.389949"></trkpt>
      <trkpt lat="66.331189" lon="14.389684"></trkpt>
      <trkpt lat="66.331162" lon="14.389601"></trkpt>
      <trkpt lat="66.331118" lon="14.389496"></trkpt>
      <trkpt lat="66.331077" lon="14.389411"></trkpt>
      <trkpt lat="66.331017" lon="14.389314"></trkpt>
      <trkpt lat="66.330964" lon="14.389253"></trkpt>
      <trkpt lat="66.330924" lon="14.389197"></trkpt>
      <trkpt lat="66.330822" lon="14.389102"></trkpt>
      <trkpt lat="66.330741" lon="14.389051"></trkpt>
      <trkpt lat="66.330674" lon="14.389030"></trkpt>
      <trkpt lat="66.330611" lon="14.389036"></trkpt>
      <trkpt lat="66.330554" lon="14.389059"></trkpt>
      <trkpt lat="66.330488" lon="14.389108"></trkpt>
      <trkpt lat="66.330382" lon="14.389255"></trkpt>
      <trkpt lat="66.330298" lon="14.389390"></trkpt>
      <trkpt lat="66.330253" lon="14.389483"></trkpt>
      <trkpt lat="66.330210" lon="14.389596"></trkpt>
      <trkpt lat="66.330179" lon="14.389698"></trkpt>
      <trkpt lat="66.330156" lon="14.389792"></trkpt>
      <trkpt lat="66.330107" lon="14.390025"></trkpt>
      <trkpt lat="66.330065" lon="14.390255"></trkpt>
      <trkpt lat="66.330015" lon="14.390627"></trkpt>
      <trkpt lat="66.329967" lon="14.391153"></trkpt>
      <trkpt lat="66.329938" lon="14.391331"></trkpt>
      <trkpt lat="66.329919" lon="14.391400"></trkpt>
      <trkpt lat="66.329873" lon="14.391510"></trkpt>
      <trkpt lat="66.329847" lon="14.391554"></trkpt>
      <trkpt lat="66.329809" lon="14.391603"></trkpt>
      <trkpt lat="66.329733" lon="14.391658"></trkpt>
      <trkpt lat="66.329676" lon="14.391665"></trkpt>
      <trkpt lat="66.329603" lon="14.391634"></trkpt>
      <trkpt lat="66.329564" lon="14.391597"></trkpt>
      <trkpt lat="66.329501" lon="14.391522"></trkpt>
      <trkpt lat="66.329436" lon="14.391437"></trkpt>
      <trkpt lat="66.329209" lon="14.391047"></trkpt>
      <trkpt lat="66.329152" lon="14.390970"></trkpt>
      <trkpt lat="66.329088" lon="14.390897"></trkpt>
      <trkpt lat="66.329022" lon="14.390841"></trkpt>
      <trkpt lat="66.328953" lon="14.390797"></trkpt>
      <trkpt lat="66.328888" lon="14.390783"></trkpt>
      <trkpt lat="66.328816" lon="14.390786"></trkpt>
      <trkpt lat="66.328732" lon="14.390802"></trkpt>
      <trkpt lat="66.328362" lon="14.390902"></trkpt>
      <trkpt lat="66.328269" lon="14.390934"></trkpt>
      <trkpt lat="66.328227" lon="14.390962"></trkpt>
      <trkpt lat="66.328188" lon="14.391019"></trkpt>
      <trkpt lat="66.328154" lon="14.391086"></trkpt>
      <trkpt lat="66.328117" lon="14.391179"></trkpt>
      <trkpt lat="66.328083" lon="14.391278"></trkpt>
      <trkpt lat="66.328060" lon="14.391393"></trkpt>
      <trkpt lat="66.328048" lon="14.391497"></trkpt>
      <trkpt lat="66.328042" lon="14.391606"></trkpt>
      <trkpt lat="66.328045" lon="14.391734"></trkpt>
      <trkpt lat="66.328053" lon="14.391860"></trkpt>
      <trkpt lat="66.328067" lon="14.391986"></trkpt>
      <trkpt lat="66.328156" lon="14.392433"></trkpt>
      <trkpt lat="66.328190" lon="14.392617"></trkpt>
      <trkpt lat="66.328210" lon="14.392745"></trkpt>
      <trkpt lat="66.328242" lon="14.393000"></trkpt>
      <trkpt lat="66.328252" lon="14.393137"></trkpt>
      <trkpt lat="66.328254" lon="14.393282"></trkpt>
      <trkpt lat="66.328249" lon="14.393421"></trkpt>
      <trkpt lat="66.328238" lon="14.393550"></trkpt>
      <trkpt lat="66.328202" lon="14.393753"></trkpt>
      <trkpt lat="66.328150" lon="14.393931"></trkpt>
      <trkpt lat="66.328109" lon="14.394031"></trkpt>
      <trkpt lat="66.328077" lon="14.394092"></trkpt>
      <trkpt lat="66.328025" lon="14.394172"></trkpt>
      <trkpt lat="66.327980" lon="14.394210"></trkpt>
      <trkpt lat="66.327956" lon="14.394227"></trkpt>
      <trkpt lat="66.327878" lon="14.394259"></trkpt>
      <trkpt lat="66.327731" lon="14.394297"></trkpt>
      <trkpt lat="66.327551" lon="14.394323"></trkpt>
      <trkpt lat="66.327441" lon="14.394331"></trkpt>
      <trkpt lat="66.327280" lon="14.394317"></trkpt>
      <trkpt lat="66.327221" lon="14.394301"></trkpt>
      <trkpt lat="66.327142" lon="14.394261"></trkpt>
      <trkpt lat="66.327078" lon="14.394210"></trkpt>
      <trkpt lat="66.327027" lon="14.394157"></trkpt>
      <trkpt lat="66.326952" lon="14.394031"></trkpt>
      <trkpt lat="66.326911" lon="14.393939"></trkpt>
      <trkpt lat="66.326604" lon="14.393074"></trkpt>
      <trkpt lat="66.326504" lon="14.392820"></trkpt>
      <trkpt lat="66.326226" lon="14.392156"></trkpt>
      <trkpt lat="66.326135" lon="14.391920"></trkpt>
      <trkpt lat="66.326067" lon="14.391730"></trkpt>
      <trkpt lat="66.325943" lon="14.391357"></trkpt>
      <trkpt lat="66.325758" lon="14.390778"></trkpt>
      <trkpt lat="66.325625" lon="14.390417"></trkpt>
      <trkpt lat="66.325565" lon="14.390269"></trkpt>
      <trkpt lat="66.325500" lon="14.390095"></trkpt>
      <trkpt lat="66.325095" lon="14.388993"></trkpt>
      <trkpt lat="66.325014" lon="14.388811"></trkpt>
      <trkpt lat="66.324988" lon="14.388753"></trkpt>
      <trkpt lat="66.324875" lon="14.388553"></trkpt>
      <trkpt lat="66.324788" lon="14.388440"></trkpt>
      <trkpt lat="66.324721" lon="14.388371"></trkpt>
      <trkpt lat="66.324621" lon="14.388292"></trkpt>
      <trkpt lat="66.324506" lon="14.388226"></trkpt>
      <trkpt lat="66.324375" lon="14.388191"></trkpt>
      <trkpt lat="66.324211" lon="14.388179"></trkpt>
      <trkpt lat="66.323881" lon="14.388183"></trkpt>
      <trkpt lat="66.323814" lon="14.388214"></trkpt>
      <trkpt lat="66.323754" lon="14.388259"></trkpt>
      <trkpt lat="66.323714" lon="14.388302"></trkpt>
      <trkpt lat="66.323642" lon="14.388413"></trkpt>
      <trkpt lat="66.323526" lon="14.388620"></trkpt>
      <trkpt lat="66.323441" lon="14.388755"></trkpt>
      <trkpt lat="66.323385" lon="14.388817"></trkpt>
      <trkpt lat="66.323355" lon="14.388841"></trkpt>
      <trkpt lat="66.323296" lon="14.388877"></trkpt>
      <trkpt lat="66.323191" lon="14.388905"></trkpt>
      <trkpt lat="66.323050" lon="14.388892"></trkpt>
      <trkpt lat="66.322976" lon="14.388863"></trkpt>
      <trkpt lat="66.322890" lon="14.388804"></trkpt>
      <trkpt lat="66.322843" lon="14.388761"></trkpt>
      <trkpt lat="66.322800" lon="14.388707"></trkpt>
      <trkpt lat="66.322764" lon="14.388646"></trkpt>
      <trkpt lat="66.322747" lon="14.388607"></trkpt>
      <trkpt lat="66.322718" lon="14.388523"></trkpt>
      <trkpt lat="66.322703" lon="14.388459"></trkpt>
      <trkpt lat="66.322686" lon="14.388321"></trkpt>
      <trkpt lat="66.322682" lon="14.388250"></trkpt>
      <trkpt lat="66.322684" lon="14.388136"></trkpt>
      <trkpt lat="66.322694" lon="14.387950"></trkpt>
      <trkpt lat="66.322736" lon="14.387467"></trkpt>
      <trkpt lat="66.322764" lon="14.387090"></trkpt>
      <trkpt lat="66.322778" lon="14.386770"></trkpt>
      <trkpt lat="66.322793" lon="14.386177"></trkpt>
      <trkpt lat="66.322805" lon="14.385368"></trkpt>
      <trkpt lat="66.322804" lon="14.384932"></trkpt>
      <trkpt lat="66.322793" lon="14.384647"></trkpt>
      <trkpt lat="66.322782" lon="14.384537"></trkpt>
      <trkpt lat="66.322761" lon="14.384322"></trkpt>
      <trkpt lat="66.322708" lon="14.383875"></trkpt>
      <trkpt lat="66.322683" lon="14.383640"></trkpt>
      <trkpt lat="66.322651" lon="14.383265"></trkpt>
      <trkpt lat="66.322625" lon="14.382824"></trkpt>
      <trkpt lat="66.322617" lon="14.382576"></trkpt>
      <trkpt lat="66.322599" lon="14.381283"></trkpt>
      <trkpt lat="66.322599" lon="14.381116"></trkpt>
      <trkpt lat="66.322588" lon="14.380820"></trkpt>
      <trkpt lat="66.322585" lon="14.380750"></trkpt>
      <trkpt lat="66.322561" lon="14.380511"></trkpt>
      <trkpt lat="66.322454" lon="14.379639"></trkpt>
      <trkpt lat="66.322273" lon="14.378443"></trkpt>
      <trkpt lat="66.322202" lon="14.377952"></trkpt>
      <trkpt lat="66.322146" lon="14.377625"></trkpt>
      <trkpt lat="66.322024" lon="14.377001"></trkpt>
      <trkpt lat="66.321939" lon="14.376652"></trkpt>
      <trkpt lat="66.321730" lon="14.375888"></trkpt>
      <trkpt lat="66.321691" lon="14.375725"></trkpt>
      <trkpt lat="66.321629" lon="14.375396"></trkpt>
      <trkpt lat="66.321537" lon="14.374841"></trkpt>
      <trkpt lat="66.321423" lon="14.374204"></trkpt>
      <trkpt lat="66.321393" lon="14.374005"></trkpt>
      <trkpt lat="66.321338" lon="14.373747"></trkpt>
      <trkpt lat="66.321303" lon="14.373614"></trkpt>
      <trkpt lat="66.321253" lon="14.373472"></trkpt>
      <trkpt lat="66.321194" lon="14.373346"></trkpt>
      <trkpt lat="66.321134" lon="14.373259"></trkpt>
      <trkpt lat="66.321059" lon="14.373178"></trkpt>
      <trkpt lat="66.321022" lon="14.373153"></trkpt>
      <trkpt lat="66.320882" lon="14.373120"></trkpt>
      <trkpt lat="66.320814" lon="14.373104"></trkpt>
      <trkpt lat="66.320774" lon="14.373084"></trkpt>
      <trkpt lat="66.320712" lon="14.373027"></trkpt>
      <trkpt lat="66.320668" lon="14.372965"></trkpt>
      <trkpt lat="66.320616" lon="14.372859"></trkpt>
      <trkpt lat="66.320585" lon="14.372786"></trkpt>
      <trkpt lat="66.320417" lon="14.372362"></trkpt>
      <trkpt lat="66.320312" lon="14.372125"></trkpt>
      <trkpt lat="66.320244" lon="14.371993"></trkpt>
      <trkpt lat="66.320167" lon="14.371861"></trkpt>
      <trkpt lat="66.320126" lon="14.371797"></trkpt>
      <trkpt lat="66.320016" lon="14.371665"></trkpt>
      <trkpt lat="66.319979" lon="14.371609"></trkpt>
      <trkpt lat="66.319917" lon="14.371488"></trkpt>
      <trkpt lat="66.319896" lon="14.371438"></trkpt>
      <trkpt lat="66.319833" lon="14.371241"></trkpt>
      <trkpt lat="66.319804" lon="14.371127"></trkpt>
      <trkpt lat="66.319767" lon="14.370956"></trkpt>
      <trkpt lat="66.319710" lon="14.370591"></trkpt>
      <trkpt lat="66.319635" lon="14.370012"></trkpt>
      <trkpt lat="66.319597" lon="14.369669"></trkpt>
      <trkpt lat="66.319510" lon="14.368837"></trkpt>
      <trkpt lat="66.319442" lon="14.368267"></trkpt>
      <trkpt lat="66.319417" lon="14.368003"></trkpt>
      <trkpt lat="66.319386" lon="14.367582"></trkpt>
      <trkpt lat="66.319355" lon="14.366959"></trkpt>
      <trkpt lat="66.319344" lon="14.366504"></trkpt>
      <trkpt lat="66.319346" lon="14.366159"></trkpt>
      <trkpt lat="66.319360" lon="14.365733"></trkpt>
      <trkpt lat="66.319401" lon="14.365028"></trkpt>
      <trkpt lat="66.319442" lon="14.364411"></trkpt>
      <trkpt lat="66.319457" lon="14.364078"></trkpt>
      <trkpt lat="66.319469" lon="14.363386"></trkpt>
      <trkpt lat="66.319468" lon="14.362991"></trkpt>
      <trkpt lat="66.319468" lon="14.362925"></trkpt>
      <trkpt lat="66.319475" lon="14.362602"></trkpt>
      <trkpt lat="66.319488" lon="14.362352"></trkpt>
      <trkpt lat="66.319503" lon="14.362151"></trkpt>
      <trkpt lat="66.319523" lon="14.361984"></trkpt>
      <trkpt lat="66.319634" lon="14.361317"></trkpt>
      <trkpt lat="66.319658" lon="14.361141"></trkpt>
      <trkpt lat="66.319665" lon="14.361070"></trkpt>
      <trkpt lat="66.319672" lon="14.360995"></trkpt>
      <trkpt lat="66.319680" lon="14.360838"></trkpt>
      <trkpt lat="66.319684" lon="14.360614"></trkpt>
      <trkpt lat="66.319679" lon="14.360391"></trkpt>
      <trkpt lat="66.319682" lon="14.359738"></trkpt>
      <trkpt lat="66.319689" lon="14.359323"></trkpt>
      <trkpt lat="66.319712" lon="14.358582"></trkpt>
      <trkpt lat="66.319713" lon="14.358340"></trkpt>
      <trkpt lat="66.319705" lon="14.358042"></trkpt>
      <trkpt lat="66.319685" lon="14.357565"></trkpt>
      <trkpt lat="66.319670" lon="14.357275"></trkpt>
      <trkpt lat="66.319662" lon="14.357169"></trkpt>
      <trkpt lat="66.319651" lon="14.357056"></trkpt>
      <trkpt lat="66.319629" lon="14.356890"></trkpt>
      <trkpt lat="66.319601" lon="14.356746"></trkpt>
      <trkpt lat="66.319547" lon="14.356535"></trkpt>
      <trkpt lat="66.319502" lon="14.356320"></trkpt>
      <trkpt lat="66.319472" lon="14.356128"></trkpt>
      <trkpt lat="66.319447" lon="14.355943"></trkpt>
      <trkpt lat="66.319429" lon="14.355739"></trkpt>
      <trkpt lat="66.319411" lon="14.355319"></trkpt>
      <trkpt lat="66.319380" lon="14.354737"></trkpt>
      <trkpt lat="66.319371" lon="14.354618"></trkpt>
      <trkpt lat="66.319299" lon="14.353791"></trkpt>
      <trkpt lat="66.319274" lon="14.353563"></trkpt>
      <trkpt lat="66.319263" lon="14.353470"></trkpt>
      <trkpt lat="66.319241" lon="14.353336"></trkpt>
      <trkpt lat="66.319211" lon="14.353184"></trkpt>
      <trkpt lat="66.319119" lon="14.352762"></trkpt>
      <trkpt lat="66.318919" lon="14.351881"></trkpt>
      <trkpt lat="66.318763" lon="14.351246"></trkpt>
      <trkpt lat="66.318682" lon="14.350937"></trkpt>
      <trkpt lat="66.318606" lon="14.350678"></trkpt>
      <trkpt lat="66.318483" lon="14.350317"></trkpt>
      <trkpt lat="66.318411" lon="14.350119"></trkpt>
      <trkpt lat="66.318362" lon="14.349951"></trkpt>
      <trkpt lat="66.318303" lon="14.349722"></trkpt>
      <trkpt lat="66.318263" lon="14.349532"></trkpt>
      <trkpt lat="66.318242" lon="14.349452"></trkpt>
      <trkpt lat="66.318217" lon="14.349378"></trkpt>
      <trkpt lat="66.318190" lon="14.349313"></trkpt>
      <trkpt lat="66.318164" lon="14.349259"></trkpt>
      <trkpt lat="66.318100" lon="14.349172"></trkpt>
      <trkpt lat="66.318061" lon="14.349145"></trkpt>
      <trkpt lat="66.318004" lon="14.349117"></trkpt>
      <trkpt lat="66.317958" lon="14.349113"></trkpt>
      <trkpt lat="66.317929" lon="14.349108"></trkpt>
      <trkpt lat="66.317849" lon="14.349118"></trkpt>
      <trkpt lat="66.317800" lon="14.349134"></trkpt>
      <trkpt lat="66.317751" lon="14.349165"></trkpt>
      <trkpt lat="66.317658" lon="14.349240"></trkpt>
      <trkpt lat="66.317470" lon="14.349409"></trkpt>
      <trkpt lat="66.317397" lon="14.349455"></trkpt>
      <trkpt lat="66.317341" lon="14.349476"></trkpt>
      <trkpt lat="66.317285" lon="14.349482"></trkpt>
      <trkpt lat="66.317212" lon="14.349476"></trkpt>
      <trkpt lat="66.316908" lon="14.349426"></trkpt>
      <trkpt lat="66.316773" lon="14.349415"></trkpt>
      <trkpt lat="66.316701" lon="14.349400"></trkpt>
      <trkpt lat="66.316624" lon="14.349409"></trkpt>
      <trkpt lat="66.316567" lon="14.349432"></trkpt>
      <trkpt lat="66.316511" lon="14.349471"></trkpt>
      <trkpt lat="66.316449" lon="14.349512"></trkpt>
      <trkpt lat="66.316405" lon="14.349533"></trkpt>
      <trkpt lat="66.316321" lon="14.349560"></trkpt>
      <trkpt lat="66.316271" lon="14.349563"></trkpt>
      <trkpt lat="66.316197" lon="14.349547"></trkpt>
      <trkpt lat="66.316122" lon="14.349522"></trkpt>
      <trkpt lat="66.316069" lon="14.349482"></trkpt>
      <trkpt lat="66.315981" lon="14.349399"></trkpt>
      <trkpt lat="66.315888" lon="14.349294"></trkpt>
      <trkpt lat="66.315765" lon="14.349110"></trkpt>
      <trkpt lat="66.315703" lon="14.349010"></trkpt>
      <trkpt lat="66.315661" lon="14.348931"></trkpt>
      <trkpt lat="66.315599" lon="14.348808"></trkpt>
      <trkpt lat="66.315483" lon="14.348532"></trkpt>
      <trkpt lat="66.315334" lon="14.348115"></trkpt>
      <trkpt lat="66.315246" lon="14.347853"></trkpt>
      <trkpt lat="66.315070" lon="14.347300"></trkpt>
      <trkpt lat="66.314934" lon="14.346855"></trkpt>
      <trkpt lat="66.314920" lon="14.346799"></trkpt>
      <trkpt lat="66.314875" lon="14.346590"></trkpt>
      <trkpt lat="66.314801" lon="14.346170"></trkpt>
      <trkpt lat="66.314776" lon="14.346054"></trkpt>
      <trkpt lat="66.314739" lon="14.345924"></trkpt>
      <trkpt lat="66.314691" lon="14.345802"></trkpt>
      <trkpt lat="66.314630" lon="14.345693"></trkpt>
      <trkpt lat="66.314597" lon="14.345648"></trkpt>
      <trkpt lat="66.314522" lon="14.345577"></trkpt>
      <trkpt lat="66.314457" lon="14.345538"></trkpt>
      <trkpt lat="66.314291" lon="14.345469"></trkpt>
      <trkpt lat="66.314115" lon="14.345382"></trkpt>
      <trkpt lat="66.314041" lon="14.345314"></trkpt>
      <trkpt lat="66.314003" lon="14.345256"></trkpt>
      <trkpt lat="66.313923" lon="14.345100"></trkpt>
      <trkpt lat="66.313895" lon="14.345014"></trkpt>
      <trkpt lat="66.313856" lon="14.344877"></trkpt>
      <trkpt lat="66.313820" lon="14.344685"></trkpt>
      <trkpt lat="66.313809" lon="14.344578"></trkpt>
      <trkpt lat="66.313801" lon="14.344484"></trkpt>
      <trkpt lat="66.313797" lon="14.344387"></trkpt>
      <trkpt lat="66.313796" lon="14.343906"></trkpt>
      <trkpt lat="66.313782" lon="14.343337"></trkpt>
      <trkpt lat="66.313761" lon="14.342788"></trkpt>
      <trkpt lat="66.313716" lon="14.341844"></trkpt>
      <trkpt lat="66.313703" lon="14.341473"></trkpt>
      <trkpt lat="66.313686" lon="14.341161"></trkpt>
      <trkpt lat="66.313668" lon="14.340963"></trkpt>
      <trkpt lat="66.313654" lon="14.340852"></trkpt>
      <trkpt lat="66.313620" lon="14.340686"></trkpt>
      <trkpt lat="66.313583" lon="14.340556"></trkpt>
      <trkpt lat="66.313533" lon="14.340413"></trkpt>
      <trkpt lat="66.313479" lon="14.340302"></trkpt>
      <trkpt lat="66.313430" lon="14.340230"></trkpt>
      <trkpt lat="66.313389" lon="14.340182"></trkpt>
      <trkpt lat="66.313175" lon="14.339960"></trkpt>
      <trkpt lat="66.313116" lon="14.339904"></trkpt>
      <trkpt lat="66.313048" lon="14.339852"></trkpt>
      <trkpt lat="66.313019" lon="14.339837"></trkpt>
      <trkpt lat="66.313062" lon="14.338510"></trkpt>
      <trkpt lat="66.313070" lon="14.338005"></trkpt>
      <trkpt lat="66.313069" lon="14.337797"></trkpt>
      <trkpt lat="66.313055" lon="14.337242"></trkpt>
      <trkpt lat="66.313027" lon="14.336778"></trkpt>
      <trkpt lat="66.313006" lon="14.336517"></trkpt>
      <trkpt lat="66.312951" lon="14.336007"></trkpt>
      <trkpt lat="66.312891" lon="14.335558"></trkpt>
      <trkpt lat="66.312822" lon="14.335146"></trkpt>
      <trkpt lat="66.312734" lon="14.334727"></trkpt>
      <trkpt lat="66.312673" lon="14.334459"></trkpt>
      <trkpt lat="66.312564" lon="14.334033"></trkpt>
      <trkpt lat="66.312036" lon="14.332044"></trkpt>
      <trkpt lat="66.311909" lon="14.331546"></trkpt>
      <trkpt lat="66.311834" lon="14.331212"></trkpt>
      <trkpt lat="66.311763" lon="14.330833"></trkpt>
      <trkpt lat="66.311724" lon="14.330598"></trkpt>
      <trkpt lat="66.311667" lon="14.330211"></trkpt>
      <trkpt lat="66.311622" lon="14.329831"></trkpt>
      <trkpt lat="66.311605" lon="14.329641"></trkpt>
      <trkpt lat="66.311585" lon="14.329395"></trkpt>
      <trkpt lat="66.311562" lon="14.328921"></trkpt>
      <trkpt lat="66.311557" lon="14.328758"></trkpt>
      <trkpt lat="66.311556" lon="14.328364"></trkpt>
      <trkpt lat="66.311558" lon="14.328173"></trkpt>
      <trkpt lat="66.311566" lon="14.327891"></trkpt>
      <trkpt lat="66.311590" lon="14.327505"></trkpt>
      <trkpt lat="66.311623" lon="14.327120"></trkpt>
      <trkpt lat="66.311683" lon="14.326560"></trkpt>
      <trkpt lat="66.311826" lon="14.325381"></trkpt>
      <trkpt lat="66.312508" lon="14.319866"></trkpt>
      <trkpt lat="66.312795" lon="14.317567"></trkpt>
      <trkpt lat="66.312965" lon="14.316166"></trkpt>
      <trkpt lat="66.313038" lon="14.315532"></trkpt>
      <trkpt lat="66.313105" lon="14.314793"></trkpt>
      <trkpt lat="66.313133" lon="14.314468"></trkpt>
      <trkpt lat="66.313155" lon="14.314176"></trkpt>
      <trkpt lat="66.313189" lon="14.313640"></trkpt>
      <trkpt lat="66.313214" lon="14.313125"></trkpt>
      <trkpt lat="66.313234" lon="14.312584"></trkpt>
      <trkpt lat="66.313249" lon="14.311907"></trkpt>
      <trkpt lat="66.313257" lon="14.310915"></trkpt>
      <trkpt lat="66.313261" lon="14.310033"></trkpt>
      <trkpt lat="66.313275" lon="14.302069"></trkpt>
      <trkpt lat="66.313277" lon="14.299383"></trkpt>
      <trkpt lat="66.313274" lon="14.298819"></trkpt>
      <trkpt lat="66.313265" lon="14.298038"></trkpt>
      <trkpt lat="66.313242" lon="14.296943"></trkpt>
      <trkpt lat="66.313207" lon="14.295849"></trkpt>
      <trkpt lat="66.313133" lon="14.293949"></trkpt>
      <trkpt lat="66.313106" lon="14.293259"></trkpt>
      <trkpt lat="66.313095" lon="14.292892"></trkpt>
      <trkpt lat="66.313091" lon="14.292622"></trkpt>
      <trkpt lat="66.313091" lon="14.292372"></trkpt>
      <trkpt lat="66.313094" lon="14.292248"></trkpt>
      <trkpt lat="66.313106" lon="14.291948"></trkpt>
      <trkpt lat="66.313131" lon="14.291605"></trkpt>
      <trkpt lat="66.313175" lon="14.291174"></trkpt>
      <trkpt lat="66.313231" lon="14.290783"></trkpt>
      <trkpt lat="66.313255" lon="14.290639"></trkpt>
      <trkpt lat="66.313309" lon="14.290353"></trkpt>
      <trkpt lat="66.313358" lon="14.290116"></trkpt>
      <trkpt lat="66.313484" lon="14.289618"></trkpt>
      <trkpt lat="66.313714" lon="14.288791"></trkpt>
      <trkpt lat="66.314399" lon="14.286386"></trkpt>
      <trkpt lat="66.314499" lon="14.285979"></trkpt>
      <trkpt lat="66.314597" lon="14.285484"></trkpt>
      <trkpt lat="66.314666" lon="14.285051"></trkpt>
      <trkpt lat="66.314700" lon="14.284783"></trkpt>
      <trkpt lat="66.314730" lon="14.284504"></trkpt>
      <trkpt lat="66.314767" lon="14.284080"></trkpt>
      <trkpt lat="66.314777" lon="14.283914"></trkpt>
      <trkpt lat="66.314791" lon="14.283586"></trkpt>
      <trkpt lat="66.314796" lon="14.283136"></trkpt>
      <trkpt lat="66.314788" lon="14.282634"></trkpt>
      <trkpt lat="66.314761" lon="14.281389"></trkpt>
      <trkpt lat="66.314748" lon="14.280576"></trkpt>
      <trkpt lat="66.314745" lon="14.279707"></trkpt>
      <trkpt lat="66.314749" lon="14.279052"></trkpt>
      <trkpt lat="66.314755" lon="14.278733"></trkpt>
      <trkpt lat="66.315055" lon="14.267023"></trkpt>
      <trkpt lat="66.315066" lon="14.266498"></trkpt>
      <trkpt lat="66.315069" lon="14.266026"></trkpt>
      <trkpt lat="66.315053" lon="14.265509"></trkpt>
      <trkpt lat="66.315028" lon="14.264899"></trkpt>
      <trkpt lat="66.314987" lon="14.264261"></trkpt>
      <trkpt lat="66.314939" lon="14.263675"></trkpt>
      <trkpt lat="66.314753" lon="14.261635"></trkpt>
      <trkpt lat="66.314683" lon="14.260788"></trkpt>
      <trkpt lat="66.314636" lon="14.260141"></trkpt>
      <trkpt lat="66.314587" lon="14.259347"></trkpt>
      <trkpt lat="66.314518" lon="14.258083"></trkpt>
      <trkpt lat="66.314490" lon="14.257426"></trkpt>
      <trkpt lat="66.314456" lon="14.256384"></trkpt>
      <trkpt lat="66.314427" lon="14.255148"></trkpt>
      <trkpt lat="66.314408" lon="14.253768"></trkpt>
      <trkpt lat="66.314391" lon="14.252896"></trkpt>
      <trkpt lat="66.314378" lon="14.252405"></trkpt>
      <trkpt lat="66.314356" lon="14.251837"></trkpt>
      <trkpt lat="66.314327" lon="14.251324"></trkpt>
      <trkpt lat="66.314295" lon="14.250836"></trkpt>
      <trkpt lat="66.314116" lon="14.248480"></trkpt>
      <trkpt lat="66.314074" lon="14.247911"></trkpt>
      <trkpt lat="66.314048" lon="14.247515"></trkpt>
      <trkpt lat="66.314032" lon="14.247130"></trkpt>
      <trkpt lat="66.314023" lon="14.246741"></trkpt>
      <trkpt lat="66.314023" lon="14.246370"></trkpt>
      <trkpt lat="66.314034" lon="14.246025"></trkpt>
      <trkpt lat="66.314049" lon="14.245737"></trkpt>
      <trkpt lat="66.314066" lon="14.245492"></trkpt>
      <trkpt lat="66.314098" lon="14.245120"></trkpt>
      <trkpt lat="66.314110" lon="14.244995"></trkpt>
      <trkpt lat="66.314172" lon="14.244474"></trkpt>
      <trkpt lat="66.314312" lon="14.243408"></trkpt>
      <trkpt lat="66.314364" lon="14.242981"></trkpt>
      <trkpt lat="66.314408" lon="14.242585"></trkpt>
      <trkpt lat="66.314462" lon="14.242022"></trkpt>
      <trkpt lat="66.314469" lon="14.241943"></trkpt>
      <trkpt lat="66.314530" lon="14.241166"></trkpt>
      <trkpt lat="66.314634" lon="14.239732"></trkpt>
      <trkpt lat="66.314659" lon="14.239432"></trkpt>
      <trkpt lat="66.314691" lon="14.239076"></trkpt>
      <trkpt lat="66.314740" lon="14.238636"></trkpt>
      <trkpt lat="66.314796" lon="14.238171"></trkpt>
      <trkpt lat="66.314839" lon="14.237851"></trkpt>
      <trkpt lat="66.314916" lon="14.237352"></trkpt>
      <trkpt lat="66.314973" lon="14.237036"></trkpt>
      <trkpt lat="66.315039" lon="14.236696"></trkpt>
      <trkpt lat="66.315136" lon="14.236221"></trkpt>
      <trkpt lat="66.315251" lon="14.235704"></trkpt>
      <trkpt lat="66.315446" lon="14.234909"></trkpt>
      <trkpt lat="66.315532" lon="14.234594"></trkpt>
      <trkpt lat="66.316179" lon="14.232316"></trkpt>
      <trkpt lat="66.316243" lon="14.232082"></trkpt>
      <trkpt lat="66.316406" lon="14.231457"></trkpt>
      <trkpt lat="66.316475" lon="14.231160"></trkpt>
      <trkpt lat="66.316552" lon="14.230791"></trkpt>
      <trkpt lat="66.316586" lon="14.230602"></trkpt>
      <trkpt lat="66.316628" lon="14.230343"></trkpt>
      <trkpt lat="66.316681" lon="14.229959"></trkpt>
      <trkpt lat="66.316724" lon="14.229555"></trkpt>
      <trkpt lat="66.316747" lon="14.229262"></trkpt>
      <trkpt lat="66.316765" lon="14.228967"></trkpt>
      <trkpt lat="66.316776" lon="14.228724"></trkpt>
      <trkpt lat="66.316784" lon="14.228422"></trkpt>
      <trkpt lat="66.316785" lon="14.227829"></trkpt>
      <trkpt lat="66.316785" lon="14.227363"></trkpt>
      <trkpt lat="66.316788" lon="14.227070"></trkpt>
      <trkpt lat="66.316792" lon="14.226688"></trkpt>
      <trkpt lat="66.316795" lon="14.226574"></trkpt>
      <trkpt lat="66.316805" lon="14.226058"></trkpt>
      <trkpt lat="66.316845" lon="14.225288"></trkpt>
      <trkpt lat="66.316857" lon="14.225046"></trkpt>
      <trkpt lat="66.316939" lon="14.224039"></trkpt>
      <trkpt lat="66.316977" lon="14.223629"></trkpt>
      <trkpt lat="66.317077" lon="14.222725"></trkpt>
      <trkpt lat="66.317084" lon="14.222661"></trkpt>
      <trkpt lat="66.317185" lon="14.222095"></trkpt>
      <trkpt lat="66.317229" lon="14.221919"></trkpt>
      <trkpt lat="66.317337" lon="14.221535"></trkpt>
      <trkpt lat="66.317402" lon="14.221328"></trkpt>
      <trkpt lat="66.317480" lon="14.221096"></trkpt>
      <trkpt lat="66.317542" lon="14.220932"></trkpt>
      <trkpt lat="66.317566" lon="14.220865"></trkpt>
      <trkpt lat="66.317711" lon="14.220511"></trkpt>
      <trkpt lat="66.317795" lon="14.220319"></trkpt>
      <trkpt lat="66.317878" lon="14.220138"></trkpt>
      <trkpt lat="66.318087" lon="14.219738"></trkpt>
      <trkpt lat="66.318148" lon="14.219619"></trkpt>
      <trkpt lat="66.318280" lon="14.219406"></trkpt>
      <trkpt lat="66.318410" lon="14.219211"></trkpt>
      <trkpt lat="66.318573" lon="14.218987"></trkpt>
      <trkpt lat="66.318852" lon="14.218619"></trkpt>
      <trkpt lat="66.318991" lon="14.218407"></trkpt>
      <trkpt lat="66.319068" lon="14.218278"></trkpt>
      <trkpt lat="66.319201" lon="14.218028"></trkpt>
      <trkpt lat="66.319313" lon="14.217797"></trkpt>
      <trkpt lat="66.319440" lon="14.217516"></trkpt>
      <trkpt lat="66.319522" lon="14.217294"></trkpt>
      <trkpt lat="66.319575" lon="14.217128"></trkpt>
      <trkpt lat="66.319642" lon="14.216909"></trkpt>
      <trkpt lat="66.319702" lon="14.216687"></trkpt>
      <trkpt lat="66.319755" lon="14.216483"></trkpt>
      <trkpt lat="66.319843" lon="14.216114"></trkpt>
      <trkpt lat="66.319908" lon="14.215798"></trkpt>
      <trkpt lat="66.319966" lon="14.215468"></trkpt>
      <trkpt lat="66.319997" lon="14.215268"></trkpt>
      <trkpt lat="66.320046" lon="14.214878"></trkpt>
      <trkpt lat="66.320085" lon="14.214481"></trkpt>
      <trkpt lat="66.320118" lon="14.213960"></trkpt>
      <trkpt lat="66.320207" lon="14.211943"></trkpt>
      <trkpt lat="66.320223" lon="14.211500"></trkpt>
      <trkpt lat="66.320248" lon="14.210664"></trkpt>
      <trkpt lat="66.320272" lon="14.209762"></trkpt>
      <trkpt lat="66.320296" lon="14.208826"></trkpt>
      <trkpt lat="66.320330" lon="14.207813"></trkpt>
      <trkpt lat="66.320382" lon="14.206717"></trkpt>
      <trkpt lat="66.320410" lon="14.206323"></trkpt>
      <trkpt lat="66.320442" lon="14.205912"></trkpt>
      <trkpt lat="66.320460" lon="14.205696"></trkpt>
      <trkpt lat="66.320503" lon="14.205204"></trkpt>
      <trkpt lat="66.320561" lon="14.204627"></trkpt>
      <trkpt lat="66.320638" lon="14.203978"></trkpt>
      <trkpt lat="66.320839" lon="14.202309"></trkpt>
      <trkpt lat="66.321050" lon="14.200354"></trkpt>
      <trkpt lat="66.321067" lon="14.200146"></trkpt>
      <trkpt lat="66.321082" lon="14.199893"></trkpt>
      <trkpt lat="66.321196" lon="14.198998"></trkpt>
      <trkpt lat="66.321244" lon="14.198677"></trkpt>
      <trkpt lat="66.321304" lon="14.198245"></trkpt>
      <trkpt lat="66.321421" lon="14.197310"></trkpt>
      <trkpt lat="66.321459" lon="14.197004"></trkpt>
      <trkpt lat="66.321483" lon="14.196805"></trkpt>
      <trkpt lat="66.321581" lon="14.196001"></trkpt>
      <trkpt lat="66.321779" lon="14.194393"></trkpt>
      <trkpt lat="66.321859" lon="14.193715"></trkpt>
      <trkpt lat="66.321896" lon="14.193360"></trkpt>
      <trkpt lat="66.321919" lon="14.193120"></trkpt>
      <trkpt lat="66.321957" lon="14.192660"></trkpt>
      <trkpt lat="66.321974" lon="14.192389"></trkpt>
      <trkpt lat="66.321978" lon="14.191937"></trkpt>
      <trkpt lat="66.321991" lon="14.191600"></trkpt>
      <trkpt lat="66.322002" lon="14.191042"></trkpt>
      <trkpt lat="66.322001" lon="14.190762"></trkpt>
      <trkpt lat="66.321999" lon="14.190495"></trkpt>
      <trkpt lat="66.321983" lon="14.189906"></trkpt>
      <trkpt lat="66.321954" lon="14.189320"></trkpt>
      <trkpt lat="66.321910" lon="14.188737"></trkpt>
      <trkpt lat="66.321847" lon="14.188112"></trkpt>
      <trkpt lat="66.321526" lon="14.185382"></trkpt>
      <trkpt lat="66.321426" lon="14.184399"></trkpt>
      <trkpt lat="66.321350" lon="14.183527"></trkpt>
      <trkpt lat="66.321288" lon="14.182647"></trkpt>
      <trkpt lat="66.321184" lon="14.180758"></trkpt>
      <trkpt lat="66.321142" lon="14.180175"></trkpt>
      <trkpt lat="66.321095" lon="14.179710"></trkpt>
      <trkpt lat="66.321036" lon="14.179255"></trkpt>
      <trkpt lat="66.320961" lon="14.178802"></trkpt>
      <trkpt lat="66.320859" lon="14.178281"></trkpt>
      <trkpt lat="66.320666" lon="14.177412"></trkpt>
      <trkpt lat="66.320479" lon="14.176592"></trkpt>
      <trkpt lat="66.320163" lon="14.175212"></trkpt>
      <trkpt lat="66.319939" lon="14.174194"></trkpt>
      <trkpt lat="66.319903" lon="14.174033"></trkpt>
      <trkpt lat="66.319877" lon="14.173895"></trkpt>
      <trkpt lat="66.319836" lon="14.173667"></trkpt>
      <trkpt lat="66.319812" lon="14.173468"></trkpt>
      <trkpt lat="66.319792" lon="14.173206"></trkpt>
      <trkpt lat="66.319788" lon="14.172967"></trkpt>
      <trkpt lat="66.319796" lon="14.172757"></trkpt>
      <trkpt lat="66.319814" lon="14.172558"></trkpt>
      <trkpt lat="66.319826" lon="14.172448"></trkpt>
      <trkpt lat="66.319924" lon="14.172136"></trkpt>
      <trkpt lat="66.319981" lon="14.171956"></trkpt>
      <trkpt lat="66.320044" lon="14.171817"></trkpt>
      <trkpt lat="66.320086" lon="14.171739"></trkpt>
      <trkpt lat="66.320140" lon="14.171644"></trkpt>
      <trkpt lat="66.320180" lon="14.171650"></trkpt>
      <trkpt lat="66.320218" lon="14.171631"></trkpt>
      <trkpt lat="66.320267" lon="14.171782"></trkpt>
      <trkpt lat="66.320305" lon="14.171913"></trkpt>
      <trkpt lat="66.320420" lon="14.172355"></trkpt>
      <trkpt lat="66.320458" lon="14.172454"></trkpt>
      <trkpt lat="66.320514" lon="14.172575"></trkpt>
      <trkpt lat="66.320541" lon="14.172654"></trkpt>
      <trkpt lat="66.320600" lon="14.172807"></trkpt>
      <trkpt lat="66.320663" lon="14.172943"></trkpt>
      <trkpt lat="66.320698" lon="14.173009"></trkpt>
      <trkpt lat="66.320811" lon="14.173194"></trkpt>
      <trkpt lat="66.320899" lon="14.173310"></trkpt>
      <trkpt lat="66.320995" lon="14.173412"></trkpt>
      <trkpt lat="66.321111" lon="14.173506"></trkpt>
      <trkpt lat="66.321222" lon="14.173580"></trkpt>
      <trkpt lat="66.321467" lon="14.173727"></trkpt>
      <trkpt lat="66.321562" lon="14.173778"></trkpt>
      <trkpt lat="66.321719" lon="14.173942"></trkpt>
      <trkpt lat="66.321744" lon="14.173967"></trkpt>
      <trkpt lat="66.321815" lon="14.174048"></trkpt>
      <trkpt lat="66.321879" lon="14.174131"></trkpt>
      <trkpt lat="66.321897" lon="14.174202"></trkpt>
      <trkpt lat="66.321914" lon="14.174238"></trkpt>
      <trkpt lat="66.321935" lon="14.174262"></trkpt>
      <trkpt lat="66.321957" lon="14.174273"></trkpt>
      <trkpt lat="66.321991" lon="14.174262"></trkpt>
      <trkpt lat="66.322011" lon="14.174238"></trkpt>
      <trkpt lat="66.322076" lon="14.174306"></trkpt>
      <trkpt lat="66.322183" lon="14.174349"></trkpt>
      <trkpt lat="66.322275" lon="14.174348"></trkpt>
      <trkpt lat="66.323512" lon="14.175238"></trkpt>
      <trkpt lat="66.323550" lon="14.175267"></trkpt>
      <trkpt lat="66.323591" lon="14.175301"></trkpt>
      <trkpt lat="66.323633" lon="14.175340"></trkpt>
      <trkpt lat="66.323761" lon="14.175640"></trkpt>
      <trkpt lat="66.323841" lon="14.175864"></trkpt>
      <trkpt lat="66.323898" lon="14.176066"></trkpt>
      <trkpt lat="66.323907" lon="14.176113"></trkpt>
      <trkpt lat="66.323910" lon="14.176393"></trkpt>
      <trkpt lat="66.323903" lon="14.176567"></trkpt>
      <trkpt lat="66.323902" lon="14.176731"></trkpt>
      <trkpt lat="66.323912" lon="14.177161"></trkpt>
      <trkpt lat="66.323892" lon="14.177620"></trkpt>
      <trkpt lat="66.323852" lon="14.178298"></trkpt>
      <trkpt lat="66.323819" lon="14.178905"></trkpt>
      <trkpt lat="66.323802" lon="14.179278"></trkpt>
      <trkpt lat="66.323788" lon="14.179653"></trkpt>
      <trkpt lat="66.323783" lon="14.179888"></trkpt>
      <trkpt lat="66.323782" lon="14.180232"></trkpt>
      <trkpt lat="66.323785" lon="14.180576"></trkpt>
      <trkpt lat="66.323798" lon="14.180977"></trkpt>
      <trkpt lat="66.323818" lon="14.181367"></trkpt>
      <trkpt lat="66.323838" lon="14.181647"></trkpt>
      <trkpt lat="66.323863" lon="14.181932"></trkpt>
      <trkpt lat="66.323908" lon="14.182345"></trkpt>
      <trkpt lat="66.324054" lon="14.183485"></trkpt>
      <trkpt lat="66.324177" lon="14.184399"></trkpt>
      <trkpt lat="66.324356" lon="14.185709"></trkpt>
      <trkpt lat="66.324607" lon="14.187471"></trkpt>
      <trkpt lat="66.324863" lon="14.189207"></trkpt>
      <trkpt lat="66.324908" lon="14.189498"></trkpt>
      <trkpt lat="66.324942" lon="14.189707"></trkpt>
      <trkpt lat="66.325038" lon="14.190308"></trkpt>
      <trkpt lat="66.325061" lon="14.190463"></trkpt>
      <trkpt lat="66.325071" lon="14.190554"></trkpt>
      <trkpt lat="66.325146" lon="14.191044"></trkpt>
      <trkpt lat="66.325540" lon="14.193520"></trkpt>
      <trkpt lat="66.325582" lon="14.193796"></trkpt>
      <trkpt lat="66.325623" lon="14.194121"></trkpt>
      <trkpt lat="66.325653" lon="14.194351"></trkpt>
      <trkpt lat="66.325769" lon="14.194270"></trkpt>
      <trkpt lat="66.325894" lon="14.194140"></trkpt>
      <trkpt lat="66.326043" lon="14.194089"></trkpt>
      <trkpt lat="66.326200" lon="14.194029"></trkpt>
      <trkpt lat="66.326273" lon="14.194050"></trkpt>
      <trkpt lat="66.326325" lon="14.194099"></trkpt>
      <trkpt lat="66.326391" lon="14.194240"></trkpt>
      <trkpt lat="66.326421" lon="14.194378"></trkpt>
      <trkpt lat="66.326452" lon="14.194639"></trkpt>
      <trkpt lat="66.326549" lon="14.195695"></trkpt>
      <trkpt lat="66.326588" lon="14.196200"></trkpt>
      <trkpt lat="66.326639" lon="14.196682"></trkpt>
      <trkpt lat="66.326657" lon="14.196968"></trkpt>
      <trkpt lat="66.326701" lon="14.197267"></trkpt>
      <trkpt lat="66.326735" lon="14.197653"></trkpt>
      <trkpt lat="66.326811" lon="14.198163"></trkpt>
      <trkpt lat="66.326804" lon="14.198179"></trkpt>
      <trkpt lat="66.326806" lon="14.198429"></trkpt>
      <trkpt lat="66.326834" lon="14.198567"></trkpt>
      <trkpt lat="66.326894" lon="14.198694"></trkpt>
      <trkpt lat="66.327140" lon="14.198965"></trkpt>
      <trkpt lat="66.327197" lon="14.199080"></trkpt>
      <trkpt lat="66.327256" lon="14.199261"></trkpt>
      <trkpt lat="66.327340" lon="14.199676"></trkpt>
      <trkpt lat="66.327441" lon="14.199918"></trkpt>
      <trkpt lat="66.327508" lon="14.200032"></trkpt>
      <trkpt lat="66.327785" lon="14.200461"></trkpt>
      <trkpt lat="66.327967" lon="14.200825"></trkpt>
      <trkpt lat="66.328004" lon="14.200788"></trkpt>
      <trkpt lat="66.328012" lon="14.200717"></trkpt>
      <trkpt lat="66.328011" lon="14.200554"></trkpt>
      <trkpt lat="66.327965" lon="14.200439"></trkpt>
      <trkpt lat="66.327856" lon="14.200253"></trkpt>
      <trkpt lat="66.327783" lon="14.200025"></trkpt>
      <trkpt lat="66.327759" lon="14.199861"></trkpt>
      <trkpt lat="66.327760" lon="14.199573"></trkpt>
      <trkpt lat="66.327767" lon="14.199528"></trkpt>
      <trkpt lat="66.327796" lon="14.199445"></trkpt>
      <trkpt lat="66.327851" lon="14.199356"></trkpt>
      <trkpt lat="66.327946" lon="14.199337"></trkpt>
      <trkpt lat="66.328025" lon="14.199359"></trkpt>
      <trkpt lat="66.328086" lon="14.199415"></trkpt>
      <trkpt lat="66.328279" lon="14.199732"></trkpt>
      <trkpt lat="66.328347" lon="14.199847"></trkpt>
      <trkpt lat="66.328369" lon="14.199864"></trkpt>
      <trkpt lat="66.328450" lon="14.199867"></trkpt>
      <trkpt lat="66.328537" lon="14.199827"></trkpt>
      <trkpt lat="66.328885" lon="14.199531"></trkpt>
      <trkpt lat="66.329275" lon="14.199255"></trkpt>
      <trkpt lat="66.329455" lon="14.199182"></trkpt>
      <trkpt lat="66.329608" lon="14.199133"></trkpt>
      <trkpt lat="66.329776" lon="14.199138"></trkpt>
      <trkpt lat="66.329984" lon="14.199193"></trkpt>
      <trkpt lat="66.330169" lon="14.199282"></trkpt>
      <trkpt lat="66.330268" lon="14.199370"></trkpt>
      <trkpt lat="66.330445" lon="14.199595"></trkpt>
      <trkpt lat="66.330646" lon="14.199905"></trkpt>
      <trkpt lat="66.330809" lon="14.200082"></trkpt>
      <trkpt lat="66.331155" lon="14.200434"></trkpt>
      <trkpt lat="66.331349" lon="14.200539"></trkpt>
      <trkpt lat="66.331504" lon="14.200655"></trkpt>
      <trkpt lat="66.331683" lon="14.200861"></trkpt>
      <trkpt lat="66.331847" lon="14.201142"></trkpt>
      <trkpt lat="66.331901" lon="14.201272"></trkpt>
      <trkpt lat="66.332006" lon="14.201784"></trkpt>
      <trkpt lat="66.332051" lon="14.202127"></trkpt>
      <trkpt lat="66.332114" lon="14.202466"></trkpt>
      <trkpt lat="66.332203" lon="14.202657"></trkpt>
      <trkpt lat="66.332271" lon="14.202655"></trkpt>
      <trkpt lat="66.332364" lon="14.202503"></trkpt>
      <trkpt lat="66.332409" lon="14.202276"></trkpt>
      <trkpt lat="66.332435" lon="14.202114"></trkpt>
      <trkpt lat="66.332604" lon="14.200789"></trkpt>
      <trkpt lat="66.332710" lon="14.200199"></trkpt>
      <trkpt lat="66.332753" lon="14.199999"></trkpt>
      <trkpt lat="66.332813" lon="14.199468"></trkpt>
      <trkpt lat="66.332845" lon="14.199340"></trkpt>
      <trkpt lat="66.332880" lon="14.199265"></trkpt>
      <trkpt lat="66.332911" lon="14.199239"></trkpt>
      <trkpt lat="66.332968" lon="14.199240"></trkpt>
      <trkpt lat="66.332998" lon="14.199270"></trkpt>
      <trkpt lat="66.333037" lon="14.199351"></trkpt>
      <trkpt lat="66.333098" lon="14.199588"></trkpt>
      <trkpt lat="66.333163" lon="14.199975"></trkpt>
      <trkpt lat="66.333291" lon="14.200323"></trkpt>
      <trkpt lat="66.333402" lon="14.200715"></trkpt>
      <trkpt lat="66.333477" lon="14.201117"></trkpt>
      <trkpt lat="66.333543" lon="14.201637"></trkpt>
      <trkpt lat="66.333566" lon="14.201741"></trkpt>
      <trkpt lat="66.333602" lon="14.201832"></trkpt>
      <trkpt lat="66.333646" lon="14.201819"></trkpt>
      <trkpt lat="66.333667" lon="14.201787"></trkpt>
      <trkpt lat="66.333710" lon="14.201627"></trkpt>
      <trkpt lat="66.333755" lon="14.201391"></trkpt>
      <trkpt lat="66.333849" lon="14.200625"></trkpt>
      <trkpt lat="66.333893" lon="14.200340"></trkpt>
      <trkpt lat="66.333906" lon="14.200237"></trkpt>
      <trkpt lat="66.333918" lon="14.200068"></trkpt>
      <trkpt lat="66.333984" lon="14.199120"></trkpt>
      <trkpt lat="66.334020" lon="14.198929"></trkpt>
      <trkpt lat="66.334076" lon="14.198751"></trkpt>
      <trkpt lat="66.334165" lon="14.198617"></trkpt>
      <trkpt lat="66.334247" lon="14.198594"></trkpt>
      <trkpt lat="66.334278" lon="14.198613"></trkpt>
      <trkpt lat="66.334344" lon="14.198763"></trkpt>
      <trkpt lat="66.334345" lon="14.198873"></trkpt>
      <trkpt lat="66.334326" lon="14.199475"></trkpt>
      <trkpt lat="66.334330" lon="14.199800"></trkpt>
      <trkpt lat="66.334336" lon="14.199976"></trkpt>
      <trkpt lat="66.334370" lon="14.200563"></trkpt>
      <trkpt lat="66.334379" lon="14.200832"></trkpt>
      <trkpt lat="66.334377" lon="14.201005"></trkpt>
      <trkpt lat="66.334349" lon="14.201708"></trkpt>
      <trkpt lat="66.334352" lon="14.202018"></trkpt>
      <trkpt lat="66.334365" lon="14.202164"></trkpt>
      <trkpt lat="66.334383" lon="14.202283"></trkpt>
      <trkpt lat="66.334401" lon="14.202349"></trkpt>
      <trkpt lat="66.334426" lon="14.202400"></trkpt>
      <trkpt lat="66.334462" lon="14.202430"></trkpt>
      <trkpt lat="66.334499" lon="14.202433"></trkpt>
      <trkpt lat="66.334526" lon="14.202404"></trkpt>
      <trkpt lat="66.334560" lon="14.202312"></trkpt>
      <trkpt lat="66.334589" lon="14.202175"></trkpt>
      <trkpt lat="66.334602" lon="14.202077"></trkpt>
      <trkpt lat="66.334641" lon="14.201695"></trkpt>
      <trkpt lat="66.334656" lon="14.201591"></trkpt>
      <trkpt lat="66.334681" lon="14.201502"></trkpt>
      <trkpt lat="66.334724" lon="14.201413"></trkpt>
      <trkpt lat="66.334855" lon="14.201226"></trkpt>
      <trkpt lat="66.334913" lon="14.201113"></trkpt>
      <trkpt lat="66.334991" lon="14.200909"></trkpt>
      <trkpt lat="66.335047" lon="14.200748"></trkpt>
      <trkpt lat="66.335092" lon="14.200671"></trkpt>
      <trkpt lat="66.335128" lon="14.200633"></trkpt>
      <trkpt lat="66.335168" lon="14.200609"></trkpt>
      <trkpt lat="66.335191" lon="14.200606"></trkpt>
      <trkpt lat="66.335220" lon="14.200633"></trkpt>
      <trkpt lat="66.335376" lon="14.200954"></trkpt>
      <trkpt lat="66.335421" lon="14.201002"></trkpt>
      <trkpt lat="66.335451" lon="14.201017"></trkpt>
      <trkpt lat="66.335485" lon="14.201017"></trkpt>
      <trkpt lat="66.335511" lon="14.200997"></trkpt>
      <trkpt lat="66.335537" lon="14.200946"></trkpt>
      <trkpt lat="66.335568" lon="14.200857"></trkpt>
      <trkpt lat="66.335600" lon="14.200705"></trkpt>
      <trkpt lat="66.335702" lon="14.199970"></trkpt>
      <trkpt lat="66.335719" lon="14.199815"></trkpt>
      <trkpt lat="66.335724" lon="14.199687"></trkpt>
      <trkpt lat="66.335712" lon="14.199156"></trkpt>
      <trkpt lat="66.335710" lon="14.198924"></trkpt>
      <trkpt lat="66.335765" lon="14.198250"></trkpt>
      <trkpt lat="66.335775" lon="14.197881"></trkpt>
      <trkpt lat="66.335785" lon="14.197183"></trkpt>
      <trkpt lat="66.335797" lon="14.196933"></trkpt>
      <trkpt lat="66.335803" lon="14.196498"></trkpt>
      <trkpt lat="66.335799" lon="14.195869"></trkpt>
      <trkpt lat="66.335812" lon="14.195422"></trkpt>
      <trkpt lat="66.335821" lon="14.194975"></trkpt>
      <trkpt lat="66.335819" lon="14.194748"></trkpt>
      <trkpt lat="66.335812" lon="14.194593"></trkpt>
      <trkpt lat="66.335825" lon="14.194456"></trkpt>
      <trkpt lat="66.335855" lon="14.194308"></trkpt>
      <trkpt lat="66.335920" lon="14.194024"></trkpt>
      <trkpt lat="66.335986" lon="14.193743"></trkpt>
      <trkpt lat="66.336059" lon="14.193451"></trkpt>
      <trkpt lat="66.336091" lon="14.193380"></trkpt>
      <trkpt lat="66.336118" lon="14.193339"></trkpt>
      <trkpt lat="66.336148" lon="14.193333"></trkpt>
      <trkpt lat="66.336169" lon="14.193342"></trkpt>
      <trkpt lat="66.336200" lon="14.193426"></trkpt>
      <trkpt lat="66.336232" lon="14.193664"></trkpt>
      <trkpt lat="66.336246" lon="14.193811"></trkpt>
      <trkpt lat="66.336257" lon="14.194213"></trkpt>
      <trkpt lat="66.336266" lon="14.194306"></trkpt>
      <trkpt lat="66.336287" lon="14.194368"></trkpt>
      <trkpt lat="66.336310" lon="14.194387"></trkpt>
      <trkpt lat="66.336358" lon="14.194390"></trkpt>
      <trkpt lat="66.336392" lon="14.194381"></trkpt>
      <trkpt lat="66.336410" lon="14.194358"></trkpt>
      <trkpt lat="66.336437" lon="14.194298"></trkpt>
      <trkpt lat="66.336464" lon="14.194194"></trkpt>
      <trkpt lat="66.336500" lon="14.193875"></trkpt>
      <trkpt lat="66.336532" lon="14.193646"></trkpt>
      <trkpt lat="66.336572" lon="14.193444"></trkpt>
      <trkpt lat="66.336615" lon="14.193295"></trkpt>
      <trkpt lat="66.336688" lon="14.193096"></trkpt>
      <trkpt lat="66.336827" lon="14.192787"></trkpt>
      <trkpt lat="66.336907" lon="14.192597"></trkpt>
      <trkpt lat="66.336983" lon="14.192404"></trkpt>
      <trkpt lat="66.337135" lon="14.191892"></trkpt>
      <trkpt lat="66.337165" lon="14.191827"></trkpt>
      <trkpt lat="66.337227" lon="14.191780"></trkpt>
      <trkpt lat="66.337288" lon="14.191795"></trkpt>
      <trkpt lat="66.337319" lon="14.191831"></trkpt>
      <trkpt lat="66.337343" lon="14.191891"></trkpt>
      <trkpt lat="66.337369" lon="14.191975"></trkpt>
      <trkpt lat="66.337424" lon="14.192238"></trkpt>
      <trkpt lat="66.337461" lon="14.192456"></trkpt>
      <trkpt lat="66.337501" lon="14.192637"></trkpt>
      <trkpt lat="66.337561" lon="14.192916"></trkpt>
      <trkpt lat="66.337629" lon="14.193323"></trkpt>
      <trkpt lat="66.337646" lon="14.193695"></trkpt>
      <trkpt lat="66.337639" lon="14.194233"></trkpt>
      <trkpt lat="66.337613" lon="14.194505"></trkpt>
      <trkpt lat="66.337582" lon="14.194845"></trkpt>
      <trkpt lat="66.337578" lon="14.195041"></trkpt>
      <trkpt lat="66.337591" lon="14.195316"></trkpt>
      <trkpt lat="66.337612" lon="14.195522"></trkpt>
      <trkpt lat="66.337633" lon="14.195671"></trkpt>
      <trkpt lat="66.337764" lon="14.196277"></trkpt>
      <trkpt lat="66.337811" lon="14.196573"></trkpt>
      <trkpt lat="66.337845" lon="14.196984"></trkpt>
      <trkpt lat="66.337883" lon="14.197593"></trkpt>
      <trkpt lat="66.337891" lon="14.197822"></trkpt>
      <trkpt lat="66.337887" lon="14.198097"></trkpt>
      <trkpt lat="66.337862" lon="14.198317"></trkpt>
      <trkpt lat="66.337836" lon="14.198433"></trkpt>
      <trkpt lat="66.337773" lon="14.198617"></trkpt>
      <trkpt lat="66.337650" lon="14.198941"></trkpt>
      <trkpt lat="66.337591" lon="14.199117"></trkpt>
      <trkpt lat="66.337550" lon="14.199352"></trkpt>
      <trkpt lat="66.337531" lon="14.199551"></trkpt>
      <trkpt lat="66.337535" lon="14.199727"></trkpt>
      <trkpt lat="66.337567" lon="14.200595"></trkpt>
      <trkpt lat="66.337573" lon="14.200855"></trkpt>
      <trkpt lat="66.337569" lon="14.201090"></trkpt>
      <trkpt lat="66.337546" lon="14.201367"></trkpt>
      <trkpt lat="66.337511" lon="14.201566"></trkpt>
      <trkpt lat="66.337496" lon="14.201697"></trkpt>
      <trkpt lat="66.337498" lon="14.201826"></trkpt>
      <trkpt lat="66.337517" lon="14.201999"></trkpt>
      <trkpt lat="66.337580" lon="14.202360"></trkpt>
      <trkpt lat="66.337634" lon="14.202637"></trkpt>
      <trkpt lat="66.337661" lon="14.202855"></trkpt>
      <trkpt lat="66.337672" lon="14.202980"></trkpt>
      <trkpt lat="66.337673" lon="14.203132"></trkpt>
      <trkpt lat="66.337663" lon="14.203260"></trkpt>
      <trkpt lat="66.337648" lon="14.203353"></trkpt>
      <trkpt lat="66.337626" lon="14.203433"></trkpt>
      <trkpt lat="66.337593" lon="14.203510"></trkpt>
      <trkpt lat="66.337561" lon="14.203564"></trkpt>
      <trkpt lat="66.337518" lon="14.203608"></trkpt>
      <trkpt lat="66.337471" lon="14.203634"></trkpt>
      <trkpt lat="66.337399" lon="14.203652"></trkpt>
      <trkpt lat="66.337283" lon="14.203657"></trkpt>
      <trkpt lat="66.337216" lon="14.203680"></trkpt>
      <trkpt lat="66.337177" lon="14.203721"></trkpt>
      <trkpt lat="66.337110" lon="14.203843"></trkpt>
      <trkpt lat="66.336929" lon="14.204244"></trkpt>
      <trkpt lat="66.336907" lon="14.204336"></trkpt>
      <trkpt lat="66.336890" lon="14.204553"></trkpt>
      <trkpt lat="66.336870" lon="14.205066"></trkpt>
      <trkpt lat="66.336867" lon="14.205257"></trkpt>
      <trkpt lat="66.336921" lon="14.206029"></trkpt>
      <trkpt lat="66.336944" lon="14.206292"></trkpt>
      <trkpt lat="66.336955" lon="14.206504"></trkpt>
      <trkpt lat="66.336964" lon="14.206688"></trkpt>
      <trkpt lat="66.336963" lon="14.206858"></trkpt>
      <trkpt lat="66.336957" lon="14.207082"></trkpt>
      <trkpt lat="66.336835" lon="14.208512"></trkpt>
      <trkpt lat="66.336799" lon="14.208881"></trkpt>
      <trkpt lat="66.336766" lon="14.209307"></trkpt>
      <trkpt lat="66.336735" lon="14.209560"></trkpt>
      <trkpt lat="66.336733" lon="14.209804"></trkpt>
    </trkseg>
  </trk>
</gpx>