<?xml version="1.0" encoding="UTF-8"?>
<gpx version="1.1" creator="Rana Sykkelklubb - https://ranasykkelklubb.no" xmlns="http://www.topografix.com/GPX/1/1" xmlns:xsi="http://www.w3.org/2001/XMLSchema-instance" xsi:schemaLocation="http://www.topografix.com/GPX/1/1 http://www.topografix.com/GPX/1/1/gpx.xsd">
  <metadata>
    <name>Plurdalen og Langvatnet</name>
    <desc>Plurdalen og Langvatnet</desc>
    <author>
      <name>Rana Sykkelklubb</name>
    </author>
  </metadata>
  <wpt lat="66.312500" lon="14.142800">
    <name>Start: Mo i Rana</name>
    <desc>Ut mot Gruben og Plurdalsveien.</desc>
  </wpt>
  <wpt lat="66.381000" lon="14.620000">
    <name>Pluragrotta</name>
    <desc>Verdenskjent grotteområde med spektakulær geologi.</desc>
  </wpt>
  <wpt lat="66.365000" lon="14.380000">
    <name>Langvatnet</name>
    <desc>Flott rasteplass ved vannet.</desc>
  </wpt>
  <trk>
    <name>Plurdalen og Langvatnet</name>
    <trkseg>
      <trkpt lat="66.312580" lon="14.142741"></trkpt>
      <trkpt lat="66.312747" lon="14.142851"></trkpt>
      <trkpt lat="66.312960" lon="14.142966"></trkpt>
      <trkpt lat="66.312913" lon="14.143550"></trkpt>
      <trkpt lat="66.312861" lon="14.144132"></trkpt>
      <trkpt lat="66.312828" lon="14.144449"></trkpt>
      <trkpt lat="66.312797" lon="14.144660"></trkpt>
      <trkpt lat="66.312756" lon="14.144913"></trkpt>
      <trkpt lat="66.312667" lon="14.145373"></trkpt>
      <trkpt lat="66.312554" lon="14.145963"></trkpt>
      <trkpt lat="66.312504" lon="14.146319"></trkpt>
      <trkpt lat="66.312474" lon="14.146593"></trkpt>
      <trkpt lat="66.312418" lon="14.147225"></trkpt>
      <trkpt lat="66.312356" lon="14.147503"></trkpt>
      <trkpt lat="66.312285" lon="14.147691"></trkpt>
      <trkpt lat="66.312219" lon="14.147964"></trkpt>
      <trkpt lat="66.312209" lon="14.148092"></trkpt>
      <trkpt lat="66.312220" lon="14.148334"></trkpt>
      <trkpt lat="66.312303" lon="14.148722"></trkpt>
      <trkpt lat="66.312303" lon="14.148809"></trkpt>
      <trkpt lat="66.312393" lon="14.149204"></trkpt>
      <trkpt lat="66.312494" lon="14.149676"></trkpt>
      <trkpt lat="66.312730" lon="14.150648"></trkpt>
      <trkpt lat="66.312757" lon="14.150720"></trkpt>
      <trkpt lat="66.312788" lon="14.150801"></trkpt>
      <trkpt lat="66.312855" lon="14.150955"></trkpt>
      <trkpt lat="66.312970" lon="14.151158"></trkpt>
      <trkpt lat="66.313108" lon="14.151400"></trkpt>
      <trkpt lat="66.314368" lon="14.153505"></trkpt>
      <trkpt lat="66.314627" lon="14.153983"></trkpt>
      <trkpt lat="66.314792" lon="14.154310"></trkpt>
      <trkpt lat="66.314857" lon="14.154441"></trkpt>
      <trkpt lat="66.314944" lon="14.154618"></trkpt>
      <trkpt lat="66.315273" lon="14.155251"></trkpt>
      <trkpt lat="66.315542" lon="14.155738"></trkpt>
      <trkpt lat="66.315584" lon="14.155898"></trkpt>
      <trkpt lat="66.315620" lon="14.156032"></trkpt>
      <trkpt lat="66.315654" lon="14.156271"></trkpt>
      <trkpt lat="66.315641" lon="14.156352"></trkpt>
      <trkpt lat="66.315640" lon="14.156439"></trkpt>
      <trkpt lat="66.315654" lon="14.156522"></trkpt>
      <trkpt lat="66.315679" lon="14.156584"></trkpt>
      <trkpt lat="66.315667" lon="14.156718"></trkpt>
      <trkpt lat="66.315660" lon="14.156841"></trkpt>
      <trkpt lat="66.315632" lon="14.156995"></trkpt>
      <trkpt lat="66.315603" lon="14.157177"></trkpt>
      <trkpt lat="66.315593" lon="14.157200"></trkpt>
      <trkpt lat="66.315557" lon="14.157281"></trkpt>
      <trkpt lat="66.315312" lon="14.157691"></trkpt>
      <trkpt lat="66.315200" lon="14.157922"></trkpt>
      <trkpt lat="66.315093" lon="14.158207"></trkpt>
      <trkpt lat="66.314996" lon="14.158607"></trkpt>
      <trkpt lat="66.314937" lon="14.158915"></trkpt>
      <trkpt lat="66.314900" lon="14.159059"></trkpt>
      <trkpt lat="66.314849" lon="14.159192"></trkpt>
      <trkpt lat="66.314741" lon="14.159348"></trkpt>
      <trkpt lat="66.314684" lon="14.159423"></trkpt>
      <trkpt lat="66.314637" lon="14.159470"></trkpt>
      <trkpt lat="66.314586" lon="14.159498"></trkpt>
      <trkpt lat="66.314498" lon="14.159512"></trkpt>
      <trkpt lat="66.314491" lon="14.159505"></trkpt>
      <trkpt lat="66.314464" lon="14.159497"></trkpt>
      <trkpt lat="66.314437" lon="14.159505"></trkpt>
      <trkpt lat="66.314401" lon="14.159551"></trkpt>
      <trkpt lat="66.314390" lon="14.159574"></trkpt>
      <trkpt lat="66.314374" lon="14.159625"></trkpt>
      <trkpt lat="66.314363" lon="14.159688"></trkpt>
      <trkpt lat="66.314358" lon="14.159755"></trkpt>
      <trkpt lat="66.314360" lon="14.159822"></trkpt>
      <trkpt lat="66.314369" lon="14.159887"></trkpt>
      <trkpt lat="66.314377" lon="14.159918"></trkpt>
      <trkpt lat="66.314394" lon="14.159966"></trkpt>
      <trkpt lat="66.314461" lon="14.160211"></trkpt>
      <trkpt lat="66.314475" lon="14.160302"></trkpt>
      <trkpt lat="66.314482" lon="14.160382"></trkpt>
      <trkpt lat="66.314492" lon="14.160611"></trkpt>
      <trkpt lat="66.314475" lon="14.161185"></trkpt>
      <trkpt lat="66.314460" lon="14.161362"></trkpt>
      <trkpt lat="66.314444" lon="14.161568"></trkpt>
      <trkpt lat="66.314425" lon="14.161817"></trkpt>
      <trkpt lat="66.314336" lon="14.162966"></trkpt>
      <trkpt lat="66.314316" lon="14.163409"></trkpt>
      <trkpt lat="66.314310" lon="14.163688"></trkpt>
      <trkpt lat="66.314313" lon="14.163953"></trkpt>
      <trkpt lat="66.314329" lon="14.164296"></trkpt>
      <trkpt lat="66.314360" lon="14.164634"></trkpt>
      <trkpt lat="66.314405" lon="14.164963"></trkpt>
      <trkpt lat="66.314463" lon="14.165273"></trkpt>
      <trkpt lat="66.314527" lon="14.165535"></trkpt>
      <trkpt lat="66.314616" lon="14.165851"></trkpt>
      <trkpt lat="66.314710" lon="14.166106"></trkpt>
      <trkpt lat="66.314813" lon="14.166335"></trkpt>
      <trkpt lat="66.314933" lon="14.166552"></trkpt>
      <trkpt lat="66.315079" lon="14.166772"></trkpt>
      <trkpt lat="66.315260" lon="14.166994"></trkpt>
      <trkpt lat="66.315469" lon="14.167212"></trkpt>
      <trkpt lat="66.315781" lon="14.167579"></trkpt>
      <trkpt lat="66.315824" lon="14.167621"></trkpt>
      <trkpt lat="66.315912" lon="14.167702"></trkpt>
      <trkpt lat="66.316174" lon="14.167951"></trkpt>
      <trkpt lat="66.316307" lon="14.168066"></trkpt>
      <trkpt lat="66.316370" lon="14.168111"></trkpt>
      <trkpt lat="66.316437" lon="14.168165"></trkpt>
      <trkpt lat="66.317339" lon="14.168889"></trkpt>
      <trkpt lat="66.317452" lon="14.168973"></trkpt>
      <trkpt lat="66.317693" lon="14.169083"></trkpt>
      <trkpt lat="66.317700" lon="14.169088"></trkpt>
      <trkpt lat="66.317759" lon="14.169118"></trkpt>
      <trkpt lat="66.317838" lon="14.169153"></trkpt>
      <trkpt lat="66.317983" lon="14.169180"></trkpt>
      <trkpt lat="66.318111" lon="14.169179"></trkpt>
      <trkpt lat="66.318466" lon="14.169122"></trkpt>
      <trkpt lat="66.318574" lon="14.169113"></trkpt>
      <trkpt lat="66.318716" lon="14.169122"></trkpt>
      <trkpt lat="66.318799" lon="14.169138"></trkpt>
      <trkpt lat="66.318921" lon="14.169200"></trkpt>
      <trkpt lat="66.319001" lon="14.169253"></trkpt>
      <trkpt lat="66.319097" lon="14.169332"></trkpt>
      <trkpt lat="66.319182" lon="14.169416"></trkpt>
      <trkpt lat="66.319322" lon="14.169660"></trkpt>
      <trkpt lat="66.319506" lon="14.169953"></trkpt>
      <trkpt lat="66.319598" lon="14.170126"></trkpt>
      <trkpt lat="66.319701" lon="14.170339"></trkpt>
      <trkpt lat="66.319833" lon="14.170643"></trkpt>
      <trkpt lat="66.319873" lon="14.170746"></trkpt>
      <trkpt lat="66.319913" lon="14.170864"></trkpt>
      <trkpt lat="66.319967" lon="14.171045"></trkpt>
      <trkpt lat="66.320012" lon="14.171257"></trkpt>
      <trkpt lat="66.320013" lon="14.171306"></trkpt>
      <trkpt lat="66.320017" lon="14.171355"></trkpt>
      <trkpt lat="66.320031" lon="14.171447"></trkpt>
      <trkpt lat="66.320055" lon="14.171526"></trkpt>
      <trkpt lat="66.320085" lon="14.171589"></trkpt>
      <trkpt lat="66.320102" lon="14.171613"></trkpt>
      <trkpt lat="66.320140" lon="14.171644"></trkpt>
      <trkpt lat="66.320180" lon="14.171650"></trkpt>
      <trkpt lat="66.320218" lon="14.171631"></trkpt>
      <trkpt lat="66.320267" lon="14.171782"></trkpt>
      <trkpt lat="66.320305" lon="14.171913"></trkpt>
      <trkpt lat="66.320420" lon="14.172355"></trkpt>
      <trkpt lat="66.320458" lon="14.172454"></trkpt>
      <trkpt lat="66.320514" lon="14.172575"></trkpt>
      <trkpt lat="66.320541" lon="14.172654"></trkpt>
      <trkpt lat="66.320600" lon="14.172807"></trkpt>
      <trkpt lat="66.320663" lon="14.172943"></trkpt>
      <trkpt lat="66.320698" lon="14.173009"></trkpt>
      <trkpt lat="66.320811" lon="14.173194"></trkpt>
      <trkpt lat="66.320899" lon="14.173310"></trkpt>
      <trkpt lat="66.320995" lon="14.173412"></trkpt>
      <trkpt lat="66.321111" lon="14.173506"></trkpt>
      <trkpt lat="66.321222" lon="14.173580"></trkpt>
      <trkpt lat="66.321467" lon="14.173727"></trkpt>
      <trkpt lat="66.321562" lon="14.173778"></trkpt>
      <trkpt lat="66.321719" lon="14.173942"></trkpt>
      <trkpt lat="66.321744" lon="14.173967"></trkpt>
      <trkpt lat="66.321815" lon="14.174048"></trkpt>
      <trkpt lat="66.321879" lon="14.174131"></trkpt>
      <trkpt lat="66.321897" lon="14.174202"></trkpt>
      <trkpt lat="66.321914" lon="14.174238"></trkpt>
      <trkpt lat="66.321935" lon="14.174262"></trkpt>
      <trkpt lat="66.321957" lon="14.174273"></trkpt>
      <trkpt lat="66.321991" lon="14.174262"></trkpt>
      <trkpt lat="66.322011" lon="14.174238"></trkpt>
      <trkpt lat="66.322076" lon="14.174306"></trkpt>
      <trkpt lat="66.322183" lon="14.174349"></trkpt>
      <trkpt lat="66.322275" lon="14.174348"></trkpt>
      <trkpt lat="66.323512" lon="14.175238"></trkpt>
      <trkpt lat="66.323550" lon="14.175267"></trkpt>
      <trkpt lat="66.323591" lon="14.175301"></trkpt>
      <trkpt lat="66.323633" lon="14.175340"></trkpt>
      <trkpt lat="66.323761" lon="14.175640"></trkpt>
      <trkpt lat="66.323841" lon="14.175864"></trkpt>
      <trkpt lat="66.323898" lon="14.176066"></trkpt>
      <trkpt lat="66.323907" lon="14.176113"></trkpt>
      <trkpt lat="66.323910" lon="14.176393"></trkpt>
      <trkpt lat="66.323903" lon="14.176567"></trkpt>
      <trkpt lat="66.323902" lon="14.176731"></trkpt>
      <trkpt lat="66.323912" lon="14.177161"></trkpt>
      <trkpt lat="66.323892" lon="14.177620"></trkpt>
      <trkpt lat="66.323852" lon="14.178298"></trkpt>
      <trkpt lat="66.323819" lon="14.178905"></trkpt>
      <trkpt lat="66.323802" lon="14.179278"></trkpt>
      <trkpt lat="66.323788" lon="14.179653"></trkpt>
      <trkpt lat="66.323783" lon="14.179888"></trkpt>
      <trkpt lat="66.323782" lon="14.180232"></trkpt>
      <trkpt lat="66.323785" lon="14.180576"></trkpt>
      <trkpt lat="66.323798" lon="14.180977"></trkpt>
      <trkpt lat="66.323818" lon="14.181367"></trkpt>
      <trkpt lat="66.323838" lon="14.181647"></trkpt>
      <trkpt lat="66.323863" lon="14.181932"></trkpt>
      <trkpt lat="66.323908" lon="14.182345"></trkpt>
      <trkpt lat="66.324054" lon="14.183485"></trkpt>
      <trkpt lat="66.324177" lon="14.184399"></trkpt>
      <trkpt lat="66.324356" lon="14.185709"></trkpt>
      <trkpt lat="66.324607" lon="14.187471"></trkpt>
      <trkpt lat="66.324863" lon="14.189207"></trkpt>
      <trkpt lat="66.324908" lon="14.189498"></trkpt>
      <trkpt lat="66.324942" lon="14.189707"></trkpt>
      <trkpt lat="66.325038" lon="14.190308"></trkpt>
      <trkpt lat="66.325061" lon="14.190463"></trkpt>
      <trkpt lat="66.325071" lon="14.190554"></trkpt>
      <trkpt lat="66.325146" lon="14.191044"></trkpt>
      <trkpt lat="66.325540" lon="14.193520"></trkpt>
      <trkpt lat="66.325582" lon="14.193796"></trkpt>
      <trkpt lat="66.325623" lon="14.194121"></trkpt>
      <trkpt lat="66.325653" lon="14.194351"></trkpt>
      <trkpt lat="66.325769" lon="14.194270"></trkpt>
      <trkpt lat="66.325894" lon="14.194140"></trkpt>
      <trkpt lat="66.326043" lon="14.194089"></trkpt>
      <trkpt lat="66.326200" lon="14.194029"></trkpt>
      <trkpt lat="66.326273" lon="14.194050"></trkpt>
      <trkpt lat="66.326325" lon="14.194099"></trkpt>
      <trkpt lat="66.326391" lon="14.194240"></trkpt>
      <trkpt lat="66.326421" lon="14.194378"></trkpt>
      <trkpt lat="66.326452" lon="14.194639"></trkpt>
      <trkpt lat="66.326549" lon="14.195695"></trkpt>
      <trkpt lat="66.326588" lon="14.196200"></trkpt>
      <trkpt lat="66.326639" lon="14.196682"></trkpt>
      <trkpt lat="66.326657" lon="14.196968"></trkpt>
      <trkpt lat="66.326701" lon="14.197267"></trkpt>
      <trkpt lat="66.326735" lon="14.197653"></trkpt>
      <trkpt lat="66.326811" lon="14.198163"></trkpt>
      <trkpt lat="66.326804" lon="14.198179"></trkpt>
      <trkpt lat="66.326806" lon="14.198429"></trkpt>
      <trkpt lat="66.326834" lon="14.198567"></trkpt>
      <trkpt lat="66.326894" lon="14.198694"></trkpt>
      <trkpt lat="66.327140" lon="14.198965"></trkpt>
      <trkpt lat="66.327197" lon="14.199080"></trkpt>
      <trkpt lat="66.327256" lon="14.199261"></trkpt>
      <trkpt lat="66.327340" lon="14.199676"></trkpt>
      <trkpt lat="66.327441" lon="14.199918"></trkpt>
      <trkpt lat="66.327508" lon="14.200032"></trkpt>
      <trkpt lat="66.327785" lon="14.200461"></trkpt>
      <trkpt lat="66.327967" lon="14.200825"></trkpt>
      <trkpt lat="66.328004" lon="14.200788"></trkpt>
      <trkpt lat="66.328012" lon="14.200717"></trkpt>
      <trkpt lat="66.328011" lon="14.200554"></trkpt>
      <trkpt lat="66.327965" lon="14.200439"></trkpt>
      <trkpt lat="66.327856" lon="14.200253"></trkpt>
      <trkpt lat="66.327783" lon="14.200025"></trkpt>
      <trkpt lat="66.327759" lon="14.199861"></trkpt>
      <trkpt lat="66.327760" lon="14.199573"></trkpt>
      <trkpt lat="66.327767" lon="14.199528"></trkpt>
      <trkpt lat="66.327796" lon="14.199445"></trkpt>
      <trkpt lat="66.327851" lon="14.199356"></trkpt>
      <trkpt lat="66.327946" lon="14.199337"></trkpt>
      <trkpt lat="66.328025" lon="14.199359"></trkpt>
      <trkpt lat="66.328086" lon="14.199415"></trkpt>
      <trkpt lat="66.328279" lon="14.199732"></trkpt>
      <trkpt lat="66.328347" lon="14.199847"></trkpt>
      <trkpt lat="66.328369" lon="14.199864"></trkpt>
      <trkpt lat="66.328450" lon="14.199867"></trkpt>
      <trkpt lat="66.328537" lon="14.199827"></trkpt>
      <trkpt lat="66.328885" lon="14.199531"></trkpt>
      <trkpt lat="66.329275" lon="14.199255"></trkpt>
      <trkpt lat="66.329455" lon="14.199182"></trkpt>
      <trkpt lat="66.329608" lon="14.199133"></trkpt>
      <trkpt lat="66.329776" lon="14.199138"></trkpt>
      <trkpt lat="66.329984" lon="14.199193"></trkpt>
      <trkpt lat="66.330169" lon="14.199282"></trkpt>
      <trkpt lat="66.330268" lon="14.199370"></trkpt>
      <trkpt lat="66.330445" lon="14.199595"></trkpt>
      <trkpt lat="66.330646" lon="14.199905"></trkpt>
      <trkpt lat="66.330809" lon="14.200082"></trkpt>
      <trkpt lat="66.331155" lon="14.200434"></trkpt>
      <trkpt lat="66.331349" lon="14.200539"></trkpt>
      <trkpt lat="66.331504" lon="14.200655"></trkpt>
      <trkpt lat="66.331683" lon="14.200861"></trkpt>
      <trkpt lat="66.331847" lon="14.201142"></trkpt>
      <trkpt lat="66.331901" lon="14.201272"></trkpt>
      <trkpt lat="66.332006" lon="14.201784"></trkpt>
      <trkpt lat="66.332051" lon="14.202127"></trkpt>
      <trkpt lat="66.332114" lon="14.202466"></trkpt>
      <trkpt lat="66.332203" lon="14.202657"></trkpt>
      <trkpt lat="66.332271" lon="14.202655"></trkpt>
      <trkpt lat="66.332364" lon="14.202503"></trkpt>
      <trkpt lat="66.332409" lon="14.202276"></trkpt>
      <trkpt lat="66.332435" lon="14.202114"></trkpt>
      <trkpt lat="66.332604" lon="14.200789"></trkpt>
      <trkpt lat="66.332710" lon="14.200199"></trkpt>
      <trkpt lat="66.332753" lon="14.199999"></trkpt>
      <trkpt lat="66.332813" lon="14.199468"></trkpt>
      <trkpt lat="66.332845" lon="14.199340"></trkpt>
      <trkpt lat="66.332880" lon="14.199265"></trkpt>
      <trkpt lat="66.332911" lon="14.199239"></trkpt>
      <trkpt lat="66.332968" lon="14.199240"></trkpt>
      <trkpt lat="66.332998" lon="14.199270"></trkpt>
      <trkpt lat="66.333037" lon="14.199351"></trkpt>
      <trkpt lat="66.333098" lon="14.199588"></trkpt>
      <trkpt lat="66.333163" lon="14.199975"></trkpt>
      <trkpt lat="66.333291" lon="14.200323"></trkpt>
      <trkpt lat="66.333402" lon="14.200715"></trkpt>
      <trkpt lat="66.333477" lon="14.201117"></trkpt>
      <trkpt lat="66.333543" lon="14.201637"></trkpt>
      <trkpt lat="66.333566" lon="14.201741"></trkpt>
      <trkpt lat="66.333602" lon="14.201832"></trkpt>
      <trkpt lat="66.333646" lon="14.201819"></trkpt>
      <trkpt lat="66.333667" lon="14.201787"></trkpt>
      <trkpt lat="66.333710" lon="14.201627"></trkpt>
      <trkpt lat="66.333755" lon="14.201391"></trkpt>
      <trkpt lat="66.333849" lon="14.200625"></trkpt>
      <trkpt lat="66.333893" lon="14.200340"></trkpt>
      <trkpt lat="66.333906" lon="14.200237"></trkpt>
      <trkpt lat="66.333918" lon="14.200068"></trkpt>
      <trkpt lat="66.333984" lon="14.199120"></trkpt>
      <trkpt lat="66.334020" lon="14.198929"></trkpt>
      <trkpt lat="66.334076" lon="14.198751"></trkpt>
      <trkpt lat="66.334165" lon="14.198617"></trkpt>
      <trkpt lat="66.334247" lon="14.198594"></trkpt>
      <trkpt lat="66.334278" lon="14.198613"></trkpt>
      <trkpt lat="66.334344" lon="14.198763"></trkpt>
      <trkpt lat="66.334345" lon="14.198873"></trkpt>
      <trkpt lat="66.334326" lon="14.199475"></trkpt>
      <trkpt lat="66.334330" lon="14.199800"></trkpt>
      <trkpt lat="66.334336" lon="14.199976"></trkpt>
      <trkpt lat="66.334370" lon="14.200563"></trkpt>
      <trkpt lat="66.334379" lon="14.200832"></trkpt>
      <trkpt lat="66.334377" lon="14.201005"></trkpt>
      <trkpt lat="66.334349" lon="14.201708"></trkpt>
      <trkpt lat="66.334352" lon="14.202018"></trkpt>
      <trkpt lat="66.334365" lon="14.202164"></trkpt>
      <trkpt lat="66.334383" lon="14.202283"></trkpt>
      <trkpt lat="66.334401" lon="14.202349"></trkpt>
      <trkpt lat="66.334426" lon="14.202400"></trkpt>
      <trkpt lat="66.334462" lon="14.202430"></trkpt>
      <trkpt lat="66.334499" lon="14.202433"></trkpt>
      <trkpt lat="66.334526" lon="14.202404"></trkpt>
      <trkpt lat="66.334560" lon="14.202312"></trkpt>
      <trkpt lat="66.334589" lon="14.202175"></trkpt>
      <trkpt lat="66.334602" lon="14.202077"></trkpt>
      <trkpt lat="66.334641" lon="14.201695"></trkpt>
      <trkpt lat="66.334656" lon="14.201591"></trkpt>
      <trkpt lat="66.334681" lon="14.201502"></trkpt>
      <trkpt lat="66.334724" lon="14.201413"></trkpt>
      <trkpt lat="66.334855" lon="14.201226"></trkpt>
      <trkpt lat="66.334913" lon="14.201113"></trkpt>
      <trkpt lat="66.334991" lon="14.200909"></trkpt>
      <trkpt lat="66.335047" lon="14.200748"></trkpt>
      <trkpt lat="66.335092" lon="14.200671"></trkpt>
      <trkpt lat="66.335128" lon="14.200633"></trkpt>
      <trkpt lat="66.335168" lon="14.200609"></trkpt>
      <trkpt lat="66.335191" lon="14.200606"></trkpt>
      <trkpt lat="66.335220" lon="14.200633"></trkpt>
      <trkpt lat="66.335376" lon="14.200954"></trkpt>
      <trkpt lat="66.335421" lon="14.201002"></trkpt>
      <trkpt lat="66.335451" lon="14.201017"></trkpt>
      <trkpt lat="66.335485" lon="14.201017"></trkpt>
      <trkpt lat="66.335511" lon="14.200997"></trkpt>
      <trkpt lat="66.335537" lon="14.200946"></trkpt>
      <trkpt lat="66.335568" lon="14.200857"></trkpt>
      <trkpt lat="66.335600" lon="14.200705"></trkpt>
      <trkpt lat="66.335702" lon="14.199970"></trkpt>
      <trkpt lat="66.335719" lon="14.199815"></trkpt>
      <trkpt lat="66.335724" lon="14.199687"></trkpt>
      <trkpt lat="66.335712" lon="14.199156"></trkpt>
      <trkpt lat="66.335710" lon="14.198924"></trkpt>
      <trkpt lat="66.335765" lon="14.198250"></trkpt>
      <trkpt lat="66.335775" lon="14.197881"></trkpt>
      <trkpt lat="66.335785" lon="14.197183"></trkpt>
      <trkpt lat="66.335797" lon="14.196933"></trkpt>
      <trkpt lat="66.335803" lon="14.196498"></trkpt>
      <trkpt lat="66.335799" lon="14.195869"></trkpt>
      <trkpt lat="66.335812" lon="14.195422"></trkpt>
      <trkpt lat="66.335821" lon="14.194975"></trkpt>
      <trkpt lat="66.335819" lon="14.194748"></trkpt>
      <trkpt lat="66.335812" lon="14.194593"></trkpt>
      <trkpt lat="66.335825" lon="14.194456"></trkpt>
      <trkpt lat="66.335855" lon="14.194308"></trkpt>
      <trkpt lat="66.335920" lon="14.194024"></trkpt>
      <trkpt lat="66.335986" lon="14.193743"></trkpt>
      <trkpt lat="66.336059" lon="14.193451"></trkpt>
      <trkpt lat="66.336091" lon="14.193380"></trkpt>
      <trkpt lat="66.336118" lon="14.193339"></trkpt>
      <trkpt lat="66.336148" lon="14.193333"></trkpt>
      <trkpt lat="66.336169" lon="14.193342"></trkpt>
      <trkpt lat="66.336200" lon="14.193426"></trkpt>
      <trkpt lat="66.336232" lon="14.193664"></trkpt>
      <trkpt lat="66.336246" lon="14.193811"></trkpt>
      <trkpt lat="66.336257" lon="14.194213"></trkpt>
      <trkpt lat="66.336266" lon="14.194306"></trkpt>
      <trkpt lat="66.336287" lon="14.194368"></trkpt>
      <trkpt lat="66.336310" lon="14.194387"></trkpt>
      <trkpt lat="66.336358" lon="14.194390"></trkpt>
      <trkpt lat="66.336392" lon="14.194381"></trkpt>
      <trkpt lat="66.336410" lon="14.194358"></trkpt>
      <trkpt lat="66.336437" lon="14.194298"></trkpt>
      <trkpt lat="66.336464" lon="14.194194"></trkpt>
      <trkpt lat="66.336500" lon="14.193875"></trkpt>
      <trkpt lat="66.336532" lon="14.193646"></trkpt>
      <trkpt lat="66.336572" lon="14.193444"></trkpt>
      <trkpt lat="66.336615" lon="14.193295"></trkpt>
      <trkpt lat="66.336688" lon="14.193096"></trkpt>
      <trkpt lat="66.336827" lon="14.192787"></trkpt>
      <trkpt lat="66.336907" lon="14.192597"></trkpt>
      <trkpt lat="66.336983" lon="14.192404"></trkpt>
      <trkpt lat="66.337135" lon="14.191892"></trkpt>
      <trkpt lat="66.337165" lon="14.191827"></trkpt>
      <trkpt lat="66.337227" lon="14.191780"></trkpt>
      <trkpt lat="66.337288" lon="14.191795"></trkpt>
      <trkpt lat="66.337319" lon="14.191831"></trkpt>
      <trkpt lat="66.337343" lon="14.191891"></trkpt>
      <trkpt lat="66.337369" lon="14.191975"></trkpt>
      <trkpt lat="66.337424" lon="14.192238"></trkpt>
      <trkpt lat="66.337461" lon="14.192456"></trkpt>
      <trkpt lat="66.337501" lon="14.192637"></trkpt>
      <trkpt lat="66.337561" lon="14.192916"></trkpt>
      <trkpt lat="66.337629" lon="14.193323"></trkpt>
      <trkpt lat="66.337646" lon="14.193695"></trkpt>
      <trkpt lat="66.337639" lon="14.194233"></trkpt>
      <trkpt lat="66.337613" lon="14.194505"></trkpt>
      <trkpt lat="66.337582" lon="14.194845"></trkpt>
      <trkpt lat="66.337578" lon="14.195041"></trkpt>
      <trkpt lat="66.337591" lon="14.195316"></trkpt>
      <trkpt lat="66.337612" lon="14.195522"></trkpt>
      <trkpt lat="66.337633" lon="14.195671"></trkpt>
      <trkpt lat="66.337764" lon="14.196277"></trkpt>
      <trkpt lat="66.337811" lon="14.196573"></trkpt>
      <trkpt lat="66.337845" lon="14.196984"></trkpt>
      <trkpt lat="66.337883" lon="14.197593"></trkpt>
      <trkpt lat="66.337891" lon="14.197822"></trkpt>
      <trkpt lat="66.337887" lon="14.198097"></trkpt>
      <trkpt lat="66.337862" lon="14.198317"></trkpt>
      <trkpt lat="66.337836" lon="14.198433"></trkpt>
      <trkpt lat="66.337773" lon="14.198617"></trkpt>
      <trkpt lat="66.337650" lon="14.198941"></trkpt>
      <trkpt lat="66.337591" lon="14.199117"></trkpt>
      <trkpt lat="66.337550" lon="14.199352"></trkpt>
      <trkpt lat="66.337531" lon="14.199551"></trkpt>
      <trkpt lat="66.337535" lon="14.199727"></trkpt>
      <trkpt lat="66.337567" lon="14.200595"></trkpt>
      <trkpt lat="66.337573" lon="14.200855"></trkpt>
      <trkpt lat="66.337569" lon="14.201090"></trkpt>
      <trkpt lat="66.337546" lon="14.201367"></trkpt>
      <trkpt lat="66.337511" lon="14.201566"></trkpt>
      <trkpt lat="66.337496" lon="14.201697"></trkpt>
      <trkpt lat="66.337498" lon="14.201826"></trkpt>
      <trkpt lat="66.337517" lon="14.201999"></trkpt>
      <trkpt lat="66.337580" lon="14.202360"></trkpt>
      <trkpt lat="66.337634" lon="14.202637"></trkpt>
      <trkpt lat="66.337661" lon="14.202855"></trkpt>
      <trkpt lat="66.337672" lon="14.202980"></trkpt>
      <trkpt lat="66.337673" lon="14.203132"></trkpt>
      <trkpt lat="66.337663" lon="14.203260"></trkpt>
      <trkpt lat="66.337648" lon="14.203353"></trkpt>
      <trkpt lat="66.337626" lon="14.203433"></trkpt>
      <trkpt lat="66.337593" lon="14.203510"></trkpt>
      <trkpt lat="66.337561" lon="14.203564"></trkpt>
      <trkpt lat="66.337518" lon="14.203608"></trkpt>
      <trkpt lat="66.337471" lon="14.203634"></trkpt>
      <trkpt lat="66.337399" lon="14.203652"></trkpt>
      <trkpt lat="66.337283" lon="14.203657"></trkpt>
      <trkpt lat="66.337216" lon="14.203680"></trkpt>
      <trkpt lat="66.337177" lon="14.203721"></trkpt>
      <trkpt lat="66.337110" lon="14.203843"></trkpt>
      <trkpt lat="66.336929" lon="14.204244"></trkpt>
      <trkpt lat="66.336907" lon="14.204336"></trkpt>
      <trkpt lat="66.336890" lon="14.204553"></trkpt>
      <trkpt lat="66.336870" lon="14.205066"></trkpt>
      <trkpt lat="66.336867" lon="14.205257"></trkpt>
      <trkpt lat="66.336921" lon="14.206029"></trkpt>
      <trkpt lat="66.336944" lon="14.206292"></trkpt>
      <trkpt lat="66.336955" lon="14.206504"></trkpt>
      <trkpt lat="66.336964" lon="14.206688"></trkpt>
      <trkpt lat="66.336963" lon="14.206858"></trkpt>
      <trkpt lat="66.336957" lon="14.207082"></trkpt>
      <trkpt lat="66.336835" lon="14.208512"></trkpt>
      <trkpt lat="66.336799" lon="14.208881"></trkpt>
      <trkpt lat="66.336766" lon="14.209307"></trkpt>
      <trkpt lat="66.336735" lon="14.209560"></trkpt>
      <trkpt lat="66.336733" lon="14.209804"></trkpt>
      <trkpt lat="66.336733" lon="14.209804"></trkpt>
      <trkpt lat="66.336756" lon="14.210091"></trkpt>
      <trkpt lat="66.336768" lon="14.210389"></trkpt>
      <trkpt lat="66.336799" lon="14.210702"></trkpt>
      <trkpt lat="66.336861" lon="14.211466"></trkpt>
      <trkpt lat="66.336932" lon="14.212683"></trkpt>
      <trkpt lat="66.336954" lon="14.213357"></trkpt>
      <trkpt lat="66.336944" lon="14.213485"></trkpt>
      <trkpt lat="66.336885" lon="14.213875"></trkpt>
      <trkpt lat="66.336878" lon="14.213982"></trkpt>
      <trkpt lat="66.336879" lon="14.214072"></trkpt>
      <trkpt lat="66.336892" lon="14.214343"></trkpt>
      <trkpt lat="66.336872" lon="14.215112"></trkpt>
      <trkpt lat="66.336850" lon="14.215559"></trkpt>
      <trkpt lat="66.336853" lon="14.215985"></trkpt>
      <trkpt lat="66.336891" lon="14.217032"></trkpt>
      <trkpt lat="66.336926" lon="14.217363"></trkpt>
      <trkpt lat="66.336973" lon="14.217647"></trkpt>
      <trkpt lat="66.337000" lon="14.217778"></trkpt>
      <trkpt lat="66.337057" lon="14.217955"></trkpt>
      <trkpt lat="66.337122" lon="14.218099"></trkpt>
      <trkpt lat="66.337200" lon="14.218245"></trkpt>
      <trkpt lat="66.337280" lon="14.218344"></trkpt>
      <trkpt lat="66.337354" lon="14.218411"></trkpt>
      <trkpt lat="66.337482" lon="14.218466"></trkpt>
      <trkpt lat="66.337637" lon="14.218500"></trkpt>
      <trkpt lat="66.337716" lon="14.218560"></trkpt>
      <trkpt lat="66.337859" lon="14.218702"></trkpt>
      <trkpt lat="66.337878" lon="14.218705"></trkpt>
      <trkpt lat="66.337905" lon="14.218687"></trkpt>
      <trkpt lat="66.337924" lon="14.218646"></trkpt>
      <trkpt lat="66.337946" lon="14.218571"></trkpt>
      <trkpt lat="66.338025" lon="14.218191"></trkpt>
      <trkpt lat="66.338042" lon="14.218084"></trkpt>
      <trkpt lat="66.338052" lon="14.217973"></trkpt>
      <trkpt lat="66.338065" lon="14.217628"></trkpt>
      <trkpt lat="66.338073" lon="14.217523"></trkpt>
      <trkpt lat="66.338138" lon="14.217235"></trkpt>
      <trkpt lat="66.338186" lon="14.217056"></trkpt>
      <trkpt lat="66.338259" lon="14.216887"></trkpt>
      <trkpt lat="66.338399" lon="14.216623"></trkpt>
      <trkpt lat="66.338428" lon="14.216555"></trkpt>
      <trkpt lat="66.338455" lon="14.216445"></trkpt>
      <trkpt lat="66.338487" lon="14.216105"></trkpt>
      <trkpt lat="66.338527" lon="14.215801"></trkpt>
      <trkpt lat="66.338552" lon="14.215659"></trkpt>
      <trkpt lat="66.338586" lon="14.215572"></trkpt>
      <trkpt lat="66.338619" lon="14.215522"></trkpt>
      <trkpt lat="66.338672" lon="14.215484"></trkpt>
      <trkpt lat="66.338772" lon="14.215476"></trkpt>
      <trkpt lat="66.338825" lon="14.215459"></trkpt>
      <trkpt lat="66.338865" lon="14.215417"></trkpt>
      <trkpt lat="66.338913" lon="14.215343"></trkpt>
      <trkpt lat="66.338956" lon="14.215266"></trkpt>
      <trkpt lat="66.339000" lon="14.215219"></trkpt>
      <trkpt lat="66.339099" lon="14.215163"></trkpt>
      <trkpt lat="66.339241" lon="14.215060"></trkpt>
      <trkpt lat="66.339275" lon="14.215003"></trkpt>
      <trkpt lat="66.339304" lon="14.214920"></trkpt>
      <trkpt lat="66.339333" lon="14.214691"></trkpt>
      <trkpt lat="66.339361" lon="14.214512"></trkpt>
      <trkpt lat="66.339388" lon="14.214396"></trkpt>
      <trkpt lat="66.339412" lon="14.214322"></trkpt>
      <trkpt lat="66.339458" lon="14.214257"></trkpt>
      <trkpt lat="66.339487" lon="14.214245"></trkpt>
      <trkpt lat="66.339508" lon="14.214257"></trkpt>
      <trkpt lat="66.339529" lon="14.214308"></trkpt>
      <trkpt lat="66.339539" lon="14.214386"></trkpt>
      <trkpt lat="66.339539" lon="14.214758"></trkpt>
      <trkpt lat="66.339549" lon="14.214941"></trkpt>
      <trkpt lat="66.339623" lon="14.215391"></trkpt>
      <trkpt lat="66.339729" lon="14.215962"></trkpt>
      <trkpt lat="66.339844" lon="14.216526"></trkpt>
      <trkpt lat="66.339881" lon="14.216685"></trkpt>
      <trkpt lat="66.339946" lon="14.216867"></trkpt>
      <trkpt lat="66.339881" lon="14.216685"></trkpt>
      <trkpt lat="66.339844" lon="14.216526"></trkpt>
      <trkpt lat="66.339729" lon="14.215962"></trkpt>
      <trkpt lat="66.339623" lon="14.215391"></trkpt>
      <trkpt lat="66.339549" lon="14.214941"></trkpt>
      <trkpt lat="66.339539" lon="14.214758"></trkpt>
      <trkpt lat="66.339539" lon="14.214386"></trkpt>
      <trkpt lat="66.339529" lon="14.214308"></trkpt>
      <trkpt lat="66.339508" lon="14.214257"></trkpt>
      <trkpt lat="66.339487" lon="14.214245"></trkpt>
      <trkpt lat="66.339458" lon="14.214257"></trkpt>
      <trkpt lat="66.339412" lon="14.214322"></trkpt>
      <trkpt lat="66.339388" lon="14.214396"></trkpt>
      <trkpt lat="66.339361" lon="14.214512"></trkpt>
      <trkpt lat="66.339333" lon="14.214691"></trkpt>
      <trkpt lat="66.339304" lon="14.214920"></trkpt>
      <trkpt lat="66.339275" lon="14.215003"></trkpt>
      <trkpt lat="66.339241" lon="14.215060"></trkpt>
      <trkpt lat="66.339099" lon="14.215163"></trkpt>
      <trkpt lat="66.339000" lon="14.215219"></trkpt>
      <trkpt lat="66.338956" lon="14.215266"></trkpt>
      <trkpt lat="66.338913" lon="14.215343"></trkpt>
      <trkpt lat="66.338865" lon="14.215417"></trkpt>
      <trkpt lat="66.338825" lon="14.215459"></trkpt>
      <trkpt lat="66.338772" lon="14.215476"></trkpt>
      <trkpt lat="66.338672" lon="14.215484"></trkpt>
      <trkpt lat="66.338619" lon="14.215522"></trkpt>
      <trkpt lat="66.338586" lon="14.215572"></trkpt>
      <trkpt lat="66.338552" lon="14.215659"></trkpt>
      <trkpt lat="66.338527" lon="14.215801"></trkpt>
      <trkpt lat="66.338487" lon="14.216105"></trkpt>
      <trkpt lat="66.338455" lon="14.216445"></trkpt>
      <trkpt lat="66.338428" lon="14.216555"></trkpt>
      <trkpt lat="66.338399" lon="14.216623"></trkpt>
      <trkpt lat="66.338259" lon="14.216887"></trkpt>
      <trkpt lat="66.338186" lon="14.217056"></trkpt>
      <trkpt lat="66.338138" lon="14.217235"></trkpt>
      <trkpt lat="66.338073" lon="14.217523"></trkpt>
      <trkpt lat="66.338065" lon="14.217628"></trkpt>
      <trkpt lat="66.338052" lon="14.217973"></trkpt>
      <trkpt lat="66.338042" lon="14.218084"></trkpt>
      <trkpt lat="66.338025" lon="14.218191"></trkpt>
      <trkpt lat="66.337946" lon="14.218571"></trkpt>
      <trkpt lat="66.337924" lon="14.218646"></trkpt>
      <trkpt lat="66.337905" lon="14.218687"></trkpt>
      <trkpt lat="66.337878" lon="14.218705"></trkpt>
      <trkpt lat="66.337859" lon="14.218702"></trkpt>
      <trkpt lat="66.337716" lon="14.218560"></trkpt>
      <trkpt lat="66.337637" lon="14.218500"></trkpt>
      <trkpt lat="66.337482" lon="14.218466"></trkpt>
      <trkpt lat="66.337354" lon="14.218411"></trkpt>
      <trkpt lat="66.337280" lon="14.218344"></trkpt>
      <trkpt lat="66.337200" lon="14.218245"></trkpt>
      <trkpt lat="66.337122" lon="14.218099"></trkpt>
      <trkpt lat="66.337057" lon="14.217955"></trkpt>
      <trkpt lat="66.337000" lon="14.217778"></trkpt>
      <trkpt lat="66.336973" lon="14.217647"></trkpt>
      <trkpt lat="66.336926" lon="14.217363"></trkpt>
      <trkpt lat="66.336891" lon="14.217032"></trkpt>
      <trkpt lat="66.336853" lon="14.215985"></trkpt>
      <trkpt lat="66.336850" lon="14.215559"></trkpt>
      <trkpt lat="66.336872" lon="14.215112"></trkpt>
      <trkpt lat="66.336892" lon="14.214343"></trkpt>
      <trkpt lat="66.336879" lon="14.214072"></trkpt>
      <trkpt lat="66.336878" lon="14.213982"></trkpt>
      <trkpt lat="66.336885" lon="14.213875"></trkpt>
      <trkpt lat="66.336944" lon="14.213485"></trkpt>
      <trkpt lat="66.336954" lon="14.213357"></trkpt>
      <trkpt lat="66.336932" lon="14.212683"></trkpt>
      <trkpt lat="66.336861" lon="14.211466"></trkpt>
      <trkpt lat="66.336799" lon="14.210702"></trkpt>
      <trkpt lat="66.336768" lon="14.210389"></trkpt>
      <trkpt lat="66.336756" lon="14.210091"></trkpt>
      <trkpt lat="66.336733" lon="14.209804"></trkpt>
      <trkpt lat="66.336735" lon="14.209560"></trkpt>
      <trkpt lat="66.336766" lon="14.209307"></trkpt>
      <trkpt lat="66.336799" lon="14.208881"></trkpt>
      <trkpt lat="66.336835" lon="14.208512"></trkpt>
      <trkpt lat="66.336957" lon="14.207082"></trkpt>
      <trkpt lat="66.336963" lon="14.206858"></trkpt>
      <trkpt lat="66.336964" lon="14.206688"></trkpt>
      <trkpt lat="66.336955" lon="14.206504"></trkpt>
      <trkpt lat="66.336944" lon="14.206292"></trkpt>
      <trkpt lat="66.336921" lon="14.206029"></trkpt>
      <trkpt lat="66.336867" lon="14.205257"></trkpt>
      <trkpt lat="66.336870" lon="14.205066"></trkpt>
      <trkpt lat="66.336890" lon="14.204553"></trkpt>
      <trkpt lat="66.336907" lon="14.204336"></trkpt>
      <trkpt lat="66.336929" lon="14.204244"></trkpt>
      <trkpt lat="66.337110" lon="14.203843"></trkpt>
      <trkpt lat="66.337177" lon="14.203721"></trkpt>
      <trkpt lat="66.337216" lon="14.203680"></trkpt>
      <trkpt lat="66.337283" lon="14.203657"></trkpt>
      <trkpt lat="66.337399" lon="14.203652"></trkpt>
      <trkpt lat="66.337471" lon="14.203634"></trkpt>
      <trkpt lat="66.337518" lon="14.203608"></trkpt>
      <trkpt lat="66.337561" lon="14.203564"></trkpt>
      <trkpt lat="66.337593" lon="14.203510"></trkpt>
      <trkpt lat="66.337626" lon="14.203433"></trkpt>
      <trkpt lat="66.337648" lon="14.203353"></trkpt>
      <trkpt lat="66.337663" lon="14.203260"></trkpt>
      <trkpt lat="66.337673" lon="14.203132"></trkpt>
      <trkpt lat="66.337672" lon="14.202980"></trkpt>
      <trkpt lat="66.337661" lon="14.202855"></trkpt>
      <trkpt lat="66.337634" lon="14.202637"></trkpt>
      <trkpt lat="66.337580" lon="14.202360"></trkpt>
      <trkpt lat="66.337517" lon="14.201999"></trkpt>
      <trkpt lat="66.337498" lon="14.201826"></trkpt>
      <trkpt lat="66.337496" lon="14.201697"></trkpt>
      <trkpt lat="66.337511" lon="14.201566"></trkpt>
      <trkpt lat="66.337546" lon="14.201367"></trkpt>
      <trkpt lat="66.337569" lon="14.201090"></trkpt>
      <trkpt lat="66.337573" lon="14.200855"></trkpt>
      <trkpt lat="66.337567" lon="14.200595"></trkpt>
      <trkpt lat="66.337535" lon="14.199727"></trkpt>
      <trkpt lat="66.337531" lon="14.199551"></trkpt>
      <trkpt lat="66.337550" lon="14.199352"></trkpt>
      <trkpt lat="66.337591" lon="14.199117"></trkpt>
      <trkpt lat="66.337650" lon="14.198941"></trkpt>
      <trkpt lat="66.337773" lon="14.198617"></trkpt>
      <trkpt lat="66.337836" lon="14.198433"></trkpt>
      <trkpt lat="66.337862" lon="14.198317"></trkpt>
      <trkpt lat="66.337887" lon="14.198097"></trkpt>
      <trkpt lat="66.337891" lon="14.197822"></trkpt>
      <trkpt lat="66.337883" lon="14.197593"></trkpt>
      <trkpt lat="66.337845" lon="14.196984"></trkpt>
      <trkpt lat="66.337811" lon="14.196573"></trkpt>
      <trkpt lat="66.337764" lon="14.196277"></trkpt>
      <trkpt lat="66.337633" lon="14.195671"></trkpt>
      <trkpt lat="66.337612" lon="14.195522"></trkpt>
      <trkpt lat="66.337591" lon="14.195316"></trkpt>
      <trkpt lat="66.337578" lon="14.195041"></trkpt>
      <trkpt lat="66.337582" lon="14.194845"></trkpt>
      <trkpt lat="66.337613" lon="14.194505"></trkpt>
      <trkpt lat="66.337639" lon="14.194233"></trkpt>
      <trkpt lat="66.337646" lon="14.193695"></trkpt>
      <trkpt lat="66.337629" lon="14.193323"></trkpt>
      <trkpt lat="66.337561" lon="14.192916"></trkpt>
      <trkpt lat="66.337501" lon="14.192637"></trkpt>
      <trkpt lat="66.337461" lon="14.192456"></trkpt>
      <trkpt lat="66.337424" lon="14.192238"></trkpt>
      <trkpt lat="66.337369" lon="14.191975"></trkpt>
      <trkpt lat="66.337343" lon="14.191891"></trkpt>
      <trkpt lat="66.337319" lon="14.191831"></trkpt>
      <trkpt lat="66.337288" lon="14.191795"></trkpt>
      <trkpt lat="66.337227" lon="14.191780"></trkpt>
      <trkpt lat="66.337165" lon="14.191827"></trkpt>
      <trkpt lat="66.337135" lon="14.191892"></trkpt>
      <trkpt lat="66.336983" lon="14.192404"></trkpt>
      <trkpt lat="66.336907" lon="14.192597"></trkpt>
      <trkpt lat="66.336827" lon="14.192787"></trkpt>
      <trkpt lat="66.336688" lon="14.193096"></trkpt>
      <trkpt lat="66.336615" lon="14.193295"></trkpt>
      <trkpt lat="66.336572" lon="14.193444"></trkpt>
      <trkpt lat="66.336532" lon="14.193646"></trkpt>
      <trkpt lat="66.336500" lon="14.193875"></trkpt>
      <trkpt lat="66.336464" lon="14.194194"></trkpt>
      <trkpt lat="66.336437" lon="14.194298"></trkpt>
      <trkpt lat="66.336410" lon="14.194358"></trkpt>
      <trkpt lat="66.336392" lon="14.194381"></trkpt>
      <trkpt lat="66.336358" lon="14.194390"></trkpt>
      <trkpt lat="66.336310" lon="14.194387"></trkpt>
      <trkpt lat="66.336287" lon="14.194368"></trkpt>
      <trkpt lat="66.336266" lon="14.194306"></trkpt>
      <trkpt lat="66.336257" lon="14.194213"></trkpt>
      <trkpt lat="66.336246" lon="14.193811"></trkpt>
      <trkpt lat="66.336232" lon="14.193664"></trkpt>
      <trkpt lat="66.336200" lon="14.193426"></trkpt>
      <trkpt lat="66.336169" lon="14.193342"></trkpt>
      <trkpt lat="66.336148" lon="14.193333"></trkpt>
      <trkpt lat="66.336118" lon="14.193339"></trkpt>
      <trkpt lat="66.336091" lon="14.193380"></trkpt>
      <trkpt lat="66.336059" lon="14.193451"></trkpt>
      <trkpt lat="66.335986" lon="14.193743"></trkpt>
      <trkpt lat="66.335920" lon="14.194024"></trkpt>
      <trkpt lat="66.335855" lon="14.194308"></trkpt>
      <trkpt lat="66.335825" lon="14.194456"></trkpt>
      <trkpt lat="66.335812" lon="14.194593"></trkpt>
      <trkpt lat="66.335819" lon="14.194748"></trkpt>
      <trkpt lat="66.335821" lon="14.194975"></trkpt>
      <trkpt lat="66.335812" lon="14.195422"></trkpt>
      <trkpt lat="66.335799" lon="14.195869"></trkpt>
      <trkpt lat="66.335803" lon="14.196498"></trkpt>
      <trkpt lat="66.335797" lon="14.196933"></trkpt>
      <trkpt lat="66.335785" lon="14.197183"></trkpt>
      <trkpt lat="66.335775" lon="14.197881"></trkpt>
      <trkpt lat="66.335765" lon="14.198250"></trkpt>
      <trkpt lat="66.335710" lon="14.198924"></trkpt>
      <trkpt lat="66.335712" lon="14.199156"></trkpt>
      <trkpt lat="66.335724" lon="14.199687"></trkpt>
      <trkpt lat="66.335719" lon="14.199815"></trkpt>
      <trkpt lat="66.335702" lon="14.199970"></trkpt>
      <trkpt lat="66.335600" lon="14.200705"></trkpt>
      <trkpt lat="66.335568" lon="14.200857"></trkpt>
      <trkpt lat="66.335537" lon="14.200946"></trkpt>
      <trkpt lat="66.335511" lon="14.200997"></trkpt>
      <trkpt lat="66.335485" lon="14.201017"></trkpt>
      <trkpt lat="66.335451" lon="14.201017"></trkpt>
      <trkpt lat="66.335421" lon="14.201002"></trkpt>
      <trkpt lat="66.335376" lon="14.200954"></trkpt>
      <trkpt lat="66.335220" lon="14.200633"></trkpt>
      <trkpt lat="66.335191" lon="14.200606"></trkpt>
      <trkpt lat="66.335168" lon="14.200609"></trkpt>
      <trkpt lat="66.335128" lon="14.200633"></trkpt>
      <trkpt lat="66.335092" lon="14.200671"></trkpt>
      <trkpt lat="66.335047" lon="14.200748"></trkpt>
      <trkpt lat="66.334991" lon="14.200909"></trkpt>
      <trkpt lat="66.334913" lon="14.201113"></trkpt>
      <trkpt lat="66.334855" lon="14.201226"></trkpt>
      <trkpt lat="66.334724" lon="14.201413"></trkpt>
      <trkpt lat="66.334681" lon="14.201502"></trkpt>
      <trkpt lat="66.334656" lon="14.201591"></trkpt>
      <trkpt lat="66.334641" lon="14.201695"></trkpt>
      <trkpt lat="66.334602" lon="14.202077"></trkpt>
      <trkpt lat="66.334589" lon="14.202175"></trkpt>
      <trkpt lat="66.334560" lon="14.202312"></trkpt>
      <trkpt lat="66.334526" lon="14.202404"></trkpt>
      <trkpt lat="66.334499" lon="14.202433"></trkpt>
      <trkpt lat="66.334462" lon="14.202430"></trkpt>
      <trkpt lat="66.334426" lon="14.202400"></trkpt>
      <trkpt lat="66.334401" lon="14.202349"></trkpt>
      <trkpt lat="66.334383" lon="14.202283"></trkpt>
      <trkpt lat="66.334365" lon="14.202164"></trkpt>
      <trkpt lat="66.334352" lon="14.202018"></trkpt>
      <trkpt lat="66.334349" lon="14.201708"></trkpt>
      <trkpt lat="66.334377" lon="14.201005"></trkpt>
      <trkpt lat="66.334379" lon="14.200832"></trkpt>
      <trkpt lat="66.334370" lon="14.200563"></trkpt>
      <trkpt lat="66.334336" lon="14.199976"></trkpt>
      <trkpt lat="66.334330" lon="14.199800"></trkpt>
      <trkpt lat="66.334326" lon="14.199475"></trkpt>
      <trkpt lat="66.334345" lon="14.198873"></trkpt>
      <trkpt lat="66.334344" lon="14.198763"></trkpt>
      <trkpt lat="66.334278" lon="14.198613"></trkpt>
      <trkpt lat="66.334247" lon="14.198594"></trkpt>
      <trkpt lat="66.334165" lon="14.198617"></trkpt>
      <trkpt lat="66.334076" lon="14.198751"></trkpt>
      <trkpt lat="66.334020" lon="14.198929"></trkpt>
      <trkpt lat="66.333984" lon="14.199120"></trkpt>
      <trkpt lat="66.333918" lon="14.200068"></trkpt>
      <trkpt lat="66.333906" lon="14.200237"></trkpt>
      <trkpt lat="66.333893" lon="14.200340"></trkpt>
      <trkpt lat="66.333849" lon="14.200625"></trkpt>
      <trkpt lat="66.333755" lon="14.201391"></trkpt>
      <trkpt lat="66.333710" lon="14.201627"></trkpt>
      <trkpt lat="66.333667" lon="14.201787"></trkpt>
      <trkpt lat="66.333646" lon="14.201819"></trkpt>
      <trkpt lat="66.333602" lon="14.201832"></trkpt>
      <trkpt lat="66.333566" lon="14.201741"></trkpt>
      <trkpt lat="66.333543" lon="14.201637"></trkpt>
      <trkpt lat="66.333477" lon="14.201117"></trkpt>
      <trkpt lat="66.333402" lon="14.200715"></trkpt>
      <trkpt lat="66.333291" lon="14.200323"></trkpt>
      <trkpt lat="66.333163" lon="14.199975"></trkpt>
      <trkpt lat="66.333098" lon="14.199588"></trkpt>
      <trkpt lat="66.333037" lon="14.199351"></trkpt>
      <trkpt lat="66.332998" lon="14.199270"></trkpt>
      <trkpt lat="66.332968" lon="14.199240"></trkpt>
      <trkpt lat="66.332911" lon="14.199239"></trkpt>
      <trkpt lat="66.332880" lon="14.199265"></trkpt>
      <trkpt lat="66.332845" lon="14.199340"></trkpt>
      <trkpt lat="66.332813" lon="14.199468"></trkpt>
      <trkpt lat="66.332753" lon="14.199999"></trkpt>
      <trkpt lat="66.332710" lon="14.200199"></trkpt>
      <trkpt lat="66.332604" lon="14.200789"></trkpt>
      <trkpt lat="66.332435" lon="14.202114"></trkpt>
      <trkpt lat="66.332409" lon="14.202276"></trkpt>
      <trkpt lat="66.332364" lon="14.202503"></trkpt>
      <trkpt lat="66.332271" lon="14.202655"></trkpt>
      <trkpt lat="66.332203" lon="14.202657"></trkpt>
      <trkpt lat="66.332114" lon="14.202466"></trkpt>
      <trkpt lat="66.332051" lon="14.202127"></trkpt>
      <trkpt lat="66.332006" lon="14.201784"></trkpt>
      <trkpt lat="66.331901" lon="14.201272"></trkpt>
      <trkpt lat="66.331847" lon="14.201142"></trkpt>
      <trkpt lat="66.331683" lon="14.200861"></trkpt>
      <trkpt lat="66.331504" lon="14.200655"></trkpt>
      <trkpt lat="66.331349" lon="14.200539"></trkpt>
      <trkpt lat="66.331155" lon="14.200434"></trkpt>
      <trkpt lat="66.330809" lon="14.200082"></trkpt>
      <trkpt lat="66.330646" lon="14.199905"></trkpt>
      <trkpt lat="66.330445" lon="14.199595"></trkpt>
      <trkpt lat="66.330268" lon="14.199370"></trkpt>
      <trkpt lat="66.330169" lon="14.199282"></trkpt>
      <trkpt lat="66.329984" lon="14.199193"></trkpt>
      <trkpt lat="66.329776" lon="14.199138"></trkpt>
      <trkpt lat="66.329608" lon="14.199133"></trkpt>
      <trkpt lat="66.329455" lon="14.199182"></trkpt>
      <trkpt lat="66.329275" lon="14.199255"></trkpt>
      <trkpt lat="66.328885" lon="14.199531"></trkpt>
      <trkpt lat="66.328537" lon="14.199827"></trkpt>
      <trkpt lat="66.328450" lon="14.199867"></trkpt>
      <trkpt lat="66.328369" lon="14.199864"></trkpt>
      <trkpt lat="66.328347" lon="14.199847"></trkpt>
      <trkpt lat="66.328279" lon="14.199732"></trkpt>
      <trkpt lat="66.328086" lon="14.199415"></trkpt>
      <trkpt lat="66.328025" lon="14.199359"></trkpt>
      <trkpt lat="66.327946" lon="14.199337"></trkpt>
      <trkpt lat="66.327851" lon="14.199356"></trkpt>
      <trkpt lat="66.327796" lon="14.199445"></trkpt>
      <trkpt lat="66.327767" lon="14.199528"></trkpt>
      <trkpt lat="66.327760" lon="14.199573"></trkpt>
      <trkpt lat="66.327759" lon="14.199861"></trkpt>
      <trkpt lat="66.327783" lon="14.200025"></trkpt>
      <trkpt lat="66.327856" lon="14.200253"></trkpt>
      <trkpt lat="66.327965" lon="14.200439"></trkpt>
      <trkpt lat="66.328011" lon="14.200554"></trkpt>
      <trkpt lat="66.328012" lon="14.200717"></trkpt>
      <trkpt lat="66.328004" lon="14.200788"></trkpt>
      <trkpt lat="66.327967" lon="14.200825"></trkpt>
      <trkpt lat="66.327785" lon="14.200461"></trkpt>
      <trkpt lat="66.327508" lon="14.200032"></trkpt>
      <trkpt lat="66.327441" lon="14.199918"></trkpt>
      <trkpt lat="66.327340" lon="14.199676"></trkpt>
      <trkpt lat="66.327256" lon="14.199261"></trkpt>
      <trkpt lat="66.327197" lon="14.199080"></trkpt>
      <trkpt lat="66.327140" lon="14.198965"></trkpt>
      <trkpt lat="66.326894" lon="14.198694"></trkpt>
      <trkpt lat="66.326834" lon="14.198567"></trkpt>
      <trkpt lat="66.326806" lon="14.198429"></trkpt>
      <trkpt lat="66.326804" lon="14.198179"></trkpt>
      <trkpt lat="66.326811" lon="14.198163"></trkpt>
      <trkpt lat="66.326735" lon="14.197653"></trkpt>
      <trkpt lat="66.326701" lon="14.197267"></trkpt>
      <trkpt lat="66.326657" lon="14.196968"></trkpt>
      <trkpt lat="66.326639" lon="14.196682"></trkpt>
      <trkpt lat="66.326588" lon="14.196200"></trkpt>
      <trkpt lat="66.326549" lon="14.195695"></trkpt>
      <trkpt lat="66.326452" lon="14.194639"></trkpt>
      <trkpt lat="66.326421" lon="14.194378"></trkpt>
      <trkpt lat="66.326391" lon="14.194240"></trkpt>
      <trkpt lat="66.326325" lon="14.194099"></trkpt>
      <trkpt lat="66.326273" lon="14.194050"></trkpt>
      <trkpt lat="66.326200" lon="14.194029"></trkpt>
      <trkpt lat="66.326043" lon="14.194089"></trkpt>
      <trkpt lat="66.325894" lon="14.194140"></trkpt>
      <trkpt lat="66.325759" lon="14.194132"></trkpt>
      <trkpt lat="66.325668" lon="14.194113"></trkpt>
      <trkpt lat="66.325623" lon="14.194121"></trkpt>
      <trkpt lat="66.325653" lon="14.194351"></trkpt>
      <trkpt lat="66.325690" lon="14.194652"></trkpt>
      <trkpt lat="66.325710" lon="14.194842"></trkpt>
      <trkpt lat="66.325741" lon="14.195176"></trkpt>
      <trkpt lat="66.325768" lon="14.195578"></trkpt>
      <trkpt lat="66.325786" lon="14.196013"></trkpt>
      <trkpt lat="66.325796" lon="14.196489"></trkpt>
      <trkpt lat="66.325803" lon="14.197389"></trkpt>
      <trkpt lat="66.325804" lon="14.197758"></trkpt>
      <trkpt lat="66.325793" lon="14.198517"></trkpt>
      <trkpt lat="66.325778" lon="14.199212"></trkpt>
      <trkpt lat="66.325741" lon="14.199979"></trkpt>
      <trkpt lat="66.325647" lon="14.201743"></trkpt>
      <trkpt lat="66.325555" lon="14.203370"></trkpt>
      <trkpt lat="66.325459" lon="14.205647"></trkpt>
      <trkpt lat="66.325438" lon="14.206373"></trkpt>
      <trkpt lat="66.325425" lon="14.207011"></trkpt>
      <trkpt lat="66.325407" lon="14.212466"></trkpt>
      <trkpt lat="66.325417" lon="14.213379"></trkpt>
      <trkpt lat="66.325449" lon="14.214830"></trkpt>
      <trkpt lat="66.325479" lon="14.215934"></trkpt>
      <trkpt lat="66.325496" lon="14.216603"></trkpt>
      <trkpt lat="66.325517" lon="14.217407"></trkpt>
      <trkpt lat="66.325522" lon="14.217971"></trkpt>
      <trkpt lat="66.325515" lon="14.218800"></trkpt>
      <trkpt lat="66.325497" lon="14.219380"></trkpt>
      <trkpt lat="66.325439" lon="14.220415"></trkpt>
      <trkpt lat="66.325397" lon="14.221134"></trkpt>
      <trkpt lat="66.325294" lon="14.222765"></trkpt>
      <trkpt lat="66.325200" lon="14.224395"></trkpt>
      <trkpt lat="66.325173" lon="14.224887"></trkpt>
      <trkpt lat="66.325158" lon="14.225352"></trkpt>
      <trkpt lat="66.325153" lon="14.225824"></trkpt>
      <trkpt lat="66.325150" lon="14.226214"></trkpt>
      <trkpt lat="66.325165" lon="14.227896"></trkpt>
      <trkpt lat="66.325173" lon="14.228572"></trkpt>
      <trkpt lat="66.325168" lon="14.228970"></trkpt>
      <trkpt lat="66.325142" lon="14.229453"></trkpt>
      <trkpt lat="66.325098" lon="14.229937"></trkpt>
      <trkpt lat="66.325027" lon="14.230436"></trkpt>
      <trkpt lat="66.324796" lon="14.231855"></trkpt>
      <trkpt lat="66.324657" lon="14.232696"></trkpt>
      <trkpt lat="66.324513" lon="14.233553"></trkpt>
      <trkpt lat="66.324377" lon="14.234396"></trkpt>
      <trkpt lat="66.324260" lon="14.235112"></trkpt>
      <trkpt lat="66.324148" lon="14.235774"></trkpt>
      <trkpt lat="66.323956" lon="14.236913"></trkpt>
      <trkpt lat="66.323813" lon="14.237768"></trkpt>
      <trkpt lat="66.323690" lon="14.238537"></trkpt>
      <trkpt lat="66.323672" lon="14.238647"></trkpt>
      <trkpt lat="66.323584" lon="14.239148"></trkpt>
      <trkpt lat="66.323495" lon="14.239590"></trkpt>
      <trkpt lat="66.323308" lon="14.240448"></trkpt>
      <trkpt lat="66.323180" lon="14.240938"></trkpt>
      <trkpt lat="66.323023" lon="14.241533"></trkpt>
      <trkpt lat="66.322906" lon="14.241938"></trkpt>
      <trkpt lat="66.322788" lon="14.242364"></trkpt>
      <trkpt lat="66.322771" lon="14.242417"></trkpt>
      <trkpt lat="66.322662" lon="14.242793"></trkpt>
      <trkpt lat="66.322496" lon="14.243327"></trkpt>
      <trkpt lat="66.322252" lon="14.244129"></trkpt>
      <trkpt lat="66.322132" lon="14.244571"></trkpt>
      <trkpt lat="66.322015" lon="14.245035"></trkpt>
      <trkpt lat="66.321900" lon="14.245631"></trkpt>
      <trkpt lat="66.321840" lon="14.246012"></trkpt>
      <trkpt lat="66.321754" lon="14.246717"></trkpt>
      <trkpt lat="66.321718" lon="14.247191"></trkpt>
      <trkpt lat="66.321693" lon="14.247670"></trkpt>
      <trkpt lat="66.321675" lon="14.248229"></trkpt>
      <trkpt lat="66.321677" lon="14.248667"></trkpt>
      <trkpt lat="66.321687" lon="14.249109"></trkpt>
      <trkpt lat="66.321708" lon="14.249485"></trkpt>
      <trkpt lat="66.321738" lon="14.249871"></trkpt>
      <trkpt lat="66.321781" lon="14.250241"></trkpt>
      <trkpt lat="66.321833" lon="14.250606"></trkpt>
      <trkpt lat="66.321936" lon="14.251189"></trkpt>
      <trkpt lat="66.322060" lon="14.251753"></trkpt>
      <trkpt lat="66.322226" lon="14.252302"></trkpt>
      <trkpt lat="66.322401" lon="14.252785"></trkpt>
      <trkpt lat="66.322628" lon="14.253302"></trkpt>
      <trkpt lat="66.322892" lon="14.253779"></trkpt>
      <trkpt lat="66.323523" lon="14.254745"></trkpt>
      <trkpt lat="66.324062" lon="14.255590"></trkpt>
      <trkpt lat="66.324333" lon="14.256044"></trkpt>
      <trkpt lat="66.324745" lon="14.256855"></trkpt>
      <trkpt lat="66.325256" lon="14.257971"></trkpt>
      <trkpt lat="66.325620" lon="14.258706"></trkpt>
      <trkpt lat="66.326009" lon="14.259394"></trkpt>
      <trkpt lat="66.326230" lon="14.259735"></trkpt>
      <trkpt lat="66.327183" lon="14.261203"></trkpt>
      <trkpt lat="66.327919" lon="14.262331"></trkpt>
      <trkpt lat="66.328332" lon="14.262964"></trkpt>
      <trkpt lat="66.328647" lon="14.263428"></trkpt>
      <trkpt lat="66.328883" lon="14.263734"></trkpt>
      <trkpt lat="66.329168" lon="14.264048"></trkpt>
      <trkpt lat="66.329536" lon="14.264363"></trkpt>
      <trkpt lat="66.329898" lon="14.264641"></trkpt>
      <trkpt lat="66.330243" lon="14.264869"></trkpt>
      <trkpt lat="66.330607" lon="14.265108"></trkpt>
      <trkpt lat="66.330930" lon="14.265325"></trkpt>
      <trkpt lat="66.331548" lon="14.265727"></trkpt>
      <trkpt lat="66.331814" lon="14.265876"></trkpt>
      <trkpt lat="66.332080" lon="14.265994"></trkpt>
      <trkpt lat="66.333066" lon="14.266302"></trkpt>
      <trkpt lat="66.333236" lon="14.266377"></trkpt>
      <trkpt lat="66.333473" lon="14.266553"></trkpt>
      <trkpt lat="66.333692" lon="14.266782"></trkpt>
      <trkpt lat="66.333885" lon="14.267041"></trkpt>
      <trkpt lat="66.334075" lon="14.267363"></trkpt>
      <trkpt lat="66.334194" lon="14.267609"></trkpt>
      <trkpt lat="66.334311" lon="14.267893"></trkpt>
      <trkpt lat="66.334408" lon="14.268150"></trkpt>
      <trkpt lat="66.334518" lon="14.268502"></trkpt>
      <trkpt lat="66.334603" lon="14.268832"></trkpt>
      <trkpt lat="66.334669" lon="14.269124"></trkpt>
      <trkpt lat="66.334743" lon="14.269517"></trkpt>
      <trkpt lat="66.334802" lon="14.269929"></trkpt>
      <trkpt lat="66.334845" lon="14.270297"></trkpt>
      <trkpt lat="66.334877" lon="14.270669"></trkpt>
      <trkpt lat="66.334901" lon="14.271040"></trkpt>
      <trkpt lat="66.334932" lon="14.271597"></trkpt>
      <trkpt lat="66.335011" lon="14.273292"></trkpt>
      <trkpt lat="66.335114" lon="14.274996"></trkpt>
      <trkpt lat="66.335213" lon="14.276790"></trkpt>
      <trkpt lat="66.335432" lon="14.280134"></trkpt>
      <trkpt lat="66.335700" lon="14.284013"></trkpt>
      <trkpt lat="66.335760" lon="14.285048"></trkpt>
      <trkpt lat="66.335808" lon="14.286057"></trkpt>
      <trkpt lat="66.335824" lon="14.286957"></trkpt>
      <trkpt lat="66.335817" lon="14.287653"></trkpt>
      <trkpt lat="66.335797" lon="14.288311"></trkpt>
      <trkpt lat="66.335744" lon="14.289481"></trkpt>
      <trkpt lat="66.335685" lon="14.290495"></trkpt>
      <trkpt lat="66.335612" lon="14.291616"></trkpt>
      <trkpt lat="66.335500" lon="14.293355"></trkpt>
      <trkpt lat="66.335459" lon="14.294089"></trkpt>
      <trkpt lat="66.335415" lon="14.295023"></trkpt>
      <trkpt lat="66.335406" lon="14.295581"></trkpt>
      <trkpt lat="66.335410" lon="14.295981"></trkpt>
      <trkpt lat="66.335425" lon="14.296403"></trkpt>
      <trkpt lat="66.335454" lon="14.296804"></trkpt>
      <trkpt lat="66.335494" lon="14.297188"></trkpt>
      <trkpt lat="66.335546" lon="14.297572"></trkpt>
      <trkpt lat="66.335621" lon="14.297974"></trkpt>
      <trkpt lat="66.335710" lon="14.298386"></trkpt>
      <trkpt lat="66.335796" lon="14.298717"></trkpt>
      <trkpt lat="66.335904" lon="14.299086"></trkpt>
      <trkpt lat="66.336018" lon="14.299412"></trkpt>
      <trkpt lat="66.336122" lon="14.299666"></trkpt>
      <trkpt lat="66.336236" lon="14.299916"></trkpt>
      <trkpt lat="66.336342" lon="14.300106"></trkpt>
      <trkpt lat="66.336460" lon="14.300289"></trkpt>
      <trkpt lat="66.336586" lon="14.300455"></trkpt>
      <trkpt lat="66.336704" lon="14.300580"></trkpt>
      <trkpt lat="66.336810" lon="14.300671"></trkpt>
      <trkpt lat="66.336930" lon="14.300753"></trkpt>
      <trkpt lat="66.337041" lon="14.300816"></trkpt>
      <trkpt lat="66.337139" lon="14.300859"></trkpt>
      <trkpt lat="66.337242" lon="14.300889"></trkpt>
      <trkpt lat="66.337361" lon="14.300901"></trkpt>
      <trkpt lat="66.337483" lon="14.300908"></trkpt>
      <trkpt lat="66.337629" lon="14.300903"></trkpt>
      <trkpt lat="66.337893" lon="14.300879"></trkpt>
      <trkpt lat="66.338069" lon="14.300872"></trkpt>
      <trkpt lat="66.338217" lon="14.300888"></trkpt>
      <trkpt lat="66.338349" lon="14.300922"></trkpt>
      <trkpt lat="66.338497" lon="14.300983"></trkpt>
      <trkpt lat="66.338622" lon="14.301057"></trkpt>
      <trkpt lat="66.338718" lon="14.301120"></trkpt>
      <trkpt lat="66.338871" lon="14.301243"></trkpt>
      <trkpt lat="66.338996" lon="14.301359"></trkpt>
      <trkpt lat="66.339125" lon="14.301510"></trkpt>
      <trkpt lat="66.339218" lon="14.301632"></trkpt>
      <trkpt lat="66.339306" lon="14.301761"></trkpt>
      <trkpt lat="66.339431" lon="14.301969"></trkpt>
      <trkpt lat="66.339477" lon="14.302062"></trkpt>
      <trkpt lat="66.339649" lon="14.302436"></trkpt>
      <trkpt lat="66.339811" lon="14.302875"></trkpt>
      <trkpt lat="66.339931" lon="14.303271"></trkpt>
      <trkpt lat="66.340112" lon="14.303972"></trkpt>
      <trkpt lat="66.340358" lon="14.305009"></trkpt>
      <trkpt lat="66.340790" lon="14.306904"></trkpt>
      <trkpt lat="66.341191" lon="14.308641"></trkpt>
      <trkpt lat="66.341738" lon="14.311017"></trkpt>
      <trkpt lat="66.341917" lon="14.311773"></trkpt>
      <trkpt lat="66.342025" lon="14.312195"></trkpt>
      <trkpt lat="66.342153" lon="14.312651"></trkpt>
      <trkpt lat="66.342287" lon="14.313077"></trkpt>
      <trkpt lat="66.342371" lon="14.313321"></trkpt>
      <trkpt lat="66.342465" lon="14.313578"></trkpt>
      <trkpt lat="66.342562" lon="14.313826"></trkpt>
      <trkpt lat="66.342634" lon="14.313998"></trkpt>
      <trkpt lat="66.342742" lon="14.314240"></trkpt>
      <trkpt lat="66.342875" lon="14.314518"></trkpt>
      <trkpt lat="66.342985" lon="14.314731"></trkpt>
      <trkpt lat="66.343084" lon="14.314908"></trkpt>
      <trkpt lat="66.343204" lon="14.315109"></trkpt>
      <trkpt lat="66.343358" lon="14.315346"></trkpt>
      <trkpt lat="66.343485" lon="14.315523"></trkpt>
      <trkpt lat="66.343646" lon="14.315728"></trkpt>
      <trkpt lat="66.343778" lon="14.315879"></trkpt>
      <trkpt lat="66.343867" lon="14.315973"></trkpt>
      <trkpt lat="66.343973" lon="14.316075"></trkpt>
      <trkpt lat="66.344043" lon="14.316186"></trkpt>
      <trkpt lat="66.344115" lon="14.316253"></trkpt>
      <trkpt lat="66.344214" lon="14.316328"></trkpt>
      <trkpt lat="66.344328" lon="14.316411"></trkpt>
      <trkpt lat="66.344425" lon="14.316470"></trkpt>
      <trkpt lat="66.344521" lon="14.316519"></trkpt>
      <trkpt lat="66.344621" lon="14.316575"></trkpt>
      <trkpt lat="66.344759" lon="14.316635"></trkpt>
      <trkpt lat="66.344833" lon="14.316660"></trkpt>
      <trkpt lat="66.344918" lon="14.316690"></trkpt>
      <trkpt lat="66.345011" lon="14.316720"></trkpt>
      <trkpt lat="66.345099" lon="14.316739"></trkpt>
      <trkpt lat="66.345193" lon="14.316755"></trkpt>
      <trkpt lat="66.345287" lon="14.316771"></trkpt>
      <trkpt lat="66.345397" lon="14.316782"></trkpt>
      <trkpt lat="66.345509" lon="14.316780"></trkpt>
      <trkpt lat="66.345600" lon="14.316773"></trkpt>
      <trkpt lat="66.345697" lon="14.316760"></trkpt>
      <trkpt lat="66.345783" lon="14.316739"></trkpt>
      <trkpt lat="66.345859" lon="14.316714"></trkpt>
      <trkpt lat="66.345940" lon="14.316688"></trkpt>
      <trkpt lat="66.346018" lon="14.316663"></trkpt>
      <trkpt lat="66.346079" lon="14.316634"></trkpt>
      <trkpt lat="66.346169" lon="14.316541"></trkpt>
      <trkpt lat="66.346230" lon="14.316508"></trkpt>
      <trkpt lat="66.346505" lon="14.316344"></trkpt>
      <trkpt lat="66.347601" lon="14.315571"></trkpt>
      <trkpt lat="66.348980" lon="14.314594"></trkpt>
      <trkpt lat="66.349315" lon="14.314365"></trkpt>
      <trkpt lat="66.349652" lon="14.314146"></trkpt>
      <trkpt lat="66.349989" lon="14.313941"></trkpt>
      <trkpt lat="66.350319" lon="14.313760"></trkpt>
      <trkpt lat="66.350670" lon="14.313591"></trkpt>
      <trkpt lat="66.350879" lon="14.313504"></trkpt>
      <trkpt lat="66.351186" lon="14.313397"></trkpt>
      <trkpt lat="66.351471" lon="14.313321"></trkpt>
      <trkpt lat="66.351700" lon="14.313276"></trkpt>
      <trkpt lat="66.352043" lon="14.313237"></trkpt>
      <trkpt lat="66.352273" lon="14.313229"></trkpt>
      <trkpt lat="66.352559" lon="14.313240"></trkpt>
      <trkpt lat="66.352846" lon="14.313273"></trkpt>
      <trkpt lat="66.353120" lon="14.313327"></trkpt>
      <trkpt lat="66.353199" lon="14.313346"></trkpt>
      <trkpt lat="66.353587" lon="14.313466"></trkpt>
      <trkpt lat="66.353870" lon="14.313581"></trkpt>
      <trkpt lat="66.354207" lon="14.313749"></trkpt>
      <trkpt lat="66.354457" lon="14.313896"></trkpt>
      <trkpt lat="66.354584" lon="14.313977"></trkpt>
      <trkpt lat="66.354708" lon="14.314061"></trkpt>
      <trkpt lat="66.354958" lon="14.314245"></trkpt>
      <trkpt lat="66.355150" lon="14.314397"></trkpt>
      <trkpt lat="66.355726" lon="14.314876"></trkpt>
      <trkpt lat="66.355975" lon="14.315066"></trkpt>
      <trkpt lat="66.356143" lon="14.315177"></trkpt>
      <trkpt lat="66.356301" lon="14.315265"></trkpt>
      <trkpt lat="66.356421" lon="14.315320"></trkpt>
      <trkpt lat="66.356650" lon="14.315404"></trkpt>
      <trkpt lat="66.356780" lon="14.315472"></trkpt>
      <trkpt lat="66.356970" lon="14.315507"></trkpt>
      <trkpt lat="66.357089" lon="14.315506"></trkpt>
      <trkpt lat="66.357257" lon="14.315496"></trkpt>
      <trkpt lat="66.357401" lon="14.315477"></trkpt>
      <trkpt lat="66.357630" lon="14.315423"></trkpt>
      <trkpt lat="66.357800" lon="14.315352"></trkpt>
      <trkpt lat="66.357877" lon="14.315312"></trkpt>
      <trkpt lat="66.357946" lon="14.315278"></trkpt>
      <trkpt lat="66.358080" lon="14.315200"></trkpt>
      <trkpt lat="66.358237" lon="14.315090"></trkpt>
      <trkpt lat="66.358428" lon="14.314947"></trkpt>
      <trkpt lat="66.358583" lon="14.314797"></trkpt>
      <trkpt lat="66.358768" lon="14.314602"></trkpt>
      <trkpt lat="66.358868" lon="14.314492"></trkpt>
      <trkpt lat="66.359000" lon="14.314288"></trkpt>
      <trkpt lat="66.359577" lon="14.313544"></trkpt>
      <trkpt lat="66.359831" lon="14.313252"></trkpt>
      <trkpt lat="66.359968" lon="14.313113"></trkpt>
      <trkpt lat="66.360154" lon="14.312948"></trkpt>
      <trkpt lat="66.360318" lon="14.312823"></trkpt>
      <trkpt lat="66.360480" lon="14.312711"></trkpt>
      <trkpt lat="66.360535" lon="14.312687"></trkpt>
      <trkpt lat="66.360729" lon="14.312590"></trkpt>
      <trkpt lat="66.360833" lon="14.312549"></trkpt>
      <trkpt lat="66.360973" lon="14.312505"></trkpt>
      <trkpt lat="66.361120" lon="14.312471"></trkpt>
      <trkpt lat="66.361268" lon="14.312450"></trkpt>
      <trkpt lat="66.361367" lon="14.312444"></trkpt>
      <trkpt lat="66.361466" lon="14.312444"></trkpt>
      <trkpt lat="66.361663" lon="14.312462"></trkpt>
      <trkpt lat="66.361780" lon="14.312484"></trkpt>
      <trkpt lat="66.361958" lon="14.312534"></trkpt>
      <trkpt lat="66.362153" lon="14.312612"></trkpt>
      <trkpt lat="66.362250" lon="14.312660"></trkpt>
      <trkpt lat="66.362394" lon="14.312743"></trkpt>
      <trkpt lat="66.362537" lon="14.312839"></trkpt>
      <trkpt lat="66.362678" lon="14.312948"></trkpt>
      <trkpt lat="66.362818" lon="14.313069"></trkpt>
      <trkpt lat="66.363002" lon="14.313251"></trkpt>
      <trkpt lat="66.363092" lon="14.313351"></trkpt>
      <trkpt lat="66.363226" lon="14.313510"></trkpt>
      <trkpt lat="66.363357" lon="14.313682"></trkpt>
      <trkpt lat="66.363485" lon="14.313865"></trkpt>
      <trkpt lat="66.363611" lon="14.314060"></trkpt>
      <trkpt lat="66.363734" lon="14.314266"></trkpt>
      <trkpt lat="66.363835" lon="14.314454"></trkpt>
      <trkpt lat="66.363920" lon="14.314688"></trkpt>
      <trkpt lat="66.364053" lon="14.315022"></trkpt>
      <trkpt lat="66.364159" lon="14.315297"></trkpt>
      <trkpt lat="66.364313" lon="14.315704"></trkpt>
      <trkpt lat="66.364429" lon="14.316021"></trkpt>
      <trkpt lat="66.364522" lon="14.316296"></trkpt>
      <trkpt lat="66.364598" lon="14.316533"></trkpt>
      <trkpt lat="66.364717" lon="14.316948"></trkpt>
      <trkpt lat="66.364787" lon="14.317207"></trkpt>
      <trkpt lat="66.364893" lon="14.317603"></trkpt>
      <trkpt lat="66.364971" lon="14.317906"></trkpt>
      <trkpt lat="66.365023" lon="14.318128"></trkpt>
      <trkpt lat="66.365100" lon="14.318390"></trkpt>
      <trkpt lat="66.365159" lon="14.318734"></trkpt>
      <trkpt lat="66.365213" lon="14.319085"></trkpt>
      <trkpt lat="66.365264" lon="14.319439"></trkpt>
      <trkpt lat="66.365359" lon="14.320153"></trkpt>
      <trkpt lat="66.366495" lon="14.329027"></trkpt>
      <trkpt lat="66.366582" lon="14.329710"></trkpt>
      <trkpt lat="66.367808" lon="14.339298"></trkpt>
      <trkpt lat="66.368488" lon="14.344615"></trkpt>
      <trkpt lat="66.368764" lon="14.346777"></trkpt>
      <trkpt lat="66.368873" lon="14.347679"></trkpt>
      <trkpt lat="66.368933" lon="14.348223"></trkpt>
      <trkpt lat="66.368983" lon="14.348715"></trkpt>
      <trkpt lat="66.369051" lon="14.349481"></trkpt>
      <trkpt lat="66.369078" lon="14.349827"></trkpt>
      <trkpt lat="66.369118" lon="14.350406"></trkpt>
      <trkpt lat="66.369152" lon="14.350986"></trkpt>
      <trkpt lat="66.369180" lon="14.351570"></trkpt>
      <trkpt lat="66.369203" lon="14.352216"></trkpt>
      <trkpt lat="66.369206" lon="14.352325"></trkpt>
      <trkpt lat="66.369212" lon="14.352512"></trkpt>
      <trkpt lat="66.369231" lon="14.353400"></trkpt>
      <trkpt lat="66.369269" lon="14.355677"></trkpt>
      <trkpt lat="66.369277" lon="14.355979"></trkpt>
      <trkpt lat="66.369289" lon="14.356362"></trkpt>
      <trkpt lat="66.369311" lon="14.356899"></trkpt>
      <trkpt lat="66.369343" lon="14.357502"></trkpt>
      <trkpt lat="66.369375" lon="14.357981"></trkpt>
      <trkpt lat="66.369412" lon="14.358459"></trkpt>
      <trkpt lat="66.369443" lon="14.358815"></trkpt>
      <trkpt lat="66.369502" lon="14.359405"></trkpt>
      <trkpt lat="66.369541" lon="14.359756"></trkpt>
      <trkpt lat="66.369627" lon="14.360453"></trkpt>
      <trkpt lat="66.369698" lon="14.360963"></trkpt>
      <trkpt lat="66.369774" lon="14.361469"></trkpt>
      <trkpt lat="66.370380" lon="14.365257"></trkpt>
      <trkpt lat="66.371470" lon="14.372052"></trkpt>
      <trkpt lat="66.371709" lon="14.373535"></trkpt>
      <trkpt lat="66.371882" lon="14.374547"></trkpt>
      <trkpt lat="66.371994" lon="14.375149"></trkpt>
      <trkpt lat="66.372094" lon="14.375655"></trkpt>
      <trkpt lat="66.372213" lon="14.376211"></trkpt>
      <trkpt lat="66.372300" lon="14.376608"></trkpt>
      <trkpt lat="66.372412" lon="14.377098"></trkpt>
      <trkpt lat="66.372944" lon="14.379372"></trkpt>
      <trkpt lat="66.373511" lon="14.381792"></trkpt>
      <trkpt lat="66.373755" lon="14.382848"></trkpt>
      <trkpt lat="66.373824" lon="14.383166"></trkpt>
      <trkpt lat="66.373917" lon="14.383629"></trkpt>
      <trkpt lat="66.373984" lon="14.383996"></trkpt>
      <trkpt lat="66.374068" lon="14.384490"></trkpt>
      <trkpt lat="66.374333" lon="14.386162"></trkpt>
      <trkpt lat="66.374399" lon="14.386541"></trkpt>
      <trkpt lat="66.374476" lon="14.386942"></trkpt>
      <trkpt lat="66.374537" lon="14.387226"></trkpt>
      <trkpt lat="66.374629" lon="14.387603"></trkpt>
      <trkpt lat="66.374705" lon="14.387877"></trkpt>
      <trkpt lat="66.374829" lon="14.388270"></trkpt>
      <trkpt lat="66.374918" lon="14.388519"></trkpt>
      <trkpt lat="66.374980" lon="14.388678"></trkpt>
      <trkpt lat="66.375111" lon="14.388982"></trkpt>
      <trkpt lat="66.375231" lon="14.389229"></trkpt>
      <trkpt lat="66.375321" lon="14.389395"></trkpt>
      <trkpt lat="66.375488" lon="14.389669"></trkpt>
      <trkpt lat="66.375640" lon="14.389882"></trkpt>
      <trkpt lat="66.375832" lon="14.390113"></trkpt>
      <trkpt lat="66.375988" lon="14.390282"></trkpt>
      <trkpt lat="66.376562" lon="14.390862"></trkpt>
      <trkpt lat="66.379613" lon="14.393936"></trkpt>
      <trkpt lat="66.379812" lon="14.394124"></trkpt>
      <trkpt lat="66.379974" lon="14.394259"></trkpt>
      <trkpt lat="66.380097" lon="14.394348"></trkpt>
      <trkpt lat="66.380223" lon="14.394423"></trkpt>
      <trkpt lat="66.380384" lon="14.394495"></trkpt>
      <trkpt lat="66.380511" lon="14.394537"></trkpt>
      <trkpt lat="66.380680" lon="14.394577"></trkpt>
      <trkpt lat="66.380808" lon="14.394599"></trkpt>
      <trkpt lat="66.381570" lon="14.394704"></trkpt>
      <trkpt lat="66.383473" lon="14.394953"></trkpt>
      <trkpt lat="66.383784" lon="14.394977"></trkpt>
      <trkpt lat="66.383992" lon="14.394977"></trkpt>
      <trkpt lat="66.384135" lon="14.394967"></trkpt>
      <trkpt lat="66.384291" lon="14.394947"></trkpt>
      <trkpt lat="66.384478" lon="14.394910"></trkpt>
      <trkpt lat="66.384720" lon="14.394842"></trkpt>
      <trkpt lat="66.384911" lon="14.394774"></trkpt>
      <trkpt lat="66.385134" lon="14.394681"></trkpt>
      <trkpt lat="66.385339" lon="14.394586"></trkpt>
      <trkpt lat="66.385544" lon="14.394483"></trkpt>
      <trkpt lat="66.385988" lon="14.394245"></trkpt>
      <trkpt lat="66.386078" lon="14.394201"></trkpt>
      <trkpt lat="66.386344" lon="14.394089"></trkpt>
      <trkpt lat="66.386579" lon="14.394017"></trkpt>
      <trkpt lat="66.386865" lon="14.393969"></trkpt>
      <trkpt lat="66.387435" lon="14.393897"></trkpt>
      <trkpt lat="66.387671" lon="14.393844"></trkpt>
      <trkpt lat="66.387747" lon="14.393827"></trkpt>
      <trkpt lat="66.387921" lon="14.393769"></trkpt>
      <trkpt lat="66.388053" lon="14.393724"></trkpt>
      <trkpt lat="66.388402" lon="14.393565"></trkpt>
      <trkpt lat="66.389052" lon="14.393236"></trkpt>
      <trkpt lat="66.389361" lon="14.393113"></trkpt>
      <trkpt lat="66.389669" lon="14.393025"></trkpt>
      <trkpt lat="66.389978" lon="14.392975"></trkpt>
      <trkpt lat="66.390288" lon="14.392958"></trkpt>
      <trkpt lat="66.390597" lon="14.392975"></trkpt>
      <trkpt lat="66.390905" lon="14.393030"></trkpt>
      <trkpt lat="66.391212" lon="14.393119"></trkpt>
      <trkpt lat="66.391518" lon="14.393246"></trkpt>
      <trkpt lat="66.391838" lon="14.393415"></trkpt>
      <trkpt lat="66.392299" lon="14.393702"></trkpt>
      <trkpt lat="66.396290" lon="14.396345"></trkpt>
      <trkpt lat="66.396870" lon="14.396740"></trkpt>
      <trkpt lat="66.397199" lon="14.396994"></trkpt>
      <trkpt lat="66.397499" lon="14.397264"></trkpt>
      <trkpt lat="66.397793" lon="14.397566"></trkpt>
      <trkpt lat="66.398081" lon="14.397900"></trkpt>
      <trkpt lat="66.398383" lon="14.398293"></trkpt>
      <trkpt lat="66.398751" lon="14.398810"></trkpt>
      <trkpt lat="66.398904" lon="14.399038"></trkpt>
      <trkpt lat="66.398991" lon="14.399169"></trkpt>
      <trkpt lat="66.399396" lon="14.399781"></trkpt>
      <trkpt lat="66.399572" lon="14.400066"></trkpt>
      <trkpt lat="66.399710" lon="14.400308"></trkpt>
      <trkpt lat="66.399811" lon="14.400502"></trkpt>
      <trkpt lat="66.399909" lon="14.400706"></trkpt>
      <trkpt lat="66.400034" lon="14.400995"></trkpt>
      <trkpt lat="66.400124" lon="14.401222"></trkpt>
      <trkpt lat="66.400210" lon="14.401458"></trkpt>
      <trkpt lat="66.400292" lon="14.401702"></trkpt>
      <trkpt lat="66.400370" lon="14.401955"></trkpt>
      <trkpt lat="66.400444" lon="14.402215"></trkpt>
      <trkpt lat="66.400513" lon="14.402483"></trkpt>
      <trkpt lat="66.400599" lon="14.402851"></trkpt>
      <trkpt lat="66.400676" lon="14.403225"></trkpt>
      <trkpt lat="66.400763" lon="14.403702"></trkpt>
      <trkpt lat="66.400784" lon="14.403829"></trkpt>
      <trkpt lat="66.400859" lon="14.404284"></trkpt>
      <trkpt lat="66.401220" lon="14.406550"></trkpt>
      <trkpt lat="66.401222" lon="14.406560"></trkpt>
      <trkpt lat="66.401571" lon="14.408738"></trkpt>
      <trkpt lat="66.401735" lon="14.409694"></trkpt>
      <trkpt lat="66.401868" lon="14.410394"></trkpt>
      <trkpt lat="66.401959" lon="14.410844"></trkpt>
      <trkpt lat="66.402266" lon="14.412316"></trkpt>
      <trkpt lat="66.402365" lon="14.412823"></trkpt>
      <trkpt lat="66.402451" lon="14.413306"></trkpt>
      <trkpt lat="66.402536" lon="14.413836"></trkpt>
      <trkpt lat="66.402612" lon="14.414374"></trkpt>
      <trkpt lat="66.402689" lon="14.415012"></trkpt>
      <trkpt lat="66.402727" lon="14.415381"></trkpt>
      <trkpt lat="66.402761" lon="14.415752"></trkpt>
      <trkpt lat="66.402797" lon="14.416218"></trkpt>
      <trkpt lat="66.402816" lon="14.416500"></trkpt>
      <trkpt lat="66.402837" lon="14.416877"></trkpt>
      <trkpt lat="66.402854" lon="14.417255"></trkpt>
      <trkpt lat="66.402869" lon="14.417729"></trkpt>
      <trkpt lat="66.402875" lon="14.418014"></trkpt>
      <trkpt lat="66.402879" lon="14.418490"></trkpt>
      <trkpt lat="66.402878" lon="14.418764"></trkpt>
      <trkpt lat="66.402861" lon="14.418902"></trkpt>
      <trkpt lat="66.402848" lon="14.419455"></trkpt>
      <trkpt lat="66.402820" lon="14.420091"></trkpt>
      <trkpt lat="66.402741" lon="14.421337"></trkpt>
      <trkpt lat="66.402701" lon="14.422173"></trkpt>
      <trkpt lat="66.402686" lon="14.422497"></trkpt>
      <trkpt lat="66.402617" lon="14.424012"></trkpt>
      <trkpt lat="66.402596" lon="14.424558"></trkpt>
      <trkpt lat="66.402580" lon="14.425224"></trkpt>
      <trkpt lat="66.402571" lon="14.425785"></trkpt>
      <trkpt lat="66.402581" lon="14.425939"></trkpt>
      <trkpt lat="66.402516" lon="14.427404"></trkpt>
      <trkpt lat="66.402475" lon="14.428180"></trkpt>
      <trkpt lat="66.402437" lon="14.428732"></trkpt>
      <trkpt lat="66.402406" lon="14.429093"></trkpt>
      <trkpt lat="66.402363" lon="14.429522"></trkpt>
      <trkpt lat="66.402313" lon="14.429947"></trkpt>
      <trkpt lat="66.402236" lon="14.430505"></trkpt>
      <trkpt lat="66.402182" lon="14.430848"></trkpt>
      <trkpt lat="66.402121" lon="14.431200"></trkpt>
      <trkpt lat="66.402041" lon="14.431625"></trkpt>
      <trkpt lat="66.401885" lon="14.432381"></trkpt>
      <trkpt lat="66.401029" lon="14.436412"></trkpt>
      <trkpt lat="66.400906" lon="14.437036"></trkpt>
      <trkpt lat="66.400846" lon="14.437366"></trkpt>
      <trkpt lat="66.400800" lon="14.437639"></trkpt>
      <trkpt lat="66.400707" lon="14.438252"></trkpt>
      <trkpt lat="66.400677" lon="14.438473"></trkpt>
      <trkpt lat="66.400625" lon="14.438898"></trkpt>
      <trkpt lat="66.400579" lon="14.439328"></trkpt>
      <trkpt lat="66.400539" lon="14.439761"></trkpt>
      <trkpt lat="66.400516" lon="14.440052"></trkpt>
      <trkpt lat="66.400487" lon="14.440490"></trkpt>
      <trkpt lat="66.400464" lon="14.440931"></trkpt>
      <trkpt lat="66.400452" lon="14.441226"></trkpt>
      <trkpt lat="66.400439" lon="14.441715"></trkpt>
      <trkpt lat="66.400434" lon="14.442114"></trkpt>
      <trkpt lat="66.400434" lon="14.442414"></trkpt>
      <trkpt lat="66.400442" lon="14.443002"></trkpt>
      <trkpt lat="66.400450" lon="14.443298"></trkpt>
      <trkpt lat="66.400471" lon="14.443808"></trkpt>
      <trkpt lat="66.400492" lon="14.444181"></trkpt>
      <trkpt lat="66.400512" lon="14.444473"></trkpt>
      <trkpt lat="66.400534" lon="14.444764"></trkpt>
      <trkpt lat="66.400573" lon="14.445198"></trkpt>
      <trkpt lat="66.400618" lon="14.445627"></trkpt>
      <trkpt lat="66.400652" lon="14.445912"></trkpt>
      <trkpt lat="66.400688" lon="14.446194"></trkpt>
      <trkpt lat="66.400767" lon="14.446740"></trkpt>
      <trkpt lat="66.400892" lon="14.447491"></trkpt>
      <trkpt lat="66.401804" lon="14.452529"></trkpt>
      <trkpt lat="66.401967" lon="14.453400"></trkpt>
      <trkpt lat="66.402082" lon="14.453969"></trkpt>
      <trkpt lat="66.402214" lon="14.454561"></trkpt>
      <trkpt lat="66.402332" lon="14.455045"></trkpt>
      <trkpt lat="66.402455" lon="14.455518"></trkpt>
      <trkpt lat="66.402585" lon="14.455980"></trkpt>
      <trkpt lat="66.402666" lon="14.456252"></trkpt>
      <trkpt lat="66.402806" lon="14.456697"></trkpt>
      <trkpt lat="66.402893" lon="14.456958"></trkpt>
      <trkpt lat="66.403103" lon="14.457549"></trkpt>
      <trkpt lat="66.403228" lon="14.457875"></trkpt>
      <trkpt lat="66.403357" lon="14.458194"></trkpt>
      <trkpt lat="66.403489" lon="14.458503"></trkpt>
      <trkpt lat="66.403624" lon="14.458803"></trkpt>
      <trkpt lat="66.403869" lon="14.459307"></trkpt>
      <trkpt lat="66.404005" lon="14.459568"></trkpt>
      <trkpt lat="66.404144" lon="14.459823"></trkpt>
      <trkpt lat="66.404746" lon="14.460897"></trkpt>
      <trkpt lat="66.404955" lon="14.461298"></trkpt>
      <trkpt lat="66.405123" lon="14.461651"></trkpt>
      <trkpt lat="66.405222" lon="14.461878"></trkpt>
      <trkpt lat="66.405352" lon="14.462197"></trkpt>
      <trkpt lat="66.405432" lon="14.462411"></trkpt>
      <trkpt lat="66.405529" lon="14.462686"></trkpt>
      <trkpt lat="66.405629" lon="14.462992"></trkpt>
      <trkpt lat="66.405693" lon="14.463202"></trkpt>
      <trkpt lat="66.405784" lon="14.463524"></trkpt>
      <trkpt lat="66.405846" lon="14.463758"></trkpt>
      <trkpt lat="66.405926" lon="14.464080"></trkpt>
      <trkpt lat="66.406004" lon="14.464425"></trkpt>
      <trkpt lat="66.406055" lon="14.464671"></trkpt>
      <trkpt lat="66.406099" lon="14.464895"></trkpt>
      <trkpt lat="66.406164" lon="14.465256"></trkpt>
      <trkpt lat="66.406241" lon="14.465746"></trkpt>
      <trkpt lat="66.406308" lon="14.466245"></trkpt>
      <trkpt lat="66.406365" lon="14.466753"></trkpt>
      <trkpt lat="66.406400" lon="14.467138"></trkpt>
      <trkpt lat="66.406438" lon="14.467657"></trkpt>
      <trkpt lat="66.406459" lon="14.468049"></trkpt>
      <trkpt lat="66.406474" lon="14.468442"></trkpt>
      <trkpt lat="66.406480" lon="14.468705"></trkpt>
      <trkpt lat="66.406484" lon="14.468968"></trkpt>
      <trkpt lat="66.406485" lon="14.469336"></trkpt>
      <trkpt lat="66.406483" lon="14.469573"></trkpt>
      <trkpt lat="66.406471" lon="14.470163"></trkpt>
      <trkpt lat="66.406453" lon="14.470752"></trkpt>
      <trkpt lat="66.406389" lon="14.472632"></trkpt>
      <trkpt lat="66.406370" lon="14.472757"></trkpt>
      <trkpt lat="66.406346" lon="14.473338"></trkpt>
      <trkpt lat="66.406324" lon="14.473787"></trkpt>
      <trkpt lat="66.406304" lon="14.474307"></trkpt>
      <trkpt lat="66.406252" lon="14.475846"></trkpt>
      <trkpt lat="66.406218" lon="14.476850"></trkpt>
      <trkpt lat="66.406190" lon="14.478031"></trkpt>
      <trkpt lat="66.406202" lon="14.478136"></trkpt>
      <trkpt lat="66.406178" lon="14.478747"></trkpt>
      <trkpt lat="66.406152" lon="14.479343"></trkpt>
      <trkpt lat="66.406127" lon="14.479777"></trkpt>
      <trkpt lat="66.406100" lon="14.480171"></trkpt>
      <trkpt lat="66.406051" lon="14.480769"></trkpt>
      <trkpt lat="66.406000" lon="14.481310"></trkpt>
      <trkpt lat="66.405866" lon="14.482650"></trkpt>
      <trkpt lat="66.405803" lon="14.483354"></trkpt>
      <trkpt lat="66.405765" lon="14.483850"></trkpt>
      <trkpt lat="66.405727" lon="14.484491"></trkpt>
      <trkpt lat="66.405701" lon="14.485136"></trkpt>
      <trkpt lat="66.405686" lon="14.485891"></trkpt>
      <trkpt lat="66.405686" lon="14.486539"></trkpt>
      <trkpt lat="66.405693" lon="14.486971"></trkpt>
      <trkpt lat="66.405713" lon="14.487617"></trkpt>
      <trkpt lat="66.405745" lon="14.488260"></trkpt>
      <trkpt lat="66.405789" lon="14.488898"></trkpt>
      <trkpt lat="66.405825" lon="14.489321"></trkpt>
      <trkpt lat="66.405877" lon="14.489845"></trkpt>
      <trkpt lat="66.405951" lon="14.490467"></trkpt>
      <trkpt lat="66.406025" lon="14.491014"></trkpt>
      <trkpt lat="66.406370" lon="14.493277"></trkpt>
      <trkpt lat="66.406480" lon="14.494075"></trkpt>
      <trkpt lat="66.406555" lon="14.494704"></trkpt>
      <trkpt lat="66.406623" lon="14.495370"></trkpt>
      <trkpt lat="66.406666" lon="14.495874"></trkpt>
      <trkpt lat="66.406719" lon="14.496627"></trkpt>
      <trkpt lat="66.406740" lon="14.497020"></trkpt>
      <trkpt lat="66.406773" lon="14.497798"></trkpt>
      <trkpt lat="66.406801" lon="14.498709"></trkpt>
      <trkpt lat="66.406875" lon="14.501411"></trkpt>
      <trkpt lat="66.406885" lon="14.501739"></trkpt>
      <trkpt lat="66.406905" lon="14.502382"></trkpt>
      <trkpt lat="66.406964" lon="14.504026"></trkpt>
      <trkpt lat="66.407022" lon="14.505416"></trkpt>
      <trkpt lat="66.407046" lon="14.505963"></trkpt>
      <trkpt lat="66.407057" lon="14.506201"></trkpt>
      <trkpt lat="66.407143" lon="14.507938"></trkpt>
      <trkpt lat="66.407227" lon="14.509445"></trkpt>
      <trkpt lat="66.407352" lon="14.511666"></trkpt>
      <trkpt lat="66.407425" lon="14.512997"></trkpt>
      <trkpt lat="66.407460" lon="14.513775"></trkpt>
      <trkpt lat="66.407484" lon="14.514398"></trkpt>
      <trkpt lat="66.407506" lon="14.515097"></trkpt>
      <trkpt lat="66.407529" lon="14.516116"></trkpt>
      <trkpt lat="66.407516" lon="14.516271"></trkpt>
      <trkpt lat="66.407519" lon="14.516812"></trkpt>
      <trkpt lat="66.407514" lon="14.517347"></trkpt>
      <trkpt lat="66.407491" lon="14.518253"></trkpt>
      <trkpt lat="66.407485" lon="14.518711"></trkpt>
      <trkpt lat="66.407477" lon="14.519179"></trkpt>
      <trkpt lat="66.407466" lon="14.519553"></trkpt>
      <trkpt lat="66.407454" lon="14.519880"></trkpt>
      <trkpt lat="66.407430" lon="14.520321"></trkpt>
      <trkpt lat="66.407408" lon="14.520646"></trkpt>
      <trkpt lat="66.407374" lon="14.521065"></trkpt>
      <trkpt lat="66.407294" lon="14.521882"></trkpt>
      <trkpt lat="66.407247" lon="14.522295"></trkpt>
      <trkpt lat="66.407220" lon="14.522502"></trkpt>
      <trkpt lat="66.407161" lon="14.522897"></trkpt>
      <trkpt lat="66.407112" lon="14.523183"></trkpt>
      <trkpt lat="66.407043" lon="14.523537"></trkpt>
      <trkpt lat="66.406963" lon="14.523904"></trkpt>
      <trkpt lat="66.406932" lon="14.524106"></trkpt>
      <trkpt lat="66.406911" lon="14.524193"></trkpt>
      <trkpt lat="66.406844" lon="14.524450"></trkpt>
      <trkpt lat="66.406774" lon="14.524702"></trkpt>
      <trkpt lat="66.406676" lon="14.525029"></trkpt>
      <trkpt lat="66.406599" lon="14.525268"></trkpt>
      <trkpt lat="66.406519" lon="14.525501"></trkpt>
      <trkpt lat="66.406361" lon="14.525923"></trkpt>
      <trkpt lat="66.406204" lon="14.526298"></trkpt>
      <trkpt lat="66.406083" lon="14.526565"></trkpt>
      <trkpt lat="66.405579" lon="14.527609"></trkpt>
      <trkpt lat="66.405562" lon="14.527645"></trkpt>
      <trkpt lat="66.405443" lon="14.527902"></trkpt>
      <trkpt lat="66.405332" lon="14.528154"></trkpt>
      <trkpt lat="66.405267" lon="14.528307"></trkpt>
      <trkpt lat="66.405177" lon="14.528532"></trkpt>
      <trkpt lat="66.405076" lon="14.528748"></trkpt>
      <trkpt lat="66.404966" lon="14.529057"></trkpt>
      <trkpt lat="66.404879" lon="14.529319"></trkpt>
      <trkpt lat="66.404741" lon="14.529770"></trkpt>
      <trkpt lat="66.404637" lon="14.530142"></trkpt>
      <trkpt lat="66.404539" lon="14.530524"></trkpt>
      <trkpt lat="66.404425" lon="14.531015"></trkpt>
      <trkpt lat="66.404341" lon="14.531417"></trkpt>
      <trkpt lat="66.404280" lon="14.531729"></trkpt>
      <trkpt lat="66.404256" lon="14.531872"></trkpt>
      <trkpt lat="66.404134" lon="14.532563"></trkpt>
      <trkpt lat="66.404045" lon="14.533106"></trkpt>
      <trkpt lat="66.403966" lon="14.533617"></trkpt>
      <trkpt lat="66.403894" lon="14.534119"></trkpt>
      <trkpt lat="66.403776" lon="14.534990"></trkpt>
      <trkpt lat="66.403715" lon="14.535362"></trkpt>
      <trkpt lat="66.403649" lon="14.535692"></trkpt>
      <trkpt lat="66.403629" lon="14.535865"></trkpt>
      <trkpt lat="66.403617" lon="14.535917"></trkpt>
      <trkpt lat="66.403552" lon="14.536174"></trkpt>
      <trkpt lat="66.403467" lon="14.536471"></trkpt>
      <trkpt lat="66.403390" lon="14.536707"></trkpt>
      <trkpt lat="66.403302" lon="14.536948"></trkpt>
      <trkpt lat="66.403186" lon="14.537228"></trkpt>
      <trkpt lat="66.403090" lon="14.537431"></trkpt>
      <trkpt lat="66.402957" lon="14.537679"></trkpt>
      <trkpt lat="66.402875" lon="14.537812"></trkpt>
      <trkpt lat="66.402749" lon="14.537995"></trkpt>
      <trkpt lat="66.402662" lon="14.538105"></trkpt>
      <trkpt lat="66.402528" lon="14.538253"></trkpt>
      <trkpt lat="66.402437" lon="14.538339"></trkpt>
      <trkpt lat="66.402345" lon="14.538415"></trkpt>
      <trkpt lat="66.402204" lon="14.538510"></trkpt>
      <trkpt lat="66.402061" lon="14.538583"></trkpt>
      <trkpt lat="66.401964" lon="14.538618"></trkpt>
      <trkpt lat="66.401819" lon="14.538651"></trkpt>
      <trkpt lat="66.401697" lon="14.538661"></trkpt>
      <trkpt lat="66.401575" lon="14.538654"></trkpt>
      <trkpt lat="66.401502" lon="14.538642"></trkpt>
      <trkpt lat="66.401357" lon="14.538600"></trkpt>
      <trkpt lat="66.401237" lon="14.538547"></trkpt>
      <trkpt lat="66.401072" lon="14.538446"></trkpt>
      <trkpt lat="66.400979" lon="14.538374"></trkpt>
      <trkpt lat="66.400882" lon="14.538287"></trkpt>
      <trkpt lat="66.400737" lon="14.538136"></trkpt>
      <trkpt lat="66.400666" lon="14.538052"></trkpt>
      <trkpt lat="66.400596" lon="14.537965"></trkpt>
      <trkpt lat="66.400458" lon="14.537778"></trkpt>
      <trkpt lat="66.400256" lon="14.537477"></trkpt>
      <trkpt lat="66.399300" lon="14.535934"></trkpt>
      <trkpt lat="66.398758" lon="14.535082"></trkpt>
      <trkpt lat="66.398342" lon="14.534445"></trkpt>
      <trkpt lat="66.397793" lon="14.533629"></trkpt>
      <trkpt lat="66.397313" lon="14.532937"></trkpt>
      <trkpt lat="66.396935" lon="14.532406"></trkpt>
      <trkpt lat="66.396387" lon="14.531657"></trkpt>
      <trkpt lat="66.395766" lon="14.530839"></trkpt>
      <trkpt lat="66.395461" lon="14.530464"></trkpt>
      <trkpt lat="66.395329" lon="14.530314"></trkpt>
      <trkpt lat="66.395187" lon="14.530163"></trkpt>
      <trkpt lat="66.395014" lon="14.529998"></trkpt>
      <trkpt lat="66.394807" lon="14.529830"></trkpt>
      <trkpt lat="66.394692" lon="14.529754"></trkpt>
      <trkpt lat="66.394595" lon="14.529696"></trkpt>
      <trkpt lat="66.394419" lon="14.529616"></trkpt>
      <trkpt lat="66.394229" lon="14.529563"></trkpt>
      <trkpt lat="66.394065" lon="14.529545"></trkpt>
      <trkpt lat="66.393945" lon="14.529548"></trkpt>
      <trkpt lat="66.393766" lon="14.529574"></trkpt>
      <trkpt lat="66.393587" lon="14.529627"></trkpt>
      <trkpt lat="66.393499" lon="14.529662"></trkpt>
      <trkpt lat="66.393323" lon="14.529751"></trkpt>
      <trkpt lat="66.393236" lon="14.529805"></trkpt>
      <trkpt lat="66.393064" lon="14.529930"></trkpt>
      <trkpt lat="66.392895" lon="14.530079"></trkpt>
      <trkpt lat="66.392811" lon="14.530162"></trkpt>
      <trkpt lat="66.392648" lon="14.530346"></trkpt>
      <trkpt lat="66.392488" lon="14.530552"></trkpt>
      <trkpt lat="66.392334" lon="14.530780"></trkpt>
      <trkpt lat="66.392259" lon="14.530902"></trkpt>
      <trkpt lat="66.392113" lon="14.531161"></trkpt>
      <trkpt lat="66.391972" lon="14.531439"></trkpt>
      <trkpt lat="66.391772" lon="14.531888"></trkpt>
      <trkpt lat="66.391580" lon="14.532359"></trkpt>
      <trkpt lat="66.390700" lon="14.534593"></trkpt>
      <trkpt lat="66.390451" lon="14.535182"></trkpt>
      <trkpt lat="66.390303" lon="14.535501"></trkpt>
      <trkpt lat="66.390101" lon="14.535905"></trkpt>
      <trkpt lat="66.389948" lon="14.536183"></trkpt>
      <trkpt lat="66.389800" lon="14.536435"></trkpt>
      <trkpt lat="66.389648" lon="14.536674"></trkpt>
      <trkpt lat="66.389493" lon="14.536900"></trkpt>
      <trkpt lat="66.389336" lon="14.537115"></trkpt>
      <trkpt lat="66.389126" lon="14.537387"></trkpt>
      <trkpt lat="66.389054" lon="14.537477"></trkpt>
      <trkpt lat="66.388933" lon="14.537627"></trkpt>
      <trkpt lat="66.388805" lon="14.537787"></trkpt>
      <trkpt lat="66.388487" lon="14.538184"></trkpt>
      <trkpt lat="66.388412" lon="14.538239"></trkpt>
      <trkpt lat="66.388161" lon="14.538578"></trkpt>
      <trkpt lat="66.387953" lon="14.538892"></trkpt>
      <trkpt lat="66.387761" lon="14.539216"></trkpt>
      <trkpt lat="66.387747" lon="14.539164"></trkpt>
      <trkpt lat="66.387715" lon="14.539049"></trkpt>
      <trkpt lat="66.387640" lon="14.538875"></trkpt>
      <trkpt lat="66.387576" lon="14.538791"></trkpt>
      <trkpt lat="66.387535" lon="14.538761"></trkpt>
      <trkpt lat="66.387489" lon="14.538797"></trkpt>
      <trkpt lat="66.387434" lon="14.538793"></trkpt>
      <trkpt lat="66.387380" lon="14.538817"></trkpt>
      <trkpt lat="66.387329" lon="14.538868"></trkpt>
      <trkpt lat="66.387294" lon="14.538922"></trkpt>
      <trkpt lat="66.387273" lon="14.538965"></trkpt>
      <trkpt lat="66.387245" lon="14.539039"></trkpt>
      <trkpt lat="66.387229" lon="14.539094"></trkpt>
      <trkpt lat="66.387209" lon="14.539184"></trkpt>
      <trkpt lat="66.387175" lon="14.539429"></trkpt>
      <trkpt lat="66.387139" lon="14.539618"></trkpt>
      <trkpt lat="66.387117" lon="14.539708"></trkpt>
      <trkpt lat="66.387080" lon="14.539835"></trkpt>
      <trkpt lat="66.387053" lon="14.539914"></trkpt>
      <trkpt lat="66.387008" lon="14.540024"></trkpt>
      <trkpt lat="66.386942" lon="14.540152"></trkpt>
      <trkpt lat="66.386888" lon="14.540234"></trkpt>
      <trkpt lat="66.386831" lon="14.540301"></trkpt>
      <trkpt lat="66.386690" lon="14.540437"></trkpt>
      <trkpt lat="66.386617" lon="14.540528"></trkpt>
      <trkpt lat="66.386546" lon="14.540632"></trkpt>
      <trkpt lat="66.386448" lon="14.540805"></trkpt>
      <trkpt lat="66.386332" lon="14.541030"></trkpt>
      <trkpt lat="66.386200" lon="14.541321"></trkpt>
      <trkpt lat="66.386108" lon="14.541548"></trkpt>
      <trkpt lat="66.386013" lon="14.541816"></trkpt>
      <trkpt lat="66.385922" lon="14.542099"></trkpt>
      <trkpt lat="66.385567" lon="14.543296"></trkpt>
      <trkpt lat="66.385366" lon="14.543946"></trkpt>
      <trkpt lat="66.385222" lon="14.544385"></trkpt>
      <trkpt lat="66.385085" lon="14.544791"></trkpt>
      <trkpt lat="66.384767" lon="14.545702"></trkpt>
      <trkpt lat="66.384712" lon="14.545874"></trkpt>
      <trkpt lat="66.384657" lon="14.546062"></trkpt>
      <trkpt lat="66.384606" lon="14.546259"></trkpt>
      <trkpt lat="66.384566" lon="14.546440"></trkpt>
      <trkpt lat="66.384516" lon="14.546701"></trkpt>
      <trkpt lat="66.384462" lon="14.547078"></trkpt>
      <trkpt lat="66.384359" lon="14.548021"></trkpt>
      <trkpt lat="66.384324" lon="14.548300"></trkpt>
      <trkpt lat="66.384185" lon="14.549243"></trkpt>
      <trkpt lat="66.384145" lon="14.549537"></trkpt>
      <trkpt lat="66.384111" lon="14.549824"></trkpt>
      <trkpt lat="66.384075" lon="14.550163"></trkpt>
      <trkpt lat="66.384045" lon="14.550510"></trkpt>
      <trkpt lat="66.384002" lon="14.551064"></trkpt>
      <trkpt lat="66.383934" lon="14.552029"></trkpt>
      <trkpt lat="66.383899" lon="14.552576"></trkpt>
      <trkpt lat="66.383833" lon="14.553474"></trkpt>
      <trkpt lat="66.383811" lon="14.553714"></trkpt>
      <trkpt lat="66.383786" lon="14.553939"></trkpt>
      <trkpt lat="66.383732" lon="14.554378"></trkpt>
      <trkpt lat="66.383688" lon="14.554687"></trkpt>
      <trkpt lat="66.383635" lon="14.555020"></trkpt>
      <trkpt lat="66.383556" lon="14.555472"></trkpt>
      <trkpt lat="66.383493" lon="14.555764"></trkpt>
      <trkpt lat="66.383427" lon="14.556037"></trkpt>
      <trkpt lat="66.383351" lon="14.556283"></trkpt>
      <trkpt lat="66.383267" lon="14.556501"></trkpt>
      <trkpt lat="66.383149" lon="14.556735"></trkpt>
      <trkpt lat="66.383034" lon="14.556934"></trkpt>
      <trkpt lat="66.382896" lon="14.557153"></trkpt>
      <trkpt lat="66.382800" lon="14.557287"></trkpt>
      <trkpt lat="66.382701" lon="14.557416"></trkpt>
      <trkpt lat="66.382291" lon="14.557911"></trkpt>
      <trkpt lat="66.382174" lon="14.558071"></trkpt>
      <trkpt lat="66.382074" lon="14.558239"></trkpt>
      <trkpt lat="66.382004" lon="14.558371"></trkpt>
      <trkpt lat="66.381985" lon="14.558414"></trkpt>
      <trkpt lat="66.381935" lon="14.558528"></trkpt>
      <trkpt lat="66.381852" lon="14.558749"></trkpt>
      <trkpt lat="66.381767" lon="14.559042"></trkpt>
      <trkpt lat="66.381716" lon="14.559252"></trkpt>
      <trkpt lat="66.381663" lon="14.559521"></trkpt>
      <trkpt lat="66.381610" lon="14.559860"></trkpt>
      <trkpt lat="66.381470" lon="14.560875"></trkpt>
      <trkpt lat="66.381398" lon="14.561283"></trkpt>
      <trkpt lat="66.381359" lon="14.561460"></trkpt>
      <trkpt lat="66.381301" lon="14.561686"></trkpt>
      <trkpt lat="66.381219" lon="14.561950"></trkpt>
      <trkpt lat="66.381152" lon="14.562129"></trkpt>
      <trkpt lat="66.381209" lon="14.562302"></trkpt>
      <trkpt lat="66.381221" lon="14.562354"></trkpt>
      <trkpt lat="66.381233" lon="14.562437"></trkpt>
      <trkpt lat="66.381236" lon="14.562524"></trkpt>
      <trkpt lat="66.381232" lon="14.562595"></trkpt>
      <trkpt lat="66.381203" lon="14.562841"></trkpt>
      <trkpt lat="66.381188" lon="14.563016"></trkpt>
      <trkpt lat="66.381178" lon="14.563170"></trkpt>
      <trkpt lat="66.381169" lon="14.563430"></trkpt>
      <trkpt lat="66.381167" lon="14.563567"></trkpt>
      <trkpt lat="66.381170" lon="14.563737"></trkpt>
      <trkpt lat="66.381178" lon="14.563913"></trkpt>
      <trkpt lat="66.381194" lon="14.564139"></trkpt>
      <trkpt lat="66.381251" lon="14.564791"></trkpt>
      <trkpt lat="66.381266" lon="14.564933"></trkpt>
      <trkpt lat="66.381274" lon="14.564994"></trkpt>
      <trkpt lat="66.381326" lon="14.565370"></trkpt>
      <trkpt lat="66.381389" lon="14.565929"></trkpt>
      <trkpt lat="66.381421" lon="14.566241"></trkpt>
      <trkpt lat="66.381459" lon="14.566711"></trkpt>
      <trkpt lat="66.381474" lon="14.566961"></trkpt>
      <trkpt lat="66.381489" lon="14.567380"></trkpt>
      <trkpt lat="66.381491" lon="14.567744"></trkpt>
      <trkpt lat="66.381481" lon="14.568111"></trkpt>
      <trkpt lat="66.381455" lon="14.568561"></trkpt>
      <trkpt lat="66.381414" lon="14.569016"></trkpt>
      <trkpt lat="66.381387" lon="14.569234"></trkpt>
      <trkpt lat="66.381344" lon="14.569530"></trkpt>
      <trkpt lat="66.381286" lon="14.569855"></trkpt>
      <trkpt lat="66.381241" lon="14.570074"></trkpt>
      <trkpt lat="66.381165" lon="14.570392"></trkpt>
      <trkpt lat="66.381083" lon="14.570687"></trkpt>
      <trkpt lat="66.380977" lon="14.571019"></trkpt>
      <trkpt lat="66.380866" lon="14.571316"></trkpt>
      <trkpt lat="66.380766" lon="14.571554"></trkpt>
      <trkpt lat="66.380605" lon="14.571908"></trkpt>
      <trkpt lat="66.380099" lon="14.572926"></trkpt>
      <trkpt lat="66.379638" lon="14.573874"></trkpt>
      <trkpt lat="66.379435" lon="14.574305"></trkpt>
      <trkpt lat="66.379352" lon="14.574505"></trkpt>
      <trkpt lat="66.379265" lon="14.574746"></trkpt>
      <trkpt lat="66.379192" lon="14.574982"></trkpt>
      <trkpt lat="66.379110" lon="14.575299"></trkpt>
      <trkpt lat="66.379043" lon="14.575618"></trkpt>
      <trkpt lat="66.378986" lon="14.575933"></trkpt>
      <trkpt lat="66.378971" lon="14.576042"></trkpt>
      <trkpt lat="66.378941" lon="14.576247"></trkpt>
      <trkpt lat="66.378903" lon="14.576582"></trkpt>
      <trkpt lat="66.378849" lon="14.577185"></trkpt>
      <trkpt lat="66.378824" lon="14.577518"></trkpt>
      <trkpt lat="66.378804" lon="14.577838"></trkpt>
      <trkpt lat="66.378772" lon="14.578485"></trkpt>
      <trkpt lat="66.378679" lon="14.580676"></trkpt>
      <trkpt lat="66.378592" lon="14.582839"></trkpt>
      <trkpt lat="66.378497" lon="14.585402"></trkpt>
      <trkpt lat="66.378479" lon="14.585761"></trkpt>
      <trkpt lat="66.378457" lon="14.586302"></trkpt>
      <trkpt lat="66.378432" lon="14.587043"></trkpt>
      <trkpt lat="66.378423" lon="14.587410"></trkpt>
      <trkpt lat="66.378420" lon="14.587761"></trkpt>
      <trkpt lat="66.378421" lon="14.588239"></trkpt>
      <trkpt lat="66.378446" lon="14.589764"></trkpt>
      <trkpt lat="66.378462" lon="14.590419"></trkpt>
      <trkpt lat="66.378474" lon="14.590752"></trkpt>
      <trkpt lat="66.378577" lon="14.592808"></trkpt>
      <trkpt lat="66.378596" lon="14.593127"></trkpt>
      <trkpt lat="66.378687" lon="14.594427"></trkpt>
      <trkpt lat="66.378738" lon="14.595213"></trkpt>
      <trkpt lat="66.378784" lon="14.595769"></trkpt>
      <trkpt lat="66.378817" lon="14.596059"></trkpt>
      <trkpt lat="66.378844" lon="14.596263"></trkpt>
      <trkpt lat="66.378888" lon="14.596544"></trkpt>
      <trkpt lat="66.379143" lon="14.597954"></trkpt>
      <trkpt lat="66.379181" lon="14.598199"></trkpt>
      <trkpt lat="66.379240" lon="14.598656"></trkpt>
      <trkpt lat="66.379297" lon="14.599238"></trkpt>
      <trkpt lat="66.379338" lon="14.599772"></trkpt>
      <trkpt lat="66.379357" lon="14.600078"></trkpt>
      <trkpt lat="66.379372" lon="14.600468"></trkpt>
      <trkpt lat="66.379382" lon="14.601030"></trkpt>
      <trkpt lat="66.379381" lon="14.601866"></trkpt>
      <trkpt lat="66.379378" lon="14.602167"></trkpt>
      <trkpt lat="66.379381" lon="14.602560"></trkpt>
      <trkpt lat="66.379390" lon="14.602821"></trkpt>
      <trkpt lat="66.379403" lon="14.603003"></trkpt>
      <trkpt lat="66.379429" lon="14.603284"></trkpt>
      <trkpt lat="66.379451" lon="14.603453"></trkpt>
      <trkpt lat="66.379488" lon="14.603694"></trkpt>
      <trkpt lat="66.379536" lon="14.603915"></trkpt>
      <trkpt lat="66.379608" lon="14.604221"></trkpt>
      <trkpt lat="66.379685" lon="14.604517"></trkpt>
      <trkpt lat="66.379769" lon="14.604818"></trkpt>
      <trkpt lat="66.379853" lon="14.605111"></trkpt>
      <trkpt lat="66.380071" lon="14.605830"></trkpt>
      <trkpt lat="66.380305" lon="14.606558"></trkpt>
      <trkpt lat="66.380511" lon="14.607225"></trkpt>
      <trkpt lat="66.380626" lon="14.607637"></trkpt>
      <trkpt lat="66.380706" lon="14.607990"></trkpt>
      <trkpt lat="66.380819" lon="14.608554"></trkpt>
      <trkpt lat="66.380948" lon="14.609271"></trkpt>
      <trkpt lat="66.381460" lon="14.612304"></trkpt>
      <trkpt lat="66.381627" lon="14.613242"></trkpt>
      <trkpt lat="66.381727" lon="14.613761"></trkpt>
      <trkpt lat="66.381880" lon="14.614492"></trkpt>
      <trkpt lat="66.381858" lon="14.614589"></trkpt>
      <trkpt lat="66.381812" lon="14.614790"></trkpt>
      <trkpt lat="66.381786" lon="14.614998"></trkpt>
      <trkpt lat="66.381776" lon="14.615224"></trkpt>
      <trkpt lat="66.381773" lon="14.615728"></trkpt>
      <trkpt lat="66.381763" lon="14.615940"></trkpt>
      <trkpt lat="66.381721" lon="14.616355"></trkpt>
      <trkpt lat="66.381655" lon="14.616673"></trkpt>
      <trkpt lat="66.381582" lon="14.616896"></trkpt>
      <trkpt lat="66.381583" lon="14.616914"></trkpt>
      <trkpt lat="66.381583" lon="14.616914"></trkpt>
      <trkpt lat="66.381582" lon="14.616896"></trkpt>
      <trkpt lat="66.381655" lon="14.616673"></trkpt>
      <trkpt lat="66.381721" lon="14.616355"></trkpt>
      <trkpt lat="66.381763" lon="14.615940"></trkpt>
      <trkpt lat="66.381773" lon="14.615728"></trkpt>
      <trkpt lat="66.381776" lon="14.615224"></trkpt>
      <trkpt lat="66.381786" lon="14.614998"></trkpt>
      <trkpt lat="66.381812" lon="14.614790"></trkpt>
      <trkpt lat="66.381858" lon="14.614589"></trkpt>
      <trkpt lat="66.381880" lon="14.614492"></trkpt>
      <trkpt lat="66.381727" lon="14.613761"></trkpt>
      <trkpt lat="66.381627" lon="14.613242"></trkpt>
      <trkpt lat="66.381460" lon="14.612304"></trkpt>
      <trkpt lat="66.380948" lon="14.609271"></trkpt>
      <trkpt lat="66.380819" lon="14.608554"></trkpt>
      <trkpt lat="66.380706" lon="14.607990"></trkpt>
      <trkpt lat="66.380626" lon="14.607637"></trkpt>
      <trkpt lat="66.380511" lon="14.607225"></trkpt>
      <trkpt lat="66.380305" lon="14.606558"></trkpt>
      <trkpt lat="66.380071" lon="14.605830"></trkpt>
      <trkpt lat="66.379853" lon="14.605111"></trkpt>
      <trkpt lat="66.379769" lon="14.604818"></trkpt>
      <trkpt lat="66.379685" lon="14.604517"></trkpt>
      <trkpt lat="66.379608" lon="14.604221"></trkpt>
      <trkpt lat="66.379536" lon="14.603915"></trkpt>
      <trkpt lat="66.379488" lon="14.603694"></trkpt>
      <trkpt lat="66.379451" lon="14.603453"></trkpt>
      <trkpt lat="66.379429" lon="14.603284"></trkpt>
      <trkpt lat="66.379403" lon="14.603003"></trkpt>
      <trkpt lat="66.379390" lon="14.602821"></trkpt>
      <trkpt lat="66.379381" lon="14.602560"></trkpt>
      <trkpt lat="66.379378" lon="14.602167"></trkpt>
      <trkpt lat="66.379381" lon="14.601866"></trkpt>
      <trkpt lat="66.379382" lon="14.601030"></trkpt>
      <trkpt lat="66.379372" lon="14.600468"></trkpt>
      <trkpt lat="66.379357" lon="14.600078"></trkpt>
      <trkpt lat="66.379338" lon="14.599772"></trkpt>
      <trkpt lat="66.379297" lon="14.599238"></trkpt>
      <trkpt lat="66.379240" lon="14.598656"></trkpt>
      <trkpt lat="66.379181" lon="14.598199"></trkpt>
      <trkpt lat="66.379143" lon="14.597954"></trkpt>
      <trkpt lat="66.378888" lon="14.596544"></trkpt>
      <trkpt lat="66.378844" lon="14.596263"></trkpt>
      <trkpt lat="66.378817" lon="14.596059"></trkpt>
      <trkpt lat="66.378784" lon="14.595769"></trkpt>
      <trkpt lat="66.378738" lon="14.595213"></trkpt>
      <trkpt lat="66.378687" lon="14.594427"></trkpt>
      <trkpt lat="66.378596" lon="14.593127"></trkpt>
      <trkpt lat="66.378577" lon="14.592808"></trkpt>
      <trkpt lat="66.378474" lon="14.590752"></trkpt>
      <trkpt lat="66.378462" lon="14.590419"></trkpt>
      <trkpt lat="66.378446" lon="14.589764"></trkpt>
      <trkpt lat="66.378421" lon="14.588239"></trkpt>
      <trkpt lat="66.378420" lon="14.587761"></trkpt>
      <trkpt lat="66.378423" lon="14.587410"></trkpt>
      <trkpt lat="66.378432" lon="14.587043"></trkpt>
      <trkpt lat="66.378457" lon="14.586302"></trkpt>
      <trkpt lat="66.378479" lon="14.585761"></trkpt>
      <trkpt lat="66.378497" lon="14.585402"></trkpt>
      <trkpt lat="66.378592" lon="14.582839"></trkpt>
      <trkpt lat="66.378679" lon="14.580676"></trkpt>
      <trkpt lat="66.378772" lon="14.578485"></trkpt>
      <trkpt lat="66.378804" lon="14.577838"></trkpt>
      <trkpt lat="66.378824" lon="14.577518"></trkpt>
      <trkpt lat="66.378849" lon="14.577185"></trkpt>
      <trkpt lat="66.378903" lon="14.576582"></trkpt>
      <trkpt lat="66.378941" lon="14.576247"></trkpt>
      <trkpt lat="66.378971" lon="14.576042"></trkpt>
      <trkpt lat="66.378986" lon="14.575933"></trkpt>
      <trkpt lat="66.379043" lon="14.575618"></trkpt>
      <trkpt lat="66.379110" lon="14.575299"></trkpt>
      <trkpt lat="66.379192" lon="14.574982"></trkpt>
      <trkpt lat="66.379265" lon="14.574746"></trkpt>
      <trkpt lat="66.379352" lon="14.574505"></trkpt>
      <trkpt lat="66.379435" lon="14.574305"></trkpt>
      <trkpt lat="66.379638" lon="14.573874"></trkpt>
      <trkpt lat="66.380099" lon="14.572926"></trkpt>
      <trkpt lat="66.380605" lon="14.571908"></trkpt>
      <trkpt lat="66.380766" lon="14.571554"></trkpt>
      <trkpt lat="66.380866" lon="14.571316"></trkpt>
      <trkpt lat="66.380977" lon="14.571019"></trkpt>
      <trkpt lat="66.381083" lon="14.570687"></trkpt>
      <trkpt lat="66.381165" lon="14.570392"></trkpt>
      <trkpt lat="66.381241" lon="14.570074"></trkpt>
      <trkpt lat="66.381286" lon="14.569855"></trkpt>
      <trkpt lat="66.381344" lon="14.569530"></trkpt>
      <trkpt lat="66.381387" lon="14.569234"></trkpt>
      <trkpt lat="66.381414" lon="14.569016"></trkpt>
      <trkpt lat="66.381455" lon="14.568561"></trkpt>
      <trkpt lat="66.381481" lon="14.568111"></trkpt>
      <trkpt lat="66.381491" lon="14.567744"></trkpt>
      <trkpt lat="66.381489" lon="14.567380"></trkpt>
      <trkpt lat="66.381474" lon="14.566961"></trkpt>
      <trkpt lat="66.381459" lon="14.566711"></trkpt>
      <trkpt lat="66.381421" lon="14.566241"></trkpt>
      <trkpt lat="66.381389" lon="14.565929"></trkpt>
      <trkpt lat="66.381326" lon="14.565370"></trkpt>
      <trkpt lat="66.381274" lon="14.564994"></trkpt>
      <trkpt lat="66.381266" lon="14.564933"></trkpt>
      <trkpt lat="66.381251" lon="14.564791"></trkpt>
      <trkpt lat="66.381194" lon="14.564139"></trkpt>
      <trkpt lat="66.381178" lon="14.563913"></trkpt>
      <trkpt lat="66.381170" lon="14.563737"></trkpt>
      <trkpt lat="66.381167" lon="14.563567"></trkpt>
      <trkpt lat="66.381169" lon="14.563430"></trkpt>
      <trkpt lat="66.381178" lon="14.563170"></trkpt>
      <trkpt lat="66.381188" lon="14.563016"></trkpt>
      <trkpt lat="66.381203" lon="14.562841"></trkpt>
      <trkpt lat="66.381232" lon="14.562595"></trkpt>
      <trkpt lat="66.381236" lon="14.562524"></trkpt>
      <trkpt lat="66.381233" lon="14.562437"></trkpt>
      <trkpt lat="66.381221" lon="14.562354"></trkpt>
      <trkpt lat="66.381209" lon="14.562302"></trkpt>
      <trkpt lat="66.381152" lon="14.562129"></trkpt>
      <trkpt lat="66.381219" lon="14.561950"></trkpt>
      <trkpt lat="66.381301" lon="14.561686"></trkpt>
      <trkpt lat="66.381359" lon="14.561460"></trkpt>
      <trkpt lat="66.381398" lon="14.561283"></trkpt>
      <trkpt lat="66.381470" lon="14.560875"></trkpt>
      <trkpt lat="66.381610" lon="14.559860"></trkpt>
      <trkpt lat="66.381663" lon="14.559521"></trkpt>
      <trkpt lat="66.381716" lon="14.559252"></trkpt>
      <trkpt lat="66.381767" lon="14.559042"></trkpt>
      <trkpt lat="66.381852" lon="14.558749"></trkpt>
      <trkpt lat="66.381935" lon="14.558528"></trkpt>
      <trkpt lat="66.381985" lon="14.558414"></trkpt>
      <trkpt lat="66.382004" lon="14.558371"></trkpt>
      <trkpt lat="66.382074" lon="14.558239"></trkpt>
      <trkpt lat="66.382174" lon="14.558071"></trkpt>
      <trkpt lat="66.382291" lon="14.557911"></trkpt>
      <trkpt lat="66.382701" lon="14.557416"></trkpt>
      <trkpt lat="66.382800" lon="14.557287"></trkpt>
      <trkpt lat="66.382896" lon="14.557153"></trkpt>
      <trkpt lat="66.383034" lon="14.556934"></trkpt>
      <trkpt lat="66.383149" lon="14.556735"></trkpt>
      <trkpt lat="66.383267" lon="14.556501"></trkpt>
      <trkpt lat="66.383351" lon="14.556283"></trkpt>
      <trkpt lat="66.383427" lon="14.556037"></trkpt>
      <trkpt lat="66.383493" lon="14.555764"></trkpt>
      <trkpt lat="66.383556" lon="14.555472"></trkpt>
      <trkpt lat="66.383635" lon="14.555020"></trkpt>
      <trkpt lat="66.383688" lon="14.554687"></trkpt>
      <trkpt lat="66.383732" lon="14.554378"></trkpt>
      <trkpt lat="66.383786" lon="14.553939"></trkpt>
      <trkpt lat="66.383811" lon="14.553714"></trkpt>
      <trkpt lat="66.383833" lon="14.553474"></trkpt>
      <trkpt lat="66.383899" lon="14.552576"></trkpt>
      <trkpt lat="66.383934" lon="14.552029"></trkpt>
      <trkpt lat="66.384002" lon="14.551064"></trkpt>
      <trkpt lat="66.384045" lon="14.550510"></trkpt>
      <trkpt lat="66.384075" lon="14.550163"></trkpt>
      <trkpt lat="66.384111" lon="14.549824"></trkpt>
      <trkpt lat="66.384145" lon="14.549537"></trkpt>
      <trkpt lat="66.384185" lon="14.549243"></trkpt>
      <trkpt lat="66.384324" lon="14.548300"></trkpt>
      <trkpt lat="66.384359" lon="14.548021"></trkpt>
      <trkpt lat="66.384462" lon="14.547078"></trkpt>
      <trkpt lat="66.384516" lon="14.546701"></trkpt>
      <trkpt lat="66.384566" lon="14.546440"></trkpt>
      <trkpt lat="66.384606" lon="14.546259"></trkpt>
      <trkpt lat="66.384657" lon="14.546062"></trkpt>
      <trkpt lat="66.384712" lon="14.545874"></trkpt>
      <trkpt lat="66.384767" lon="14.545702"></trkpt>
      <trkpt lat="66.385085" lon="14.544791"></trkpt>
      <trkpt lat="66.385222" lon="14.544385"></trkpt>
      <trkpt lat="66.385366" lon="14.543946"></trkpt>
      <trkpt lat="66.385567" lon="14.543296"></trkpt>
      <trkpt lat="66.385922" lon="14.542099"></trkpt>
      <trkpt lat="66.386013" lon="14.541816"></trkpt>
      <trkpt lat="66.386108" lon="14.541548"></trkpt>
      <trkpt lat="66.386200" lon="14.541321"></trkpt>
      <trkpt lat="66.386332" lon="14.541030"></trkpt>
      <trkpt lat="66.386448" lon="14.540805"></trkpt>
      <trkpt lat="66.386546" lon="14.540632"></trkpt>
      <trkpt lat="66.386617" lon="14.540528"></trkpt>
      <trkpt lat="66.386690" lon="14.540437"></trkpt>
      <trkpt lat="66.386831" lon="14.540301"></trkpt>
      <trkpt lat="66.386888" lon="14.540234"></trkpt>
      <trkpt lat="66.386942" lon="14.540152"></trkpt>
      <trkpt lat="66.387008" lon="14.540024"></trkpt>
      <trkpt lat="66.387053" lon="14.539914"></trkpt>
      <trkpt lat="66.387080" lon="14.539835"></trkpt>
      <trkpt lat="66.387117" lon="14.539708"></trkpt>
      <trkpt lat="66.387139" lon="14.539618"></trkpt>
      <trkpt lat="66.387175" lon="14.539429"></trkpt>
      <trkpt lat="66.387209" lon="14.539184"></trkpt>
      <trkpt lat="66.387229" lon="14.539094"></trkpt>
      <trkpt lat="66.387245" lon="14.539039"></trkpt>
      <trkpt lat="66.387273" lon="14.538965"></trkpt>
      <trkpt lat="66.387294" lon="14.538922"></trkpt>
      <trkpt lat="66.387329" lon="14.538868"></trkpt>
      <trkpt lat="66.387380" lon="14.538817"></trkpt>
      <trkpt lat="66.387434" lon="14.538793"></trkpt>
      <trkpt lat="66.387489" lon="14.538797"></trkpt>
      <trkpt lat="66.387520" lon="14.538888"></trkpt>
      <trkpt lat="66.387565" lon="14.538948"></trkpt>
      <trkpt lat="66.387597" lon="14.539010"></trkpt>
      <trkpt lat="66.387644" lon="14.539152"></trkpt>
      <trkpt lat="66.387679" lon="14.539274"></trkpt>
      <trkpt lat="66.387696" lon="14.539335"></trkpt>
      <trkpt lat="66.387766" lon="14.539414"></trkpt>
      <trkpt lat="66.388193" lon="14.538680"></trkpt>
      <trkpt lat="66.388422" lon="14.538327"></trkpt>
      <trkpt lat="66.388487" lon="14.538184"></trkpt>
      <trkpt lat="66.388805" lon="14.537787"></trkpt>
      <trkpt lat="66.388933" lon="14.537627"></trkpt>
      <trkpt lat="66.389054" lon="14.537477"></trkpt>
      <trkpt lat="66.389126" lon="14.537387"></trkpt>
      <trkpt lat="66.389336" lon="14.537115"></trkpt>
      <trkpt lat="66.389493" lon="14.536900"></trkpt>
      <trkpt lat="66.389648" lon="14.536674"></trkpt>
      <trkpt lat="66.389800" lon="14.536435"></trkpt>
      <trkpt lat="66.389948" lon="14.536183"></trkpt>
      <trkpt lat="66.390101" lon="14.535905"></trkpt>
      <trkpt lat="66.390303" lon="14.535501"></trkpt>
      <trkpt lat="66.390451" lon="14.535182"></trkpt>
      <trkpt lat="66.390700" lon="14.534593"></trkpt>
      <trkpt lat="66.391580" lon="14.532359"></trkpt>
      <trkpt lat="66.391772" lon="14.531888"></trkpt>
      <trkpt lat="66.391972" lon="14.531439"></trkpt>
      <trkpt lat="66.392113" lon="14.531161"></trkpt>
      <trkpt lat="66.392259" lon="14.530902"></trkpt>
      <trkpt lat="66.392334" lon="14.530780"></trkpt>
      <trkpt lat="66.392488" lon="14.530552"></trkpt>
      <trkpt lat="66.392648" lon="14.530346"></trkpt>
      <trkpt lat="66.392811" lon="14.530162"></trkpt>
      <trkpt lat="66.392895" lon="14.530079"></trkpt>
      <trkpt lat="66.393064" lon="14.529930"></trkpt>
      <trkpt lat="66.393236" lon="14.529805"></trkpt>
      <trkpt lat="66.393323" lon="14.529751"></trkpt>
      <trkpt lat="66.393499" lon="14.529662"></trkpt>
      <trkpt lat="66.393587" lon="14.529627"></trkpt>
      <trkpt lat="66.393766" lon="14.529574"></trkpt>
      <trkpt lat="66.393945" lon="14.529548"></trkpt>
      <trkpt lat="66.394065" lon="14.529545"></trkpt>
      <trkpt lat="66.394229" lon="14.529563"></trkpt>
      <trkpt lat="66.394419" lon="14.529616"></trkpt>
      <trkpt lat="66.394595" lon="14.529696"></trkpt>
      <trkpt lat="66.394692" lon="14.529754"></trkpt>
      <trkpt lat="66.394807" lon="14.529830"></trkpt>
      <trkpt lat="66.395014" lon="14.529998"></trkpt>
      <trkpt lat="66.395187" lon="14.530163"></trkpt>
      <trkpt lat="66.395329" lon="14.530314"></trkpt>
      <trkpt lat="66.395461" lon="14.530464"></trkpt>
      <trkpt lat="66.395766" lon="14.530839"></trkpt>
      <trkpt lat="66.396387" lon="14.531657"></trkpt>
      <trkpt lat="66.396935" lon="14.532406"></trkpt>
      <trkpt lat="66.397313" lon="14.532937"></trkpt>
      <trkpt lat="66.397793" lon="14.533629"></trkpt>
      <trkpt lat="66.398342" lon="14.534445"></trkpt>
      <trkpt lat="66.398758" lon="14.535082"></trkpt>
      <trkpt lat="66.399300" lon="14.535934"></trkpt>
      <trkpt lat="66.400256" lon="14.537477"></trkpt>
      <trkpt lat="66.400458" lon="14.537778"></trkpt>
      <trkpt lat="66.400596" lon="14.537965"></trkpt>
      <trkpt lat="66.400666" lon="14.538052"></trkpt>
      <trkpt lat="66.400737" lon="14.538136"></trkpt>
      <trkpt lat="66.400882" lon="14.538287"></trkpt>
      <trkpt lat="66.400979" lon="14.538374"></trkpt>
      <trkpt lat="66.401072" lon="14.538446"></trkpt>
      <trkpt lat="66.401237" lon="14.538547"></trkpt>
      <trkpt lat="66.401357" lon="14.538600"></trkpt>
      <trkpt lat="66.401502" lon="14.538642"></trkpt>
      <trkpt lat="66.401575" lon="14.538654"></trkpt>
      <trkpt lat="66.401697" lon="14.538661"></trkpt>
      <trkpt lat="66.401819" lon="14.538651"></trkpt>
      <trkpt lat="66.401964" lon="14.538618"></trkpt>
      <trkpt lat="66.402061" lon="14.538583"></trkpt>
      <trkpt lat="66.402204" lon="14.538510"></trkpt>
      <trkpt lat="66.402345" lon="14.538415"></trkpt>
      <trkpt lat="66.402437" lon="14.538339"></trkpt>
      <trkpt lat="66.402528" lon="14.538253"></trkpt>
      <trkpt lat="66.402662" lon="14.538105"></trkpt>
      <trkpt lat="66.402749" lon="14.537995"></trkpt>
      <trkpt lat="66.402875" lon="14.537812"></trkpt>
      <trkpt lat="66.402957" lon="14.537679"></trkpt>
      <trkpt lat="66.403090" lon="14.537431"></trkpt>
      <trkpt lat="66.403186" lon="14.537228"></trkpt>
      <trkpt lat="66.403302" lon="14.536948"></trkpt>
      <trkpt lat="66.403390" lon="14.536707"></trkpt>
      <trkpt lat="66.403467" lon="14.536471"></trkpt>
      <trkpt lat="66.403552" lon="14.536174"></trkpt>
      <trkpt lat="66.403617" lon="14.535917"></trkpt>
      <trkpt lat="66.403629" lon="14.535865"></trkpt>
      <trkpt lat="66.403678" lon="14.535726"></trkpt>
      <trkpt lat="66.403734" lon="14.535462"></trkpt>
      <trkpt lat="66.403788" lon="14.535188"></trkpt>
      <trkpt lat="66.403878" lon="14.534688"></trkpt>
      <trkpt lat="66.403930" lon="14.534364"></trkpt>
      <trkpt lat="66.404059" lon="14.533484"></trkpt>
      <trkpt lat="66.404187" lon="14.532683"></trkpt>
      <trkpt lat="66.404271" lon="14.532193"></trkpt>
      <trkpt lat="66.404327" lon="14.531863"></trkpt>
      <trkpt lat="66.404408" lon="14.531450"></trkpt>
      <trkpt lat="66.404504" lon="14.530956"></trkpt>
      <trkpt lat="66.404601" lon="14.530509"></trkpt>
      <trkpt lat="66.404673" lon="14.530211"></trkpt>
      <trkpt lat="66.404773" lon="14.529828"></trkpt>
      <trkpt lat="66.404854" lon="14.529545"></trkpt>
      <trkpt lat="66.404995" lon="14.529097"></trkpt>
      <trkpt lat="66.405099" lon="14.528796"></trkpt>
      <trkpt lat="66.405177" lon="14.528532"></trkpt>
      <trkpt lat="66.405267" lon="14.528307"></trkpt>
      <trkpt lat="66.405332" lon="14.528154"></trkpt>
      <trkpt lat="66.405443" lon="14.527902"></trkpt>
      <trkpt lat="66.405562" lon="14.527645"></trkpt>
      <trkpt lat="66.405579" lon="14.527609"></trkpt>
      <trkpt lat="66.406083" lon="14.526565"></trkpt>
      <trkpt lat="66.406204" lon="14.526298"></trkpt>
      <trkpt lat="66.406361" lon="14.525923"></trkpt>
      <trkpt lat="66.406519" lon="14.525501"></trkpt>
      <trkpt lat="66.406599" lon="14.525268"></trkpt>
      <trkpt lat="66.406676" lon="14.525029"></trkpt>
      <trkpt lat="66.406774" lon="14.524702"></trkpt>
      <trkpt lat="66.406844" lon="14.524450"></trkpt>
      <trkpt lat="66.406911" lon="14.524193"></trkpt>
      <trkpt lat="66.406932" lon="14.524106"></trkpt>
      <trkpt lat="66.406987" lon="14.523951"></trkpt>
      <trkpt lat="66.407072" lon="14.523574"></trkpt>
      <trkpt lat="66.407136" lon="14.523259"></trkpt>
      <trkpt lat="66.407194" lon="14.522949"></trkpt>
      <trkpt lat="66.407247" lon="14.522636"></trkpt>
      <trkpt lat="66.407319" lon="14.522157"></trkpt>
      <trkpt lat="66.407381" lon="14.521674"></trkpt>
      <trkpt lat="66.407417" lon="14.521344"></trkpt>
      <trkpt lat="66.407449" lon="14.521010"></trkpt>
      <trkpt lat="66.407491" lon="14.520479"></trkpt>
      <trkpt lat="66.407505" lon="14.520240"></trkpt>
      <trkpt lat="66.407522" lon="14.519887"></trkpt>
      <trkpt lat="66.407536" lon="14.519519"></trkpt>
      <trkpt lat="66.407550" lon="14.518953"></trkpt>
      <trkpt lat="66.407555" lon="14.518574"></trkpt>
      <trkpt lat="66.407558" lon="14.517627"></trkpt>
      <trkpt lat="66.407555" lon="14.517061"></trkpt>
      <trkpt lat="66.407545" lon="14.516249"></trkpt>
      <trkpt lat="66.407529" lon="14.516116"></trkpt>
      <trkpt lat="66.407506" lon="14.515097"></trkpt>
      <trkpt lat="66.407484" lon="14.514398"></trkpt>
      <trkpt lat="66.407460" lon="14.513775"></trkpt>
      <trkpt lat="66.407425" lon="14.512997"></trkpt>
      <trkpt lat="66.407352" lon="14.511666"></trkpt>
      <trkpt lat="66.407227" lon="14.509445"></trkpt>
      <trkpt lat="66.407143" lon="14.507938"></trkpt>
      <trkpt lat="66.407057" lon="14.506201"></trkpt>
      <trkpt lat="66.407046" lon="14.505963"></trkpt>
      <trkpt lat="66.407022" lon="14.505416"></trkpt>
      <trkpt lat="66.406964" lon="14.504026"></trkpt>
      <trkpt lat="66.406905" lon="14.502382"></trkpt>
      <trkpt lat="66.406885" lon="14.501739"></trkpt>
      <trkpt lat="66.406875" lon="14.501411"></trkpt>
      <trkpt lat="66.406801" lon="14.498709"></trkpt>
      <trkpt lat="66.406773" lon="14.497798"></trkpt>
      <trkpt lat="66.406740" lon="14.497020"></trkpt>
      <trkpt lat="66.406719" lon="14.496627"></trkpt>
      <trkpt lat="66.406666" lon="14.495874"></trkpt>
      <trkpt lat="66.406623" lon="14.495370"></trkpt>
      <trkpt lat="66.406555" lon="14.494704"></trkpt>
      <trkpt lat="66.406480" lon="14.494075"></trkpt>
      <trkpt lat="66.406370" lon="14.493277"></trkpt>
      <trkpt lat="66.406025" lon="14.491014"></trkpt>
      <trkpt lat="66.405951" lon="14.490467"></trkpt>
      <trkpt lat="66.405877" lon="14.489845"></trkpt>
      <trkpt lat="66.405825" lon="14.489321"></trkpt>
      <trkpt lat="66.405789" lon="14.488898"></trkpt>
      <trkpt lat="66.405745" lon="14.488260"></trkpt>
      <trkpt lat="66.405713" lon="14.487617"></trkpt>
      <trkpt lat="66.405693" lon="14.486971"></trkpt>
      <trkpt lat="66.405686" lon="14.486539"></trkpt>
      <trkpt lat="66.405686" lon="14.485891"></trkpt>
      <trkpt lat="66.405701" lon="14.485136"></trkpt>
      <trkpt lat="66.405727" lon="14.484491"></trkpt>
      <trkpt lat="66.405765" lon="14.483850"></trkpt>
      <trkpt lat="66.405803" lon="14.483354"></trkpt>
      <trkpt lat="66.405866" lon="14.482650"></trkpt>
      <trkpt lat="66.406000" lon="14.481310"></trkpt>
      <trkpt lat="66.406051" lon="14.480769"></trkpt>
      <trkpt lat="66.406100" lon="14.480171"></trkpt>
      <trkpt lat="66.406127" lon="14.479777"></trkpt>
      <trkpt lat="66.406152" lon="14.479343"></trkpt>
      <trkpt lat="66.406178" lon="14.478747"></trkpt>
      <trkpt lat="66.406202" lon="14.478136"></trkpt>
      <trkpt lat="66.406220" lon="14.478033"></trkpt>
      <trkpt lat="66.406235" lon="14.477670"></trkpt>
      <trkpt lat="66.406285" lon="14.476744"></trkpt>
      <trkpt lat="66.406316" lon="14.475972"></trkpt>
      <trkpt lat="66.406323" lon="14.475731"></trkpt>
      <trkpt lat="66.406358" lon="14.474703"></trkpt>
      <trkpt lat="66.406371" lon="14.474192"></trkpt>
      <trkpt lat="66.406382" lon="14.473405"></trkpt>
      <trkpt lat="66.406399" lon="14.472762"></trkpt>
      <trkpt lat="66.406389" lon="14.472632"></trkpt>
      <trkpt lat="66.406453" lon="14.470752"></trkpt>
      <trkpt lat="66.406471" lon="14.470163"></trkpt>
      <trkpt lat="66.406483" lon="14.469573"></trkpt>
      <trkpt lat="66.406485" lon="14.469336"></trkpt>
      <trkpt lat="66.406484" lon="14.468968"></trkpt>
      <trkpt lat="66.406480" lon="14.468705"></trkpt>
      <trkpt lat="66.406474" lon="14.468442"></trkpt>
      <trkpt lat="66.406459" lon="14.468049"></trkpt>
      <trkpt lat="66.406438" lon="14.467657"></trkpt>
      <trkpt lat="66.406400" lon="14.467138"></trkpt>
      <trkpt lat="66.406365" lon="14.466753"></trkpt>
      <trkpt lat="66.406308" lon="14.466245"></trkpt>
      <trkpt lat="66.406241" lon="14.465746"></trkpt>
      <trkpt lat="66.406164" lon="14.465256"></trkpt>
      <trkpt lat="66.406099" lon="14.464895"></trkpt>
      <trkpt lat="66.406055" lon="14.464671"></trkpt>
      <trkpt lat="66.406004" lon="14.464425"></trkpt>
      <trkpt lat="66.405926" lon="14.464080"></trkpt>
      <trkpt lat="66.405846" lon="14.463758"></trkpt>
      <trkpt lat="66.405784" lon="14.463524"></trkpt>
      <trkpt lat="66.405693" lon="14.463202"></trkpt>
      <trkpt lat="66.405629" lon="14.462992"></trkpt>
      <trkpt lat="66.405529" lon="14.462686"></trkpt>
      <trkpt lat="66.405432" lon="14.462411"></trkpt>
      <trkpt lat="66.405352" lon="14.462197"></trkpt>
      <trkpt lat="66.405222" lon="14.461878"></trkpt>
      <trkpt lat="66.405123" lon="14.461651"></trkpt>
      <trkpt lat="66.404955" lon="14.461298"></trkpt>
      <trkpt lat="66.404746" lon="14.460897"></trkpt>
      <trkpt lat="66.404144" lon="14.459823"></trkpt>
      <trkpt lat="66.404005" lon="14.459568"></trkpt>
      <trkpt lat="66.403869" lon="14.459307"></trkpt>
      <trkpt lat="66.403624" lon="14.458803"></trkpt>
      <trkpt lat="66.403489" lon="14.458503"></trkpt>
      <trkpt lat="66.403357" lon="14.458194"></trkpt>
      <trkpt lat="66.403228" lon="14.457875"></trkpt>
      <trkpt lat="66.403103" lon="14.457549"></trkpt>
      <trkpt lat="66.402893" lon="14.456958"></trkpt>
      <trkpt lat="66.402806" lon="14.456697"></trkpt>
      <trkpt lat="66.402666" lon="14.456252"></trkpt>
      <trkpt lat="66.402585" lon="14.455980"></trkpt>
      <trkpt lat="66.402455" lon="14.455518"></trkpt>
      <trkpt lat="66.402332" lon="14.455045"></trkpt>
      <trkpt lat="66.402214" lon="14.454561"></trkpt>
      <trkpt lat="66.402082" lon="14.453969"></trkpt>
      <trkpt lat="66.401967" lon="14.453400"></trkpt>
      <trkpt lat="66.401804" lon="14.452529"></trkpt>
      <trkpt lat="66.400892" lon="14.447491"></trkpt>
      <trkpt lat="66.400767" lon="14.446740"></trkpt>
      <trkpt lat="66.400688" lon="14.446194"></trkpt>
      <trkpt lat="66.400652" lon="14.445912"></trkpt>
      <trkpt lat="66.400618" lon="14.445627"></trkpt>
      <trkpt lat="66.400573" lon="14.445198"></trkpt>
      <trkpt lat="66.400534" lon="14.444764"></trkpt>
      <trkpt lat="66.400512" lon="14.444473"></trkpt>
      <trkpt lat="66.400492" lon="14.444181"></trkpt>
      <trkpt lat="66.400471" lon="14.443808"></trkpt>
      <trkpt lat="66.400450" lon="14.443298"></trkpt>
      <trkpt lat="66.400442" lon="14.443002"></trkpt>
      <trkpt lat="66.400434" lon="14.442414"></trkpt>
      <trkpt lat="66.400434" lon="14.442114"></trkpt>
      <trkpt lat="66.400439" lon="14.441715"></trkpt>
      <trkpt lat="66.400452" lon="14.441226"></trkpt>
      <trkpt lat="66.400464" lon="14.440931"></trkpt>
      <trkpt lat="66.400487" lon="14.440490"></trkpt>
      <trkpt lat="66.400516" lon="14.440052"></trkpt>
      <trkpt lat="66.400539" lon="14.439761"></trkpt>
      <trkpt lat="66.400579" lon="14.439328"></trkpt>
      <trkpt lat="66.400625" lon="14.438898"></trkpt>
      <trkpt lat="66.400677" lon="14.438473"></trkpt>
      <trkpt lat="66.400707" lon="14.438252"></trkpt>
      <trkpt lat="66.400800" lon="14.437639"></trkpt>
      <trkpt lat="66.400846" lon="14.437366"></trkpt>
      <trkpt lat="66.400906" lon="14.437036"></trkpt>
      <trkpt lat="66.401029" lon="14.436412"></trkpt>
      <trkpt lat="66.401885" lon="14.432381"></trkpt>
      <trkpt lat="66.402041" lon="14.431625"></trkpt>
      <trkpt lat="66.402121" lon="14.431200"></trkpt>
      <trkpt lat="66.402182" lon="14.430848"></trkpt>
      <trkpt lat="66.402236" lon="14.430505"></trkpt>
      <trkpt lat="66.402313" lon="14.429947"></trkpt>
      <trkpt lat="66.402363" lon="14.429522"></trkpt>
      <trkpt lat="66.402406" lon="14.429093"></trkpt>
      <trkpt lat="66.402437" lon="14.428732"></trkpt>
      <trkpt lat="66.402475" lon="14.428180"></trkpt>
      <trkpt lat="66.402516" lon="14.427404"></trkpt>
      <trkpt lat="66.402581" lon="14.425939"></trkpt>
      <trkpt lat="66.402603" lon="14.425810"></trkpt>
      <trkpt lat="66.402680" lon="14.424121"></trkpt>
      <trkpt lat="66.402760" lon="14.422364"></trkpt>
      <trkpt lat="66.402850" lon="14.420362"></trkpt>
      <trkpt lat="66.402871" lon="14.419805"></trkpt>
      <trkpt lat="66.402881" lon="14.419469"></trkpt>
      <trkpt lat="66.402891" lon="14.418974"></trkpt>
      <trkpt lat="66.402891" lon="14.418909"></trkpt>
      <trkpt lat="66.402878" lon="14.418764"></trkpt>
      <trkpt lat="66.402879" lon="14.418490"></trkpt>
      <trkpt lat="66.402875" lon="14.418014"></trkpt>
      <trkpt lat="66.402869" lon="14.417729"></trkpt>
      <trkpt lat="66.402854" lon="14.417255"></trkpt>
      <trkpt lat="66.402837" lon="14.416877"></trkpt>
      <trkpt lat="66.402816" lon="14.416500"></trkpt>
      <trkpt lat="66.402797" lon="14.416218"></trkpt>
      <trkpt lat="66.402761" lon="14.415752"></trkpt>
      <trkpt lat="66.402727" lon="14.415381"></trkpt>
      <trkpt lat="66.402689" lon="14.415012"></trkpt>
      <trkpt lat="66.402612" lon="14.414374"></trkpt>
      <trkpt lat="66.402536" lon="14.413836"></trkpt>
      <trkpt lat="66.402451" lon="14.413306"></trkpt>
      <trkpt lat="66.402365" lon="14.412823"></trkpt>
      <trkpt lat="66.402266" lon="14.412316"></trkpt>
      <trkpt lat="66.401959" lon="14.410844"></trkpt>
      <trkpt lat="66.401868" lon="14.410394"></trkpt>
      <trkpt lat="66.401735" lon="14.409694"></trkpt>
      <trkpt lat="66.401571" lon="14.408738"></trkpt>
      <trkpt lat="66.401222" lon="14.406560"></trkpt>
      <trkpt lat="66.401220" lon="14.406550"></trkpt>
      <trkpt lat="66.400859" lon="14.404284"></trkpt>
      <trkpt lat="66.400784" lon="14.403829"></trkpt>
      <trkpt lat="66.400763" lon="14.403702"></trkpt>
      <trkpt lat="66.400676" lon="14.403225"></trkpt>
      <trkpt lat="66.400599" lon="14.402851"></trkpt>
      <trkpt lat="66.400513" lon="14.402483"></trkpt>
      <trkpt lat="66.400444" lon="14.402215"></trkpt>
      <trkpt lat="66.400370" lon="14.401955"></trkpt>
      <trkpt lat="66.400292" lon="14.401702"></trkpt>
      <trkpt lat="66.400210" lon="14.401458"></trkpt>
      <trkpt lat="66.400124" lon="14.401222"></trkpt>
      <trkpt lat="66.400034" lon="14.400995"></trkpt>
      <trkpt lat="66.399909" lon="14.400706"></trkpt>
      <trkpt lat="66.399811" lon="14.400502"></trkpt>
      <trkpt lat="66.399710" lon="14.400308"></trkpt>
      <trkpt lat="66.399572" lon="14.400066"></trkpt>
      <trkpt lat="66.399396" lon="14.399781"></trkpt>
      <trkpt lat="66.398991" lon="14.399169"></trkpt>
      <trkpt lat="66.398904" lon="14.399038"></trkpt>
      <trkpt lat="66.398751" lon="14.398810"></trkpt>
      <trkpt lat="66.398383" lon="14.398293"></trkpt>
      <trkpt lat="66.398081" lon="14.397900"></trkpt>
      <trkpt lat="66.397793" lon="14.397566"></trkpt>
      <trkpt lat="66.397499" lon="14.397264"></trkpt>
      <trkpt lat="66.397199" lon="14.396994"></trkpt>
      <trkpt lat="66.396870" lon="14.396740"></trkpt>
      <trkpt lat="66.396290" lon="14.396345"></trkpt>
      <trkpt lat="66.392299" lon="14.393702"></trkpt>
      <trkpt lat="66.391838" lon="14.393415"></trkpt>
      <trkpt lat="66.391518" lon="14.393246"></trkpt>
      <trkpt lat="66.391212" lon="14.393119"></trkpt>
      <trkpt lat="66.390905" lon="14.393030"></trkpt>
      <trkpt lat="66.390597" lon="14.392975"></trkpt>
      <trkpt lat="66.390288" lon="14.392958"></trkpt>
      <trkpt lat="66.389978" lon="14.392975"></trkpt>
      <trkpt lat="66.389669" lon="14.393025"></trkpt>
      <trkpt lat="66.389361" lon="14.393113"></trkpt>
      <trkpt lat="66.389052" lon="14.393236"></trkpt>
      <trkpt lat="66.388402" lon="14.393565"></trkpt>
      <trkpt lat="66.388053" lon="14.393724"></trkpt>
      <trkpt lat="66.387921" lon="14.393769"></trkpt>
      <trkpt lat="66.387747" lon="14.393827"></trkpt>
      <trkpt lat="66.387671" lon="14.393844"></trkpt>
      <trkpt lat="66.387435" lon="14.393897"></trkpt>
      <trkpt lat="66.386865" lon="14.393969"></trkpt>
      <trkpt lat="66.386579" lon="14.394017"></trkpt>
      <trkpt lat="66.386344" lon="14.394089"></trkpt>
      <trkpt lat="66.386078" lon="14.394201"></trkpt>
      <trkpt lat="66.385988" lon="14.394245"></trkpt>
      <trkpt lat="66.385544" lon="14.394483"></trkpt>
      <trkpt lat="66.385339" lon="14.394586"></trkpt>
      <trkpt lat="66.385134" lon="14.394681"></trkpt>
      <trkpt lat="66.384911" lon="14.394774"></trkpt>
      <trkpt lat="66.384720" lon="14.394842"></trkpt>
      <trkpt lat="66.384478" lon="14.394910"></trkpt>
      <trkpt lat="66.384291" lon="14.394947"></trkpt>
      <trkpt lat="66.384135" lon="14.394967"></trkpt>
      <trkpt lat="66.383992" lon="14.394977"></trkpt>
      <trkpt lat="66.383784" lon="14.394977"></trkpt>
      <trkpt lat="66.383473" lon="14.394953"></trkpt>
      <trkpt lat="66.381570" lon="14.394704"></trkpt>
      <trkpt lat="66.380808" lon="14.394599"></trkpt>
      <trkpt lat="66.380680" lon="14.394577"></trkpt>
      <trkpt lat="66.380511" lon="14.394537"></trkpt>
      <trkpt lat="66.380384" lon="14.394495"></trkpt>
      <trkpt lat="66.380223" lon="14.394423"></trkpt>
      <trkpt lat="66.380097" lon="14.394348"></trkpt>
      <trkpt lat="66.379974" lon="14.394259"></trkpt>
      <trkpt lat="66.379812" lon="14.394124"></trkpt>
      <trkpt lat="66.379613" lon="14.393936"></trkpt>
      <trkpt lat="66.376562" lon="14.390862"></trkpt>
      <trkpt lat="66.375988" lon="14.390282"></trkpt>
      <trkpt lat="66.375832" lon="14.390113"></trkpt>
      <trkpt lat="66.375640" lon="14.389882"></trkpt>
      <trkpt lat="66.375488" lon="14.389669"></trkpt>
      <trkpt lat="66.375321" lon="14.389395"></trkpt>
      <trkpt lat="66.375231" lon="14.389229"></trkpt>
      <trkpt lat="66.375111" lon="14.388982"></trkpt>
      <trkpt lat="66.374980" lon="14.388678"></trkpt>
      <trkpt lat="66.374918" lon="14.388519"></trkpt>
      <trkpt lat="66.374829" lon="14.388270"></trkpt>
      <trkpt lat="66.374705" lon="14.387877"></trkpt>
      <trkpt lat="66.374629" lon="14.387603"></trkpt>
      <trkpt lat="66.374537" lon="14.387226"></trkpt>
      <trkpt lat="66.374476" lon="14.386942"></trkpt>
      <trkpt lat="66.374399" lon="14.386541"></trkpt>
      <trkpt lat="66.374333" lon="14.386162"></trkpt>
      <trkpt lat="66.374068" lon="14.384490"></trkpt>
      <trkpt lat="66.373984" lon="14.383996"></trkpt>
      <trkpt lat="66.373917" lon="14.383629"></trkpt>
      <trkpt lat="66.373824" lon="14.383166"></trkpt>
      <trkpt lat="66.373755" lon="14.382848"></trkpt>
      <trkpt lat="66.373511" lon="14.381792"></trkpt>
      <trkpt lat="66.372944" lon="14.379372"></trkpt>
      <trkpt lat="66.372412" lon="14.377098"></trkpt>
      <trkpt lat="66.372300" lon="14.376608"></trkpt>
      <trkpt lat="66.372213" lon="14.376211"></trkpt>
      <trkpt lat="66.372094" lon="14.375655"></trkpt>
      <trkpt lat="66.371994" lon="14.375149"></trkpt>
      <trkpt lat="66.371882" lon="14.374547"></trkpt>
      <trkpt lat="66.371709" lon="14.373535"></trkpt>
      <trkpt lat="66.371470" lon="14.372052"></trkpt>
      <trkpt lat="66.370380" lon="14.365257"></trkpt>
      <trkpt lat="66.369774" lon="14.361469"></trkpt>
      <trkpt lat="66.369698" lon="14.360963"></trkpt>
      <trkpt lat="66.369627" lon="14.360453"></trkpt>
      <trkpt lat="66.369541" lon="14.359756"></trkpt>
      <trkpt lat="66.369502" lon="14.359405"></trkpt>
      <trkpt lat="66.369443" lon="14.358815"></trkpt>
      <trkpt lat="66.369412" lon="14.358459"></trkpt>
      <trkpt lat="66.369375" lon="14.357981"></trkpt>
      <trkpt lat="66.369343" lon="14.357502"></trkpt>
      <trkpt lat="66.369311" lon="14.356899"></trkpt>
      <trkpt lat="66.369289" lon="14.356362"></trkpt>
      <trkpt lat="66.369277" lon="14.355979"></trkpt>
      <trkpt lat="66.369269" lon="14.355677"></trkpt>
      <trkpt lat="66.369224" lon="14.355682"></trkpt>
      <trkpt lat="66.368966" lon="14.355709"></trkpt>
      <trkpt lat="66.368875" lon="14.355673"></trkpt>
      <trkpt lat="66.368788" lon="14.355599"></trkpt>
      <trkpt lat="66.368683" lon="14.355445"></trkpt>
      <trkpt lat="66.368614" lon="14.355292"></trkpt>
      <trkpt lat="66.368557" lon="14.355113"></trkpt>
      <trkpt lat="66.368513" lon="14.354913"></trkpt>
      <trkpt lat="66.368382" lon="14.354144"></trkpt>
      <trkpt lat="66.368326" lon="14.353845"></trkpt>
      <trkpt lat="66.368105" lon="14.352728"></trkpt>
      <trkpt lat="66.368006" lon="14.352276"></trkpt>
      <trkpt lat="66.367565" lon="14.350633"></trkpt>
      <trkpt lat="66.367274" lon="14.349689"></trkpt>
      <trkpt lat="66.367090" lon="14.349074"></trkpt>
      <trkpt lat="66.366802" lon="14.348172"></trkpt>
      <trkpt lat="66.366545" lon="14.347294"></trkpt>
      <trkpt lat="66.366278" lon="14.346416"></trkpt>
      <trkpt lat="66.366130" lon="14.345941"></trkpt>
      <trkpt lat="66.365862" lon="14.345075"></trkpt>
      <trkpt lat="66.365524" lon="14.343976"></trkpt>
      <trkpt lat="66.365000" lon="14.342273"></trkpt>
      <trkpt lat="66.364542" lon="14.340781"></trkpt>
      <trkpt lat="66.364326" lon="14.340078"></trkpt>
      <trkpt lat="66.364110" lon="14.339376"></trkpt>
      <trkpt lat="66.363645" lon="14.337827"></trkpt>
      <trkpt lat="66.363169" lon="14.336296"></trkpt>
      <trkpt lat="66.362637" lon="14.334574"></trkpt>
      <trkpt lat="66.362296" lon="14.333455"></trkpt>
      <trkpt lat="66.362021" lon="14.332569"></trkpt>
      <trkpt lat="66.361772" lon="14.331790"></trkpt>
      <trkpt lat="66.361532" lon="14.331080"></trkpt>
      <trkpt lat="66.361364" lon="14.330615"></trkpt>
      <trkpt lat="66.361178" lon="14.330143"></trkpt>
      <trkpt lat="66.361045" lon="14.329809"></trkpt>
      <trkpt lat="66.360907" lon="14.329480"></trkpt>
      <trkpt lat="66.360748" lon="14.329133"></trkpt>
      <trkpt lat="66.360555" lon="14.328716"></trkpt>
      <trkpt lat="66.360330" lon="14.328269"></trkpt>
      <trkpt lat="66.360065" lon="14.327748"></trkpt>
      <trkpt lat="66.359825" lon="14.327284"></trkpt>
      <trkpt lat="66.359590" lon="14.326832"></trkpt>
      <trkpt lat="66.359337" lon="14.326340"></trkpt>
      <trkpt lat="66.358542" lon="14.324782"></trkpt>
      <trkpt lat="66.358514" lon="14.324858"></trkpt>
      <trkpt lat="66.358476" lon="14.325022"></trkpt>
      <trkpt lat="66.358447" lon="14.325223"></trkpt>
      <trkpt lat="66.358432" lon="14.325362"></trkpt>
      <trkpt lat="66.358429" lon="14.325474"></trkpt>
      <trkpt lat="66.358439" lon="14.325929"></trkpt>
      <trkpt lat="66.358450" lon="14.326150"></trkpt>
      <trkpt lat="66.358477" lon="14.326569"></trkpt>
      <trkpt lat="66.358520" lon="14.327146"></trkpt>
      <trkpt lat="66.358615" lon="14.328389"></trkpt>
      <trkpt lat="66.358637" lon="14.328651"></trkpt>
      <trkpt lat="66.358647" lon="14.328769"></trkpt>
      <trkpt lat="66.358677" lon="14.329132"></trkpt>
      <trkpt lat="66.358731" lon="14.329863"></trkpt>
      <trkpt lat="66.358757" lon="14.330176"></trkpt>
      <trkpt lat="66.358773" lon="14.330319"></trkpt>
      <trkpt lat="66.358811" lon="14.330598"></trkpt>
      <trkpt lat="66.358828" lon="14.330705"></trkpt>
      <trkpt lat="66.358907" lon="14.331128"></trkpt>
      <trkpt lat="66.358939" lon="14.331327"></trkpt>
      <trkpt lat="66.358949" lon="14.331417"></trkpt>
      <trkpt lat="66.358956" lon="14.331520"></trkpt>
      <trkpt lat="66.358953" lon="14.331676"></trkpt>
      <trkpt lat="66.358943" lon="14.331768"></trkpt>
      <trkpt lat="66.358927" lon="14.331852"></trkpt>
      <trkpt lat="66.358898" lon="14.331960"></trkpt>
      <trkpt lat="66.358837" lon="14.332112"></trkpt>
      <trkpt lat="66.358788" lon="14.332210"></trkpt>
      <trkpt lat="66.357979" lon="14.333871"></trkpt>
      <trkpt lat="66.357927" lon="14.333978"></trkpt>
      <trkpt lat="66.357887" lon="14.334052"></trkpt>
      <trkpt lat="66.357838" lon="14.334119"></trkpt>
      <trkpt lat="66.357740" lon="14.334238"></trkpt>
      <trkpt lat="66.357679" lon="14.334314"></trkpt>
      <trkpt lat="66.357583" lon="14.334417"></trkpt>
      <trkpt lat="66.357279" lon="14.334719"></trkpt>
      <trkpt lat="66.357132" lon="14.334877"></trkpt>
      <trkpt lat="66.356980" lon="14.335058"></trkpt>
      <trkpt lat="66.356648" lon="14.335462"></trkpt>
      <trkpt lat="66.356506" lon="14.335650"></trkpt>
      <trkpt lat="66.356416" lon="14.335782"></trkpt>
      <trkpt lat="66.356362" lon="14.335880"></trkpt>
      <trkpt lat="66.356314" lon="14.336006"></trkpt>
      <trkpt lat="66.356273" lon="14.336153"></trkpt>
      <trkpt lat="66.356233" lon="14.336384"></trkpt>
      <trkpt lat="66.356196" lon="14.336638"></trkpt>
      <trkpt lat="66.356166" lon="14.336929"></trkpt>
      <trkpt lat="66.356144" lon="14.337197"></trkpt>
      <trkpt lat="66.356109" lon="14.337767"></trkpt>
      <trkpt lat="66.356109" lon="14.337947"></trkpt>
      <trkpt lat="66.356112" lon="14.338138"></trkpt>
      <trkpt lat="66.356128" lon="14.338721"></trkpt>
      <trkpt lat="66.356169" lon="14.339278"></trkpt>
      <trkpt lat="66.356226" lon="14.339913"></trkpt>
      <trkpt lat="66.356276" lon="14.340279"></trkpt>
      <trkpt lat="66.356300" lon="14.340409"></trkpt>
      <trkpt lat="66.356314" lon="14.340482"></trkpt>
      <trkpt lat="66.356335" lon="14.340590"></trkpt>
      <trkpt lat="66.356406" lon="14.340844"></trkpt>
      <trkpt lat="66.356469" lon="14.341047"></trkpt>
      <trkpt lat="66.356518" lon="14.341188"></trkpt>
      <trkpt lat="66.356677" lon="14.341592"></trkpt>
      <trkpt lat="66.356756" lon="14.341772"></trkpt>
      <trkpt lat="66.356899" lon="14.342050"></trkpt>
      <trkpt lat="66.357057" lon="14.342330"></trkpt>
      <trkpt lat="66.357187" lon="14.342533"></trkpt>
      <trkpt lat="66.357282" lon="14.342666"></trkpt>
      <trkpt lat="66.357565" lon="14.343033"></trkpt>
      <trkpt lat="66.357824" lon="14.343337"></trkpt>
      <trkpt lat="66.357887" lon="14.343421"></trkpt>
      <trkpt lat="66.357953" lon="14.343522"></trkpt>
      <trkpt lat="66.358017" lon="14.343645"></trkpt>
      <trkpt lat="66.358085" lon="14.343797"></trkpt>
      <trkpt lat="66.358131" lon="14.343912"></trkpt>
      <trkpt lat="66.358173" lon="14.344057"></trkpt>
      <trkpt lat="66.358199" lon="14.344165"></trkpt>
      <trkpt lat="66.358220" lon="14.344296"></trkpt>
      <trkpt lat="66.358240" lon="14.344288"></trkpt>
      <trkpt lat="66.358294" lon="14.344286"></trkpt>
      <trkpt lat="66.358318" lon="14.344305"></trkpt>
      <trkpt lat="66.359114" lon="14.344930"></trkpt>
      <trkpt lat="66.359177" lon="14.344977"></trkpt>
      <trkpt lat="66.359671" lon="14.345341"></trkpt>
      <trkpt lat="66.360187" lon="14.345699"></trkpt>
      <trkpt lat="66.360503" lon="14.345973"></trkpt>
      <trkpt lat="66.360544" lon="14.346082"></trkpt>
      <trkpt lat="66.360619" lon="14.346365"></trkpt>
      <trkpt lat="66.360624" lon="14.346390"></trkpt>
      <trkpt lat="66.360759" lon="14.347127"></trkpt>
      <trkpt lat="66.361101" lon="14.348759"></trkpt>
      <trkpt lat="66.361158" lon="14.349078"></trkpt>
      <trkpt lat="66.361197" lon="14.349345"></trkpt>
      <trkpt lat="66.361215" lon="14.349526"></trkpt>
      <trkpt lat="66.361234" lon="14.349819"></trkpt>
      <trkpt lat="66.361265" lon="14.350619"></trkpt>
      <trkpt lat="66.361299" lon="14.353001"></trkpt>
      <trkpt lat="66.361321" lon="14.353415"></trkpt>
      <trkpt lat="66.361365" lon="14.353777"></trkpt>
      <trkpt lat="66.361439" lon="14.354406"></trkpt>
      <trkpt lat="66.361467" lon="14.354825"></trkpt>
      <trkpt lat="66.361497" lon="14.355087"></trkpt>
      <trkpt lat="66.361556" lon="14.355478"></trkpt>
      <trkpt lat="66.361599" lon="14.355797"></trkpt>
      <trkpt lat="66.361624" lon="14.356040"></trkpt>
      <trkpt lat="66.361645" lon="14.356282"></trkpt>
      <trkpt lat="66.361679" lon="14.357187"></trkpt>
      <trkpt lat="66.361760" lon="14.358391"></trkpt>
      <trkpt lat="66.361784" lon="14.358904"></trkpt>
      <trkpt lat="66.361803" lon="14.359337"></trkpt>
      <trkpt lat="66.361825" lon="14.359611"></trkpt>
      <trkpt lat="66.361866" lon="14.359969"></trkpt>
      <trkpt lat="66.361950" lon="14.360561"></trkpt>
      <trkpt lat="66.362021" lon="14.361055"></trkpt>
      <trkpt lat="66.362275" lon="14.362626"></trkpt>
      <trkpt lat="66.362503" lon="14.363806"></trkpt>
      <trkpt lat="66.362590" lon="14.364296"></trkpt>
      <trkpt lat="66.362628" lon="14.364652"></trkpt>
      <trkpt lat="66.362663" lon="14.365197"></trkpt>
      <trkpt lat="66.362690" lon="14.365539"></trkpt>
      <trkpt lat="66.362747" lon="14.365930"></trkpt>
      <trkpt lat="66.362777" lon="14.366251"></trkpt>
      <trkpt lat="66.362791" lon="14.366386"></trkpt>
      <trkpt lat="66.362809" lon="14.366508"></trkpt>
      <trkpt lat="66.362834" lon="14.366625"></trkpt>
      <trkpt lat="66.362881" lon="14.366759"></trkpt>
      <trkpt lat="66.362962" lon="14.366932"></trkpt>
      <trkpt lat="66.363024" lon="14.367126"></trkpt>
      <trkpt lat="66.363086" lon="14.367386"></trkpt>
      <trkpt lat="66.363166" lon="14.367730"></trkpt>
      <trkpt lat="66.363273" lon="14.368260"></trkpt>
      <trkpt lat="66.363309" lon="14.368571"></trkpt>
      <trkpt lat="66.363349" lon="14.368920"></trkpt>
      <trkpt lat="66.363388" lon="14.369388"></trkpt>
      <trkpt lat="66.363453" lon="14.370011"></trkpt>
      <trkpt lat="66.363497" lon="14.370259"></trkpt>
      <trkpt lat="66.363656" lon="14.370898"></trkpt>
      <trkpt lat="66.363833" lon="14.371596"></trkpt>
      <trkpt lat="66.363894" lon="14.371905"></trkpt>
      <trkpt lat="66.363956" lon="14.372324"></trkpt>
      <trkpt lat="66.363992" lon="14.372739"></trkpt>
      <trkpt lat="66.364015" lon="14.373043"></trkpt>
      <trkpt lat="66.364042" lon="14.373291"></trkpt>
      <trkpt lat="66.364093" lon="14.373539"></trkpt>
      <trkpt lat="66.364232" lon="14.374045"></trkpt>
      <trkpt lat="66.364298" lon="14.374326"></trkpt>
      <trkpt lat="66.364342" lon="14.374621"></trkpt>
      <trkpt lat="66.364362" lon="14.374879"></trkpt>
      <trkpt lat="66.364381" lon="14.375548"></trkpt>
      <trkpt lat="66.364373" lon="14.376595"></trkpt>
      <trkpt lat="66.364355" lon="14.377019"></trkpt>
      <trkpt lat="66.364328" lon="14.377374"></trkpt>
      <trkpt lat="66.364328" lon="14.377662"></trkpt>
      <trkpt lat="66.364325" lon="14.378128"></trkpt>
      <trkpt lat="66.364315" lon="14.378564"></trkpt>
      <trkpt lat="66.364324" lon="14.378967"></trkpt>
      <trkpt lat="66.364314" lon="14.379514"></trkpt>
      <trkpt lat="66.364324" lon="14.379774"></trkpt>
      <trkpt lat="66.364351" lon="14.380004"></trkpt>
      <trkpt lat="66.364354" lon="14.380102"></trkpt>
      <trkpt lat="66.364355" lon="14.380161"></trkpt>
      <trkpt lat="66.364346" lon="14.380421"></trkpt>
      <trkpt lat="66.364298" lon="14.380929"></trkpt>
      <trkpt lat="66.364265" lon="14.381242"></trkpt>
      <trkpt lat="66.364188" lon="14.381975"></trkpt>
      <trkpt lat="66.364155" lon="14.382378"></trkpt>
      <trkpt lat="66.364150" lon="14.382727"></trkpt>
      <trkpt lat="66.364158" lon="14.383151"></trkpt>
      <trkpt lat="66.364155" lon="14.383408"></trkpt>
      <trkpt lat="66.364148" lon="14.383780"></trkpt>
      <trkpt lat="66.364152" lon="14.383975"></trkpt>
      <trkpt lat="66.364180" lon="14.384202"></trkpt>
      <trkpt lat="66.364210" lon="14.384408"></trkpt>
      <trkpt lat="66.364238" lon="14.384696"></trkpt>
      <trkpt lat="66.364210" lon="14.384408"></trkpt>
      <trkpt lat="66.364180" lon="14.384202"></trkpt>
      <trkpt lat="66.364152" lon="14.383975"></trkpt>
      <trkpt lat="66.364148" lon="14.383780"></trkpt>
      <trkpt lat="66.364155" lon="14.383408"></trkpt>
      <trkpt lat="66.364158" lon="14.383151"></trkpt>
      <trkpt lat="66.364150" lon="14.382727"></trkpt>
      <trkpt lat="66.364155" lon="14.382378"></trkpt>
      <trkpt lat="66.364188" lon="14.381975"></trkpt>
      <trkpt lat="66.364265" lon="14.381242"></trkpt>
      <trkpt lat="66.364298" lon="14.380929"></trkpt>
      <trkpt lat="66.364346" lon="14.380421"></trkpt>
      <trkpt lat="66.364355" lon="14.380161"></trkpt>
      <trkpt lat="66.364351" lon="14.380004"></trkpt>
      <trkpt lat="66.364324" lon="14.379774"></trkpt>
      <trkpt lat="66.364314" lon="14.379514"></trkpt>
      <trkpt lat="66.364324" lon="14.378967"></trkpt>
      <trkpt lat="66.364315" lon="14.378564"></trkpt>
      <trkpt lat="66.364325" lon="14.378128"></trkpt>
      <trkpt lat="66.364328" lon="14.377662"></trkpt>
      <trkpt lat="66.364328" lon="14.377374"></trkpt>
      <trkpt lat="66.364355" lon="14.377019"></trkpt>
      <trkpt lat="66.364373" lon="14.376595"></trkpt>
      <trkpt lat="66.364381" lon="14.375548"></trkpt>
      <trkpt lat="66.364362" lon="14.374879"></trkpt>
      <trkpt lat="66.364342" lon="14.374621"></trkpt>
      <trkpt lat="66.364298" lon="14.374326"></trkpt>
      <trkpt lat="66.364232" lon="14.374045"></trkpt>
      <trkpt lat="66.364093" lon="14.373539"></trkpt>
      <trkpt lat="66.364042" lon="14.373291"></trkpt>
      <trkpt lat="66.364015" lon="14.373043"></trkpt>
      <trkpt lat="66.363992" lon="14.372739"></trkpt>
      <trkpt lat="66.363956" lon="14.372324"></trkpt>
      <trkpt lat="66.363894" lon="14.371905"></trkpt>
      <trkpt lat="66.363833" lon="14.371596"></trkpt>
      <trkpt lat="66.363656" lon="14.370898"></trkpt>
      <trkpt lat="66.363497" lon="14.370259"></trkpt>
      <trkpt lat="66.363453" lon="14.370011"></trkpt>
      <trkpt lat="66.363388" lon="14.369388"></trkpt>
      <trkpt lat="66.363349" lon="14.368920"></trkpt>
      <trkpt lat="66.363309" lon="14.368571"></trkpt>
      <trkpt lat="66.363273" lon="14.368260"></trkpt>
      <trkpt lat="66.363166" lon="14.367730"></trkpt>
      <trkpt lat="66.363086" lon="14.367386"></trkpt>
      <trkpt lat="66.363024" lon="14.367126"></trkpt>
      <trkpt lat="66.362962" lon="14.366932"></trkpt>
      <trkpt lat="66.362881" lon="14.366759"></trkpt>
      <trkpt lat="66.362834" lon="14.366625"></trkpt>
      <trkpt lat="66.362809" lon="14.366508"></trkpt>
      <trkpt lat="66.362791" lon="14.366386"></trkpt>
      <trkpt lat="66.362777" lon="14.366251"></trkpt>
      <trkpt lat="66.362747" lon="14.365930"></trkpt>
      <trkpt lat="66.362690" lon="14.365539"></trkpt>
      <trkpt lat="66.362663" lon="14.365197"></trkpt>
      <trkpt lat="66.362628" lon="14.364652"></trkpt>
      <trkpt lat="66.362590" lon="14.364296"></trkpt>
      <trkpt lat="66.362503" lon="14.363806"></trkpt>
      <trkpt lat="66.362275" lon="14.362626"></trkpt>
      <trkpt lat="66.362021" lon="14.361055"></trkpt>
      <trkpt lat="66.361950" lon="14.360561"></trkpt>
      <trkpt lat="66.361866" lon="14.359969"></trkpt>
      <trkpt lat="66.361825" lon="14.359611"></trkpt>
      <trkpt lat="66.361803" lon="14.359337"></trkpt>
      <trkpt lat="66.361784" lon="14.358904"></trkpt>
      <trkpt lat="66.361760" lon="14.358391"></trkpt>
      <trkpt lat="66.361679" lon="14.357187"></trkpt>
      <trkpt lat="66.361645" lon="14.356282"></trkpt>
      <trkpt lat="66.361624" lon="14.356040"></trkpt>
      <trkpt lat="66.361599" lon="14.355797"></trkpt>
      <trkpt lat="66.361556" lon="14.355478"></trkpt>
      <trkpt lat="66.361497" lon="14.355087"></trkpt>
      <trkpt lat="66.361467" lon="14.354825"></trkpt>
      <trkpt lat="66.361439" lon="14.354406"></trkpt>
      <trkpt lat="66.361365" lon="14.353777"></trkpt>
      <trkpt lat="66.361321" lon="14.353415"></trkpt>
      <trkpt lat="66.361299" lon="14.353001"></trkpt>
      <trkpt lat="66.361265" lon="14.350619"></trkpt>
      <trkpt lat="66.361234" lon="14.349819"></trkpt>
      <trkpt lat="66.361215" lon="14.349526"></trkpt>
      <trkpt lat="66.361197" lon="14.349345"></trkpt>
      <trkpt lat="66.361158" lon="14.349078"></trkpt>
      <trkpt lat="66.361101" lon="14.348759"></trkpt>
      <trkpt lat="66.360759" lon="14.347127"></trkpt>
      <trkpt lat="66.360624" lon="14.346390"></trkpt>
      <trkpt lat="66.360619" lon="14.346365"></trkpt>
      <trkpt lat="66.360544" lon="14.346082"></trkpt>
      <trkpt lat="66.360503" lon="14.345973"></trkpt>
      <trkpt lat="66.360187" lon="14.345699"></trkpt>
      <trkpt lat="66.359671" lon="14.345341"></trkpt>
      <trkpt lat="66.359177" lon="14.344977"></trkpt>
      <trkpt lat="66.359114" lon="14.344930"></trkpt>
      <trkpt lat="66.358318" lon="14.344305"></trkpt>
      <trkpt lat="66.358294" lon="14.344286"></trkpt>
      <trkpt lat="66.358240" lon="14.344288"></trkpt>
      <trkpt lat="66.358220" lon="14.344296"></trkpt>
      <trkpt lat="66.358199" lon="14.344165"></trkpt>
      <trkpt lat="66.358173" lon="14.344057"></trkpt>
      <trkpt lat="66.358131" lon="14.343912"></trkpt>
      <trkpt lat="66.358085" lon="14.343797"></trkpt>
      <trkpt lat="66.358017" lon="14.343645"></trkpt>
      <trkpt lat="66.357953" lon="14.343522"></trkpt>
      <trkpt lat="66.357887" lon="14.343421"></trkpt>
      <trkpt lat="66.357824" lon="14.343337"></trkpt>
      <trkpt lat="66.357565" lon="14.343033"></trkpt>
      <trkpt lat="66.357282" lon="14.342666"></trkpt>
      <trkpt lat="66.357187" lon="14.342533"></trkpt>
      <trkpt lat="66.357057" lon="14.342330"></trkpt>
      <trkpt lat="66.356899" lon="14.342050"></trkpt>
      <trkpt lat="66.356756" lon="14.341772"></trkpt>
      <trkpt lat="66.356677" lon="14.341592"></trkpt>
      <trkpt lat="66.356518" lon="14.341188"></trkpt>
      <trkpt lat="66.356469" lon="14.341047"></trkpt>
      <trkpt lat="66.356406" lon="14.340844"></trkpt>
      <trkpt lat="66.356335" lon="14.340590"></trkpt>
      <trkpt lat="66.356314" lon="14.340482"></trkpt>
      <trkpt lat="66.356300" lon="14.340409"></trkpt>
      <trkpt lat="66.356276" lon="14.340279"></trkpt>
      <trkpt lat="66.356226" lon="14.339913"></trkpt>
      <trkpt lat="66.356169" lon="14.339278"></trkpt>
      <trkpt lat="66.356128" lon="14.338721"></trkpt>
      <trkpt lat="66.356112" lon="14.338138"></trkpt>
      <trkpt lat="66.356109" lon="14.337947"></trkpt>
      <trkpt lat="66.356109" lon="14.337767"></trkpt>
      <trkpt lat="66.356144" lon="14.337197"></trkpt>
      <trkpt lat="66.356166" lon="14.336929"></trkpt>
      <trkpt lat="66.356196" lon="14.336638"></trkpt>
      <trkpt lat="66.356233" lon="14.336384"></trkpt>
      <trkpt lat="66.356273" lon="14.336153"></trkpt>
      <trkpt lat="66.356314" lon="14.336006"></trkpt>
      <trkpt lat="66.356362" lon="14.335880"></trkpt>
      <trkpt lat="66.356416" lon="14.335782"></trkpt>
      <trkpt lat="66.356506" lon="14.335650"></trkpt>
      <trkpt lat="66.356648" lon="14.335462"></trkpt>
      <trkpt lat="66.356980" lon="14.335058"></trkpt>
      <trkpt lat="66.357132" lon="14.334877"></trkpt>
      <trkpt lat="66.357279" lon="14.334719"></trkpt>
      <trkpt lat="66.357583" lon="14.334417"></trkpt>
      <trkpt lat="66.357679" lon="14.334314"></trkpt>
      <trkpt lat="66.357740" lon="14.334238"></trkpt>
      <trkpt lat="66.357838" lon="14.334119"></trkpt>
      <trkpt lat="66.357887" lon="14.334052"></trkpt>
      <trkpt lat="66.357927" lon="14.333978"></trkpt>
      <trkpt lat="66.357979" lon="14.333871"></trkpt>
      <trkpt lat="66.358788" lon="14.332210"></trkpt>
      <trkpt lat="66.358837" lon="14.332112"></trkpt>
      <trkpt lat="66.358898" lon="14.331960"></trkpt>
      <trkpt lat="66.358927" lon="14.331852"></trkpt>
      <trkpt lat="66.358943" lon="14.331768"></trkpt>
      <trkpt lat="66.358953" lon="14.331676"></trkpt>
      <trkpt lat="66.358956" lon="14.331520"></trkpt>
      <trkpt lat="66.358949" lon="14.331417"></trkpt>
      <trkpt lat="66.358939" lon="14.331327"></trkpt>
      <trkpt lat="66.358907" lon="14.331128"></trkpt>
      <trkpt lat="66.358828" lon="14.330705"></trkpt>
      <trkpt lat="66.358811" lon="14.330598"></trkpt>
      <trkpt lat="66.358773" lon="14.330319"></trkpt>
      <trkpt lat="66.358757" lon="14.330176"></trkpt>
      <trkpt lat="66.358731" lon="14.329863"></trkpt>
      <trkpt lat="66.358677" lon="14.329132"></trkpt>
      <trkpt lat="66.358647" lon="14.328769"></trkpt>
      <trkpt lat="66.358637" lon="14.328651"></trkpt>
      <trkpt lat="66.358615" lon="14.328389"></trkpt>
      <trkpt lat="66.358520" lon="14.327146"></trkpt>
      <trkpt lat="66.358477" lon="14.326569"></trkpt>
      <trkpt lat="66.358450" lon="14.326150"></trkpt>
      <trkpt lat="66.358439" lon="14.325929"></trkpt>
      <trkpt lat="66.358429" lon="14.325474"></trkpt>
      <trkpt lat="66.358432" lon="14.325362"></trkpt>
      <trkpt lat="66.358447" lon="14.325223"></trkpt>
      <trkpt lat="66.358476" lon="14.325022"></trkpt>
      <trkpt lat="66.358514" lon="14.324858"></trkpt>
      <trkpt lat="66.358542" lon="14.324782"></trkpt>
      <trkpt lat="66.358404" lon="14.324507"></trkpt>
      <trkpt lat="66.358113" lon="14.323942"></trkpt>
      <trkpt lat="66.357807" lon="14.323351"></trkpt>
      <trkpt lat="66.357705" lon="14.323151"></trkpt>
      <trkpt lat="66.356905" lon="14.321588"></trkpt>
      <trkpt lat="66.356617" lon="14.321028"></trkpt>
      <trkpt lat="66.355546" lon="14.318940"></trkpt>
      <trkpt lat="66.355430" lon="14.318719"></trkpt>
      <trkpt lat="66.355181" lon="14.318242"></trkpt>
      <trkpt lat="66.355068" lon="14.318676"></trkpt>
      <trkpt lat="66.355068" lon="14.318676"></trkpt>
      <trkpt lat="66.355181" lon="14.318242"></trkpt>
      <trkpt lat="66.354658" lon="14.317240"></trkpt>
      <trkpt lat="66.354594" lon="14.317123"></trkpt>
      <trkpt lat="66.354529" lon="14.317024"></trkpt>
      <trkpt lat="66.354360" lon="14.316766"></trkpt>
      <trkpt lat="66.354132" lon="14.316485"></trkpt>
      <trkpt lat="66.354001" lon="14.316357"></trkpt>
      <trkpt lat="66.353768" lon="14.316163"></trkpt>
      <trkpt lat="66.353675" lon="14.316100"></trkpt>
      <trkpt lat="66.353095" lon="14.315739"></trkpt>
      <trkpt lat="66.353042" lon="14.315747"></trkpt>
      <trkpt lat="66.352997" lon="14.315822"></trkpt>
      <trkpt lat="66.352965" lon="14.315925"></trkpt>
      <trkpt lat="66.352926" lon="14.316197"></trkpt>
      <trkpt lat="66.352910" lon="14.316498"></trkpt>
      <trkpt lat="66.352910" lon="14.317262"></trkpt>
      <trkpt lat="66.352912" lon="14.317765"></trkpt>
      <trkpt lat="66.352903" lon="14.318296"></trkpt>
      <trkpt lat="66.352891" lon="14.318843"></trkpt>
      <trkpt lat="66.352873" lon="14.319432"></trkpt>
      <trkpt lat="66.352852" lon="14.319885"></trkpt>
      <trkpt lat="66.352831" lon="14.320165"></trkpt>
      <trkpt lat="66.352806" lon="14.320430"></trkpt>
      <trkpt lat="66.352778" lon="14.320617"></trkpt>
      <trkpt lat="66.352740" lon="14.320810"></trkpt>
      <trkpt lat="66.352697" lon="14.320993"></trkpt>
      <trkpt lat="66.352623" lon="14.321228"></trkpt>
      <trkpt lat="66.352498" lon="14.321597"></trkpt>
      <trkpt lat="66.352404" lon="14.321854"></trkpt>
      <trkpt lat="66.352374" lon="14.321936"></trkpt>
      <trkpt lat="66.352129" lon="14.322598"></trkpt>
      <trkpt lat="66.351876" lon="14.323253"></trkpt>
      <trkpt lat="66.351737" lon="14.323567"></trkpt>
      <trkpt lat="66.351590" lon="14.323860"></trkpt>
      <trkpt lat="66.351486" lon="14.324045"></trkpt>
      <trkpt lat="66.351369" lon="14.324226"></trkpt>
      <trkpt lat="66.351245" lon="14.324395"></trkpt>
      <trkpt lat="66.351100" lon="14.324567"></trkpt>
      <trkpt lat="66.351010" lon="14.324665"></trkpt>
      <trkpt lat="66.350936" lon="14.324738"></trkpt>
      <trkpt lat="66.350792" lon="14.324859"></trkpt>
      <trkpt lat="66.350664" lon="14.324946"></trkpt>
      <trkpt lat="66.350507" lon="14.325037"></trkpt>
      <trkpt lat="66.350396" lon="14.325095"></trkpt>
      <trkpt lat="66.350279" lon="14.325137"></trkpt>
      <trkpt lat="66.350202" lon="14.325161"></trkpt>
      <trkpt lat="66.350126" lon="14.325171"></trkpt>
      <trkpt lat="66.349994" lon="14.325182"></trkpt>
      <trkpt lat="66.349915" lon="14.325186"></trkpt>
      <trkpt lat="66.349795" lon="14.325178"></trkpt>
      <trkpt lat="66.349677" lon="14.325163"></trkpt>
      <trkpt lat="66.349579" lon="14.325137"></trkpt>
      <trkpt lat="66.349467" lon="14.325096"></trkpt>
      <trkpt lat="66.349340" lon="14.325032"></trkpt>
      <trkpt lat="66.349217" lon="14.324961"></trkpt>
      <trkpt lat="66.349083" lon="14.324860"></trkpt>
      <trkpt lat="66.348955" lon="14.324752"></trkpt>
      <trkpt lat="66.348824" lon="14.324626"></trkpt>
      <trkpt lat="66.348657" lon="14.324435"></trkpt>
      <trkpt lat="66.348507" lon="14.324250"></trkpt>
      <trkpt lat="66.348320" lon="14.324007"></trkpt>
      <trkpt lat="66.348104" lon="14.323726"></trkpt>
      <trkpt lat="66.347847" lon="14.323381"></trkpt>
      <trkpt lat="66.347576" lon="14.323020"></trkpt>
      <trkpt lat="66.347341" lon="14.322724"></trkpt>
      <trkpt lat="66.347110" lon="14.322420"></trkpt>
      <trkpt lat="66.346741" lon="14.321937"></trkpt>
      <trkpt lat="66.346487" lon="14.321600"></trkpt>
      <trkpt lat="66.346232" lon="14.321261"></trkpt>
      <trkpt lat="66.345914" lon="14.320833"></trkpt>
      <trkpt lat="66.345701" lon="14.320554"></trkpt>
      <trkpt lat="66.345451" lon="14.320234"></trkpt>
      <trkpt lat="66.345163" lon="14.319865"></trkpt>
      <trkpt lat="66.344966" lon="14.319610"></trkpt>
      <trkpt lat="66.344672" lon="14.319226"></trkpt>
      <trkpt lat="66.344497" lon="14.318993"></trkpt>
      <trkpt lat="66.344613" lon="14.318502"></trkpt>
      <trkpt lat="66.344657" lon="14.318294"></trkpt>
      <trkpt lat="66.344688" lon="14.318089"></trkpt>
      <trkpt lat="66.344706" lon="14.317910"></trkpt>
      <trkpt lat="66.344727" lon="14.317592"></trkpt>
      <trkpt lat="66.344744" lon="14.317351"></trkpt>
      <trkpt lat="66.344787" lon="14.317163"></trkpt>
      <trkpt lat="66.344833" lon="14.316660"></trkpt>
      <trkpt lat="66.344809" lon="14.316471"></trkpt>
      <trkpt lat="66.344690" lon="14.316428"></trkpt>
      <trkpt lat="66.344529" lon="14.316355"></trkpt>
      <trkpt lat="66.344373" lon="14.316275"></trkpt>
      <trkpt lat="66.344228" lon="14.316198"></trkpt>
      <trkpt lat="66.344132" lon="14.316141"></trkpt>
      <trkpt lat="66.344056" lon="14.316092"></trkpt>
      <trkpt lat="66.343973" lon="14.316075"></trkpt>
      <trkpt lat="66.343867" lon="14.315973"></trkpt>
      <trkpt lat="66.343778" lon="14.315879"></trkpt>
      <trkpt lat="66.343646" lon="14.315728"></trkpt>
      <trkpt lat="66.343485" lon="14.315523"></trkpt>
      <trkpt lat="66.343358" lon="14.315346"></trkpt>
      <trkpt lat="66.343204" lon="14.315109"></trkpt>
      <trkpt lat="66.343084" lon="14.314908"></trkpt>
      <trkpt lat="66.342985" lon="14.314731"></trkpt>
      <trkpt lat="66.342875" lon="14.314518"></trkpt>
      <trkpt lat="66.342742" lon="14.314240"></trkpt>
      <trkpt lat="66.342634" lon="14.313998"></trkpt>
      <trkpt lat="66.342562" lon="14.313826"></trkpt>
      <trkpt lat="66.342465" lon="14.313578"></trkpt>
      <trkpt lat="66.342371" lon="14.313321"></trkpt>
      <trkpt lat="66.342287" lon="14.313077"></trkpt>
      <trkpt lat="66.342153" lon="14.312651"></trkpt>
      <trkpt lat="66.342025" lon="14.312195"></trkpt>
      <trkpt lat="66.341917" lon="14.311773"></trkpt>
      <trkpt lat="66.341738" lon="14.311017"></trkpt>
      <trkpt lat="66.341191" lon="14.308641"></trkpt>
      <trkpt lat="66.340790" lon="14.306904"></trkpt>
      <trkpt lat="66.340358" lon="14.305009"></trkpt>
      <trkpt lat="66.340112" lon="14.303972"></trkpt>
      <trkpt lat="66.339931" lon="14.303271"></trkpt>
      <trkpt lat="66.339811" lon="14.302875"></trkpt>
      <trkpt lat="66.339649" lon="14.302436"></trkpt>
      <trkpt lat="66.339477" lon="14.302062"></trkpt>
      <trkpt lat="66.339431" lon="14.301969"></trkpt>
      <trkpt lat="66.339306" lon="14.301761"></trkpt>
      <trkpt lat="66.339218" lon="14.301632"></trkpt>
      <trkpt lat="66.339125" lon="14.301510"></trkpt>
      <trkpt lat="66.338996" lon="14.301359"></trkpt>
      <trkpt lat="66.338871" lon="14.301243"></trkpt>
      <trkpt lat="66.338718" lon="14.301120"></trkpt>
      <trkpt lat="66.338622" lon="14.301057"></trkpt>
      <trkpt lat="66.338497" lon="14.300983"></trkpt>
      <trkpt lat="66.338349" lon="14.300922"></trkpt>
      <trkpt lat="66.338217" lon="14.300888"></trkpt>
      <trkpt lat="66.338069" lon="14.300872"></trkpt>
      <trkpt lat="66.337893" lon="14.300879"></trkpt>
      <trkpt lat="66.337629" lon="14.300903"></trkpt>
      <trkpt lat="66.337483" lon="14.300908"></trkpt>
      <trkpt lat="66.337361" lon="14.300901"></trkpt>
      <trkpt lat="66.337242" lon="14.300889"></trkpt>
      <trkpt lat="66.337139" lon="14.300859"></trkpt>
      <trkpt lat="66.337041" lon="14.300816"></trkpt>
      <trkpt lat="66.336930" lon="14.300753"></trkpt>
      <trkpt lat="66.336810" lon="14.300671"></trkpt>
      <trkpt lat="66.336704" lon="14.300580"></trkpt>
      <trkpt lat="66.336586" lon="14.300455"></trkpt>
      <trkpt lat="66.336460" lon="14.300289"></trkpt>
      <trkpt lat="66.336342" lon="14.300106"></trkpt>
      <trkpt lat="66.336236" lon="14.299916"></trkpt>
      <trkpt lat="66.336122" lon="14.299666"></trkpt>
      <trkpt lat="66.336018" lon="14.299412"></trkpt>
      <trkpt lat="66.335904" lon="14.299086"></trkpt>
      <trkpt lat="66.335796" lon="14.298717"></trkpt>
      <trkpt lat="66.335710" lon="14.298386"></trkpt>
      <trkpt lat="66.335621" lon="14.297974"></trkpt>
      <trkpt lat="66.335546" lon="14.297572"></trkpt>
      <trkpt lat="66.335494" lon="14.297188"></trkpt>
      <trkpt lat="66.335454" lon="14.296804"></trkpt>
      <trkpt lat="66.335425" lon="14.296403"></trkpt>
      <trkpt lat="66.335410" lon="14.295981"></trkpt>
      <trkpt lat="66.335406" lon="14.295581"></trkpt>
      <trkpt lat="66.335415" lon="14.295023"></trkpt>
      <trkpt lat="66.335459" lon="14.294089"></trkpt>
      <trkpt lat="66.335500" lon="14.293355"></trkpt>
      <trkpt lat="66.335612" lon="14.291616"></trkpt>
      <trkpt lat="66.335685" lon="14.290495"></trkpt>
      <trkpt lat="66.335744" lon="14.289481"></trkpt>
      <trkpt lat="66.335797" lon="14.288311"></trkpt>
      <trkpt lat="66.335817" lon="14.287653"></trkpt>
      <trkpt lat="66.335824" lon="14.286957"></trkpt>
      <trkpt lat="66.335808" lon="14.286057"></trkpt>
      <trkpt lat="66.335760" lon="14.285048"></trkpt>
      <trkpt lat="66.335700" lon="14.284013"></trkpt>
      <trkpt lat="66.335432" lon="14.280134"></trkpt>
      <trkpt lat="66.335213" lon="14.276790"></trkpt>
      <trkpt lat="66.335114" lon="14.274996"></trkpt>
      <trkpt lat="66.335011" lon="14.273292"></trkpt>
      <trkpt lat="66.334932" lon="14.271597"></trkpt>
      <trkpt lat="66.334901" lon="14.271040"></trkpt>
      <trkpt lat="66.334877" lon="14.270669"></trkpt>
      <trkpt lat="66.334845" lon="14.270297"></trkpt>
      <trkpt lat="66.334802" lon="14.269929"></trkpt>
      <trkpt lat="66.334743" lon="14.269517"></trkpt>
      <trkpt lat="66.334669" lon="14.269124"></trkpt>
      <trkpt lat="66.334603" lon="14.268832"></trkpt>
      <trkpt lat="66.334518" lon="14.268502"></trkpt>
      <trkpt lat="66.334408" lon="14.268150"></trkpt>
      <trkpt lat="66.334311" lon="14.267893"></trkpt>
      <trkpt lat="66.334194" lon="14.267609"></trkpt>
      <trkpt lat="66.334075" lon="14.267363"></trkpt>
      <trkpt lat="66.333885" lon="14.267041"></trkpt>
      <trkpt lat="66.333692" lon="14.266782"></trkpt>
      <trkpt lat="66.333473" lon="14.266553"></trkpt>
      <trkpt lat="66.333236" lon="14.266377"></trkpt>
      <trkpt lat="66.333066" lon="14.266302"></trkpt>
      <trkpt lat="66.332080" lon="14.265994"></trkpt>
      <trkpt lat="66.331814" lon="14.265876"></trkpt>
      <trkpt lat="66.331548" lon="14.265727"></trkpt>
      <trkpt lat="66.330930" lon="14.265325"></trkpt>
      <trkpt lat="66.330607" lon="14.265108"></trkpt>
      <trkpt lat="66.330243" lon="14.264869"></trkpt>
      <trkpt lat="66.329898" lon="14.264641"></trkpt>
      <trkpt lat="66.329536" lon="14.264363"></trkpt>
      <trkpt lat="66.329168" lon="14.264048"></trkpt>
      <trkpt lat="66.328883" lon="14.263734"></trkpt>
      <trkpt lat="66.328647" lon="14.263428"></trkpt>
      <trkpt lat="66.328332" lon="14.262964"></trkpt>
      <trkpt lat="66.327919" lon="14.262331"></trkpt>
      <trkpt lat="66.327183" lon="14.261203"></trkpt>
      <trkpt lat="66.326230" lon="14.259735"></trkpt>
      <trkpt lat="66.326009" lon="14.259394"></trkpt>
      <trkpt lat="66.325620" lon="14.258706"></trkpt>
      <trkpt lat="66.325256" lon="14.257971"></trkpt>
      <trkpt lat="66.324745" lon="14.256855"></trkpt>
      <trkpt lat="66.324333" lon="14.256044"></trkpt>
      <trkpt lat="66.324062" lon="14.255590"></trkpt>
      <trkpt lat="66.323523" lon="14.254745"></trkpt>
      <trkpt lat="66.322892" lon="14.253779"></trkpt>
      <trkpt lat="66.322628" lon="14.253302"></trkpt>
      <trkpt lat="66.322401" lon="14.252785"></trkpt>
      <trkpt lat="66.322226" lon="14.252302"></trkpt>
      <trkpt lat="66.322060" lon="14.251753"></trkpt>
      <trkpt lat="66.321936" lon="14.251189"></trkpt>
      <trkpt lat="66.321833" lon="14.250606"></trkpt>
      <trkpt lat="66.321781" lon="14.250241"></trkpt>
      <trkpt lat="66.321738" lon="14.249871"></trkpt>
      <trkpt lat="66.321708" lon="14.249485"></trkpt>
      <trkpt lat="66.321687" lon="14.249109"></trkpt>
      <trkpt lat="66.321677" lon="14.248667"></trkpt>
      <trkpt lat="66.321675" lon="14.248229"></trkpt>
      <trkpt lat="66.321693" lon="14.247670"></trkpt>
      <trkpt lat="66.321718" lon="14.247191"></trkpt>
      <trkpt lat="66.321754" lon="14.246717"></trkpt>
      <trkpt lat="66.321840" lon="14.246012"></trkpt>
      <trkpt lat="66.321900" lon="14.245631"></trkpt>
      <trkpt lat="66.322015" lon="14.245035"></trkpt>
      <trkpt lat="66.322132" lon="14.244571"></trkpt>
      <trkpt lat="66.322252" lon="14.244129"></trkpt>
      <trkpt lat="66.322496" lon="14.243327"></trkpt>
      <trkpt lat="66.322662" lon="14.242793"></trkpt>
      <trkpt lat="66.322771" lon="14.242417"></trkpt>
      <trkpt lat="66.322788" lon="14.242364"></trkpt>
      <trkpt lat="66.322906" lon="14.241938"></trkpt>
      <trkpt lat="66.323023" lon="14.241533"></trkpt>
      <trkpt lat="66.323180" lon="14.240938"></trkpt>
      <trkpt lat="66.323308" lon="14.240448"></trkpt>
      <trkpt lat="66.323495" lon="14.239590"></trkpt>
      <trkpt lat="66.323584" lon="14.239148"></trkpt>
      <trkpt lat="66.323672" lon="14.238647"></trkpt>
      <trkpt lat="66.323690" lon="14.238537"></trkpt>
      <trkpt lat="66.323813" lon="14.237768"></trkpt>
      <trkpt lat="66.323956" lon="14.236913"></trkpt>
      <trkpt lat="66.324148" lon="14.235774"></trkpt>
      <trkpt lat="66.324260" lon="14.235112"></trkpt>
      <trkpt lat="66.324377" lon="14.234396"></trkpt>
      <trkpt lat="66.324513" lon="14.233553"></trkpt>
      <trkpt lat="66.324657" lon="14.232696"></trkpt>
      <trkpt lat="66.324796" lon="14.231855"></trkpt>
      <trkpt lat="66.325027" lon="14.230436"></trkpt>
      <trkpt lat="66.325098" lon="14.229937"></trkpt>
      <trkpt lat="66.325142" lon="14.229453"></trkpt>
      <trkpt lat="66.325168" lon="14.228970"></trkpt>
      <trkpt lat="66.325173" lon="14.228572"></trkpt>
      <trkpt lat="66.325165" lon="14.227896"></trkpt>
      <trkpt lat="66.325150" lon="14.226214"></trkpt>
      <trkpt lat="66.325153" lon="14.225824"></trkpt>
      <trkpt lat="66.325158" lon="14.225352"></trkpt>
      <trkpt lat="66.325173" lon="14.224887"></trkpt>
      <trkpt lat="66.325200" lon="14.224395"></trkpt>
      <trkpt lat="66.325294" lon="14.222765"></trkpt>
      <trkpt lat="66.325397" lon="14.221134"></trkpt>
      <trkpt lat="66.325439" lon="14.220415"></trkpt>
      <trkpt lat="66.325497" lon="14.219380"></trkpt>
      <trkpt lat="66.325515" lon="14.218800"></trkpt>
      <trkpt lat="66.325522" lon="14.217971"></trkpt>
      <trkpt lat="66.325517" lon="14.217407"></trkpt>
      <trkpt lat="66.325496" lon="14.216603"></trkpt>
      <trkpt lat="66.325479" lon="14.215934"></trkpt>
      <trkpt lat="66.325449" lon="14.214830"></trkpt>
      <trkpt lat="66.325417" lon="14.213379"></trkpt>
      <trkpt lat="66.325407" lon="14.212466"></trkpt>
      <trkpt lat="66.325425" lon="14.207011"></trkpt>
      <trkpt lat="66.325438" lon="14.206373"></trkpt>
      <trkpt lat="66.325459" lon="14.205647"></trkpt>
      <trkpt lat="66.325555" lon="14.203370"></trkpt>
      <trkpt lat="66.325647" lon="14.201743"></trkpt>
      <trkpt lat="66.325741" lon="14.199979"></trkpt>
      <trkpt lat="66.325778" lon="14.199212"></trkpt>
      <trkpt lat="66.325793" lon="14.198517"></trkpt>
      <trkpt lat="66.325804" lon="14.197758"></trkpt>
      <trkpt lat="66.325803" lon="14.197389"></trkpt>
      <trkpt lat="66.325796" lon="14.196489"></trkpt>
      <trkpt lat="66.325786" lon="14.196013"></trkpt>
      <trkpt lat="66.325768" lon="14.195578"></trkpt>
      <trkpt lat="66.325741" lon="14.195176"></trkpt>
      <trkpt lat="66.325710" lon="14.194842"></trkpt>
      <trkpt lat="66.325690" lon="14.194652"></trkpt>
      <trkpt lat="66.325653" lon="14.194351"></trkpt>
      <trkpt lat="66.325623" lon="14.194121"></trkpt>
      <trkpt lat="66.325582" lon="14.193796"></trkpt>
      <trkpt lat="66.325540" lon="14.193520"></trkpt>
      <trkpt lat="66.325146" lon="14.191044"></trkpt>
      <trkpt lat="66.325071" lon="14.190554"></trkpt>
      <trkpt lat="66.325061" lon="14.190463"></trkpt>
      <trkpt lat="66.325038" lon="14.190308"></trkpt>
      <trkpt lat="66.324942" lon="14.189707"></trkpt>
      <trkpt lat="66.324908" lon="14.189498"></trkpt>
      <trkpt lat="66.324863" lon="14.189207"></trkpt>
      <trkpt lat="66.324607" lon="14.187471"></trkpt>
      <trkpt lat="66.324356" lon="14.185709"></trkpt>
      <trkpt lat="66.324177" lon="14.184399"></trkpt>
      <trkpt lat="66.324054" lon="14.183485"></trkpt>
      <trkpt lat="66.323908" lon="14.182345"></trkpt>
      <trkpt lat="66.323863" lon="14.181932"></trkpt>
      <trkpt lat="66.323838" lon="14.181647"></trkpt>
      <trkpt lat="66.323818" lon="14.181367"></trkpt>
      <trkpt lat="66.323798" lon="14.180977"></trkpt>
      <trkpt lat="66.323785" lon="14.180576"></trkpt>
      <trkpt lat="66.323782" lon="14.180232"></trkpt>
      <trkpt lat="66.323783" lon="14.179888"></trkpt>
      <trkpt lat="66.323788" lon="14.179653"></trkpt>
      <trkpt lat="66.323802" lon="14.179278"></trkpt>
      <trkpt lat="66.323819" lon="14.178905"></trkpt>
      <trkpt lat="66.323852" lon="14.178298"></trkpt>
      <trkpt lat="66.323892" lon="14.177620"></trkpt>
      <trkpt lat="66.323912" lon="14.177161"></trkpt>
      <trkpt lat="66.323967" lon="14.176758"></trkpt>
      <trkpt lat="66.323985" lon="14.176600"></trkpt>
      <trkpt lat="66.324022" lon="14.176364"></trkpt>
      <trkpt lat="66.324048" lon="14.176193"></trkpt>
      <trkpt lat="66.324057" lon="14.176176"></trkpt>
      <trkpt lat="66.324076" lon="14.176123"></trkpt>
      <trkpt lat="66.324088" lon="14.176058"></trkpt>
      <trkpt lat="66.324093" lon="14.175988"></trkpt>
      <trkpt lat="66.324089" lon="14.175917"></trkpt>
      <trkpt lat="66.324077" lon="14.175852"></trkpt>
      <trkpt lat="66.324059" lon="14.175798"></trkpt>
      <trkpt lat="66.324035" lon="14.175760"></trkpt>
      <trkpt lat="66.324006" lon="14.175739"></trkpt>
      <trkpt lat="66.323886" lon="14.175613"></trkpt>
      <trkpt lat="66.323807" lon="14.175498"></trkpt>
      <trkpt lat="66.323743" lon="14.175445"></trkpt>
      <trkpt lat="66.323633" lon="14.175340"></trkpt>
      <trkpt lat="66.323591" lon="14.175301"></trkpt>
      <trkpt lat="66.323550" lon="14.175267"></trkpt>
      <trkpt lat="66.323512" lon="14.175238"></trkpt>
      <trkpt lat="66.322275" lon="14.174348"></trkpt>
      <trkpt lat="66.322202" lon="14.174230"></trkpt>
      <trkpt lat="66.322102" lon="14.174081"></trkpt>
      <trkpt lat="66.322050" lon="14.174000"></trkpt>
      <trkpt lat="66.322042" lon="14.173947"></trkpt>
      <trkpt lat="66.322029" lon="14.173901"></trkpt>
      <trkpt lat="66.322012" lon="14.173864"></trkpt>
      <trkpt lat="66.321992" lon="14.173839"></trkpt>
      <trkpt lat="66.321970" lon="14.173827"></trkpt>
      <trkpt lat="66.321947" lon="14.173830"></trkpt>
      <trkpt lat="66.321936" lon="14.173838"></trkpt>
      <trkpt lat="66.321926" lon="14.173846"></trkpt>
      <trkpt lat="66.321829" lon="14.173813"></trkpt>
      <trkpt lat="66.321757" lon="14.173793"></trkpt>
      <trkpt lat="66.321724" lon="14.173785"></trkpt>
      <trkpt lat="66.321592" lon="14.173779"></trkpt>
      <trkpt lat="66.321562" lon="14.173778"></trkpt>
      <trkpt lat="66.321467" lon="14.173727"></trkpt>
      <trkpt lat="66.321222" lon="14.173580"></trkpt>
      <trkpt lat="66.321111" lon="14.173506"></trkpt>
      <trkpt lat="66.320995" lon="14.173412"></trkpt>
      <trkpt lat="66.320899" lon="14.173310"></trkpt>
      <trkpt lat="66.320811" lon="14.173194"></trkpt>
      <trkpt lat="66.320698" lon="14.173009"></trkpt>
      <trkpt lat="66.320663" lon="14.172943"></trkpt>
      <trkpt lat="66.320600" lon="14.172807"></trkpt>
      <trkpt lat="66.320541" lon="14.172654"></trkpt>
      <trkpt lat="66.320514" lon="14.172575"></trkpt>
      <trkpt lat="66.320486" lon="14.172399"></trkpt>
      <trkpt lat="66.320400" lon="14.171967"></trkpt>
      <trkpt lat="66.320349" lon="14.171591"></trkpt>
      <trkpt lat="66.320322" lon="14.171353"></trkpt>
      <trkpt lat="66.320325" lon="14.171304"></trkpt>
      <trkpt lat="66.320325" lon="14.171222"></trkpt>
      <trkpt lat="66.320317" lon="14.171126"></trkpt>
      <trkpt lat="66.320299" lon="14.171038"></trkpt>
      <trkpt lat="66.320272" lon="14.170965"></trkpt>
      <trkpt lat="66.320239" lon="14.170910"></trkpt>
      <trkpt lat="66.320221" lon="14.170891"></trkpt>
      <trkpt lat="66.320202" lon="14.170878"></trkpt>
      <trkpt lat="66.320162" lon="14.170870"></trkpt>
      <trkpt lat="66.320142" lon="14.170875"></trkpt>
      <trkpt lat="66.320105" lon="14.170904"></trkpt>
      <trkpt lat="66.320052" lon="14.170818"></trkpt>
      <trkpt lat="66.319980" lon="14.170699"></trkpt>
      <trkpt lat="66.319937" lon="14.170600"></trkpt>
      <trkpt lat="66.319865" lon="14.170421"></trkpt>
      <trkpt lat="66.319813" lon="14.170305"></trkpt>
      <trkpt lat="66.319747" lon="14.170171"></trkpt>
      <trkpt lat="66.319649" lon="14.169995"></trkpt>
      <trkpt lat="66.319549" lon="14.169836"></trkpt>
      <trkpt lat="66.319333" lon="14.169544"></trkpt>
      <trkpt lat="66.319182" lon="14.169416"></trkpt>
      <trkpt lat="66.319097" lon="14.169332"></trkpt>
      <trkpt lat="66.319001" lon="14.169253"></trkpt>
      <trkpt lat="66.318921" lon="14.169200"></trkpt>
      <trkpt lat="66.318799" lon="14.169138"></trkpt>
      <trkpt lat="66.318716" lon="14.169122"></trkpt>
      <trkpt lat="66.318574" lon="14.169113"></trkpt>
      <trkpt lat="66.318466" lon="14.169122"></trkpt>
      <trkpt lat="66.318111" lon="14.169179"></trkpt>
      <trkpt lat="66.317983" lon="14.169180"></trkpt>
      <trkpt lat="66.317838" lon="14.169153"></trkpt>
      <trkpt lat="66.317759" lon="14.169118"></trkpt>
      <trkpt lat="66.317700" lon="14.169088"></trkpt>
      <trkpt lat="66.317693" lon="14.169083"></trkpt>
      <trkpt lat="66.317460" lon="14.168834"></trkpt>
      <trkpt lat="66.317363" lon="14.168747"></trkpt>
      <trkpt lat="66.317253" lon="14.168646"></trkpt>
      <trkpt lat="66.317083" lon="14.168489"></trkpt>
      <trkpt lat="66.316952" lon="14.168370"></trkpt>
      <trkpt lat="66.316546" lon="14.168045"></trkpt>
      <trkpt lat="66.316429" lon="14.167946"></trkpt>
      <trkpt lat="66.316333" lon="14.167872"></trkpt>
      <trkpt lat="66.315844" lon="14.167487"></trkpt>
      <trkpt lat="66.315785" lon="14.167438"></trkpt>
      <trkpt lat="66.315469" lon="14.167212"></trkpt>
      <trkpt lat="66.315260" lon="14.166994"></trkpt>
      <trkpt lat="66.315079" lon="14.166772"></trkpt>
      <trkpt lat="66.314933" lon="14.166552"></trkpt>
      <trkpt lat="66.314813" lon="14.166335"></trkpt>
      <trkpt lat="66.314710" lon="14.166106"></trkpt>
      <trkpt lat="66.314616" lon="14.165851"></trkpt>
      <trkpt lat="66.314527" lon="14.165535"></trkpt>
      <trkpt lat="66.314463" lon="14.165273"></trkpt>
      <trkpt lat="66.314405" lon="14.164963"></trkpt>
      <trkpt lat="66.314360" lon="14.164634"></trkpt>
      <trkpt lat="66.314329" lon="14.164296"></trkpt>
      <trkpt lat="66.314313" lon="14.163953"></trkpt>
      <trkpt lat="66.314310" lon="14.163688"></trkpt>
      <trkpt lat="66.314316" lon="14.163409"></trkpt>
      <trkpt lat="66.314336" lon="14.162966"></trkpt>
      <trkpt lat="66.314425" lon="14.161817"></trkpt>
      <trkpt lat="66.314444" lon="14.161568"></trkpt>
      <trkpt lat="66.314460" lon="14.161362"></trkpt>
      <trkpt lat="66.314475" lon="14.161185"></trkpt>
      <trkpt lat="66.314524" lon="14.160710"></trkpt>
      <trkpt lat="66.314536" lon="14.160579"></trkpt>
      <trkpt lat="66.314545" lon="14.160366"></trkpt>
      <trkpt lat="66.314547" lon="14.160090"></trkpt>
      <trkpt lat="66.314552" lon="14.159927"></trkpt>
      <trkpt lat="66.314560" lon="14.159896"></trkpt>
      <trkpt lat="66.314656" lon="14.159686"></trkpt>
      <trkpt lat="66.314718" lon="14.159566"></trkpt>
      <trkpt lat="66.314767" lon="14.159471"></trkpt>
      <trkpt lat="66.314849" lon="14.159192"></trkpt>
      <trkpt lat="66.314900" lon="14.159059"></trkpt>
      <trkpt lat="66.314937" lon="14.158915"></trkpt>
      <trkpt lat="66.314996" lon="14.158607"></trkpt>
      <trkpt lat="66.315093" lon="14.158207"></trkpt>
      <trkpt lat="66.315200" lon="14.157922"></trkpt>
      <trkpt lat="66.315312" lon="14.157691"></trkpt>
      <trkpt lat="66.315557" lon="14.157281"></trkpt>
      <trkpt lat="66.315593" lon="14.157200"></trkpt>
      <trkpt lat="66.315603" lon="14.157177"></trkpt>
      <trkpt lat="66.315636" lon="14.157102"></trkpt>
      <trkpt lat="66.315668" lon="14.157050"></trkpt>
      <trkpt lat="66.315695" lon="14.156962"></trkpt>
      <trkpt lat="66.315776" lon="14.156589"></trkpt>
      <trkpt lat="66.315792" lon="14.156558"></trkpt>
      <trkpt lat="66.315804" lon="14.156520"></trkpt>
      <trkpt lat="66.315816" lon="14.156449"></trkpt>
      <trkpt lat="66.315818" lon="14.156372"></trkpt>
      <trkpt lat="66.315809" lon="14.156297"></trkpt>
      <trkpt lat="66.315791" lon="14.156235"></trkpt>
      <trkpt lat="66.315765" lon="14.156193"></trkpt>
      <trkpt lat="66.315736" lon="14.156174"></trkpt>
      <trkpt lat="66.315696" lon="14.156036"></trkpt>
      <trkpt lat="66.315609" lon="14.155823"></trkpt>
      <trkpt lat="66.315542" lon="14.155738"></trkpt>
      <trkpt lat="66.315273" lon="14.155251"></trkpt>
      <trkpt lat="66.314944" lon="14.154618"></trkpt>
      <trkpt lat="66.314857" lon="14.154441"></trkpt>
      <trkpt lat="66.314792" lon="14.154310"></trkpt>
      <trkpt lat="66.314627" lon="14.153983"></trkpt>
      <trkpt lat="66.314368" lon="14.153505"></trkpt>
      <trkpt lat="66.313108" lon="14.151400"></trkpt>
      <trkpt lat="66.312970" lon="14.151158"></trkpt>
      <trkpt lat="66.312855" lon="14.150955"></trkpt>
      <trkpt lat="66.312788" lon="14.150801"></trkpt>
      <trkpt lat="66.312757" lon="14.150720"></trkpt>
      <trkpt lat="66.312730" lon="14.150648"></trkpt>
      <trkpt lat="66.312494" lon="14.149676"></trkpt>
      <trkpt lat="66.312393" lon="14.149204"></trkpt>
      <trkpt lat="66.312303" lon="14.148809"></trkpt>
      <trkpt lat="66.312303" lon="14.148722"></trkpt>
      <trkpt lat="66.312220" lon="14.148334"></trkpt>
      <trkpt lat="66.312209" lon="14.148092"></trkpt>
      <trkpt lat="66.312219" lon="14.147964"></trkpt>
      <trkpt lat="66.312285" lon="14.147691"></trkpt>
      <trkpt lat="66.312356" lon="14.147503"></trkpt>
      <trkpt lat="66.312418" lon="14.147225"></trkpt>
      <trkpt lat="66.312474" lon="14.146593"></trkpt>
      <trkpt lat="66.312504" lon="14.146319"></trkpt>
      <trkpt lat="66.312554" lon="14.145963"></trkpt>
      <trkpt lat="66.312667" lon="14.145373"></trkpt>
      <trkpt lat="66.312756" lon="14.144913"></trkpt>
      <trkpt lat="66.312797" lon="14.144660"></trkpt>
      <trkpt lat="66.312828" lon="14.144449"></trkpt>
      <trkpt lat="66.312861" lon="14.144132"></trkpt>
      <trkpt lat="66.312913" lon="14.143550"></trkpt>
      <trkpt lat="66.312960" lon="14.142966"></trkpt>
      <trkpt lat="66.312747" lon="14.142851"></trkpt>
      <trkpt lat="66.312580" lon="14.142741"></trkpt>
    </trkseg>
  </trk>
</gpx>