<?xml version="1.0" encoding="UTF-8"?>
<gpx version="1.1" creator="Rana Sykkelklubb - https://ranasykkelklubb.no" xmlns="http://www.topografix.com/GPX/1/1" xmlns:xsi="http://www.w3.org/2001/XMLSchema-instance" xsi:schemaLocation="http://www.topografix.com/GPX/1/1 http://www.topografix.com/GPX/1/1/gpx.xsd">
  <metadata>
    <name>Polarsirkelrunden (Dunderlandsdalen)</name>
    <desc>Polarsirkelrunden (Dunderlandsdalen)</desc>
    <author>
      <name>Rana Sykkelklubb</name>
    </author>
  </metadata>
  <wpt lat="66.312500" lon="14.142800">
    <name>Start: Mo i Rana</name>
    <desc>Start i sentrum mot nord.</desc>
  </wpt>
  <wpt lat="66.402000" lon="14.520000">
    <name>Storforshei</name>
    <desc>Gruvesamfunn og inngangen til øvre Dunderlandsdalen.</desc>
  </wpt>
  <wpt lat="66.505000" lon="14.895000">
    <name>Krokstrand Kafe &amp; Fjellpark</name>
    <desc>Vendepunkt ved foten av Saltfjellet.</desc>
  </wpt>
  <trk>
    <name>Polarsirkelrunden (Dunderlandsdalen)</name>
    <trkseg>
      <trkpt lat="66.312580" lon="14.142741"></trkpt>
      <trkpt lat="66.312747" lon="14.142851"></trkpt>
      <trkpt lat="66.312960" lon="14.142966"></trkpt>
      <trkpt lat="66.312913" lon="14.143550"></trkpt>
      <trkpt lat="66.312861" lon="14.144132"></trkpt>
      <trkpt lat="66.312828" lon="14.144449"></trkpt>
      <trkpt lat="66.312797" lon="14.144660"></trkpt>
      <trkpt lat="66.312756" lon="14.144913"></trkpt>
      <trkpt lat="66.312667" lon="14.145373"></trkpt>
      <trkpt lat="66.312554" lon="14.145963"></trkpt>
      <trkpt lat="66.312504" lon="14.146319"></trkpt>
      <trkpt lat="66.312474" lon="14.146593"></trkpt>
      <trkpt lat="66.312418" lon="14.147225"></trkpt>
      <trkpt lat="66.312356" lon="14.147503"></trkpt>
      <trkpt lat="66.312285" lon="14.147691"></trkpt>
      <trkpt lat="66.312219" lon="14.147964"></trkpt>
      <trkpt lat="66.312209" lon="14.148092"></trkpt>
      <trkpt lat="66.312220" lon="14.148334"></trkpt>
      <trkpt lat="66.312303" lon="14.148722"></trkpt>
      <trkpt lat="66.312303" lon="14.148809"></trkpt>
      <trkpt lat="66.312393" lon="14.149204"></trkpt>
      <trkpt lat="66.312494" lon="14.149676"></trkpt>
      <trkpt lat="66.312730" lon="14.150648"></trkpt>
      <trkpt lat="66.312757" lon="14.150720"></trkpt>
      <trkpt lat="66.312788" lon="14.150801"></trkpt>
      <trkpt lat="66.312855" lon="14.150955"></trkpt>
      <trkpt lat="66.312970" lon="14.151158"></trkpt>
      <trkpt lat="66.313108" lon="14.151400"></trkpt>
      <trkpt lat="66.314368" lon="14.153505"></trkpt>
      <trkpt lat="66.314627" lon="14.153983"></trkpt>
      <trkpt lat="66.314792" lon="14.154310"></trkpt>
      <trkpt lat="66.314857" lon="14.154441"></trkpt>
      <trkpt lat="66.314944" lon="14.154618"></trkpt>
      <trkpt lat="66.315273" lon="14.155251"></trkpt>
      <trkpt lat="66.315542" lon="14.155738"></trkpt>
      <trkpt lat="66.315584" lon="14.155898"></trkpt>
      <trkpt lat="66.315620" lon="14.156032"></trkpt>
      <trkpt lat="66.315654" lon="14.156271"></trkpt>
      <trkpt lat="66.315641" lon="14.156352"></trkpt>
      <trkpt lat="66.315640" lon="14.156439"></trkpt>
      <trkpt lat="66.315654" lon="14.156522"></trkpt>
      <trkpt lat="66.315679" lon="14.156584"></trkpt>
      <trkpt lat="66.315667" lon="14.156718"></trkpt>
      <trkpt lat="66.315660" lon="14.156841"></trkpt>
      <trkpt lat="66.315632" lon="14.156995"></trkpt>
      <trkpt lat="66.315603" lon="14.157177"></trkpt>
      <trkpt lat="66.315593" lon="14.157200"></trkpt>
      <trkpt lat="66.315557" lon="14.157281"></trkpt>
      <trkpt lat="66.315312" lon="14.157691"></trkpt>
      <trkpt lat="66.315200" lon="14.157922"></trkpt>
      <trkpt lat="66.315093" lon="14.158207"></trkpt>
      <trkpt lat="66.314996" lon="14.158607"></trkpt>
      <trkpt lat="66.314937" lon="14.158915"></trkpt>
      <trkpt lat="66.314900" lon="14.159059"></trkpt>
      <trkpt lat="66.314849" lon="14.159192"></trkpt>
      <trkpt lat="66.314741" lon="14.159348"></trkpt>
      <trkpt lat="66.314684" lon="14.159423"></trkpt>
      <trkpt lat="66.314637" lon="14.159470"></trkpt>
      <trkpt lat="66.314586" lon="14.159498"></trkpt>
      <trkpt lat="66.314498" lon="14.159512"></trkpt>
      <trkpt lat="66.314491" lon="14.159505"></trkpt>
      <trkpt lat="66.314464" lon="14.159497"></trkpt>
      <trkpt lat="66.314437" lon="14.159505"></trkpt>
      <trkpt lat="66.314401" lon="14.159551"></trkpt>
      <trkpt lat="66.314390" lon="14.159574"></trkpt>
      <trkpt lat="66.314374" lon="14.159625"></trkpt>
      <trkpt lat="66.314363" lon="14.159688"></trkpt>
      <trkpt lat="66.314358" lon="14.159755"></trkpt>
      <trkpt lat="66.314360" lon="14.159822"></trkpt>
      <trkpt lat="66.314369" lon="14.159887"></trkpt>
      <trkpt lat="66.314377" lon="14.159918"></trkpt>
      <trkpt lat="66.314394" lon="14.159966"></trkpt>
      <trkpt lat="66.314461" lon="14.160211"></trkpt>
      <trkpt lat="66.314475" lon="14.160302"></trkpt>
      <trkpt lat="66.314482" lon="14.160382"></trkpt>
      <trkpt lat="66.314492" lon="14.160611"></trkpt>
      <trkpt lat="66.314475" lon="14.161185"></trkpt>
      <trkpt lat="66.314460" lon="14.161362"></trkpt>
      <trkpt lat="66.314444" lon="14.161568"></trkpt>
      <trkpt lat="66.314425" lon="14.161817"></trkpt>
      <trkpt lat="66.314336" lon="14.162966"></trkpt>
      <trkpt lat="66.314316" lon="14.163409"></trkpt>
      <trkpt lat="66.314310" lon="14.163688"></trkpt>
      <trkpt lat="66.314313" lon="14.163953"></trkpt>
      <trkpt lat="66.314329" lon="14.164296"></trkpt>
      <trkpt lat="66.314360" lon="14.164634"></trkpt>
      <trkpt lat="66.314405" lon="14.164963"></trkpt>
      <trkpt lat="66.314463" lon="14.165273"></trkpt>
      <trkpt lat="66.314527" lon="14.165535"></trkpt>
      <trkpt lat="66.314616" lon="14.165851"></trkpt>
      <trkpt lat="66.314710" lon="14.166106"></trkpt>
      <trkpt lat="66.314813" lon="14.166335"></trkpt>
      <trkpt lat="66.314933" lon="14.166552"></trkpt>
      <trkpt lat="66.315079" lon="14.166772"></trkpt>
      <trkpt lat="66.315260" lon="14.166994"></trkpt>
      <trkpt lat="66.315469" lon="14.167212"></trkpt>
      <trkpt lat="66.315781" lon="14.167579"></trkpt>
      <trkpt lat="66.315824" lon="14.167621"></trkpt>
      <trkpt lat="66.315912" lon="14.167702"></trkpt>
      <trkpt lat="66.316174" lon="14.167951"></trkpt>
      <trkpt lat="66.316307" lon="14.168066"></trkpt>
      <trkpt lat="66.316370" lon="14.168111"></trkpt>
      <trkpt lat="66.316437" lon="14.168165"></trkpt>
      <trkpt lat="66.317339" lon="14.168889"></trkpt>
      <trkpt lat="66.317452" lon="14.168973"></trkpt>
      <trkpt lat="66.317693" lon="14.169083"></trkpt>
      <trkpt lat="66.317700" lon="14.169088"></trkpt>
      <trkpt lat="66.317759" lon="14.169118"></trkpt>
      <trkpt lat="66.317838" lon="14.169153"></trkpt>
      <trkpt lat="66.317983" lon="14.169180"></trkpt>
      <trkpt lat="66.318111" lon="14.169179"></trkpt>
      <trkpt lat="66.318466" lon="14.169122"></trkpt>
      <trkpt lat="66.318574" lon="14.169113"></trkpt>
      <trkpt lat="66.318716" lon="14.169122"></trkpt>
      <trkpt lat="66.318799" lon="14.169138"></trkpt>
      <trkpt lat="66.318921" lon="14.169200"></trkpt>
      <trkpt lat="66.319001" lon="14.169253"></trkpt>
      <trkpt lat="66.319097" lon="14.169332"></trkpt>
      <trkpt lat="66.319182" lon="14.169416"></trkpt>
      <trkpt lat="66.319322" lon="14.169660"></trkpt>
      <trkpt lat="66.319506" lon="14.169953"></trkpt>
      <trkpt lat="66.319598" lon="14.170126"></trkpt>
      <trkpt lat="66.319701" lon="14.170339"></trkpt>
      <trkpt lat="66.319833" lon="14.170643"></trkpt>
      <trkpt lat="66.319873" lon="14.170746"></trkpt>
      <trkpt lat="66.319913" lon="14.170864"></trkpt>
      <trkpt lat="66.319967" lon="14.171045"></trkpt>
      <trkpt lat="66.320012" lon="14.171257"></trkpt>
      <trkpt lat="66.320013" lon="14.171306"></trkpt>
      <trkpt lat="66.320017" lon="14.171355"></trkpt>
      <trkpt lat="66.320031" lon="14.171447"></trkpt>
      <trkpt lat="66.320055" lon="14.171526"></trkpt>
      <trkpt lat="66.320085" lon="14.171589"></trkpt>
      <trkpt lat="66.320102" lon="14.171613"></trkpt>
      <trkpt lat="66.320140" lon="14.171644"></trkpt>
      <trkpt lat="66.320180" lon="14.171650"></trkpt>
      <trkpt lat="66.320218" lon="14.171631"></trkpt>
      <trkpt lat="66.320267" lon="14.171782"></trkpt>
      <trkpt lat="66.320305" lon="14.171913"></trkpt>
      <trkpt lat="66.320420" lon="14.172355"></trkpt>
      <trkpt lat="66.320458" lon="14.172454"></trkpt>
      <trkpt lat="66.320514" lon="14.172575"></trkpt>
      <trkpt lat="66.320541" lon="14.172654"></trkpt>
      <trkpt lat="66.320600" lon="14.172807"></trkpt>
      <trkpt lat="66.320663" lon="14.172943"></trkpt>
      <trkpt lat="66.320698" lon="14.173009"></trkpt>
      <trkpt lat="66.320811" lon="14.173194"></trkpt>
      <trkpt lat="66.320899" lon="14.173310"></trkpt>
      <trkpt lat="66.320995" lon="14.173412"></trkpt>
      <trkpt lat="66.321111" lon="14.173506"></trkpt>
      <trkpt lat="66.321222" lon="14.173580"></trkpt>
      <trkpt lat="66.321467" lon="14.173727"></trkpt>
      <trkpt lat="66.321562" lon="14.173778"></trkpt>
      <trkpt lat="66.321719" lon="14.173942"></trkpt>
      <trkpt lat="66.321744" lon="14.173967"></trkpt>
      <trkpt lat="66.321815" lon="14.174048"></trkpt>
      <trkpt lat="66.321879" lon="14.174131"></trkpt>
      <trkpt lat="66.321897" lon="14.174202"></trkpt>
      <trkpt lat="66.321914" lon="14.174238"></trkpt>
      <trkpt lat="66.321935" lon="14.174262"></trkpt>
      <trkpt lat="66.321957" lon="14.174273"></trkpt>
      <trkpt lat="66.321991" lon="14.174262"></trkpt>
      <trkpt lat="66.322011" lon="14.174238"></trkpt>
      <trkpt lat="66.322076" lon="14.174306"></trkpt>
      <trkpt lat="66.322183" lon="14.174349"></trkpt>
      <trkpt lat="66.322275" lon="14.174348"></trkpt>
      <trkpt lat="66.323512" lon="14.175238"></trkpt>
      <trkpt lat="66.323550" lon="14.175267"></trkpt>
      <trkpt lat="66.323591" lon="14.175301"></trkpt>
      <trkpt lat="66.323633" lon="14.175340"></trkpt>
      <trkpt lat="66.323761" lon="14.175640"></trkpt>
      <trkpt lat="66.323841" lon="14.175864"></trkpt>
      <trkpt lat="66.323898" lon="14.176066"></trkpt>
      <trkpt lat="66.323907" lon="14.176113"></trkpt>
      <trkpt lat="66.323910" lon="14.176393"></trkpt>
      <trkpt lat="66.323903" lon="14.176567"></trkpt>
      <trkpt lat="66.323902" lon="14.176731"></trkpt>
      <trkpt lat="66.323912" lon="14.177161"></trkpt>
      <trkpt lat="66.323892" lon="14.177620"></trkpt>
      <trkpt lat="66.323852" lon="14.178298"></trkpt>
      <trkpt lat="66.323819" lon="14.178905"></trkpt>
      <trkpt lat="66.323802" lon="14.179278"></trkpt>
      <trkpt lat="66.323788" lon="14.179653"></trkpt>
      <trkpt lat="66.323783" lon="14.179888"></trkpt>
      <trkpt lat="66.323782" lon="14.180232"></trkpt>
      <trkpt lat="66.323785" lon="14.180576"></trkpt>
      <trkpt lat="66.323798" lon="14.180977"></trkpt>
      <trkpt lat="66.323818" lon="14.181367"></trkpt>
      <trkpt lat="66.323838" lon="14.181647"></trkpt>
      <trkpt lat="66.323863" lon="14.181932"></trkpt>
      <trkpt lat="66.323908" lon="14.182345"></trkpt>
      <trkpt lat="66.324054" lon="14.183485"></trkpt>
      <trkpt lat="66.324177" lon="14.184399"></trkpt>
      <trkpt lat="66.324356" lon="14.185709"></trkpt>
      <trkpt lat="66.324607" lon="14.187471"></trkpt>
      <trkpt lat="66.324863" lon="14.189207"></trkpt>
      <trkpt lat="66.324908" lon="14.189498"></trkpt>
      <trkpt lat="66.324942" lon="14.189707"></trkpt>
      <trkpt lat="66.325038" lon="14.190308"></trkpt>
      <trkpt lat="66.325061" lon="14.190463"></trkpt>
      <trkpt lat="66.325071" lon="14.190554"></trkpt>
      <trkpt lat="66.325146" lon="14.191044"></trkpt>
      <trkpt lat="66.325540" lon="14.193520"></trkpt>
      <trkpt lat="66.325582" lon="14.193796"></trkpt>
      <trkpt lat="66.325623" lon="14.194121"></trkpt>
      <trkpt lat="66.325653" lon="14.194351"></trkpt>
      <trkpt lat="66.325690" lon="14.194652"></trkpt>
      <trkpt lat="66.325710" lon="14.194842"></trkpt>
      <trkpt lat="66.325741" lon="14.195176"></trkpt>
      <trkpt lat="66.325768" lon="14.195578"></trkpt>
      <trkpt lat="66.325786" lon="14.196013"></trkpt>
      <trkpt lat="66.325796" lon="14.196489"></trkpt>
      <trkpt lat="66.325803" lon="14.197389"></trkpt>
      <trkpt lat="66.325804" lon="14.197758"></trkpt>
      <trkpt lat="66.325793" lon="14.198517"></trkpt>
      <trkpt lat="66.325778" lon="14.199212"></trkpt>
      <trkpt lat="66.325741" lon="14.199979"></trkpt>
      <trkpt lat="66.325647" lon="14.201743"></trkpt>
      <trkpt lat="66.325555" lon="14.203370"></trkpt>
      <trkpt lat="66.325459" lon="14.205647"></trkpt>
      <trkpt lat="66.325438" lon="14.206373"></trkpt>
      <trkpt lat="66.325425" lon="14.207011"></trkpt>
      <trkpt lat="66.325407" lon="14.212466"></trkpt>
      <trkpt lat="66.325417" lon="14.213379"></trkpt>
      <trkpt lat="66.325449" lon="14.214830"></trkpt>
      <trkpt lat="66.325479" lon="14.215934"></trkpt>
      <trkpt lat="66.325496" lon="14.216603"></trkpt>
      <trkpt lat="66.325517" lon="14.217407"></trkpt>
      <trkpt lat="66.325522" lon="14.217971"></trkpt>
      <trkpt lat="66.325515" lon="14.218800"></trkpt>
      <trkpt lat="66.325497" lon="14.219380"></trkpt>
      <trkpt lat="66.325439" lon="14.220415"></trkpt>
      <trkpt lat="66.325397" lon="14.221134"></trkpt>
      <trkpt lat="66.325294" lon="14.222765"></trkpt>
      <trkpt lat="66.325200" lon="14.224395"></trkpt>
      <trkpt lat="66.325173" lon="14.224887"></trkpt>
      <trkpt lat="66.325158" lon="14.225352"></trkpt>
      <trkpt lat="66.325153" lon="14.225824"></trkpt>
      <trkpt lat="66.325150" lon="14.226214"></trkpt>
      <trkpt lat="66.325165" lon="14.227896"></trkpt>
      <trkpt lat="66.325173" lon="14.228572"></trkpt>
      <trkpt lat="66.325168" lon="14.228970"></trkpt>
      <trkpt lat="66.325142" lon="14.229453"></trkpt>
      <trkpt lat="66.325098" lon="14.229937"></trkpt>
      <trkpt lat="66.325027" lon="14.230436"></trkpt>
      <trkpt lat="66.324796" lon="14.231855"></trkpt>
      <trkpt lat="66.324657" lon="14.232696"></trkpt>
      <trkpt lat="66.324513" lon="14.233553"></trkpt>
      <trkpt lat="66.324377" lon="14.234396"></trkpt>
      <trkpt lat="66.324260" lon="14.235112"></trkpt>
      <trkpt lat="66.324148" lon="14.235774"></trkpt>
      <trkpt lat="66.323956" lon="14.236913"></trkpt>
      <trkpt lat="66.323813" lon="14.237768"></trkpt>
      <trkpt lat="66.323690" lon="14.238537"></trkpt>
      <trkpt lat="66.323672" lon="14.238647"></trkpt>
      <trkpt lat="66.323584" lon="14.239148"></trkpt>
      <trkpt lat="66.323495" lon="14.239590"></trkpt>
      <trkpt lat="66.323308" lon="14.240448"></trkpt>
      <trkpt lat="66.323180" lon="14.240938"></trkpt>
      <trkpt lat="66.323023" lon="14.241533"></trkpt>
      <trkpt lat="66.322906" lon="14.241938"></trkpt>
      <trkpt lat="66.322788" lon="14.242364"></trkpt>
      <trkpt lat="66.322771" lon="14.242417"></trkpt>
      <trkpt lat="66.322662" lon="14.242793"></trkpt>
      <trkpt lat="66.322496" lon="14.243327"></trkpt>
      <trkpt lat="66.322252" lon="14.244129"></trkpt>
      <trkpt lat="66.322132" lon="14.244571"></trkpt>
      <trkpt lat="66.322015" lon="14.245035"></trkpt>
      <trkpt lat="66.321900" lon="14.245631"></trkpt>
      <trkpt lat="66.321840" lon="14.246012"></trkpt>
      <trkpt lat="66.321754" lon="14.246717"></trkpt>
      <trkpt lat="66.321718" lon="14.247191"></trkpt>
      <trkpt lat="66.321693" lon="14.247670"></trkpt>
      <trkpt lat="66.321675" lon="14.248229"></trkpt>
      <trkpt lat="66.321677" lon="14.248667"></trkpt>
      <trkpt lat="66.321687" lon="14.249109"></trkpt>
      <trkpt lat="66.321708" lon="14.249485"></trkpt>
      <trkpt lat="66.321738" lon="14.249871"></trkpt>
      <trkpt lat="66.321781" lon="14.250241"></trkpt>
      <trkpt lat="66.321833" lon="14.250606"></trkpt>
      <trkpt lat="66.321936" lon="14.251189"></trkpt>
      <trkpt lat="66.322060" lon="14.251753"></trkpt>
      <trkpt lat="66.322226" lon="14.252302"></trkpt>
      <trkpt lat="66.322401" lon="14.252785"></trkpt>
      <trkpt lat="66.322628" lon="14.253302"></trkpt>
      <trkpt lat="66.322892" lon="14.253779"></trkpt>
      <trkpt lat="66.323523" lon="14.254745"></trkpt>
      <trkpt lat="66.324062" lon="14.255590"></trkpt>
      <trkpt lat="66.324333" lon="14.256044"></trkpt>
      <trkpt lat="66.324745" lon="14.256855"></trkpt>
      <trkpt lat="66.325256" lon="14.257971"></trkpt>
      <trkpt lat="66.325620" lon="14.258706"></trkpt>
      <trkpt lat="66.326009" lon="14.259394"></trkpt>
      <trkpt lat="66.326230" lon="14.259735"></trkpt>
      <trkpt lat="66.327183" lon="14.261203"></trkpt>
      <trkpt lat="66.327919" lon="14.262331"></trkpt>
      <trkpt lat="66.328332" lon="14.262964"></trkpt>
      <trkpt lat="66.328647" lon="14.263428"></trkpt>
      <trkpt lat="66.328883" lon="14.263734"></trkpt>
      <trkpt lat="66.329168" lon="14.264048"></trkpt>
      <trkpt lat="66.329536" lon="14.264363"></trkpt>
      <trkpt lat="66.329898" lon="14.264641"></trkpt>
      <trkpt lat="66.330243" lon="14.264869"></trkpt>
      <trkpt lat="66.330607" lon="14.265108"></trkpt>
      <trkpt lat="66.330930" lon="14.265325"></trkpt>
      <trkpt lat="66.331548" lon="14.265727"></trkpt>
      <trkpt lat="66.331814" lon="14.265876"></trkpt>
      <trkpt lat="66.332080" lon="14.265994"></trkpt>
      <trkpt lat="66.333066" lon="14.266302"></trkpt>
      <trkpt lat="66.333236" lon="14.266377"></trkpt>
      <trkpt lat="66.333473" lon="14.266553"></trkpt>
      <trkpt lat="66.333692" lon="14.266782"></trkpt>
      <trkpt lat="66.333885" lon="14.267041"></trkpt>
      <trkpt lat="66.334075" lon="14.267363"></trkpt>
      <trkpt lat="66.334194" lon="14.267609"></trkpt>
      <trkpt lat="66.334311" lon="14.267893"></trkpt>
      <trkpt lat="66.334408" lon="14.268150"></trkpt>
      <trkpt lat="66.334518" lon="14.268502"></trkpt>
      <trkpt lat="66.334603" lon="14.268832"></trkpt>
      <trkpt lat="66.334669" lon="14.269124"></trkpt>
      <trkpt lat="66.334743" lon="14.269517"></trkpt>
      <trkpt lat="66.334802" lon="14.269929"></trkpt>
      <trkpt lat="66.334845" lon="14.270297"></trkpt>
      <trkpt lat="66.334877" lon="14.270669"></trkpt>
      <trkpt lat="66.334901" lon="14.271040"></trkpt>
      <trkpt lat="66.334932" lon="14.271597"></trkpt>
      <trkpt lat="66.335011" lon="14.273292"></trkpt>
      <trkpt lat="66.335114" lon="14.274996"></trkpt>
      <trkpt lat="66.335213" lon="14.276790"></trkpt>
      <trkpt lat="66.335432" lon="14.280134"></trkpt>
      <trkpt lat="66.335700" lon="14.284013"></trkpt>
      <trkpt lat="66.335760" lon="14.285048"></trkpt>
      <trkpt lat="66.335808" lon="14.286057"></trkpt>
      <trkpt lat="66.335824" lon="14.286957"></trkpt>
      <trkpt lat="66.335817" lon="14.287653"></trkpt>
      <trkpt lat="66.335797" lon="14.288311"></trkpt>
      <trkpt lat="66.335744" lon="14.289481"></trkpt>
      <trkpt lat="66.335685" lon="14.290495"></trkpt>
      <trkpt lat="66.335612" lon="14.291616"></trkpt>
      <trkpt lat="66.335500" lon="14.293355"></trkpt>
      <trkpt lat="66.335459" lon="14.294089"></trkpt>
      <trkpt lat="66.335415" lon="14.295023"></trkpt>
      <trkpt lat="66.335406" lon="14.295581"></trkpt>
      <trkpt lat="66.335410" lon="14.295981"></trkpt>
      <trkpt lat="66.335425" lon="14.296403"></trkpt>
      <trkpt lat="66.335454" lon="14.296804"></trkpt>
      <trkpt lat="66.335494" lon="14.297188"></trkpt>
      <trkpt lat="66.335546" lon="14.297572"></trkpt>
      <trkpt lat="66.335621" lon="14.297974"></trkpt>
      <trkpt lat="66.335710" lon="14.298386"></trkpt>
      <trkpt lat="66.335796" lon="14.298717"></trkpt>
      <trkpt lat="66.335904" lon="14.299086"></trkpt>
      <trkpt lat="66.336018" lon="14.299412"></trkpt>
      <trkpt lat="66.336122" lon="14.299666"></trkpt>
      <trkpt lat="66.336236" lon="14.299916"></trkpt>
      <trkpt lat="66.336342" lon="14.300106"></trkpt>
      <trkpt lat="66.336460" lon="14.300289"></trkpt>
      <trkpt lat="66.336586" lon="14.300455"></trkpt>
      <trkpt lat="66.336704" lon="14.300580"></trkpt>
      <trkpt lat="66.336810" lon="14.300671"></trkpt>
      <trkpt lat="66.336930" lon="14.300753"></trkpt>
      <trkpt lat="66.337041" lon="14.300816"></trkpt>
      <trkpt lat="66.337139" lon="14.300859"></trkpt>
      <trkpt lat="66.337242" lon="14.300889"></trkpt>
      <trkpt lat="66.337361" lon="14.300901"></trkpt>
      <trkpt lat="66.337483" lon="14.300908"></trkpt>
      <trkpt lat="66.337629" lon="14.300903"></trkpt>
      <trkpt lat="66.337893" lon="14.300879"></trkpt>
      <trkpt lat="66.338069" lon="14.300872"></trkpt>
      <trkpt lat="66.338217" lon="14.300888"></trkpt>
      <trkpt lat="66.338349" lon="14.300922"></trkpt>
      <trkpt lat="66.338497" lon="14.300983"></trkpt>
      <trkpt lat="66.338622" lon="14.301057"></trkpt>
      <trkpt lat="66.338718" lon="14.301120"></trkpt>
      <trkpt lat="66.338871" lon="14.301243"></trkpt>
      <trkpt lat="66.338996" lon="14.301359"></trkpt>
      <trkpt lat="66.339125" lon="14.301510"></trkpt>
      <trkpt lat="66.339218" lon="14.301632"></trkpt>
      <trkpt lat="66.339306" lon="14.301761"></trkpt>
      <trkpt lat="66.339431" lon="14.301969"></trkpt>
      <trkpt lat="66.339477" lon="14.302062"></trkpt>
      <trkpt lat="66.339649" lon="14.302436"></trkpt>
      <trkpt lat="66.339811" lon="14.302875"></trkpt>
      <trkpt lat="66.339931" lon="14.303271"></trkpt>
      <trkpt lat="66.340112" lon="14.303972"></trkpt>
      <trkpt lat="66.340358" lon="14.305009"></trkpt>
      <trkpt lat="66.340790" lon="14.306904"></trkpt>
      <trkpt lat="66.341191" lon="14.308641"></trkpt>
      <trkpt lat="66.341738" lon="14.311017"></trkpt>
      <trkpt lat="66.341917" lon="14.311773"></trkpt>
      <trkpt lat="66.342025" lon="14.312195"></trkpt>
      <trkpt lat="66.342153" lon="14.312651"></trkpt>
      <trkpt lat="66.342287" lon="14.313077"></trkpt>
      <trkpt lat="66.342371" lon="14.313321"></trkpt>
      <trkpt lat="66.342465" lon="14.313578"></trkpt>
      <trkpt lat="66.342562" lon="14.313826"></trkpt>
      <trkpt lat="66.342634" lon="14.313998"></trkpt>
      <trkpt lat="66.342742" lon="14.314240"></trkpt>
      <trkpt lat="66.342875" lon="14.314518"></trkpt>
      <trkpt lat="66.342985" lon="14.314731"></trkpt>
      <trkpt lat="66.343084" lon="14.314908"></trkpt>
      <trkpt lat="66.343204" lon="14.315109"></trkpt>
      <trkpt lat="66.343358" lon="14.315346"></trkpt>
      <trkpt lat="66.343485" lon="14.315523"></trkpt>
      <trkpt lat="66.343646" lon="14.315728"></trkpt>
      <trkpt lat="66.343778" lon="14.315879"></trkpt>
      <trkpt lat="66.343867" lon="14.315973"></trkpt>
      <trkpt lat="66.343973" lon="14.316075"></trkpt>
      <trkpt lat="66.344043" lon="14.316186"></trkpt>
      <trkpt lat="66.344115" lon="14.316253"></trkpt>
      <trkpt lat="66.344214" lon="14.316328"></trkpt>
      <trkpt lat="66.344328" lon="14.316411"></trkpt>
      <trkpt lat="66.344425" lon="14.316470"></trkpt>
      <trkpt lat="66.344521" lon="14.316519"></trkpt>
      <trkpt lat="66.344621" lon="14.316575"></trkpt>
      <trkpt lat="66.344759" lon="14.316635"></trkpt>
      <trkpt lat="66.344736" lon="14.317146"></trkpt>
      <trkpt lat="66.344744" lon="14.317351"></trkpt>
      <trkpt lat="66.344727" lon="14.317592"></trkpt>
      <trkpt lat="66.344706" lon="14.317910"></trkpt>
      <trkpt lat="66.344688" lon="14.318089"></trkpt>
      <trkpt lat="66.344657" lon="14.318294"></trkpt>
      <trkpt lat="66.344613" lon="14.318502"></trkpt>
      <trkpt lat="66.344497" lon="14.318993"></trkpt>
      <trkpt lat="66.344672" lon="14.319226"></trkpt>
      <trkpt lat="66.344966" lon="14.319610"></trkpt>
      <trkpt lat="66.345163" lon="14.319865"></trkpt>
      <trkpt lat="66.345451" lon="14.320234"></trkpt>
      <trkpt lat="66.345701" lon="14.320554"></trkpt>
      <trkpt lat="66.345914" lon="14.320833"></trkpt>
      <trkpt lat="66.346232" lon="14.321261"></trkpt>
      <trkpt lat="66.346487" lon="14.321600"></trkpt>
      <trkpt lat="66.346741" lon="14.321937"></trkpt>
      <trkpt lat="66.347110" lon="14.322420"></trkpt>
      <trkpt lat="66.347341" lon="14.322724"></trkpt>
      <trkpt lat="66.347576" lon="14.323020"></trkpt>
      <trkpt lat="66.347847" lon="14.323381"></trkpt>
      <trkpt lat="66.348104" lon="14.323726"></trkpt>
      <trkpt lat="66.348320" lon="14.324007"></trkpt>
      <trkpt lat="66.348507" lon="14.324250"></trkpt>
      <trkpt lat="66.348657" lon="14.324435"></trkpt>
      <trkpt lat="66.348824" lon="14.324626"></trkpt>
      <trkpt lat="66.348955" lon="14.324752"></trkpt>
      <trkpt lat="66.349083" lon="14.324860"></trkpt>
      <trkpt lat="66.349217" lon="14.324961"></trkpt>
      <trkpt lat="66.349340" lon="14.325032"></trkpt>
      <trkpt lat="66.349467" lon="14.325096"></trkpt>
      <trkpt lat="66.349579" lon="14.325137"></trkpt>
      <trkpt lat="66.349677" lon="14.325163"></trkpt>
      <trkpt lat="66.349795" lon="14.325178"></trkpt>
      <trkpt lat="66.349915" lon="14.325186"></trkpt>
      <trkpt lat="66.349994" lon="14.325182"></trkpt>
      <trkpt lat="66.350126" lon="14.325171"></trkpt>
      <trkpt lat="66.350202" lon="14.325161"></trkpt>
      <trkpt lat="66.350279" lon="14.325137"></trkpt>
      <trkpt lat="66.350396" lon="14.325095"></trkpt>
      <trkpt lat="66.350507" lon="14.325037"></trkpt>
      <trkpt lat="66.350664" lon="14.324946"></trkpt>
      <trkpt lat="66.350792" lon="14.324859"></trkpt>
      <trkpt lat="66.350936" lon="14.324738"></trkpt>
      <trkpt lat="66.351010" lon="14.324665"></trkpt>
      <trkpt lat="66.351100" lon="14.324567"></trkpt>
      <trkpt lat="66.351245" lon="14.324395"></trkpt>
      <trkpt lat="66.351369" lon="14.324226"></trkpt>
      <trkpt lat="66.351486" lon="14.324045"></trkpt>
      <trkpt lat="66.351590" lon="14.323860"></trkpt>
      <trkpt lat="66.351737" lon="14.323567"></trkpt>
      <trkpt lat="66.351876" lon="14.323253"></trkpt>
      <trkpt lat="66.352129" lon="14.322598"></trkpt>
      <trkpt lat="66.352374" lon="14.321936"></trkpt>
      <trkpt lat="66.352404" lon="14.321854"></trkpt>
      <trkpt lat="66.352498" lon="14.321597"></trkpt>
      <trkpt lat="66.352623" lon="14.321228"></trkpt>
      <trkpt lat="66.352697" lon="14.320993"></trkpt>
      <trkpt lat="66.352740" lon="14.320810"></trkpt>
      <trkpt lat="66.352778" lon="14.320617"></trkpt>
      <trkpt lat="66.352806" lon="14.320430"></trkpt>
      <trkpt lat="66.352831" lon="14.320165"></trkpt>
      <trkpt lat="66.352852" lon="14.319885"></trkpt>
      <trkpt lat="66.352873" lon="14.319432"></trkpt>
      <trkpt lat="66.352891" lon="14.318843"></trkpt>
      <trkpt lat="66.352903" lon="14.318296"></trkpt>
      <trkpt lat="66.352912" lon="14.317765"></trkpt>
      <trkpt lat="66.352910" lon="14.317262"></trkpt>
      <trkpt lat="66.352910" lon="14.316498"></trkpt>
      <trkpt lat="66.352926" lon="14.316197"></trkpt>
      <trkpt lat="66.352965" lon="14.315925"></trkpt>
      <trkpt lat="66.352997" lon="14.315822"></trkpt>
      <trkpt lat="66.353042" lon="14.315747"></trkpt>
      <trkpt lat="66.353095" lon="14.315739"></trkpt>
      <trkpt lat="66.353675" lon="14.316100"></trkpt>
      <trkpt lat="66.353768" lon="14.316163"></trkpt>
      <trkpt lat="66.354001" lon="14.316357"></trkpt>
      <trkpt lat="66.354132" lon="14.316485"></trkpt>
      <trkpt lat="66.354360" lon="14.316766"></trkpt>
      <trkpt lat="66.354529" lon="14.317024"></trkpt>
      <trkpt lat="66.354594" lon="14.317123"></trkpt>
      <trkpt lat="66.354658" lon="14.317240"></trkpt>
      <trkpt lat="66.355181" lon="14.318242"></trkpt>
      <trkpt lat="66.355068" lon="14.318676"></trkpt>
      <trkpt lat="66.355068" lon="14.318676"></trkpt>
      <trkpt lat="66.355181" lon="14.318242"></trkpt>
      <trkpt lat="66.355430" lon="14.318719"></trkpt>
      <trkpt lat="66.355546" lon="14.318940"></trkpt>
      <trkpt lat="66.356617" lon="14.321028"></trkpt>
      <trkpt lat="66.356905" lon="14.321588"></trkpt>
      <trkpt lat="66.357705" lon="14.323151"></trkpt>
      <trkpt lat="66.357807" lon="14.323351"></trkpt>
      <trkpt lat="66.358113" lon="14.323942"></trkpt>
      <trkpt lat="66.358404" lon="14.324507"></trkpt>
      <trkpt lat="66.358542" lon="14.324782"></trkpt>
      <trkpt lat="66.359337" lon="14.326340"></trkpt>
      <trkpt lat="66.359590" lon="14.326832"></trkpt>
      <trkpt lat="66.359825" lon="14.327284"></trkpt>
      <trkpt lat="66.360065" lon="14.327748"></trkpt>
      <trkpt lat="66.360330" lon="14.328269"></trkpt>
      <trkpt lat="66.360555" lon="14.328716"></trkpt>
      <trkpt lat="66.360748" lon="14.329133"></trkpt>
      <trkpt lat="66.360907" lon="14.329480"></trkpt>
      <trkpt lat="66.361045" lon="14.329809"></trkpt>
      <trkpt lat="66.361178" lon="14.330143"></trkpt>
      <trkpt lat="66.361364" lon="14.330615"></trkpt>
      <trkpt lat="66.361532" lon="14.331080"></trkpt>
      <trkpt lat="66.361772" lon="14.331790"></trkpt>
      <trkpt lat="66.362021" lon="14.332569"></trkpt>
      <trkpt lat="66.362296" lon="14.333455"></trkpt>
      <trkpt lat="66.362637" lon="14.334574"></trkpt>
      <trkpt lat="66.363169" lon="14.336296"></trkpt>
      <trkpt lat="66.363645" lon="14.337827"></trkpt>
      <trkpt lat="66.364110" lon="14.339376"></trkpt>
      <trkpt lat="66.364326" lon="14.340078"></trkpt>
      <trkpt lat="66.364542" lon="14.340781"></trkpt>
      <trkpt lat="66.365000" lon="14.342273"></trkpt>
      <trkpt lat="66.365524" lon="14.343976"></trkpt>
      <trkpt lat="66.365862" lon="14.345075"></trkpt>
      <trkpt lat="66.366130" lon="14.345941"></trkpt>
      <trkpt lat="66.366278" lon="14.346416"></trkpt>
      <trkpt lat="66.366545" lon="14.347294"></trkpt>
      <trkpt lat="66.366802" lon="14.348172"></trkpt>
      <trkpt lat="66.367090" lon="14.349074"></trkpt>
      <trkpt lat="66.367274" lon="14.349689"></trkpt>
      <trkpt lat="66.367565" lon="14.350633"></trkpt>
      <trkpt lat="66.368006" lon="14.352276"></trkpt>
      <trkpt lat="66.368105" lon="14.352728"></trkpt>
      <trkpt lat="66.368326" lon="14.353845"></trkpt>
      <trkpt lat="66.368382" lon="14.354144"></trkpt>
      <trkpt lat="66.368513" lon="14.354913"></trkpt>
      <trkpt lat="66.368557" lon="14.355113"></trkpt>
      <trkpt lat="66.368614" lon="14.355292"></trkpt>
      <trkpt lat="66.368683" lon="14.355445"></trkpt>
      <trkpt lat="66.368788" lon="14.355599"></trkpt>
      <trkpt lat="66.368875" lon="14.355673"></trkpt>
      <trkpt lat="66.368966" lon="14.355709"></trkpt>
      <trkpt lat="66.369224" lon="14.355682"></trkpt>
      <trkpt lat="66.369269" lon="14.355677"></trkpt>
      <trkpt lat="66.369277" lon="14.355979"></trkpt>
      <trkpt lat="66.369289" lon="14.356362"></trkpt>
      <trkpt lat="66.369311" lon="14.356899"></trkpt>
      <trkpt lat="66.369343" lon="14.357502"></trkpt>
      <trkpt lat="66.369375" lon="14.357981"></trkpt>
      <trkpt lat="66.369412" lon="14.358459"></trkpt>
      <trkpt lat="66.369443" lon="14.358815"></trkpt>
      <trkpt lat="66.369502" lon="14.359405"></trkpt>
      <trkpt lat="66.369541" lon="14.359756"></trkpt>
      <trkpt lat="66.369627" lon="14.360453"></trkpt>
      <trkpt lat="66.369698" lon="14.360963"></trkpt>
      <trkpt lat="66.369774" lon="14.361469"></trkpt>
      <trkpt lat="66.370380" lon="14.365257"></trkpt>
      <trkpt lat="66.371470" lon="14.372052"></trkpt>
      <trkpt lat="66.371709" lon="14.373535"></trkpt>
      <trkpt lat="66.371882" lon="14.374547"></trkpt>
      <trkpt lat="66.371994" lon="14.375149"></trkpt>
      <trkpt lat="66.372094" lon="14.375655"></trkpt>
      <trkpt lat="66.372213" lon="14.376211"></trkpt>
      <trkpt lat="66.372300" lon="14.376608"></trkpt>
      <trkpt lat="66.372412" lon="14.377098"></trkpt>
      <trkpt lat="66.372944" lon="14.379372"></trkpt>
      <trkpt lat="66.373511" lon="14.381792"></trkpt>
      <trkpt lat="66.373755" lon="14.382848"></trkpt>
      <trkpt lat="66.373824" lon="14.383166"></trkpt>
      <trkpt lat="66.373917" lon="14.383629"></trkpt>
      <trkpt lat="66.373984" lon="14.383996"></trkpt>
      <trkpt lat="66.374068" lon="14.384490"></trkpt>
      <trkpt lat="66.374333" lon="14.386162"></trkpt>
      <trkpt lat="66.374399" lon="14.386541"></trkpt>
      <trkpt lat="66.374476" lon="14.386942"></trkpt>
      <trkpt lat="66.374537" lon="14.387226"></trkpt>
      <trkpt lat="66.374629" lon="14.387603"></trkpt>
      <trkpt lat="66.374705" lon="14.387877"></trkpt>
      <trkpt lat="66.374829" lon="14.388270"></trkpt>
      <trkpt lat="66.374918" lon="14.388519"></trkpt>
      <trkpt lat="66.374980" lon="14.388678"></trkpt>
      <trkpt lat="66.375111" lon="14.388982"></trkpt>
      <trkpt lat="66.375231" lon="14.389229"></trkpt>
      <trkpt lat="66.375321" lon="14.389395"></trkpt>
      <trkpt lat="66.375488" lon="14.389669"></trkpt>
      <trkpt lat="66.375640" lon="14.389882"></trkpt>
      <trkpt lat="66.375832" lon="14.390113"></trkpt>
      <trkpt lat="66.375988" lon="14.390282"></trkpt>
      <trkpt lat="66.376562" lon="14.390862"></trkpt>
      <trkpt lat="66.379613" lon="14.393936"></trkpt>
      <trkpt lat="66.379812" lon="14.394124"></trkpt>
      <trkpt lat="66.379974" lon="14.394259"></trkpt>
      <trkpt lat="66.380097" lon="14.394348"></trkpt>
      <trkpt lat="66.380223" lon="14.394423"></trkpt>
      <trkpt lat="66.380384" lon="14.394495"></trkpt>
      <trkpt lat="66.380511" lon="14.394537"></trkpt>
      <trkpt lat="66.380680" lon="14.394577"></trkpt>
      <trkpt lat="66.380808" lon="14.394599"></trkpt>
      <trkpt lat="66.381570" lon="14.394704"></trkpt>
      <trkpt lat="66.383473" lon="14.394953"></trkpt>
      <trkpt lat="66.383784" lon="14.394977"></trkpt>
      <trkpt lat="66.383992" lon="14.394977"></trkpt>
      <trkpt lat="66.384135" lon="14.394967"></trkpt>
      <trkpt lat="66.384291" lon="14.394947"></trkpt>
      <trkpt lat="66.384478" lon="14.394910"></trkpt>
      <trkpt lat="66.384720" lon="14.394842"></trkpt>
      <trkpt lat="66.384911" lon="14.394774"></trkpt>
      <trkpt lat="66.385134" lon="14.394681"></trkpt>
      <trkpt lat="66.385339" lon="14.394586"></trkpt>
      <trkpt lat="66.385544" lon="14.394483"></trkpt>
      <trkpt lat="66.385988" lon="14.394245"></trkpt>
      <trkpt lat="66.386078" lon="14.394201"></trkpt>
      <trkpt lat="66.386344" lon="14.394089"></trkpt>
      <trkpt lat="66.386579" lon="14.394017"></trkpt>
      <trkpt lat="66.386865" lon="14.393969"></trkpt>
      <trkpt lat="66.387435" lon="14.393897"></trkpt>
      <trkpt lat="66.387671" lon="14.393844"></trkpt>
      <trkpt lat="66.387747" lon="14.393827"></trkpt>
      <trkpt lat="66.387921" lon="14.393769"></trkpt>
      <trkpt lat="66.388053" lon="14.393724"></trkpt>
      <trkpt lat="66.388402" lon="14.393565"></trkpt>
      <trkpt lat="66.389052" lon="14.393236"></trkpt>
      <trkpt lat="66.389361" lon="14.393113"></trkpt>
      <trkpt lat="66.389669" lon="14.393025"></trkpt>
      <trkpt lat="66.389978" lon="14.392975"></trkpt>
      <trkpt lat="66.390288" lon="14.392958"></trkpt>
      <trkpt lat="66.390597" lon="14.392975"></trkpt>
      <trkpt lat="66.390905" lon="14.393030"></trkpt>
      <trkpt lat="66.391212" lon="14.393119"></trkpt>
      <trkpt lat="66.391518" lon="14.393246"></trkpt>
      <trkpt lat="66.391838" lon="14.393415"></trkpt>
      <trkpt lat="66.392299" lon="14.393702"></trkpt>
      <trkpt lat="66.396290" lon="14.396345"></trkpt>
      <trkpt lat="66.396870" lon="14.396740"></trkpt>
      <trkpt lat="66.397199" lon="14.396994"></trkpt>
      <trkpt lat="66.397499" lon="14.397264"></trkpt>
      <trkpt lat="66.397793" lon="14.397566"></trkpt>
      <trkpt lat="66.398081" lon="14.397900"></trkpt>
      <trkpt lat="66.398383" lon="14.398293"></trkpt>
      <trkpt lat="66.398751" lon="14.398810"></trkpt>
      <trkpt lat="66.398904" lon="14.399038"></trkpt>
      <trkpt lat="66.398991" lon="14.399169"></trkpt>
      <trkpt lat="66.399396" lon="14.399781"></trkpt>
      <trkpt lat="66.399572" lon="14.400066"></trkpt>
      <trkpt lat="66.399710" lon="14.400308"></trkpt>
      <trkpt lat="66.399811" lon="14.400502"></trkpt>
      <trkpt lat="66.399909" lon="14.400706"></trkpt>
      <trkpt lat="66.400034" lon="14.400995"></trkpt>
      <trkpt lat="66.400124" lon="14.401222"></trkpt>
      <trkpt lat="66.400210" lon="14.401458"></trkpt>
      <trkpt lat="66.400292" lon="14.401702"></trkpt>
      <trkpt lat="66.400370" lon="14.401955"></trkpt>
      <trkpt lat="66.400444" lon="14.402215"></trkpt>
      <trkpt lat="66.400513" lon="14.402483"></trkpt>
      <trkpt lat="66.400599" lon="14.402851"></trkpt>
      <trkpt lat="66.400676" lon="14.403225"></trkpt>
      <trkpt lat="66.400763" lon="14.403702"></trkpt>
      <trkpt lat="66.400784" lon="14.403829"></trkpt>
      <trkpt lat="66.400859" lon="14.404284"></trkpt>
      <trkpt lat="66.401220" lon="14.406550"></trkpt>
      <trkpt lat="66.401222" lon="14.406560"></trkpt>
      <trkpt lat="66.401571" lon="14.408738"></trkpt>
      <trkpt lat="66.401735" lon="14.409694"></trkpt>
      <trkpt lat="66.401868" lon="14.410394"></trkpt>
      <trkpt lat="66.401959" lon="14.410844"></trkpt>
      <trkpt lat="66.402266" lon="14.412316"></trkpt>
      <trkpt lat="66.402365" lon="14.412823"></trkpt>
      <trkpt lat="66.402451" lon="14.413306"></trkpt>
      <trkpt lat="66.402536" lon="14.413836"></trkpt>
      <trkpt lat="66.402612" lon="14.414374"></trkpt>
      <trkpt lat="66.402689" lon="14.415012"></trkpt>
      <trkpt lat="66.402727" lon="14.415381"></trkpt>
      <trkpt lat="66.402761" lon="14.415752"></trkpt>
      <trkpt lat="66.402797" lon="14.416218"></trkpt>
      <trkpt lat="66.402816" lon="14.416500"></trkpt>
      <trkpt lat="66.402837" lon="14.416877"></trkpt>
      <trkpt lat="66.402854" lon="14.417255"></trkpt>
      <trkpt lat="66.402869" lon="14.417729"></trkpt>
      <trkpt lat="66.402875" lon="14.418014"></trkpt>
      <trkpt lat="66.402879" lon="14.418490"></trkpt>
      <trkpt lat="66.402878" lon="14.418764"></trkpt>
      <trkpt lat="66.402861" lon="14.418902"></trkpt>
      <trkpt lat="66.402848" lon="14.419455"></trkpt>
      <trkpt lat="66.402820" lon="14.420091"></trkpt>
      <trkpt lat="66.402741" lon="14.421337"></trkpt>
      <trkpt lat="66.402701" lon="14.422173"></trkpt>
      <trkpt lat="66.402686" lon="14.422497"></trkpt>
      <trkpt lat="66.402617" lon="14.424012"></trkpt>
      <trkpt lat="66.402596" lon="14.424558"></trkpt>
      <trkpt lat="66.402580" lon="14.425224"></trkpt>
      <trkpt lat="66.402571" lon="14.425785"></trkpt>
      <trkpt lat="66.402581" lon="14.425939"></trkpt>
      <trkpt lat="66.402516" lon="14.427404"></trkpt>
      <trkpt lat="66.402475" lon="14.428180"></trkpt>
      <trkpt lat="66.402437" lon="14.428732"></trkpt>
      <trkpt lat="66.402406" lon="14.429093"></trkpt>
      <trkpt lat="66.402363" lon="14.429522"></trkpt>
      <trkpt lat="66.402313" lon="14.429947"></trkpt>
      <trkpt lat="66.402236" lon="14.430505"></trkpt>
      <trkpt lat="66.402182" lon="14.430848"></trkpt>
      <trkpt lat="66.402121" lon="14.431200"></trkpt>
      <trkpt lat="66.402041" lon="14.431625"></trkpt>
      <trkpt lat="66.401885" lon="14.432381"></trkpt>
      <trkpt lat="66.401029" lon="14.436412"></trkpt>
      <trkpt lat="66.400906" lon="14.437036"></trkpt>
      <trkpt lat="66.400846" lon="14.437366"></trkpt>
      <trkpt lat="66.400800" lon="14.437639"></trkpt>
      <trkpt lat="66.400707" lon="14.438252"></trkpt>
      <trkpt lat="66.400677" lon="14.438473"></trkpt>
      <trkpt lat="66.400625" lon="14.438898"></trkpt>
      <trkpt lat="66.400579" lon="14.439328"></trkpt>
      <trkpt lat="66.400539" lon="14.439761"></trkpt>
      <trkpt lat="66.400516" lon="14.440052"></trkpt>
      <trkpt lat="66.400487" lon="14.440490"></trkpt>
      <trkpt lat="66.400464" lon="14.440931"></trkpt>
      <trkpt lat="66.400452" lon="14.441226"></trkpt>
      <trkpt lat="66.400439" lon="14.441715"></trkpt>
      <trkpt lat="66.400434" lon="14.442114"></trkpt>
      <trkpt lat="66.400434" lon="14.442414"></trkpt>
      <trkpt lat="66.400442" lon="14.443002"></trkpt>
      <trkpt lat="66.400450" lon="14.443298"></trkpt>
      <trkpt lat="66.400471" lon="14.443808"></trkpt>
      <trkpt lat="66.400492" lon="14.444181"></trkpt>
      <trkpt lat="66.400512" lon="14.444473"></trkpt>
      <trkpt lat="66.400534" lon="14.444764"></trkpt>
      <trkpt lat="66.400573" lon="14.445198"></trkpt>
      <trkpt lat="66.400618" lon="14.445627"></trkpt>
      <trkpt lat="66.400652" lon="14.445912"></trkpt>
      <trkpt lat="66.400688" lon="14.446194"></trkpt>
      <trkpt lat="66.400767" lon="14.446740"></trkpt>
      <trkpt lat="66.400892" lon="14.447491"></trkpt>
      <trkpt lat="66.401804" lon="14.452529"></trkpt>
      <trkpt lat="66.401967" lon="14.453400"></trkpt>
      <trkpt lat="66.402082" lon="14.453969"></trkpt>
      <trkpt lat="66.402214" lon="14.454561"></trkpt>
      <trkpt lat="66.402332" lon="14.455045"></trkpt>
      <trkpt lat="66.402455" lon="14.455518"></trkpt>
      <trkpt lat="66.402585" lon="14.455980"></trkpt>
      <trkpt lat="66.402666" lon="14.456252"></trkpt>
      <trkpt lat="66.402806" lon="14.456697"></trkpt>
      <trkpt lat="66.402893" lon="14.456958"></trkpt>
      <trkpt lat="66.403103" lon="14.457549"></trkpt>
      <trkpt lat="66.403228" lon="14.457875"></trkpt>
      <trkpt lat="66.403357" lon="14.458194"></trkpt>
      <trkpt lat="66.403489" lon="14.458503"></trkpt>
      <trkpt lat="66.403624" lon="14.458803"></trkpt>
      <trkpt lat="66.403869" lon="14.459307"></trkpt>
      <trkpt lat="66.404005" lon="14.459568"></trkpt>
      <trkpt lat="66.404144" lon="14.459823"></trkpt>
      <trkpt lat="66.404746" lon="14.460897"></trkpt>
      <trkpt lat="66.404955" lon="14.461298"></trkpt>
      <trkpt lat="66.405123" lon="14.461651"></trkpt>
      <trkpt lat="66.405222" lon="14.461878"></trkpt>
      <trkpt lat="66.405352" lon="14.462197"></trkpt>
      <trkpt lat="66.405432" lon="14.462411"></trkpt>
      <trkpt lat="66.405529" lon="14.462686"></trkpt>
      <trkpt lat="66.405629" lon="14.462992"></trkpt>
      <trkpt lat="66.405693" lon="14.463202"></trkpt>
      <trkpt lat="66.405784" lon="14.463524"></trkpt>
      <trkpt lat="66.405846" lon="14.463758"></trkpt>
      <trkpt lat="66.405926" lon="14.464080"></trkpt>
      <trkpt lat="66.406004" lon="14.464425"></trkpt>
      <trkpt lat="66.406055" lon="14.464671"></trkpt>
      <trkpt lat="66.406099" lon="14.464895"></trkpt>
      <trkpt lat="66.406164" lon="14.465256"></trkpt>
      <trkpt lat="66.406241" lon="14.465746"></trkpt>
      <trkpt lat="66.406308" lon="14.466245"></trkpt>
      <trkpt lat="66.406365" lon="14.466753"></trkpt>
      <trkpt lat="66.406400" lon="14.467138"></trkpt>
      <trkpt lat="66.406438" lon="14.467657"></trkpt>
      <trkpt lat="66.406459" lon="14.468049"></trkpt>
      <trkpt lat="66.406474" lon="14.468442"></trkpt>
      <trkpt lat="66.406480" lon="14.468705"></trkpt>
      <trkpt lat="66.406484" lon="14.468968"></trkpt>
      <trkpt lat="66.406485" lon="14.469336"></trkpt>
      <trkpt lat="66.406483" lon="14.469573"></trkpt>
      <trkpt lat="66.406471" lon="14.470163"></trkpt>
      <trkpt lat="66.406453" lon="14.470752"></trkpt>
      <trkpt lat="66.406389" lon="14.472632"></trkpt>
      <trkpt lat="66.406370" lon="14.472757"></trkpt>
      <trkpt lat="66.406346" lon="14.473338"></trkpt>
      <trkpt lat="66.406324" lon="14.473787"></trkpt>
      <trkpt lat="66.406304" lon="14.474307"></trkpt>
      <trkpt lat="66.406252" lon="14.475846"></trkpt>
      <trkpt lat="66.406218" lon="14.476850"></trkpt>
      <trkpt lat="66.406190" lon="14.478031"></trkpt>
      <trkpt lat="66.406202" lon="14.478136"></trkpt>
      <trkpt lat="66.406178" lon="14.478747"></trkpt>
      <trkpt lat="66.406152" lon="14.479343"></trkpt>
      <trkpt lat="66.406127" lon="14.479777"></trkpt>
      <trkpt lat="66.406100" lon="14.480171"></trkpt>
      <trkpt lat="66.406051" lon="14.480769"></trkpt>
      <trkpt lat="66.406000" lon="14.481310"></trkpt>
      <trkpt lat="66.405866" lon="14.482650"></trkpt>
      <trkpt lat="66.405803" lon="14.483354"></trkpt>
      <trkpt lat="66.405765" lon="14.483850"></trkpt>
      <trkpt lat="66.405727" lon="14.484491"></trkpt>
      <trkpt lat="66.405701" lon="14.485136"></trkpt>
      <trkpt lat="66.405686" lon="14.485891"></trkpt>
      <trkpt lat="66.405686" lon="14.486539"></trkpt>
      <trkpt lat="66.405693" lon="14.486971"></trkpt>
      <trkpt lat="66.405713" lon="14.487617"></trkpt>
      <trkpt lat="66.405745" lon="14.488260"></trkpt>
      <trkpt lat="66.405789" lon="14.488898"></trkpt>
      <trkpt lat="66.405825" lon="14.489321"></trkpt>
      <trkpt lat="66.405877" lon="14.489845"></trkpt>
      <trkpt lat="66.405951" lon="14.490467"></trkpt>
      <trkpt lat="66.406025" lon="14.491014"></trkpt>
      <trkpt lat="66.406370" lon="14.493277"></trkpt>
      <trkpt lat="66.406480" lon="14.494075"></trkpt>
      <trkpt lat="66.406555" lon="14.494704"></trkpt>
      <trkpt lat="66.406623" lon="14.495370"></trkpt>
      <trkpt lat="66.406666" lon="14.495874"></trkpt>
      <trkpt lat="66.406719" lon="14.496627"></trkpt>
      <trkpt lat="66.406740" lon="14.497020"></trkpt>
      <trkpt lat="66.406773" lon="14.497798"></trkpt>
      <trkpt lat="66.406801" lon="14.498709"></trkpt>
      <trkpt lat="66.406875" lon="14.501411"></trkpt>
      <trkpt lat="66.406885" lon="14.501739"></trkpt>
      <trkpt lat="66.406905" lon="14.502382"></trkpt>
      <trkpt lat="66.406964" lon="14.504026"></trkpt>
      <trkpt lat="66.407022" lon="14.505416"></trkpt>
      <trkpt lat="66.407046" lon="14.505963"></trkpt>
      <trkpt lat="66.407057" lon="14.506201"></trkpt>
      <trkpt lat="66.407143" lon="14.507938"></trkpt>
      <trkpt lat="66.407227" lon="14.509445"></trkpt>
      <trkpt lat="66.407352" lon="14.511666"></trkpt>
      <trkpt lat="66.407425" lon="14.512997"></trkpt>
      <trkpt lat="66.407460" lon="14.513775"></trkpt>
      <trkpt lat="66.407484" lon="14.514398"></trkpt>
      <trkpt lat="66.407506" lon="14.515097"></trkpt>
      <trkpt lat="66.407529" lon="14.516116"></trkpt>
      <trkpt lat="66.407516" lon="14.516271"></trkpt>
      <trkpt lat="66.407519" lon="14.516812"></trkpt>
      <trkpt lat="66.407514" lon="14.517347"></trkpt>
      <trkpt lat="66.407491" lon="14.518253"></trkpt>
      <trkpt lat="66.407485" lon="14.518711"></trkpt>
      <trkpt lat="66.407477" lon="14.519179"></trkpt>
      <trkpt lat="66.407466" lon="14.519553"></trkpt>
      <trkpt lat="66.407454" lon="14.519880"></trkpt>
      <trkpt lat="66.407430" lon="14.520321"></trkpt>
      <trkpt lat="66.407408" lon="14.520646"></trkpt>
      <trkpt lat="66.407374" lon="14.521065"></trkpt>
      <trkpt lat="66.407294" lon="14.521882"></trkpt>
      <trkpt lat="66.407247" lon="14.522295"></trkpt>
      <trkpt lat="66.407220" lon="14.522502"></trkpt>
      <trkpt lat="66.407161" lon="14.522897"></trkpt>
      <trkpt lat="66.407112" lon="14.523183"></trkpt>
      <trkpt lat="66.407043" lon="14.523537"></trkpt>
      <trkpt lat="66.406963" lon="14.523904"></trkpt>
      <trkpt lat="66.406932" lon="14.524106"></trkpt>
      <trkpt lat="66.406911" lon="14.524193"></trkpt>
      <trkpt lat="66.406844" lon="14.524450"></trkpt>
      <trkpt lat="66.406774" lon="14.524702"></trkpt>
      <trkpt lat="66.406676" lon="14.525029"></trkpt>
      <trkpt lat="66.406599" lon="14.525268"></trkpt>
      <trkpt lat="66.406519" lon="14.525501"></trkpt>
      <trkpt lat="66.406361" lon="14.525923"></trkpt>
      <trkpt lat="66.406204" lon="14.526298"></trkpt>
      <trkpt lat="66.406083" lon="14.526565"></trkpt>
      <trkpt lat="66.405579" lon="14.527609"></trkpt>
      <trkpt lat="66.405562" lon="14.527645"></trkpt>
      <trkpt lat="66.405443" lon="14.527902"></trkpt>
      <trkpt lat="66.405332" lon="14.528154"></trkpt>
      <trkpt lat="66.405267" lon="14.528307"></trkpt>
      <trkpt lat="66.405177" lon="14.528532"></trkpt>
      <trkpt lat="66.405076" lon="14.528748"></trkpt>
      <trkpt lat="66.404966" lon="14.529057"></trkpt>
      <trkpt lat="66.404879" lon="14.529319"></trkpt>
      <trkpt lat="66.404741" lon="14.529770"></trkpt>
      <trkpt lat="66.404637" lon="14.530142"></trkpt>
      <trkpt lat="66.404539" lon="14.530524"></trkpt>
      <trkpt lat="66.404425" lon="14.531015"></trkpt>
      <trkpt lat="66.404341" lon="14.531417"></trkpt>
      <trkpt lat="66.404280" lon="14.531729"></trkpt>
      <trkpt lat="66.404202" lon="14.531634"></trkpt>
      <trkpt lat="66.404136" lon="14.531586"></trkpt>
      <trkpt lat="66.403984" lon="14.531496"></trkpt>
      <trkpt lat="66.403621" lon="14.531111"></trkpt>
      <trkpt lat="66.403810" lon="14.530138"></trkpt>
      <trkpt lat="66.404033" lon="14.528940"></trkpt>
      <trkpt lat="66.404089" lon="14.528691"></trkpt>
      <trkpt lat="66.404159" lon="14.528451"></trkpt>
      <trkpt lat="66.404223" lon="14.528267"></trkpt>
      <trkpt lat="66.404289" lon="14.528126"></trkpt>
      <trkpt lat="66.404328" lon="14.528044"></trkpt>
      <trkpt lat="66.404431" lon="14.527842"></trkpt>
      <trkpt lat="66.404444" lon="14.527874"></trkpt>
      <trkpt lat="66.404461" lon="14.527893"></trkpt>
      <trkpt lat="66.404479" lon="14.527898"></trkpt>
      <trkpt lat="66.404497" lon="14.527887"></trkpt>
      <trkpt lat="66.404513" lon="14.527861"></trkpt>
      <trkpt lat="66.404524" lon="14.527827"></trkpt>
      <trkpt lat="66.404530" lon="14.527785"></trkpt>
      <trkpt lat="66.404530" lon="14.527742"></trkpt>
      <trkpt lat="66.404525" lon="14.527700"></trkpt>
      <trkpt lat="66.404515" lon="14.527664"></trkpt>
      <trkpt lat="66.404735" lon="14.527152"></trkpt>
      <trkpt lat="66.404884" lon="14.526828"></trkpt>
      <trkpt lat="66.404979" lon="14.526639"></trkpt>
      <trkpt lat="66.405070" lon="14.526428"></trkpt>
      <trkpt lat="66.405141" lon="14.526236"></trkpt>
      <trkpt lat="66.405227" lon="14.525921"></trkpt>
      <trkpt lat="66.405274" lon="14.525719"></trkpt>
      <trkpt lat="66.405330" lon="14.525312"></trkpt>
      <trkpt lat="66.405377" lon="14.524804"></trkpt>
      <trkpt lat="66.405396" lon="14.524506"></trkpt>
      <trkpt lat="66.405416" lon="14.523963"></trkpt>
      <trkpt lat="66.405423" lon="14.522724"></trkpt>
      <trkpt lat="66.405402" lon="14.521342"></trkpt>
      <trkpt lat="66.405385" lon="14.520039"></trkpt>
      <trkpt lat="66.405369" lon="14.519156"></trkpt>
      <trkpt lat="66.405361" lon="14.518735"></trkpt>
      <trkpt lat="66.405353" lon="14.518474"></trkpt>
      <trkpt lat="66.405345" lon="14.518320"></trkpt>
      <trkpt lat="66.405372" lon="14.518212"></trkpt>
      <trkpt lat="66.405426" lon="14.517768"></trkpt>
      <trkpt lat="66.405534" lon="14.517132"></trkpt>
      <trkpt lat="66.405612" lon="14.516659"></trkpt>
      <trkpt lat="66.405413" lon="14.516405"></trkpt>
      <trkpt lat="66.405301" lon="14.516313"></trkpt>
      <trkpt lat="66.405157" lon="14.516234"></trkpt>
      <trkpt lat="66.405043" lon="14.516148"></trkpt>
      <trkpt lat="66.404950" lon="14.516057"></trkpt>
      <trkpt lat="66.404877" lon="14.515948"></trkpt>
      <trkpt lat="66.404804" lon="14.515795"></trkpt>
      <trkpt lat="66.404704" lon="14.515557"></trkpt>
      <trkpt lat="66.404530" lon="14.515167"></trkpt>
      <trkpt lat="66.404504" lon="14.515110"></trkpt>
      <trkpt lat="66.404473" lon="14.515023"></trkpt>
      <trkpt lat="66.404458" lon="14.514959"></trkpt>
      <trkpt lat="66.404423" lon="14.514963"></trkpt>
      <trkpt lat="66.404387" lon="14.514941"></trkpt>
      <trkpt lat="66.404285" lon="14.514790"></trkpt>
      <trkpt lat="66.404202" lon="14.514667"></trkpt>
      <trkpt lat="66.404167" lon="14.514596"></trkpt>
      <trkpt lat="66.404092" lon="14.514421"></trkpt>
      <trkpt lat="66.404023" lon="14.514189"></trkpt>
      <trkpt lat="66.403968" lon="14.513922"></trkpt>
      <trkpt lat="66.403921" lon="14.513625"></trkpt>
      <trkpt lat="66.403851" lon="14.513633"></trkpt>
      <trkpt lat="66.403810" lon="14.513673"></trkpt>
      <trkpt lat="66.403684" lon="14.513853"></trkpt>
      <trkpt lat="66.403629" lon="14.513902"></trkpt>
      <trkpt lat="66.403497" lon="14.513936"></trkpt>
      <trkpt lat="66.403390" lon="14.513988"></trkpt>
      <trkpt lat="66.403101" lon="14.514223"></trkpt>
      <trkpt lat="66.402990" lon="14.514243"></trkpt>
      <trkpt lat="66.402882" lon="14.514163"></trkpt>
      <trkpt lat="66.402824" lon="14.514137"></trkpt>
      <trkpt lat="66.402780" lon="14.514146"></trkpt>
      <trkpt lat="66.402711" lon="14.514254"></trkpt>
      <trkpt lat="66.402627" lon="14.514439"></trkpt>
      <trkpt lat="66.402432" lon="14.514758"></trkpt>
      <trkpt lat="66.402382" lon="14.514891"></trkpt>
      <trkpt lat="66.402333" lon="14.515115"></trkpt>
      <trkpt lat="66.402133" lon="14.515914"></trkpt>
      <trkpt lat="66.402073" lon="14.516149"></trkpt>
      <trkpt lat="66.402049" lon="14.516355"></trkpt>
      <trkpt lat="66.402054" lon="14.516837"></trkpt>
      <trkpt lat="66.402079" lon="14.517113"></trkpt>
      <trkpt lat="66.402107" lon="14.517317"></trkpt>
      <trkpt lat="66.402156" lon="14.517531"></trkpt>
      <trkpt lat="66.402169" lon="14.517671"></trkpt>
      <trkpt lat="66.402165" lon="14.517816"></trkpt>
      <trkpt lat="66.402080" lon="14.517891"></trkpt>
      <trkpt lat="66.401992" lon="14.517920"></trkpt>
      <trkpt lat="66.401992" lon="14.517920"></trkpt>
      <trkpt lat="66.401942" lon="14.517920"></trkpt>
      <trkpt lat="66.401895" lon="14.517869"></trkpt>
      <trkpt lat="66.401851" lon="14.517843"></trkpt>
      <trkpt lat="66.401673" lon="14.517864"></trkpt>
      <trkpt lat="66.401622" lon="14.517824"></trkpt>
      <trkpt lat="66.401481" lon="14.517626"></trkpt>
      <trkpt lat="66.401489" lon="14.517391"></trkpt>
      <trkpt lat="66.401493" lon="14.516800"></trkpt>
      <trkpt lat="66.401516" lon="14.516432"></trkpt>
      <trkpt lat="66.401632" lon="14.515586"></trkpt>
      <trkpt lat="66.401659" lon="14.515450"></trkpt>
      <trkpt lat="66.401725" lon="14.515186"></trkpt>
      <trkpt lat="66.401824" lon="14.514913"></trkpt>
      <trkpt lat="66.401882" lon="14.514786"></trkpt>
      <trkpt lat="66.401910" lon="14.514725"></trkpt>
      <trkpt lat="66.401971" lon="14.514609"></trkpt>
      <trkpt lat="66.402043" lon="14.514488"></trkpt>
      <trkpt lat="66.402131" lon="14.514352"></trkpt>
      <trkpt lat="66.402237" lon="14.514236"></trkpt>
      <trkpt lat="66.402384" lon="14.514073"></trkpt>
      <trkpt lat="66.402519" lon="14.513901"></trkpt>
      <trkpt lat="66.402602" lon="14.513823"></trkpt>
      <trkpt lat="66.402685" lon="14.513770"></trkpt>
      <trkpt lat="66.402720" lon="14.513727"></trkpt>
      <trkpt lat="66.402896" lon="14.513592"></trkpt>
      <trkpt lat="66.403177" lon="14.513441"></trkpt>
      <trkpt lat="66.403368" lon="14.513383"></trkpt>
      <trkpt lat="66.403761" lon="14.513340"></trkpt>
      <trkpt lat="66.403854" lon="14.513327"></trkpt>
      <trkpt lat="66.403879" lon="14.513437"></trkpt>
      <trkpt lat="66.403921" lon="14.513625"></trkpt>
      <trkpt lat="66.403968" lon="14.513922"></trkpt>
      <trkpt lat="66.404023" lon="14.514189"></trkpt>
      <trkpt lat="66.404092" lon="14.514421"></trkpt>
      <trkpt lat="66.404167" lon="14.514596"></trkpt>
      <trkpt lat="66.404202" lon="14.514667"></trkpt>
      <trkpt lat="66.404285" lon="14.514790"></trkpt>
      <trkpt lat="66.404387" lon="14.514941"></trkpt>
      <trkpt lat="66.404423" lon="14.514963"></trkpt>
      <trkpt lat="66.404458" lon="14.514959"></trkpt>
      <trkpt lat="66.404473" lon="14.515023"></trkpt>
      <trkpt lat="66.404504" lon="14.515110"></trkpt>
      <trkpt lat="66.404530" lon="14.515167"></trkpt>
      <trkpt lat="66.404704" lon="14.515557"></trkpt>
      <trkpt lat="66.404804" lon="14.515795"></trkpt>
      <trkpt lat="66.404877" lon="14.515948"></trkpt>
      <trkpt lat="66.404950" lon="14.516057"></trkpt>
      <trkpt lat="66.405043" lon="14.516148"></trkpt>
      <trkpt lat="66.405157" lon="14.516234"></trkpt>
      <trkpt lat="66.405301" lon="14.516313"></trkpt>
      <trkpt lat="66.405413" lon="14.516405"></trkpt>
      <trkpt lat="66.405612" lon="14.516659"></trkpt>
      <trkpt lat="66.405534" lon="14.517132"></trkpt>
      <trkpt lat="66.405426" lon="14.517768"></trkpt>
      <trkpt lat="66.405372" lon="14.518212"></trkpt>
      <trkpt lat="66.405345" lon="14.518320"></trkpt>
      <trkpt lat="66.405353" lon="14.518474"></trkpt>
      <trkpt lat="66.405361" lon="14.518735"></trkpt>
      <trkpt lat="66.405369" lon="14.519156"></trkpt>
      <trkpt lat="66.405385" lon="14.520039"></trkpt>
      <trkpt lat="66.405402" lon="14.521342"></trkpt>
      <trkpt lat="66.405423" lon="14.522724"></trkpt>
      <trkpt lat="66.405416" lon="14.523963"></trkpt>
      <trkpt lat="66.405396" lon="14.524506"></trkpt>
      <trkpt lat="66.405377" lon="14.524804"></trkpt>
      <trkpt lat="66.405330" lon="14.525312"></trkpt>
      <trkpt lat="66.405274" lon="14.525719"></trkpt>
      <trkpt lat="66.405227" lon="14.525921"></trkpt>
      <trkpt lat="66.405141" lon="14.526236"></trkpt>
      <trkpt lat="66.405070" lon="14.526428"></trkpt>
      <trkpt lat="66.404979" lon="14.526639"></trkpt>
      <trkpt lat="66.404884" lon="14.526828"></trkpt>
      <trkpt lat="66.404735" lon="14.527152"></trkpt>
      <trkpt lat="66.404515" lon="14.527664"></trkpt>
      <trkpt lat="66.404501" lon="14.527638"></trkpt>
      <trkpt lat="66.404485" lon="14.527624"></trkpt>
      <trkpt lat="66.404468" lon="14.527623"></trkpt>
      <trkpt lat="66.404452" lon="14.527635"></trkpt>
      <trkpt lat="66.404438" lon="14.527659"></trkpt>
      <trkpt lat="66.404428" lon="14.527690"></trkpt>
      <trkpt lat="66.404422" lon="14.527727"></trkpt>
      <trkpt lat="66.404420" lon="14.527767"></trkpt>
      <trkpt lat="66.404423" lon="14.527806"></trkpt>
      <trkpt lat="66.404431" lon="14.527842"></trkpt>
      <trkpt lat="66.404328" lon="14.528044"></trkpt>
      <trkpt lat="66.404289" lon="14.528126"></trkpt>
      <trkpt lat="66.404223" lon="14.528267"></trkpt>
      <trkpt lat="66.404159" lon="14.528451"></trkpt>
      <trkpt lat="66.404089" lon="14.528691"></trkpt>
      <trkpt lat="66.404033" lon="14.528940"></trkpt>
      <trkpt lat="66.403810" lon="14.530138"></trkpt>
      <trkpt lat="66.403621" lon="14.531111"></trkpt>
      <trkpt lat="66.403984" lon="14.531496"></trkpt>
      <trkpt lat="66.404116" lon="14.531712"></trkpt>
      <trkpt lat="66.404185" lon="14.531798"></trkpt>
      <trkpt lat="66.404256" lon="14.531872"></trkpt>
      <trkpt lat="66.404134" lon="14.532563"></trkpt>
      <trkpt lat="66.404045" lon="14.533106"></trkpt>
      <trkpt lat="66.403966" lon="14.533617"></trkpt>
      <trkpt lat="66.403894" lon="14.534119"></trkpt>
      <trkpt lat="66.403776" lon="14.534990"></trkpt>
      <trkpt lat="66.403715" lon="14.535362"></trkpt>
      <trkpt lat="66.403649" lon="14.535692"></trkpt>
      <trkpt lat="66.403629" lon="14.535865"></trkpt>
      <trkpt lat="66.403617" lon="14.535917"></trkpt>
      <trkpt lat="66.403552" lon="14.536174"></trkpt>
      <trkpt lat="66.403467" lon="14.536471"></trkpt>
      <trkpt lat="66.403390" lon="14.536707"></trkpt>
      <trkpt lat="66.403302" lon="14.536948"></trkpt>
      <trkpt lat="66.403186" lon="14.537228"></trkpt>
      <trkpt lat="66.403090" lon="14.537431"></trkpt>
      <trkpt lat="66.402957" lon="14.537679"></trkpt>
      <trkpt lat="66.402875" lon="14.537812"></trkpt>
      <trkpt lat="66.402749" lon="14.537995"></trkpt>
      <trkpt lat="66.402662" lon="14.538105"></trkpt>
      <trkpt lat="66.402528" lon="14.538253"></trkpt>
      <trkpt lat="66.402437" lon="14.538339"></trkpt>
      <trkpt lat="66.402345" lon="14.538415"></trkpt>
      <trkpt lat="66.402204" lon="14.538510"></trkpt>
      <trkpt lat="66.402061" lon="14.538583"></trkpt>
      <trkpt lat="66.401964" lon="14.538618"></trkpt>
      <trkpt lat="66.401819" lon="14.538651"></trkpt>
      <trkpt lat="66.401697" lon="14.538661"></trkpt>
      <trkpt lat="66.401575" lon="14.538654"></trkpt>
      <trkpt lat="66.401502" lon="14.538642"></trkpt>
      <trkpt lat="66.401357" lon="14.538600"></trkpt>
      <trkpt lat="66.401237" lon="14.538547"></trkpt>
      <trkpt lat="66.401072" lon="14.538446"></trkpt>
      <trkpt lat="66.400979" lon="14.538374"></trkpt>
      <trkpt lat="66.400882" lon="14.538287"></trkpt>
      <trkpt lat="66.400737" lon="14.538136"></trkpt>
      <trkpt lat="66.400666" lon="14.538052"></trkpt>
      <trkpt lat="66.400596" lon="14.537965"></trkpt>
      <trkpt lat="66.400458" lon="14.537778"></trkpt>
      <trkpt lat="66.400256" lon="14.537477"></trkpt>
      <trkpt lat="66.399300" lon="14.535934"></trkpt>
      <trkpt lat="66.398758" lon="14.535082"></trkpt>
      <trkpt lat="66.398342" lon="14.534445"></trkpt>
      <trkpt lat="66.397793" lon="14.533629"></trkpt>
      <trkpt lat="66.397313" lon="14.532937"></trkpt>
      <trkpt lat="66.396935" lon="14.532406"></trkpt>
      <trkpt lat="66.396387" lon="14.531657"></trkpt>
      <trkpt lat="66.395766" lon="14.530839"></trkpt>
      <trkpt lat="66.395461" lon="14.530464"></trkpt>
      <trkpt lat="66.395329" lon="14.530314"></trkpt>
      <trkpt lat="66.395187" lon="14.530163"></trkpt>
      <trkpt lat="66.395014" lon="14.529998"></trkpt>
      <trkpt lat="66.394807" lon="14.529830"></trkpt>
      <trkpt lat="66.394692" lon="14.529754"></trkpt>
      <trkpt lat="66.394595" lon="14.529696"></trkpt>
      <trkpt lat="66.394419" lon="14.529616"></trkpt>
      <trkpt lat="66.394229" lon="14.529563"></trkpt>
      <trkpt lat="66.394065" lon="14.529545"></trkpt>
      <trkpt lat="66.393945" lon="14.529548"></trkpt>
      <trkpt lat="66.393766" lon="14.529574"></trkpt>
      <trkpt lat="66.393587" lon="14.529627"></trkpt>
      <trkpt lat="66.393499" lon="14.529662"></trkpt>
      <trkpt lat="66.393323" lon="14.529751"></trkpt>
      <trkpt lat="66.393236" lon="14.529805"></trkpt>
      <trkpt lat="66.393064" lon="14.529930"></trkpt>
      <trkpt lat="66.392895" lon="14.530079"></trkpt>
      <trkpt lat="66.392811" lon="14.530162"></trkpt>
      <trkpt lat="66.392648" lon="14.530346"></trkpt>
      <trkpt lat="66.392488" lon="14.530552"></trkpt>
      <trkpt lat="66.392334" lon="14.530780"></trkpt>
      <trkpt lat="66.392259" lon="14.530902"></trkpt>
      <trkpt lat="66.392113" lon="14.531161"></trkpt>
      <trkpt lat="66.391972" lon="14.531439"></trkpt>
      <trkpt lat="66.391772" lon="14.531888"></trkpt>
      <trkpt lat="66.391580" lon="14.532359"></trkpt>
      <trkpt lat="66.390700" lon="14.534593"></trkpt>
      <trkpt lat="66.390451" lon="14.535182"></trkpt>
      <trkpt lat="66.390303" lon="14.535501"></trkpt>
      <trkpt lat="66.390101" lon="14.535905"></trkpt>
      <trkpt lat="66.389948" lon="14.536183"></trkpt>
      <trkpt lat="66.389800" lon="14.536435"></trkpt>
      <trkpt lat="66.389648" lon="14.536674"></trkpt>
      <trkpt lat="66.389493" lon="14.536900"></trkpt>
      <trkpt lat="66.389336" lon="14.537115"></trkpt>
      <trkpt lat="66.389126" lon="14.537387"></trkpt>
      <trkpt lat="66.389054" lon="14.537477"></trkpt>
      <trkpt lat="66.388933" lon="14.537627"></trkpt>
      <trkpt lat="66.388805" lon="14.537787"></trkpt>
      <trkpt lat="66.388487" lon="14.538184"></trkpt>
      <trkpt lat="66.388412" lon="14.538239"></trkpt>
      <trkpt lat="66.388161" lon="14.538578"></trkpt>
      <trkpt lat="66.387953" lon="14.538892"></trkpt>
      <trkpt lat="66.387761" lon="14.539216"></trkpt>
      <trkpt lat="66.387696" lon="14.539335"></trkpt>
      <trkpt lat="66.387587" lon="14.539540"></trkpt>
      <trkpt lat="66.387411" lon="14.539900"></trkpt>
      <trkpt lat="66.387285" lon="14.540181"></trkpt>
      <trkpt lat="66.387163" lon="14.540473"></trkpt>
      <trkpt lat="66.387016" lon="14.540855"></trkpt>
      <trkpt lat="66.386888" lon="14.541216"></trkpt>
      <trkpt lat="66.386821" lon="14.541420"></trkpt>
      <trkpt lat="66.386807" lon="14.541518"></trkpt>
      <trkpt lat="66.386702" lon="14.541861"></trkpt>
      <trkpt lat="66.386634" lon="14.542095"></trkpt>
      <trkpt lat="66.386537" lon="14.542454"></trkpt>
      <trkpt lat="66.386416" lon="14.542945"></trkpt>
      <trkpt lat="66.386305" lon="14.543450"></trkpt>
      <trkpt lat="66.386228" lon="14.543838"></trkpt>
      <trkpt lat="66.386180" lon="14.544100"></trkpt>
      <trkpt lat="66.386091" lon="14.544633"></trkpt>
      <trkpt lat="66.386013" lon="14.545175"></trkpt>
      <trkpt lat="66.385946" lon="14.545727"></trkpt>
      <trkpt lat="66.385916" lon="14.546005"></trkpt>
      <trkpt lat="66.385877" lon="14.546426"></trkpt>
      <trkpt lat="66.385834" lon="14.546993"></trkpt>
      <trkpt lat="66.385800" lon="14.547635"></trkpt>
      <trkpt lat="66.385796" lon="14.547725"></trkpt>
      <trkpt lat="66.385784" lon="14.548024"></trkpt>
      <trkpt lat="66.385772" lon="14.548473"></trkpt>
      <trkpt lat="66.385763" lon="14.548923"></trkpt>
      <trkpt lat="66.385756" lon="14.549523"></trkpt>
      <trkpt lat="66.385698" lon="14.557770"></trkpt>
      <trkpt lat="66.385679" lon="14.559889"></trkpt>
      <trkpt lat="66.385654" lon="14.562007"></trkpt>
      <trkpt lat="66.385623" lon="14.564125"></trkpt>
      <trkpt lat="66.385593" lon="14.565890"></trkpt>
      <trkpt lat="66.385524" lon="14.569390"></trkpt>
      <trkpt lat="66.385495" lon="14.571005"></trkpt>
      <trkpt lat="66.385445" lon="14.574237"></trkpt>
      <trkpt lat="66.385424" lon="14.575853"></trkpt>
      <trkpt lat="66.385390" lon="14.579086"></trkpt>
      <trkpt lat="66.385372" lon="14.581512"></trkpt>
      <trkpt lat="66.385356" lon="14.585554"></trkpt>
      <trkpt lat="66.385355" lon="14.588788"></trkpt>
      <trkpt lat="66.385359" lon="14.590406"></trkpt>
      <trkpt lat="66.385370" lon="14.592831"></trkpt>
      <trkpt lat="66.385380" lon="14.594448"></trkpt>
      <trkpt lat="66.385401" lon="14.596873"></trkpt>
      <trkpt lat="66.385444" lon="14.600437"></trkpt>
      <trkpt lat="66.385466" lon="14.601678"></trkpt>
      <trkpt lat="66.385495" lon="14.602918"></trkpt>
      <trkpt lat="66.385517" lon="14.603744"></trkpt>
      <trkpt lat="66.385571" lon="14.605262"></trkpt>
      <trkpt lat="66.385618" lon="14.606632"></trkpt>
      <trkpt lat="66.385691" lon="14.608278"></trkpt>
      <trkpt lat="66.385731" lon="14.609100"></trkpt>
      <trkpt lat="66.385797" lon="14.610331"></trkpt>
      <trkpt lat="66.385895" lon="14.611970"></trkpt>
      <trkpt lat="66.385948" lon="14.612787"></trkpt>
      <trkpt lat="66.386062" lon="14.614419"></trkpt>
      <trkpt lat="66.386155" lon="14.615639"></trkpt>
      <trkpt lat="66.386254" lon="14.616857"></trkpt>
      <trkpt lat="66.386324" lon="14.617667"></trkpt>
      <trkpt lat="66.386433" lon="14.618879"></trkpt>
      <trkpt lat="66.386509" lon="14.619685"></trkpt>
      <trkpt lat="66.386629" lon="14.620891"></trkpt>
      <trkpt lat="66.386797" lon="14.622502"></trkpt>
      <trkpt lat="66.387063" lon="14.624897"></trkpt>
      <trkpt lat="66.387230" lon="14.626328"></trkpt>
      <trkpt lat="66.387345" lon="14.627280"></trkpt>
      <trkpt lat="66.387522" lon="14.628704"></trkpt>
      <trkpt lat="66.387644" lon="14.629651"></trkpt>
      <trkpt lat="66.387831" lon="14.631067"></trkpt>
      <trkpt lat="66.388024" lon="14.632478"></trkpt>
      <trkpt lat="66.388223" lon="14.633884"></trkpt>
      <trkpt lat="66.388497" lon="14.635751"></trkpt>
      <trkpt lat="66.388638" lon="14.636680"></trkpt>
      <trkpt lat="66.388928" lon="14.638533"></trkpt>
      <trkpt lat="66.389114" lon="14.639685"></trkpt>
      <trkpt lat="66.389343" lon="14.641062"></trkpt>
      <trkpt lat="66.389617" lon="14.642662"></trkpt>
      <trkpt lat="66.389789" lon="14.643630"></trkpt>
      <trkpt lat="66.389972" lon="14.644586"></trkpt>
      <trkpt lat="66.390118" lon="14.645281"></trkpt>
      <trkpt lat="66.390274" lon="14.645963"></trkpt>
      <trkpt lat="66.390439" lon="14.646631"></trkpt>
      <trkpt lat="66.390613" lon="14.647284"></trkpt>
      <trkpt lat="66.390796" lon="14.647921"></trkpt>
      <trkpt lat="66.390892" lon="14.648233"></trkpt>
      <trkpt lat="66.390923" lon="14.648396"></trkpt>
      <trkpt lat="66.391117" lon="14.649003"></trkpt>
      <trkpt lat="66.391325" lon="14.649622"></trkpt>
      <trkpt lat="66.391467" lon="14.650027"></trkpt>
      <trkpt lat="66.391647" lon="14.650525"></trkpt>
      <trkpt lat="66.391988" lon="14.651441"></trkpt>
      <trkpt lat="66.392057" lon="14.651627"></trkpt>
      <trkpt lat="66.392379" lon="14.652492"></trkpt>
      <trkpt lat="66.392504" lon="14.652812"></trkpt>
      <trkpt lat="66.392757" lon="14.653448"></trkpt>
      <trkpt lat="66.392825" lon="14.653571"></trkpt>
      <trkpt lat="66.393361" lon="14.655011"></trkpt>
      <trkpt lat="66.395290" lon="14.660185"></trkpt>
      <trkpt lat="66.395579" lon="14.660966"></trkpt>
      <trkpt lat="66.395674" lon="14.661230"></trkpt>
      <trkpt lat="66.395861" lon="14.661733"></trkpt>
      <trkpt lat="66.396063" lon="14.662275"></trkpt>
      <trkpt lat="66.397021" lon="14.664851"></trkpt>
      <trkpt lat="66.397189" lon="14.665312"></trkpt>
      <trkpt lat="66.397345" lon="14.665755"></trkpt>
      <trkpt lat="66.397435" lon="14.666022"></trkpt>
      <trkpt lat="66.397567" lon="14.666428"></trkpt>
      <trkpt lat="66.397661" lon="14.666730"></trkpt>
      <trkpt lat="66.397860" lon="14.667397"></trkpt>
      <trkpt lat="66.398379" lon="14.669178"></trkpt>
      <trkpt lat="66.398578" lon="14.669875"></trkpt>
      <trkpt lat="66.398687" lon="14.670282"></trkpt>
      <trkpt lat="66.398739" lon="14.670490"></trkpt>
      <trkpt lat="66.398813" lon="14.670808"></trkpt>
      <trkpt lat="66.398853" lon="14.670994"></trkpt>
      <trkpt lat="66.398909" lon="14.671279"></trkpt>
      <trkpt lat="66.398962" lon="14.671580"></trkpt>
      <trkpt lat="66.399042" lon="14.672109"></trkpt>
      <trkpt lat="66.399114" lon="14.672685"></trkpt>
      <trkpt lat="66.399139" lon="14.672910"></trkpt>
      <trkpt lat="66.399195" lon="14.673478"></trkpt>
      <trkpt lat="66.399264" lon="14.674278"></trkpt>
      <trkpt lat="66.399393" lon="14.675865"></trkpt>
      <trkpt lat="66.399543" lon="14.677681"></trkpt>
      <trkpt lat="66.399669" lon="14.679162"></trkpt>
      <trkpt lat="66.399772" lon="14.680363"></trkpt>
      <trkpt lat="66.399819" lon="14.680910"></trkpt>
      <trkpt lat="66.400126" lon="14.684369"></trkpt>
      <trkpt lat="66.400257" lon="14.685802"></trkpt>
      <trkpt lat="66.400332" lon="14.686565"></trkpt>
      <trkpt lat="66.400346" lon="14.686701"></trkpt>
      <trkpt lat="66.400396" lon="14.687131"></trkpt>
      <trkpt lat="66.400451" lon="14.687558"></trkpt>
      <trkpt lat="66.400543" lon="14.688189"></trkpt>
      <trkpt lat="66.400612" lon="14.688602"></trkpt>
      <trkpt lat="66.400686" lon="14.689010"></trkpt>
      <trkpt lat="66.400725" lon="14.689211"></trkpt>
      <trkpt lat="66.400821" lon="14.689667"></trkpt>
      <trkpt lat="66.400897" lon="14.689997"></trkpt>
      <trkpt lat="66.400990" lon="14.690379"></trkpt>
      <trkpt lat="66.401089" lon="14.690753"></trkpt>
      <trkpt lat="66.401141" lon="14.690936"></trkpt>
      <trkpt lat="66.401247" lon="14.691296"></trkpt>
      <trkpt lat="66.401359" lon="14.691646"></trkpt>
      <trkpt lat="66.401536" lon="14.692154"></trkpt>
      <trkpt lat="66.401722" lon="14.692637"></trkpt>
      <trkpt lat="66.401852" lon="14.692946"></trkpt>
      <trkpt lat="66.402052" lon="14.693395"></trkpt>
      <trkpt lat="66.402323" lon="14.693984"></trkpt>
      <trkpt lat="66.402523" lon="14.694432"></trkpt>
      <trkpt lat="66.402718" lon="14.694895"></trkpt>
      <trkpt lat="66.402907" lon="14.695374"></trkpt>
      <trkpt lat="66.403089" lon="14.695868"></trkpt>
      <trkpt lat="66.403264" lon="14.696377"></trkpt>
      <trkpt lat="66.403378" lon="14.696725"></trkpt>
      <trkpt lat="66.403818" lon="14.698138"></trkpt>
      <trkpt lat="66.403989" lon="14.698657"></trkpt>
      <trkpt lat="66.404108" lon="14.698992"></trkpt>
      <trkpt lat="66.404297" lon="14.699471"></trkpt>
      <trkpt lat="66.404495" lon="14.699924"></trkpt>
      <trkpt lat="66.404700" lon="14.700360"></trkpt>
      <trkpt lat="66.406161" lon="14.703330"></trkpt>
      <trkpt lat="66.406437" lon="14.703902"></trkpt>
      <trkpt lat="66.406708" lon="14.704489"></trkpt>
      <trkpt lat="66.406907" lon="14.704942"></trkpt>
      <trkpt lat="66.407102" lon="14.705404"></trkpt>
      <trkpt lat="66.407230" lon="14.705717"></trkpt>
      <trkpt lat="66.407419" lon="14.706195"></trkpt>
      <trkpt lat="66.407684" lon="14.706898"></trkpt>
      <trkpt lat="66.407785" lon="14.707180"></trkpt>
      <trkpt lat="66.407902" lon="14.707520"></trkpt>
      <trkpt lat="66.408013" lon="14.707872"></trkpt>
      <trkpt lat="66.408117" lon="14.708237"></trkpt>
      <trkpt lat="66.408212" lon="14.708616"></trkpt>
      <trkpt lat="66.408300" lon="14.709007"></trkpt>
      <trkpt lat="66.408340" lon="14.709206"></trkpt>
      <trkpt lat="66.408415" lon="14.709613"></trkpt>
      <trkpt lat="66.408481" lon="14.710030"></trkpt>
      <trkpt lat="66.408538" lon="14.710455"></trkpt>
      <trkpt lat="66.408563" lon="14.710670"></trkpt>
      <trkpt lat="66.408613" lon="14.711179"></trkpt>
      <trkpt lat="66.408641" lon="14.711543"></trkpt>
      <trkpt lat="66.408671" lon="14.711985"></trkpt>
      <trkpt lat="66.408710" lon="14.712650"></trkpt>
      <trkpt lat="66.408754" lon="14.713539"></trkpt>
      <trkpt lat="66.408772" lon="14.713984"></trkpt>
      <trkpt lat="66.408795" lon="14.714654"></trkpt>
      <trkpt lat="66.408810" lon="14.715217"></trkpt>
      <trkpt lat="66.408817" lon="14.715547"></trkpt>
      <trkpt lat="66.408824" lon="14.715995"></trkpt>
      <trkpt lat="66.408831" lon="14.716200"></trkpt>
      <trkpt lat="66.408832" lon="14.717562"></trkpt>
      <trkpt lat="66.408825" lon="14.718346"></trkpt>
      <trkpt lat="66.408815" lon="14.718921"></trkpt>
      <trkpt lat="66.408799" lon="14.719576"></trkpt>
      <trkpt lat="66.408770" lon="14.720693"></trkpt>
      <trkpt lat="66.408760" lon="14.721364"></trkpt>
      <trkpt lat="66.408759" lon="14.721812"></trkpt>
      <trkpt lat="66.408765" lon="14.722259"></trkpt>
      <trkpt lat="66.408777" lon="14.722706"></trkpt>
      <trkpt lat="66.408807" lon="14.723374"></trkpt>
      <trkpt lat="66.408836" lon="14.723816"></trkpt>
      <trkpt lat="66.408871" lon="14.724255"></trkpt>
      <trkpt lat="66.408912" lon="14.724691"></trkpt>
      <trkpt lat="66.408959" lon="14.725123"></trkpt>
      <trkpt lat="66.409042" lon="14.725762"></trkpt>
      <trkpt lat="66.409105" lon="14.726181"></trkpt>
      <trkpt lat="66.409174" lon="14.726594"></trkpt>
      <trkpt lat="66.409249" lon="14.727001"></trkpt>
      <trkpt lat="66.409356" lon="14.727519"></trkpt>
      <trkpt lat="66.409557" lon="14.728366"></trkpt>
      <trkpt lat="66.409710" lon="14.728919"></trkpt>
      <trkpt lat="66.409818" lon="14.729276"></trkpt>
      <trkpt lat="66.409932" lon="14.729622"></trkpt>
      <trkpt lat="66.410051" lon="14.729958"></trkpt>
      <trkpt lat="66.410174" lon="14.730283"></trkpt>
      <trkpt lat="66.410302" lon="14.730597"></trkpt>
      <trkpt lat="66.410503" lon="14.731045"></trkpt>
      <trkpt lat="66.410712" lon="14.731466"></trkpt>
      <trkpt lat="66.411002" lon="14.731994"></trkpt>
      <trkpt lat="66.411371" lon="14.732633"></trkpt>
      <trkpt lat="66.411458" lon="14.732787"></trkpt>
      <trkpt lat="66.411590" lon="14.733021"></trkpt>
      <trkpt lat="66.411807" lon="14.733421"></trkpt>
      <trkpt lat="66.412020" lon="14.733830"></trkpt>
      <trkpt lat="66.412368" lon="14.734537"></trkpt>
      <trkpt lat="66.412639" lon="14.735122"></trkpt>
      <trkpt lat="66.412773" lon="14.735422"></trkpt>
      <trkpt lat="66.412970" lon="14.735879"></trkpt>
      <trkpt lat="66.413163" lon="14.736347"></trkpt>
      <trkpt lat="66.413353" lon="14.736824"></trkpt>
      <trkpt lat="66.413600" lon="14.737474"></trkpt>
      <trkpt lat="66.414126" lon="14.738912"></trkpt>
      <trkpt lat="66.414420" lon="14.739713"></trkpt>
      <trkpt lat="66.414458" lon="14.739819"></trkpt>
      <trkpt lat="66.414681" lon="14.740468"></trkpt>
      <trkpt lat="66.414792" lon="14.740820"></trkpt>
      <trkpt lat="66.414899" lon="14.741180"></trkpt>
      <trkpt lat="66.415051" lon="14.741734"></trkpt>
      <trkpt lat="66.415143" lon="14.742099"></trkpt>
      <trkpt lat="66.415281" lon="14.742694"></trkpt>
      <trkpt lat="66.415538" lon="14.743875"></trkpt>
      <trkpt lat="66.415713" lon="14.744657"></trkpt>
      <trkpt lat="66.415851" lon="14.745234"></trkpt>
      <trkpt lat="66.415946" lon="14.745614"></trkpt>
      <trkpt lat="66.416143" lon="14.746363"></trkpt>
      <trkpt lat="66.417777" lon="14.752257"></trkpt>
      <trkpt lat="66.417877" lon="14.752629"></trkpt>
      <trkpt lat="66.418023" lon="14.753193"></trkpt>
      <trkpt lat="66.418161" lon="14.753771"></trkpt>
      <trkpt lat="66.418288" lon="14.754363"></trkpt>
      <trkpt lat="66.418366" lon="14.754766"></trkpt>
      <trkpt lat="66.418440" lon="14.755175"></trkpt>
      <trkpt lat="66.418508" lon="14.755589"></trkpt>
      <trkpt lat="66.418571" lon="14.756008"></trkpt>
      <trkpt lat="66.418629" lon="14.756432"></trkpt>
      <trkpt lat="66.418683" lon="14.756860"></trkpt>
      <trkpt lat="66.418733" lon="14.757290"></trkpt>
      <trkpt lat="66.418876" lon="14.758585"></trkpt>
      <trkpt lat="66.418928" lon="14.759014"></trkpt>
      <trkpt lat="66.418987" lon="14.759468"></trkpt>
      <trkpt lat="66.419042" lon="14.759840"></trkpt>
      <trkpt lat="66.419061" lon="14.759968"></trkpt>
      <trkpt lat="66.419124" lon="14.760349"></trkpt>
      <trkpt lat="66.419196" lon="14.760743"></trkpt>
      <trkpt lat="66.419216" lon="14.760849"></trkpt>
      <trkpt lat="66.419290" lon="14.761212"></trkpt>
      <trkpt lat="66.419368" lon="14.761569"></trkpt>
      <trkpt lat="66.419504" lon="14.762149"></trkpt>
      <trkpt lat="66.419602" lon="14.762546"></trkpt>
      <trkpt lat="66.420125" lon="14.764599"></trkpt>
      <trkpt lat="66.420203" lon="14.764907"></trkpt>
      <trkpt lat="66.420804" lon="14.767252"></trkpt>
      <trkpt lat="66.420948" lon="14.767779"></trkpt>
      <trkpt lat="66.421110" lon="14.768336"></trkpt>
      <trkpt lat="66.421255" lon="14.768802"></trkpt>
      <trkpt lat="66.421339" lon="14.769059"></trkpt>
      <trkpt lat="66.421514" lon="14.769572"></trkpt>
      <trkpt lat="66.421962" lon="14.770843"></trkpt>
      <trkpt lat="66.422120" lon="14.771312"></trkpt>
      <trkpt lat="66.422165" lon="14.771212"></trkpt>
      <trkpt lat="66.422205" lon="14.771136"></trkpt>
      <trkpt lat="66.422252" lon="14.771102"></trkpt>
      <trkpt lat="66.422298" lon="14.771117"></trkpt>
      <trkpt lat="66.422355" lon="14.771179"></trkpt>
      <trkpt lat="66.422365" lon="14.771190"></trkpt>
      <trkpt lat="66.422434" lon="14.771275"></trkpt>
      <trkpt lat="66.422639" lon="14.771626"></trkpt>
      <trkpt lat="66.422751" lon="14.771780"></trkpt>
      <trkpt lat="66.422817" lon="14.771843"></trkpt>
      <trkpt lat="66.422858" lon="14.771860"></trkpt>
      <trkpt lat="66.422891" lon="14.771852"></trkpt>
      <trkpt lat="66.422950" lon="14.771791"></trkpt>
      <trkpt lat="66.422971" lon="14.771747"></trkpt>
      <trkpt lat="66.423001" lon="14.771633"></trkpt>
      <trkpt lat="66.423034" lon="14.771339"></trkpt>
      <trkpt lat="66.423053" lon="14.770750"></trkpt>
      <trkpt lat="66.423123" lon="14.769904"></trkpt>
      <trkpt lat="66.423128" lon="14.769570"></trkpt>
      <trkpt lat="66.423084" lon="14.768953"></trkpt>
      <trkpt lat="66.423005" lon="14.768364"></trkpt>
      <trkpt lat="66.422956" lon="14.768091"></trkpt>
      <trkpt lat="66.422803" lon="14.767383"></trkpt>
      <trkpt lat="66.422682" lon="14.766725"></trkpt>
      <trkpt lat="66.422626" lon="14.766364"></trkpt>
      <trkpt lat="66.422515" lon="14.765501"></trkpt>
      <trkpt lat="66.422476" lon="14.764947"></trkpt>
      <trkpt lat="66.422482" lon="14.764603"></trkpt>
      <trkpt lat="66.422487" lon="14.764429"></trkpt>
      <trkpt lat="66.422531" lon="14.763966"></trkpt>
      <trkpt lat="66.422533" lon="14.763592"></trkpt>
      <trkpt lat="66.422488" lon="14.763175"></trkpt>
      <trkpt lat="66.422349" lon="14.762240"></trkpt>
      <trkpt lat="66.422328" lon="14.762114"></trkpt>
      <trkpt lat="66.422176" lon="14.761196"></trkpt>
      <trkpt lat="66.422117" lon="14.760766"></trkpt>
      <trkpt lat="66.422140" lon="14.760503"></trkpt>
      <trkpt lat="66.422158" lon="14.760286"></trkpt>
      <trkpt lat="66.422144" lon="14.760230"></trkpt>
      <trkpt lat="66.422144" lon="14.760230"></trkpt>
      <trkpt lat="66.422116" lon="14.760193"></trkpt>
      <trkpt lat="66.422088" lon="14.760190"></trkpt>
      <trkpt lat="66.422064" lon="14.760210"></trkpt>
      <trkpt lat="66.422043" lon="14.760264"></trkpt>
      <trkpt lat="66.422032" lon="14.760345"></trkpt>
      <trkpt lat="66.422035" lon="14.760451"></trkpt>
      <trkpt lat="66.422065" lon="14.760597"></trkpt>
      <trkpt lat="66.422117" lon="14.760766"></trkpt>
      <trkpt lat="66.422176" lon="14.761196"></trkpt>
      <trkpt lat="66.422328" lon="14.762114"></trkpt>
      <trkpt lat="66.422349" lon="14.762240"></trkpt>
      <trkpt lat="66.422488" lon="14.763175"></trkpt>
      <trkpt lat="66.422533" lon="14.763592"></trkpt>
      <trkpt lat="66.422531" lon="14.763966"></trkpt>
      <trkpt lat="66.422487" lon="14.764429"></trkpt>
      <trkpt lat="66.422482" lon="14.764603"></trkpt>
      <trkpt lat="66.422476" lon="14.764947"></trkpt>
      <trkpt lat="66.422515" lon="14.765501"></trkpt>
      <trkpt lat="66.422626" lon="14.766364"></trkpt>
      <trkpt lat="66.422682" lon="14.766725"></trkpt>
      <trkpt lat="66.422803" lon="14.767383"></trkpt>
      <trkpt lat="66.422956" lon="14.768091"></trkpt>
      <trkpt lat="66.423005" lon="14.768364"></trkpt>
      <trkpt lat="66.423084" lon="14.768953"></trkpt>
      <trkpt lat="66.423128" lon="14.769570"></trkpt>
      <trkpt lat="66.423123" lon="14.769904"></trkpt>
      <trkpt lat="66.423053" lon="14.770750"></trkpt>
      <trkpt lat="66.423034" lon="14.771339"></trkpt>
      <trkpt lat="66.423001" lon="14.771633"></trkpt>
      <trkpt lat="66.422971" lon="14.771747"></trkpt>
      <trkpt lat="66.422950" lon="14.771791"></trkpt>
      <trkpt lat="66.422891" lon="14.771852"></trkpt>
      <trkpt lat="66.422858" lon="14.771860"></trkpt>
      <trkpt lat="66.422817" lon="14.771843"></trkpt>
      <trkpt lat="66.422751" lon="14.771780"></trkpt>
      <trkpt lat="66.422639" lon="14.771626"></trkpt>
      <trkpt lat="66.422434" lon="14.771275"></trkpt>
      <trkpt lat="66.422365" lon="14.771190"></trkpt>
      <trkpt lat="66.422355" lon="14.771179"></trkpt>
      <trkpt lat="66.422298" lon="14.771117"></trkpt>
      <trkpt lat="66.422252" lon="14.771102"></trkpt>
      <trkpt lat="66.422205" lon="14.771136"></trkpt>
      <trkpt lat="66.422165" lon="14.771212"></trkpt>
      <trkpt lat="66.422120" lon="14.771312"></trkpt>
      <trkpt lat="66.422307" lon="14.771911"></trkpt>
      <trkpt lat="66.422453" lon="14.772425"></trkpt>
      <trkpt lat="66.422614" lon="14.773046"></trkpt>
      <trkpt lat="66.422694" lon="14.773382"></trkpt>
      <trkpt lat="66.422771" lon="14.773723"></trkpt>
      <trkpt lat="66.422868" lon="14.774185"></trkpt>
      <trkpt lat="66.422991" lon="14.774823"></trkpt>
      <trkpt lat="66.423328" lon="14.776716"></trkpt>
      <trkpt lat="66.423478" lon="14.777498"></trkpt>
      <trkpt lat="66.423657" lon="14.778336"></trkpt>
      <trkpt lat="66.423771" lon="14.778830"></trkpt>
      <trkpt lat="66.423851" lon="14.779154"></trkpt>
      <trkpt lat="66.423932" lon="14.779476"></trkpt>
      <trkpt lat="66.424102" lon="14.780106"></trkpt>
      <trkpt lat="66.424235" lon="14.780569"></trkpt>
      <trkpt lat="66.424373" lon="14.781023"></trkpt>
      <trkpt lat="66.424516" lon="14.781468"></trkpt>
      <trkpt lat="66.424614" lon="14.781759"></trkpt>
      <trkpt lat="66.424765" lon="14.782187"></trkpt>
      <trkpt lat="66.424923" lon="14.782613"></trkpt>
      <trkpt lat="66.425134" lon="14.783146"></trkpt>
      <trkpt lat="66.425299" lon="14.783539"></trkpt>
      <trkpt lat="66.425584" lon="14.784168"></trkpt>
      <trkpt lat="66.425748" lon="14.784506"></trkpt>
      <trkpt lat="66.425880" lon="14.784766"></trkpt>
      <trkpt lat="66.426063" lon="14.785108"></trkpt>
      <trkpt lat="66.426249" lon="14.785438"></trkpt>
      <trkpt lat="66.426503" lon="14.785859"></trkpt>
      <trkpt lat="66.426696" lon="14.786159"></trkpt>
      <trkpt lat="66.426826" lon="14.786351"></trkpt>
      <trkpt lat="66.427089" lon="14.786723"></trkpt>
      <trkpt lat="66.427686" lon="14.787537"></trkpt>
      <trkpt lat="66.427919" lon="14.787867"></trkpt>
      <trkpt lat="66.428207" lon="14.788296"></trkpt>
      <trkpt lat="66.428489" lon="14.788743"></trkpt>
      <trkpt lat="66.428699" lon="14.789091"></trkpt>
      <trkpt lat="66.428905" lon="14.789448"></trkpt>
      <trkpt lat="66.429176" lon="14.789940"></trkpt>
      <trkpt lat="66.429442" lon="14.790449"></trkpt>
      <trkpt lat="66.429638" lon="14.790842"></trkpt>
      <trkpt lat="66.429831" lon="14.791245"></trkpt>
      <trkpt lat="66.430108" lon="14.791851"></trkpt>
      <trkpt lat="66.431254" lon="14.794431"></trkpt>
      <trkpt lat="66.431469" lon="14.794889"></trkpt>
      <trkpt lat="66.431648" lon="14.795243"></trkpt>
      <trkpt lat="66.431759" lon="14.795450"></trkpt>
      <trkpt lat="66.431783" lon="14.795496"></trkpt>
      <trkpt lat="66.432362" lon="14.796515"></trkpt>
      <trkpt lat="66.432499" lon="14.796766"></trkpt>
      <trkpt lat="66.432571" lon="14.796906"></trkpt>
      <trkpt lat="66.432668" lon="14.797093"></trkpt>
      <trkpt lat="66.432794" lon="14.797359"></trkpt>
      <trkpt lat="66.432914" lon="14.797635"></trkpt>
      <trkpt lat="66.433030" lon="14.797923"></trkpt>
      <trkpt lat="66.433113" lon="14.798146"></trkpt>
      <trkpt lat="66.433223" lon="14.798461"></trkpt>
      <trkpt lat="66.433330" lon="14.798792"></trkpt>
      <trkpt lat="66.433434" lon="14.799131"></trkpt>
      <trkpt lat="66.433815" lon="14.800421"></trkpt>
      <trkpt lat="66.433953" lon="14.800871"></trkpt>
      <trkpt lat="66.434128" lon="14.801419"></trkpt>
      <trkpt lat="66.434344" lon="14.802065"></trkpt>
      <trkpt lat="66.434854" lon="14.803511"></trkpt>
      <trkpt lat="66.435027" lon="14.804033"></trkpt>
      <trkpt lat="66.435133" lon="14.804375"></trkpt>
      <trkpt lat="66.435259" lon="14.804818"></trkpt>
      <trkpt lat="66.435705" lon="14.806519"></trkpt>
      <trkpt lat="66.435855" lon="14.807074"></trkpt>
      <trkpt lat="66.435971" lon="14.807475"></trkpt>
      <trkpt lat="66.436044" lon="14.807720"></trkpt>
      <trkpt lat="66.436153" lon="14.808063"></trkpt>
      <trkpt lat="66.436375" lon="14.808727"></trkpt>
      <trkpt lat="66.436541" lon="14.809186"></trkpt>
      <trkpt lat="66.436713" lon="14.809633"></trkpt>
      <trkpt lat="66.436926" lon="14.810151"></trkpt>
      <trkpt lat="66.437183" lon="14.810730"></trkpt>
      <trkpt lat="66.437451" lon="14.811281"></trkpt>
      <trkpt lat="66.437568" lon="14.811508"></trkpt>
      <trkpt lat="66.437727" lon="14.811803"></trkpt>
      <trkpt lat="66.437930" lon="14.812157"></trkpt>
      <trkpt lat="66.438141" lon="14.812502"></trkpt>
      <trkpt lat="66.438371" lon="14.812855"></trkpt>
      <trkpt lat="66.438948" lon="14.813706"></trkpt>
      <trkpt lat="66.439158" lon="14.814032"></trkpt>
      <trkpt lat="66.439366" lon="14.814381"></trkpt>
      <trkpt lat="66.439495" lon="14.814615"></trkpt>
      <trkpt lat="66.439621" lon="14.814858"></trkpt>
      <trkpt lat="66.439843" lon="14.815322"></trkpt>
      <trkpt lat="66.440088" lon="14.815877"></trkpt>
      <trkpt lat="66.441750" lon="14.819764"></trkpt>
      <trkpt lat="66.442871" lon="14.822392"></trkpt>
      <trkpt lat="66.443117" lon="14.822987"></trkpt>
      <trkpt lat="66.443278" lon="14.823390"></trkpt>
      <trkpt lat="66.443579" lon="14.824164"></trkpt>
      <trkpt lat="66.445492" lon="14.829243"></trkpt>
      <trkpt lat="66.445528" lon="14.829393"></trkpt>
      <trkpt lat="66.445646" lon="14.829712"></trkpt>
      <trkpt lat="66.445893" lon="14.830418"></trkpt>
      <trkpt lat="66.446009" lon="14.830733"></trkpt>
      <trkpt lat="66.446433" lon="14.831858"></trkpt>
      <trkpt lat="66.446805" lon="14.832841"></trkpt>
      <trkpt lat="66.447052" lon="14.833447"></trkpt>
      <trkpt lat="66.447179" lon="14.833777"></trkpt>
      <trkpt lat="66.447228" lon="14.833852"></trkpt>
      <trkpt lat="66.447314" lon="14.834081"></trkpt>
      <trkpt lat="66.447548" lon="14.834695"></trkpt>
      <trkpt lat="66.447692" lon="14.835058"></trkpt>
      <trkpt lat="66.447788" lon="14.835296"></trkpt>
      <trkpt lat="66.447917" lon="14.835600"></trkpt>
      <trkpt lat="66.448047" lon="14.835898"></trkpt>
      <trkpt lat="66.448180" lon="14.836190"></trkpt>
      <trkpt lat="66.448361" lon="14.836568"></trkpt>
      <trkpt lat="66.448499" lon="14.836844"></trkpt>
      <trkpt lat="66.448782" lon="14.837375"></trkpt>
      <trkpt lat="66.448976" lon="14.837713"></trkpt>
      <trkpt lat="66.449114" lon="14.837944"></trkpt>
      <trkpt lat="66.449423" lon="14.838425"></trkpt>
      <trkpt lat="66.449576" lon="14.838648"></trkpt>
      <trkpt lat="66.449782" lon="14.838933"></trkpt>
      <trkpt lat="66.449939" lon="14.839137"></trkpt>
      <trkpt lat="66.449992" lon="14.839204"></trkpt>
      <trkpt lat="66.450311" lon="14.839584"></trkpt>
      <trkpt lat="66.450527" lon="14.839820"></trkpt>
      <trkpt lat="66.450691" lon="14.839987"></trkpt>
      <trkpt lat="66.451022" lon="14.840297"></trkpt>
      <trkpt lat="66.451246" lon="14.840485"></trkpt>
      <trkpt lat="66.451414" lon="14.840617"></trkpt>
      <trkpt lat="66.451755" lon="14.840854"></trkpt>
      <trkpt lat="66.451927" lon="14.840960"></trkpt>
      <trkpt lat="66.452157" lon="14.841088"></trkpt>
      <trkpt lat="66.452331" lon="14.841174"></trkpt>
      <trkpt lat="66.452563" lon="14.841275"></trkpt>
      <trkpt lat="66.452796" lon="14.841361"></trkpt>
      <trkpt lat="66.452972" lon="14.841414"></trkpt>
      <trkpt lat="66.453148" lon="14.841460"></trkpt>
      <trkpt lat="66.453324" lon="14.841496"></trkpt>
      <trkpt lat="66.453500" lon="14.841524"></trkpt>
      <trkpt lat="66.453677" lon="14.841543"></trkpt>
      <trkpt lat="66.453854" lon="14.841553"></trkpt>
      <trkpt lat="66.454031" lon="14.841554"></trkpt>
      <trkpt lat="66.454324" lon="14.841537"></trkpt>
      <trkpt lat="66.454620" lon="14.841495"></trkpt>
      <trkpt lat="66.454843" lon="14.841447"></trkpt>
      <trkpt lat="66.455585" lon="14.841238"></trkpt>
      <trkpt lat="66.455897" lon="14.841162"></trkpt>
      <trkpt lat="66.456168" lon="14.841122"></trkpt>
      <trkpt lat="66.456365" lon="14.841111"></trkpt>
      <trkpt lat="66.456508" lon="14.841113"></trkpt>
      <trkpt lat="66.456686" lon="14.841126"></trkpt>
      <trkpt lat="66.456935" lon="14.841166"></trkpt>
      <trkpt lat="66.457218" lon="14.841242"></trkpt>
      <trkpt lat="66.457394" lon="14.841306"></trkpt>
      <trkpt lat="66.457570" lon="14.841382"></trkpt>
      <trkpt lat="66.457814" lon="14.841510"></trkpt>
      <trkpt lat="66.457987" lon="14.841616"></trkpt>
      <trkpt lat="66.458227" lon="14.841785"></trkpt>
      <trkpt lat="66.458422" lon="14.841941"></trkpt>
      <trkpt lat="66.458794" lon="14.842272"></trkpt>
      <trkpt lat="66.460928" lon="14.844242"></trkpt>
      <trkpt lat="66.461391" lon="14.844671"></trkpt>
      <trkpt lat="66.463874" lon="14.846965"></trkpt>
      <trkpt lat="66.464063" lon="14.847139"></trkpt>
      <trkpt lat="66.466649" lon="14.849529"></trkpt>
      <trkpt lat="66.466927" lon="14.849791"></trkpt>
      <trkpt lat="66.467178" lon="14.850048"></trkpt>
      <trkpt lat="66.467326" lon="14.850215"></trkpt>
      <trkpt lat="66.467471" lon="14.850394"></trkpt>
      <trkpt lat="66.467536" lon="14.850484"></trkpt>
      <trkpt lat="66.467707" lon="14.850718"></trkpt>
      <trkpt lat="66.467936" lon="14.851075"></trkpt>
      <trkpt lat="66.468046" lon="14.851262"></trkpt>
      <trkpt lat="66.468187" lon="14.851519"></trkpt>
      <trkpt lat="66.468385" lon="14.851912"></trkpt>
      <trkpt lat="66.468531" lon="14.852231"></trkpt>
      <trkpt lat="66.468649" lon="14.852507"></trkpt>
      <trkpt lat="66.468849" lon="14.853017"></trkpt>
      <trkpt lat="66.469196" lon="14.853968"></trkpt>
      <trkpt lat="66.470044" lon="14.856316"></trkpt>
      <trkpt lat="66.470213" lon="14.856784"></trkpt>
      <trkpt lat="66.470575" lon="14.857780"></trkpt>
      <trkpt lat="66.470792" lon="14.858339"></trkpt>
      <trkpt lat="66.470913" lon="14.858630"></trkpt>
      <trkpt lat="66.470950" lon="14.858713"></trkpt>
      <trkpt lat="66.471038" lon="14.858912"></trkpt>
      <trkpt lat="66.471114" lon="14.859077"></trkpt>
      <trkpt lat="66.471270" lon="14.859396"></trkpt>
      <trkpt lat="66.471403" lon="14.859652"></trkpt>
      <trkpt lat="66.471539" lon="14.859898"></trkpt>
      <trkpt lat="66.471650" lon="14.860088"></trkpt>
      <trkpt lat="66.471791" lon="14.860316"></trkpt>
      <trkpt lat="66.471935" lon="14.860534"></trkpt>
      <trkpt lat="66.472110" lon="14.860781"></trkpt>
      <trkpt lat="66.472232" lon="14.860942"></trkpt>
      <trkpt lat="66.472394" lon="14.861141"></trkpt>
      <trkpt lat="66.472480" lon="14.861280"></trkpt>
      <trkpt lat="66.472886" lon="14.861736"></trkpt>
      <trkpt lat="66.473293" lon="14.862137"></trkpt>
      <trkpt lat="66.473416" lon="14.862249"></trkpt>
      <trkpt lat="66.473489" lon="14.862317"></trkpt>
      <trkpt lat="66.473985" lon="14.862765"></trkpt>
      <trkpt lat="66.474118" lon="14.862874"></trkpt>
      <trkpt lat="66.474274" lon="14.862990"></trkpt>
      <trkpt lat="66.474532" lon="14.863150"></trkpt>
      <trkpt lat="66.474927" lon="14.863373"></trkpt>
      <trkpt lat="66.475028" lon="14.863396"></trkpt>
      <trkpt lat="66.475099" lon="14.863440"></trkpt>
      <trkpt lat="66.475339" lon="14.863595"></trkpt>
      <trkpt lat="66.475537" lon="14.863741"></trkpt>
      <trkpt lat="66.475758" lon="14.863934"></trkpt>
      <trkpt lat="66.475911" lon="14.864089"></trkpt>
      <trkpt lat="66.476012" lon="14.864200"></trkpt>
      <trkpt lat="66.476136" lon="14.864349"></trkpt>
      <trkpt lat="66.476306" lon="14.864574"></trkpt>
      <trkpt lat="66.476478" lon="14.864821"></trkpt>
      <trkpt lat="66.476624" lon="14.865065"></trkpt>
      <trkpt lat="66.476777" lon="14.865347"></trkpt>
      <trkpt lat="66.477036" lon="14.865859"></trkpt>
      <trkpt lat="66.477173" lon="14.866170"></trkpt>
      <trkpt lat="66.477316" lon="14.866535"></trkpt>
      <trkpt lat="66.477498" lon="14.867015"></trkpt>
      <trkpt lat="66.477693" lon="14.867536"></trkpt>
      <trkpt lat="66.477846" lon="14.867946"></trkpt>
      <trkpt lat="66.478045" lon="14.868423"></trkpt>
      <trkpt lat="66.478237" lon="14.868853"></trkpt>
      <trkpt lat="66.478400" lon="14.869193"></trkpt>
      <trkpt lat="66.478585" lon="14.869539"></trkpt>
      <trkpt lat="66.478873" lon="14.870033"></trkpt>
      <trkpt lat="66.479168" lon="14.870473"></trkpt>
      <trkpt lat="66.479595" lon="14.871004"></trkpt>
      <trkpt lat="66.479989" lon="14.871398"></trkpt>
      <trkpt lat="66.480250" lon="14.871610"></trkpt>
      <trkpt lat="66.480443" lon="14.871747"></trkpt>
      <trkpt lat="66.480638" lon="14.871866"></trkpt>
      <trkpt lat="66.480889" lon="14.871994"></trkpt>
      <trkpt lat="66.481219" lon="14.872123"></trkpt>
      <trkpt lat="66.481816" lon="14.872321"></trkpt>
      <trkpt lat="66.482015" lon="14.872403"></trkpt>
      <trkpt lat="66.482178" lon="14.872486"></trkpt>
      <trkpt lat="66.482358" lon="14.872596"></trkpt>
      <trkpt lat="66.482568" lon="14.872754"></trkpt>
      <trkpt lat="66.482780" lon="14.872945"></trkpt>
      <trkpt lat="66.482954" lon="14.873128"></trkpt>
      <trkpt lat="66.483148" lon="14.873355"></trkpt>
      <trkpt lat="66.483389" lon="14.873657"></trkpt>
      <trkpt lat="66.485296" lon="14.876110"></trkpt>
      <trkpt lat="66.485739" lon="14.876690"></trkpt>
      <trkpt lat="66.485958" lon="14.876989"></trkpt>
      <trkpt lat="66.486263" lon="14.877424"></trkpt>
      <trkpt lat="66.486628" lon="14.877982"></trkpt>
      <trkpt lat="66.486943" lon="14.878495"></trkpt>
      <trkpt lat="66.487569" lon="14.879550"></trkpt>
      <trkpt lat="66.487840" lon="14.879975"></trkpt>
      <trkpt lat="66.488004" lon="14.880211"></trkpt>
      <trkpt lat="66.488171" lon="14.880435"></trkpt>
      <trkpt lat="66.488375" lon="14.880687"></trkpt>
      <trkpt lat="66.488582" lon="14.880920"></trkpt>
      <trkpt lat="66.488757" lon="14.881100"></trkpt>
      <trkpt lat="66.488970" lon="14.881298"></trkpt>
      <trkpt lat="66.489186" lon="14.881477"></trkpt>
      <trkpt lat="66.489295" lon="14.881559"></trkpt>
      <trkpt lat="66.489477" lon="14.881684"></trkpt>
      <trkpt lat="66.489624" lon="14.881775"></trkpt>
      <trkpt lat="66.489809" lon="14.881876"></trkpt>
      <trkpt lat="66.490033" lon="14.881978"></trkpt>
      <trkpt lat="66.490238" lon="14.882054"></trkpt>
      <trkpt lat="66.490462" lon="14.882123"></trkpt>
      <trkpt lat="66.491316" lon="14.882346"></trkpt>
      <trkpt lat="66.492747" lon="14.882720"></trkpt>
      <trkpt lat="66.493170" lon="14.882830"></trkpt>
      <trkpt lat="66.493330" lon="14.882884"></trkpt>
      <trkpt lat="66.493469" lon="14.882941"></trkpt>
      <trkpt lat="66.493578" lon="14.882994"></trkpt>
      <trkpt lat="66.493754" lon="14.883096"></trkpt>
      <trkpt lat="66.493971" lon="14.883251"></trkpt>
      <trkpt lat="66.494071" lon="14.883334"></trkpt>
      <trkpt lat="66.494226" lon="14.883477"></trkpt>
      <trkpt lat="66.494393" lon="14.883651"></trkpt>
      <trkpt lat="66.494475" lon="14.883745"></trkpt>
      <trkpt lat="66.494676" lon="14.884000"></trkpt>
      <trkpt lat="66.494872" lon="14.884283"></trkpt>
      <trkpt lat="66.494986" lon="14.884465"></trkpt>
      <trkpt lat="66.495097" lon="14.884658"></trkpt>
      <trkpt lat="66.495277" lon="14.884998"></trkpt>
      <trkpt lat="66.495416" lon="14.885289"></trkpt>
      <trkpt lat="66.495460" lon="14.885389"></trkpt>
      <trkpt lat="66.495581" lon="14.885673"></trkpt>
      <trkpt lat="66.495738" lon="14.886080"></trkpt>
      <trkpt lat="66.495856" lon="14.886420"></trkpt>
      <trkpt lat="66.495963" lon="14.886755"></trkpt>
      <trkpt lat="66.496059" lon="14.887080"></trkpt>
      <trkpt lat="66.496152" lon="14.887411"></trkpt>
      <trkpt lat="66.496380" lon="14.888257"></trkpt>
      <trkpt lat="66.496728" lon="14.889552"></trkpt>
      <trkpt lat="66.496843" lon="14.889968"></trkpt>
      <trkpt lat="66.496987" lon="14.890455"></trkpt>
      <trkpt lat="66.497094" lon="14.890783"></trkpt>
      <trkpt lat="66.497178" lon="14.891024"></trkpt>
      <trkpt lat="66.497288" lon="14.891317"></trkpt>
      <trkpt lat="66.497444" lon="14.891695"></trkpt>
      <trkpt lat="66.497595" lon="14.892031"></trkpt>
      <trkpt lat="66.497967" lon="14.892809"></trkpt>
      <trkpt lat="66.498151" lon="14.893204"></trkpt>
      <trkpt lat="66.498328" lon="14.893615"></trkpt>
      <trkpt lat="66.498472" lon="14.893984"></trkpt>
      <trkpt lat="66.498575" lon="14.894272"></trkpt>
      <trkpt lat="66.498660" lon="14.894526"></trkpt>
      <trkpt lat="66.498759" lon="14.894845"></trkpt>
      <trkpt lat="66.499208" lon="14.896401"></trkpt>
      <trkpt lat="66.499332" lon="14.896800"></trkpt>
      <trkpt lat="66.499406" lon="14.897025"></trkpt>
      <trkpt lat="66.499502" lon="14.897295"></trkpt>
      <trkpt lat="66.499626" lon="14.897620"></trkpt>
      <trkpt lat="66.499756" lon="14.897931"></trkpt>
      <trkpt lat="66.499891" lon="14.898227"></trkpt>
      <trkpt lat="66.500016" lon="14.898478"></trkpt>
      <trkpt lat="66.500207" lon="14.898824"></trkpt>
      <trkpt lat="66.500338" lon="14.899039"></trkpt>
      <trkpt lat="66.500476" lon="14.899249"></trkpt>
      <trkpt lat="66.501003" lon="14.899996"></trkpt>
      <trkpt lat="66.501177" lon="14.900252"></trkpt>
      <trkpt lat="66.501347" lon="14.900523"></trkpt>
      <trkpt lat="66.501548" lon="14.900881"></trkpt>
      <trkpt lat="66.501739" lon="14.901269"></trkpt>
      <trkpt lat="66.501831" lon="14.901474"></trkpt>
      <trkpt lat="66.501950" lon="14.901758"></trkpt>
      <trkpt lat="66.502064" lon="14.902053"></trkpt>
      <trkpt lat="66.502146" lon="14.902283"></trkpt>
      <trkpt lat="66.502226" lon="14.902518"></trkpt>
      <trkpt lat="66.502318" lon="14.902810"></trkpt>
      <trkpt lat="66.502470" lon="14.903345"></trkpt>
      <trkpt lat="66.502579" lon="14.903780"></trkpt>
      <trkpt lat="66.502640" lon="14.904048"></trkpt>
      <trkpt lat="66.502716" lon="14.904412"></trkpt>
      <trkpt lat="66.502800" lon="14.904861"></trkpt>
      <trkpt lat="66.502851" lon="14.905162"></trkpt>
      <trkpt lat="66.502909" lon="14.905547"></trkpt>
      <trkpt lat="66.502984" lon="14.906125"></trkpt>
      <trkpt lat="66.503059" lon="14.906807"></trkpt>
      <trkpt lat="66.503553" lon="14.911627"></trkpt>
      <trkpt lat="66.503558" lon="14.911843"></trkpt>
      <trkpt lat="66.503672" lon="14.913114"></trkpt>
      <trkpt lat="66.503718" lon="14.913581"></trkpt>
      <trkpt lat="66.503873" lon="14.915119"></trkpt>
      <trkpt lat="66.503957" lon="14.915201"></trkpt>
      <trkpt lat="66.504135" lon="14.915056"></trkpt>
      <trkpt lat="66.504174" lon="14.914982"></trkpt>
      <trkpt lat="66.504211" lon="14.914983"></trkpt>
      <trkpt lat="66.504620" lon="14.915135"></trkpt>
      <trkpt lat="66.504886" lon="14.915269"></trkpt>
      <trkpt lat="66.504910" lon="14.915276"></trkpt>
      <trkpt lat="66.505096" lon="14.915210"></trkpt>
      <trkpt lat="66.505269" lon="14.915219"></trkpt>
      <trkpt lat="66.505431" lon="14.915268"></trkpt>
      <trkpt lat="66.505626" lon="14.915320"></trkpt>
      <trkpt lat="66.505830" lon="14.915390"></trkpt>
      <trkpt lat="66.506048" lon="14.915483"></trkpt>
      <trkpt lat="66.506676" lon="14.915768"></trkpt>
      <trkpt lat="66.506794" lon="14.915819"></trkpt>
      <trkpt lat="66.506894" lon="14.915875"></trkpt>
      <trkpt lat="66.506979" lon="14.915907"></trkpt>
      <trkpt lat="66.506996" lon="14.915807"></trkpt>
      <trkpt lat="66.507007" lon="14.915729"></trkpt>
      <trkpt lat="66.507013" lon="14.915576"></trkpt>
      <trkpt lat="66.507003" lon="14.915416"></trkpt>
      <trkpt lat="66.506968" lon="14.915160"></trkpt>
      <trkpt lat="66.506924" lon="14.914867"></trkpt>
      <trkpt lat="66.506899" lon="14.914663"></trkpt>
      <trkpt lat="66.506880" lon="14.914363"></trkpt>
      <trkpt lat="66.506871" lon="14.913987"></trkpt>
      <trkpt lat="66.506847" lon="14.913582"></trkpt>
      <trkpt lat="66.506781" lon="14.912983"></trkpt>
      <trkpt lat="66.506760" lon="14.912879"></trkpt>
      <trkpt lat="66.506727" lon="14.912781"></trkpt>
      <trkpt lat="66.506689" lon="14.912627"></trkpt>
      <trkpt lat="66.506610" lon="14.912349"></trkpt>
      <trkpt lat="66.506532" lon="14.912154"></trkpt>
      <trkpt lat="66.506469" lon="14.912036"></trkpt>
      <trkpt lat="66.506365" lon="14.911883"></trkpt>
      <trkpt lat="66.506307" lon="14.911745"></trkpt>
      <trkpt lat="66.506275" lon="14.911609"></trkpt>
      <trkpt lat="66.506254" lon="14.911453"></trkpt>
      <trkpt lat="66.506222" lon="14.911104"></trkpt>
      <trkpt lat="66.506199" lon="14.910833"></trkpt>
      <trkpt lat="66.506165" lon="14.910480"></trkpt>
      <trkpt lat="66.506129" lon="14.910167"></trkpt>
      <trkpt lat="66.506107" lon="14.909925"></trkpt>
      <trkpt lat="66.506093" lon="14.909619"></trkpt>
      <trkpt lat="66.506101" lon="14.909432"></trkpt>
      <trkpt lat="66.506124" lon="14.909234"></trkpt>
      <trkpt lat="66.506160" lon="14.909025"></trkpt>
      <trkpt lat="66.506245" lon="14.908637"></trkpt>
      <trkpt lat="66.506402" lon="14.907834"></trkpt>
      <trkpt lat="66.506578" lon="14.906865"></trkpt>
      <trkpt lat="66.506599" lon="14.906719"></trkpt>
      <trkpt lat="66.506617" lon="14.906494"></trkpt>
      <trkpt lat="66.506628" lon="14.906256"></trkpt>
      <trkpt lat="66.506604" lon="14.905844"></trkpt>
      <trkpt lat="66.506557" lon="14.905066"></trkpt>
      <trkpt lat="66.506561" lon="14.904910"></trkpt>
      <trkpt lat="66.506583" lon="14.904832"></trkpt>
      <trkpt lat="66.506592" lon="14.904751"></trkpt>
      <trkpt lat="66.506598" lon="14.904530"></trkpt>
      <trkpt lat="66.506603" lon="14.903814"></trkpt>
      <trkpt lat="66.506606" lon="14.903720"></trkpt>
      <trkpt lat="66.506618" lon="14.903567"></trkpt>
      <trkpt lat="66.506619" lon="14.903502"></trkpt>
      <trkpt lat="66.506618" lon="14.903440"></trkpt>
      <trkpt lat="66.506587" lon="14.902960"></trkpt>
      <trkpt lat="66.506589" lon="14.902935"></trkpt>
      <trkpt lat="66.506570" lon="14.902663"></trkpt>
      <trkpt lat="66.506559" lon="14.902314"></trkpt>
      <trkpt lat="66.506539" lon="14.902137"></trkpt>
      <trkpt lat="66.506490" lon="14.901889"></trkpt>
      <trkpt lat="66.506434" lon="14.901436"></trkpt>
      <trkpt lat="66.506387" lon="14.901120"></trkpt>
      <trkpt lat="66.506350" lon="14.900822"></trkpt>
      <trkpt lat="66.506328" lon="14.900602"></trkpt>
      <trkpt lat="66.506300" lon="14.900234"></trkpt>
      <trkpt lat="66.506273" lon="14.900067"></trkpt>
      <trkpt lat="66.506192" lon="14.899660"></trkpt>
      <trkpt lat="66.506139" lon="14.899274"></trkpt>
      <trkpt lat="66.506134" lon="14.899057"></trkpt>
      <trkpt lat="66.506153" lon="14.898805"></trkpt>
      <trkpt lat="66.506153" lon="14.898805"></trkpt>
      <trkpt lat="66.506134" lon="14.899057"></trkpt>
      <trkpt lat="66.506139" lon="14.899274"></trkpt>
      <trkpt lat="66.506192" lon="14.899660"></trkpt>
      <trkpt lat="66.506273" lon="14.900067"></trkpt>
      <trkpt lat="66.506300" lon="14.900234"></trkpt>
      <trkpt lat="66.506328" lon="14.900602"></trkpt>
      <trkpt lat="66.506350" lon="14.900822"></trkpt>
      <trkpt lat="66.506387" lon="14.901120"></trkpt>
      <trkpt lat="66.506434" lon="14.901436"></trkpt>
      <trkpt lat="66.506490" lon="14.901889"></trkpt>
      <trkpt lat="66.506539" lon="14.902137"></trkpt>
      <trkpt lat="66.506559" lon="14.902314"></trkpt>
      <trkpt lat="66.506570" lon="14.902663"></trkpt>
      <trkpt lat="66.506589" lon="14.902935"></trkpt>
      <trkpt lat="66.506587" lon="14.902960"></trkpt>
      <trkpt lat="66.506618" lon="14.903440"></trkpt>
      <trkpt lat="66.506619" lon="14.903502"></trkpt>
      <trkpt lat="66.506618" lon="14.903567"></trkpt>
      <trkpt lat="66.506606" lon="14.903720"></trkpt>
      <trkpt lat="66.506603" lon="14.903814"></trkpt>
      <trkpt lat="66.506598" lon="14.904530"></trkpt>
      <trkpt lat="66.506592" lon="14.904751"></trkpt>
      <trkpt lat="66.506583" lon="14.904832"></trkpt>
      <trkpt lat="66.506561" lon="14.904910"></trkpt>
      <trkpt lat="66.506557" lon="14.905066"></trkpt>
      <trkpt lat="66.506604" lon="14.905844"></trkpt>
      <trkpt lat="66.506628" lon="14.906256"></trkpt>
      <trkpt lat="66.506617" lon="14.906494"></trkpt>
      <trkpt lat="66.506599" lon="14.906719"></trkpt>
      <trkpt lat="66.506578" lon="14.906865"></trkpt>
      <trkpt lat="66.506402" lon="14.907834"></trkpt>
      <trkpt lat="66.506245" lon="14.908637"></trkpt>
      <trkpt lat="66.506160" lon="14.909025"></trkpt>
      <trkpt lat="66.506124" lon="14.909234"></trkpt>
      <trkpt lat="66.506101" lon="14.909432"></trkpt>
      <trkpt lat="66.506093" lon="14.909619"></trkpt>
      <trkpt lat="66.506107" lon="14.909925"></trkpt>
      <trkpt lat="66.506129" lon="14.910167"></trkpt>
      <trkpt lat="66.506165" lon="14.910480"></trkpt>
      <trkpt lat="66.506199" lon="14.910833"></trkpt>
      <trkpt lat="66.506222" lon="14.911104"></trkpt>
      <trkpt lat="66.506254" lon="14.911453"></trkpt>
      <trkpt lat="66.506275" lon="14.911609"></trkpt>
      <trkpt lat="66.506307" lon="14.911745"></trkpt>
      <trkpt lat="66.506365" lon="14.911883"></trkpt>
      <trkpt lat="66.506469" lon="14.912036"></trkpt>
      <trkpt lat="66.506532" lon="14.912154"></trkpt>
      <trkpt lat="66.506610" lon="14.912349"></trkpt>
      <trkpt lat="66.506689" lon="14.912627"></trkpt>
      <trkpt lat="66.506727" lon="14.912781"></trkpt>
      <trkpt lat="66.506760" lon="14.912879"></trkpt>
      <trkpt lat="66.506781" lon="14.912983"></trkpt>
      <trkpt lat="66.506847" lon="14.913582"></trkpt>
      <trkpt lat="66.506871" lon="14.913987"></trkpt>
      <trkpt lat="66.506880" lon="14.914363"></trkpt>
      <trkpt lat="66.506899" lon="14.914663"></trkpt>
      <trkpt lat="66.506924" lon="14.914867"></trkpt>
      <trkpt lat="66.506968" lon="14.915160"></trkpt>
      <trkpt lat="66.507003" lon="14.915416"></trkpt>
      <trkpt lat="66.507013" lon="14.915576"></trkpt>
      <trkpt lat="66.507007" lon="14.915729"></trkpt>
      <trkpt lat="66.506996" lon="14.915807"></trkpt>
      <trkpt lat="66.506979" lon="14.915907"></trkpt>
      <trkpt lat="66.506894" lon="14.915875"></trkpt>
      <trkpt lat="66.506794" lon="14.915819"></trkpt>
      <trkpt lat="66.506676" lon="14.915768"></trkpt>
      <trkpt lat="66.506048" lon="14.915483"></trkpt>
      <trkpt lat="66.505830" lon="14.915390"></trkpt>
      <trkpt lat="66.505626" lon="14.915320"></trkpt>
      <trkpt lat="66.505431" lon="14.915268"></trkpt>
      <trkpt lat="66.505269" lon="14.915219"></trkpt>
      <trkpt lat="66.505096" lon="14.915210"></trkpt>
      <trkpt lat="66.504910" lon="14.915276"></trkpt>
      <trkpt lat="66.504886" lon="14.915269"></trkpt>
      <trkpt lat="66.504620" lon="14.915135"></trkpt>
      <trkpt lat="66.504211" lon="14.914983"></trkpt>
      <trkpt lat="66.504174" lon="14.914982"></trkpt>
      <trkpt lat="66.504134" lon="14.914936"></trkpt>
      <trkpt lat="66.504070" lon="14.914932"></trkpt>
      <trkpt lat="66.503931" lon="14.914953"></trkpt>
      <trkpt lat="66.503798" lon="14.913665"></trkpt>
      <trkpt lat="66.503725" lon="14.912996"></trkpt>
      <trkpt lat="66.503589" lon="14.911824"></trkpt>
      <trkpt lat="66.503553" lon="14.911627"></trkpt>
      <trkpt lat="66.503059" lon="14.906807"></trkpt>
      <trkpt lat="66.502984" lon="14.906125"></trkpt>
      <trkpt lat="66.502909" lon="14.905547"></trkpt>
      <trkpt lat="66.502851" lon="14.905162"></trkpt>
      <trkpt lat="66.502800" lon="14.904861"></trkpt>
      <trkpt lat="66.502716" lon="14.904412"></trkpt>
      <trkpt lat="66.502640" lon="14.904048"></trkpt>
      <trkpt lat="66.502579" lon="14.903780"></trkpt>
      <trkpt lat="66.502470" lon="14.903345"></trkpt>
      <trkpt lat="66.502318" lon="14.902810"></trkpt>
      <trkpt lat="66.502226" lon="14.902518"></trkpt>
      <trkpt lat="66.502146" lon="14.902283"></trkpt>
      <trkpt lat="66.502064" lon="14.902053"></trkpt>
      <trkpt lat="66.501950" lon="14.901758"></trkpt>
      <trkpt lat="66.501831" lon="14.901474"></trkpt>
      <trkpt lat="66.501739" lon="14.901269"></trkpt>
      <trkpt lat="66.501548" lon="14.900881"></trkpt>
      <trkpt lat="66.501347" lon="14.900523"></trkpt>
      <trkpt lat="66.501177" lon="14.900252"></trkpt>
      <trkpt lat="66.501003" lon="14.899996"></trkpt>
      <trkpt lat="66.500476" lon="14.899249"></trkpt>
      <trkpt lat="66.500338" lon="14.899039"></trkpt>
      <trkpt lat="66.500207" lon="14.898824"></trkpt>
      <trkpt lat="66.500016" lon="14.898478"></trkpt>
      <trkpt lat="66.499891" lon="14.898227"></trkpt>
      <trkpt lat="66.499756" lon="14.897931"></trkpt>
      <trkpt lat="66.499626" lon="14.897620"></trkpt>
      <trkpt lat="66.499502" lon="14.897295"></trkpt>
      <trkpt lat="66.499406" lon="14.897025"></trkpt>
      <trkpt lat="66.499332" lon="14.896800"></trkpt>
      <trkpt lat="66.499208" lon="14.896401"></trkpt>
      <trkpt lat="66.498759" lon="14.894845"></trkpt>
      <trkpt lat="66.498660" lon="14.894526"></trkpt>
      <trkpt lat="66.498575" lon="14.894272"></trkpt>
      <trkpt lat="66.498472" lon="14.893984"></trkpt>
      <trkpt lat="66.498328" lon="14.893615"></trkpt>
      <trkpt lat="66.498151" lon="14.893204"></trkpt>
      <trkpt lat="66.497967" lon="14.892809"></trkpt>
      <trkpt lat="66.497595" lon="14.892031"></trkpt>
      <trkpt lat="66.497444" lon="14.891695"></trkpt>
      <trkpt lat="66.497288" lon="14.891317"></trkpt>
      <trkpt lat="66.497178" lon="14.891024"></trkpt>
      <trkpt lat="66.497094" lon="14.890783"></trkpt>
      <trkpt lat="66.496987" lon="14.890455"></trkpt>
      <trkpt lat="66.496843" lon="14.889968"></trkpt>
      <trkpt lat="66.496728" lon="14.889552"></trkpt>
      <trkpt lat="66.496380" lon="14.888257"></trkpt>
      <trkpt lat="66.496152" lon="14.887411"></trkpt>
      <trkpt lat="66.496059" lon="14.887080"></trkpt>
      <trkpt lat="66.495963" lon="14.886755"></trkpt>
      <trkpt lat="66.495856" lon="14.886420"></trkpt>
      <trkpt lat="66.495738" lon="14.886080"></trkpt>
      <trkpt lat="66.495581" lon="14.885673"></trkpt>
      <trkpt lat="66.495460" lon="14.885389"></trkpt>
      <trkpt lat="66.495416" lon="14.885289"></trkpt>
      <trkpt lat="66.495277" lon="14.884998"></trkpt>
      <trkpt lat="66.495097" lon="14.884658"></trkpt>
      <trkpt lat="66.494986" lon="14.884465"></trkpt>
      <trkpt lat="66.494872" lon="14.884283"></trkpt>
      <trkpt lat="66.494676" lon="14.884000"></trkpt>
      <trkpt lat="66.494475" lon="14.883745"></trkpt>
      <trkpt lat="66.494393" lon="14.883651"></trkpt>
      <trkpt lat="66.494226" lon="14.883477"></trkpt>
      <trkpt lat="66.494071" lon="14.883334"></trkpt>
      <trkpt lat="66.493971" lon="14.883251"></trkpt>
      <trkpt lat="66.493754" lon="14.883096"></trkpt>
      <trkpt lat="66.493578" lon="14.882994"></trkpt>
      <trkpt lat="66.493469" lon="14.882941"></trkpt>
      <trkpt lat="66.493330" lon="14.882884"></trkpt>
      <trkpt lat="66.493170" lon="14.882830"></trkpt>
      <trkpt lat="66.492747" lon="14.882720"></trkpt>
      <trkpt lat="66.491316" lon="14.882346"></trkpt>
      <trkpt lat="66.490462" lon="14.882123"></trkpt>
      <trkpt lat="66.490238" lon="14.882054"></trkpt>
      <trkpt lat="66.490033" lon="14.881978"></trkpt>
      <trkpt lat="66.489809" lon="14.881876"></trkpt>
      <trkpt lat="66.489624" lon="14.881775"></trkpt>
      <trkpt lat="66.489477" lon="14.881684"></trkpt>
      <trkpt lat="66.489295" lon="14.881559"></trkpt>
      <trkpt lat="66.489186" lon="14.881477"></trkpt>
      <trkpt lat="66.488970" lon="14.881298"></trkpt>
      <trkpt lat="66.488757" lon="14.881100"></trkpt>
      <trkpt lat="66.488582" lon="14.880920"></trkpt>
      <trkpt lat="66.488375" lon="14.880687"></trkpt>
      <trkpt lat="66.488171" lon="14.880435"></trkpt>
      <trkpt lat="66.488004" lon="14.880211"></trkpt>
      <trkpt lat="66.487840" lon="14.879975"></trkpt>
      <trkpt lat="66.487569" lon="14.879550"></trkpt>
      <trkpt lat="66.486943" lon="14.878495"></trkpt>
      <trkpt lat="66.486628" lon="14.877982"></trkpt>
      <trkpt lat="66.486263" lon="14.877424"></trkpt>
      <trkpt lat="66.485958" lon="14.876989"></trkpt>
      <trkpt lat="66.485739" lon="14.876690"></trkpt>
      <trkpt lat="66.485296" lon="14.876110"></trkpt>
      <trkpt lat="66.483389" lon="14.873657"></trkpt>
      <trkpt lat="66.483148" lon="14.873355"></trkpt>
      <trkpt lat="66.482954" lon="14.873128"></trkpt>
      <trkpt lat="66.482780" lon="14.872945"></trkpt>
      <trkpt lat="66.482568" lon="14.872754"></trkpt>
      <trkpt lat="66.482358" lon="14.872596"></trkpt>
      <trkpt lat="66.482178" lon="14.872486"></trkpt>
      <trkpt lat="66.482015" lon="14.872403"></trkpt>
      <trkpt lat="66.481816" lon="14.872321"></trkpt>
      <trkpt lat="66.481219" lon="14.872123"></trkpt>
      <trkpt lat="66.480889" lon="14.871994"></trkpt>
      <trkpt lat="66.480638" lon="14.871866"></trkpt>
      <trkpt lat="66.480443" lon="14.871747"></trkpt>
      <trkpt lat="66.480250" lon="14.871610"></trkpt>
      <trkpt lat="66.479989" lon="14.871398"></trkpt>
      <trkpt lat="66.479595" lon="14.871004"></trkpt>
      <trkpt lat="66.479168" lon="14.870473"></trkpt>
      <trkpt lat="66.478873" lon="14.870033"></trkpt>
      <trkpt lat="66.478585" lon="14.869539"></trkpt>
      <trkpt lat="66.478400" lon="14.869193"></trkpt>
      <trkpt lat="66.478237" lon="14.868853"></trkpt>
      <trkpt lat="66.478045" lon="14.868423"></trkpt>
      <trkpt lat="66.477846" lon="14.867946"></trkpt>
      <trkpt lat="66.477693" lon="14.867536"></trkpt>
      <trkpt lat="66.477498" lon="14.867015"></trkpt>
      <trkpt lat="66.477316" lon="14.866535"></trkpt>
      <trkpt lat="66.477173" lon="14.866170"></trkpt>
      <trkpt lat="66.477036" lon="14.865859"></trkpt>
      <trkpt lat="66.476777" lon="14.865347"></trkpt>
      <trkpt lat="66.476624" lon="14.865065"></trkpt>
      <trkpt lat="66.476478" lon="14.864821"></trkpt>
      <trkpt lat="66.476306" lon="14.864574"></trkpt>
      <trkpt lat="66.476136" lon="14.864349"></trkpt>
      <trkpt lat="66.476012" lon="14.864200"></trkpt>
      <trkpt lat="66.475911" lon="14.864089"></trkpt>
      <trkpt lat="66.475758" lon="14.863934"></trkpt>
      <trkpt lat="66.475537" lon="14.863741"></trkpt>
      <trkpt lat="66.475339" lon="14.863595"></trkpt>
      <trkpt lat="66.475099" lon="14.863440"></trkpt>
      <trkpt lat="66.475028" lon="14.863396"></trkpt>
      <trkpt lat="66.474939" lon="14.863303"></trkpt>
      <trkpt lat="66.474627" lon="14.863093"></trkpt>
      <trkpt lat="66.474141" lon="14.862709"></trkpt>
      <trkpt lat="66.473474" lon="14.862108"></trkpt>
      <trkpt lat="66.472721" lon="14.861439"></trkpt>
      <trkpt lat="66.472562" lon="14.861286"></trkpt>
      <trkpt lat="66.472492" lon="14.861211"></trkpt>
      <trkpt lat="66.472394" lon="14.861141"></trkpt>
      <trkpt lat="66.472232" lon="14.860942"></trkpt>
      <trkpt lat="66.472110" lon="14.860781"></trkpt>
      <trkpt lat="66.471935" lon="14.860534"></trkpt>
      <trkpt lat="66.471791" lon="14.860316"></trkpt>
      <trkpt lat="66.471650" lon="14.860088"></trkpt>
      <trkpt lat="66.471539" lon="14.859898"></trkpt>
      <trkpt lat="66.471403" lon="14.859652"></trkpt>
      <trkpt lat="66.471270" lon="14.859396"></trkpt>
      <trkpt lat="66.471114" lon="14.859077"></trkpt>
      <trkpt lat="66.471038" lon="14.858912"></trkpt>
      <trkpt lat="66.470950" lon="14.858713"></trkpt>
      <trkpt lat="66.470913" lon="14.858630"></trkpt>
      <trkpt lat="66.470792" lon="14.858339"></trkpt>
      <trkpt lat="66.470575" lon="14.857780"></trkpt>
      <trkpt lat="66.470213" lon="14.856784"></trkpt>
      <trkpt lat="66.470044" lon="14.856316"></trkpt>
      <trkpt lat="66.469196" lon="14.853968"></trkpt>
      <trkpt lat="66.468849" lon="14.853017"></trkpt>
      <trkpt lat="66.468649" lon="14.852507"></trkpt>
      <trkpt lat="66.468531" lon="14.852231"></trkpt>
      <trkpt lat="66.468385" lon="14.851912"></trkpt>
      <trkpt lat="66.468187" lon="14.851519"></trkpt>
      <trkpt lat="66.468046" lon="14.851262"></trkpt>
      <trkpt lat="66.467936" lon="14.851075"></trkpt>
      <trkpt lat="66.467707" lon="14.850718"></trkpt>
      <trkpt lat="66.467536" lon="14.850484"></trkpt>
      <trkpt lat="66.467471" lon="14.850394"></trkpt>
      <trkpt lat="66.467326" lon="14.850215"></trkpt>
      <trkpt lat="66.467178" lon="14.850048"></trkpt>
      <trkpt lat="66.466927" lon="14.849791"></trkpt>
      <trkpt lat="66.466649" lon="14.849529"></trkpt>
      <trkpt lat="66.464063" lon="14.847139"></trkpt>
      <trkpt lat="66.463874" lon="14.846965"></trkpt>
      <trkpt lat="66.461391" lon="14.844671"></trkpt>
      <trkpt lat="66.460928" lon="14.844242"></trkpt>
      <trkpt lat="66.458794" lon="14.842272"></trkpt>
      <trkpt lat="66.458422" lon="14.841941"></trkpt>
      <trkpt lat="66.458227" lon="14.841785"></trkpt>
      <trkpt lat="66.457987" lon="14.841616"></trkpt>
      <trkpt lat="66.457814" lon="14.841510"></trkpt>
      <trkpt lat="66.457570" lon="14.841382"></trkpt>
      <trkpt lat="66.457394" lon="14.841306"></trkpt>
      <trkpt lat="66.457218" lon="14.841242"></trkpt>
      <trkpt lat="66.456935" lon="14.841166"></trkpt>
      <trkpt lat="66.456686" lon="14.841126"></trkpt>
      <trkpt lat="66.456508" lon="14.841113"></trkpt>
      <trkpt lat="66.456365" lon="14.841111"></trkpt>
      <trkpt lat="66.456168" lon="14.841122"></trkpt>
      <trkpt lat="66.455897" lon="14.841162"></trkpt>
      <trkpt lat="66.455585" lon="14.841238"></trkpt>
      <trkpt lat="66.454843" lon="14.841447"></trkpt>
      <trkpt lat="66.454620" lon="14.841495"></trkpt>
      <trkpt lat="66.454324" lon="14.841537"></trkpt>
      <trkpt lat="66.454031" lon="14.841554"></trkpt>
      <trkpt lat="66.453854" lon="14.841553"></trkpt>
      <trkpt lat="66.453677" lon="14.841543"></trkpt>
      <trkpt lat="66.453500" lon="14.841524"></trkpt>
      <trkpt lat="66.453324" lon="14.841496"></trkpt>
      <trkpt lat="66.453148" lon="14.841460"></trkpt>
      <trkpt lat="66.452972" lon="14.841414"></trkpt>
      <trkpt lat="66.452796" lon="14.841361"></trkpt>
      <trkpt lat="66.452563" lon="14.841275"></trkpt>
      <trkpt lat="66.452331" lon="14.841174"></trkpt>
      <trkpt lat="66.452157" lon="14.841088"></trkpt>
      <trkpt lat="66.451927" lon="14.840960"></trkpt>
      <trkpt lat="66.451755" lon="14.840854"></trkpt>
      <trkpt lat="66.451414" lon="14.840617"></trkpt>
      <trkpt lat="66.451246" lon="14.840485"></trkpt>
      <trkpt lat="66.451022" lon="14.840297"></trkpt>
      <trkpt lat="66.450691" lon="14.839987"></trkpt>
      <trkpt lat="66.450527" lon="14.839820"></trkpt>
      <trkpt lat="66.450311" lon="14.839584"></trkpt>
      <trkpt lat="66.449992" lon="14.839204"></trkpt>
      <trkpt lat="66.449939" lon="14.839137"></trkpt>
      <trkpt lat="66.449782" lon="14.838933"></trkpt>
      <trkpt lat="66.449576" lon="14.838648"></trkpt>
      <trkpt lat="66.449423" lon="14.838425"></trkpt>
      <trkpt lat="66.449114" lon="14.837944"></trkpt>
      <trkpt lat="66.448976" lon="14.837713"></trkpt>
      <trkpt lat="66.448782" lon="14.837375"></trkpt>
      <trkpt lat="66.448499" lon="14.836844"></trkpt>
      <trkpt lat="66.448361" lon="14.836568"></trkpt>
      <trkpt lat="66.448180" lon="14.836190"></trkpt>
      <trkpt lat="66.448047" lon="14.835898"></trkpt>
      <trkpt lat="66.447917" lon="14.835600"></trkpt>
      <trkpt lat="66.447788" lon="14.835296"></trkpt>
      <trkpt lat="66.447692" lon="14.835058"></trkpt>
      <trkpt lat="66.447548" lon="14.834695"></trkpt>
      <trkpt lat="66.447314" lon="14.834081"></trkpt>
      <trkpt lat="66.447228" lon="14.833852"></trkpt>
      <trkpt lat="66.447198" lon="14.833719"></trkpt>
      <trkpt lat="66.447066" lon="14.833357"></trkpt>
      <trkpt lat="66.446880" lon="14.832819"></trkpt>
      <trkpt lat="66.446723" lon="14.832384"></trkpt>
      <trkpt lat="66.446525" lon="14.831859"></trkpt>
      <trkpt lat="66.446442" lon="14.831639"></trkpt>
      <trkpt lat="66.446078" lon="14.830672"></trkpt>
      <trkpt lat="66.445942" lon="14.830320"></trkpt>
      <trkpt lat="66.445710" lon="14.829756"></trkpt>
      <trkpt lat="66.445548" lon="14.829336"></trkpt>
      <trkpt lat="66.445492" lon="14.829243"></trkpt>
      <trkpt lat="66.443579" lon="14.824164"></trkpt>
      <trkpt lat="66.443278" lon="14.823390"></trkpt>
      <trkpt lat="66.443117" lon="14.822987"></trkpt>
      <trkpt lat="66.442871" lon="14.822392"></trkpt>
      <trkpt lat="66.441750" lon="14.819764"></trkpt>
      <trkpt lat="66.440088" lon="14.815877"></trkpt>
      <trkpt lat="66.439843" lon="14.815322"></trkpt>
      <trkpt lat="66.439621" lon="14.814858"></trkpt>
      <trkpt lat="66.439495" lon="14.814615"></trkpt>
      <trkpt lat="66.439366" lon="14.814381"></trkpt>
      <trkpt lat="66.439158" lon="14.814032"></trkpt>
      <trkpt lat="66.438948" lon="14.813706"></trkpt>
      <trkpt lat="66.438371" lon="14.812855"></trkpt>
      <trkpt lat="66.438141" lon="14.812502"></trkpt>
      <trkpt lat="66.437930" lon="14.812157"></trkpt>
      <trkpt lat="66.437727" lon="14.811803"></trkpt>
      <trkpt lat="66.437568" lon="14.811508"></trkpt>
      <trkpt lat="66.437451" lon="14.811281"></trkpt>
      <trkpt lat="66.437183" lon="14.810730"></trkpt>
      <trkpt lat="66.436926" lon="14.810151"></trkpt>
      <trkpt lat="66.436713" lon="14.809633"></trkpt>
      <trkpt lat="66.436541" lon="14.809186"></trkpt>
      <trkpt lat="66.436375" lon="14.808727"></trkpt>
      <trkpt lat="66.436153" lon="14.808063"></trkpt>
      <trkpt lat="66.436044" lon="14.807720"></trkpt>
      <trkpt lat="66.435971" lon="14.807475"></trkpt>
      <trkpt lat="66.435855" lon="14.807074"></trkpt>
      <trkpt lat="66.435705" lon="14.806519"></trkpt>
      <trkpt lat="66.435259" lon="14.804818"></trkpt>
      <trkpt lat="66.435133" lon="14.804375"></trkpt>
      <trkpt lat="66.435027" lon="14.804033"></trkpt>
      <trkpt lat="66.434854" lon="14.803511"></trkpt>
      <trkpt lat="66.434344" lon="14.802065"></trkpt>
      <trkpt lat="66.434128" lon="14.801419"></trkpt>
      <trkpt lat="66.433953" lon="14.800871"></trkpt>
      <trkpt lat="66.433815" lon="14.800421"></trkpt>
      <trkpt lat="66.433434" lon="14.799131"></trkpt>
      <trkpt lat="66.433330" lon="14.798792"></trkpt>
      <trkpt lat="66.433223" lon="14.798461"></trkpt>
      <trkpt lat="66.433113" lon="14.798146"></trkpt>
      <trkpt lat="66.433030" lon="14.797923"></trkpt>
      <trkpt lat="66.432914" lon="14.797635"></trkpt>
      <trkpt lat="66.432794" lon="14.797359"></trkpt>
      <trkpt lat="66.432668" lon="14.797093"></trkpt>
      <trkpt lat="66.432571" lon="14.796906"></trkpt>
      <trkpt lat="66.432499" lon="14.796766"></trkpt>
      <trkpt lat="66.432362" lon="14.796515"></trkpt>
      <trkpt lat="66.431783" lon="14.795496"></trkpt>
      <trkpt lat="66.431759" lon="14.795450"></trkpt>
      <trkpt lat="66.431648" lon="14.795243"></trkpt>
      <trkpt lat="66.431469" lon="14.794889"></trkpt>
      <trkpt lat="66.431254" lon="14.794431"></trkpt>
      <trkpt lat="66.430108" lon="14.791851"></trkpt>
      <trkpt lat="66.429831" lon="14.791245"></trkpt>
      <trkpt lat="66.429638" lon="14.790842"></trkpt>
      <trkpt lat="66.429442" lon="14.790449"></trkpt>
      <trkpt lat="66.429176" lon="14.789940"></trkpt>
      <trkpt lat="66.428905" lon="14.789448"></trkpt>
      <trkpt lat="66.428699" lon="14.789091"></trkpt>
      <trkpt lat="66.428489" lon="14.788743"></trkpt>
      <trkpt lat="66.428207" lon="14.788296"></trkpt>
      <trkpt lat="66.427919" lon="14.787867"></trkpt>
      <trkpt lat="66.427686" lon="14.787537"></trkpt>
      <trkpt lat="66.427089" lon="14.786723"></trkpt>
      <trkpt lat="66.426826" lon="14.786351"></trkpt>
      <trkpt lat="66.426696" lon="14.786159"></trkpt>
      <trkpt lat="66.426503" lon="14.785859"></trkpt>
      <trkpt lat="66.426249" lon="14.785438"></trkpt>
      <trkpt lat="66.426063" lon="14.785108"></trkpt>
      <trkpt lat="66.425880" lon="14.784766"></trkpt>
      <trkpt lat="66.425748" lon="14.784506"></trkpt>
      <trkpt lat="66.425584" lon="14.784168"></trkpt>
      <trkpt lat="66.425299" lon="14.783539"></trkpt>
      <trkpt lat="66.425134" lon="14.783146"></trkpt>
      <trkpt lat="66.424923" lon="14.782613"></trkpt>
      <trkpt lat="66.424765" lon="14.782187"></trkpt>
      <trkpt lat="66.424614" lon="14.781759"></trkpt>
      <trkpt lat="66.424516" lon="14.781468"></trkpt>
      <trkpt lat="66.424373" lon="14.781023"></trkpt>
      <trkpt lat="66.424235" lon="14.780569"></trkpt>
      <trkpt lat="66.424102" lon="14.780106"></trkpt>
      <trkpt lat="66.423932" lon="14.779476"></trkpt>
      <trkpt lat="66.423851" lon="14.779154"></trkpt>
      <trkpt lat="66.423771" lon="14.778830"></trkpt>
      <trkpt lat="66.423657" lon="14.778336"></trkpt>
      <trkpt lat="66.423478" lon="14.777498"></trkpt>
      <trkpt lat="66.423328" lon="14.776716"></trkpt>
      <trkpt lat="66.422991" lon="14.774823"></trkpt>
      <trkpt lat="66.422868" lon="14.774185"></trkpt>
      <trkpt lat="66.422771" lon="14.773723"></trkpt>
      <trkpt lat="66.422694" lon="14.773382"></trkpt>
      <trkpt lat="66.422614" lon="14.773046"></trkpt>
      <trkpt lat="66.422453" lon="14.772425"></trkpt>
      <trkpt lat="66.422307" lon="14.771911"></trkpt>
      <trkpt lat="66.422120" lon="14.771312"></trkpt>
      <trkpt lat="66.422165" lon="14.771212"></trkpt>
      <trkpt lat="66.422205" lon="14.771136"></trkpt>
      <trkpt lat="66.422252" lon="14.771102"></trkpt>
      <trkpt lat="66.422298" lon="14.771117"></trkpt>
      <trkpt lat="66.422355" lon="14.771179"></trkpt>
      <trkpt lat="66.422365" lon="14.771190"></trkpt>
      <trkpt lat="66.422434" lon="14.771275"></trkpt>
      <trkpt lat="66.422639" lon="14.771626"></trkpt>
      <trkpt lat="66.422751" lon="14.771780"></trkpt>
      <trkpt lat="66.422817" lon="14.771843"></trkpt>
      <trkpt lat="66.422858" lon="14.771860"></trkpt>
      <trkpt lat="66.422891" lon="14.771852"></trkpt>
      <trkpt lat="66.422950" lon="14.771791"></trkpt>
      <trkpt lat="66.422971" lon="14.771747"></trkpt>
      <trkpt lat="66.423001" lon="14.771633"></trkpt>
      <trkpt lat="66.423034" lon="14.771339"></trkpt>
      <trkpt lat="66.423053" lon="14.770750"></trkpt>
      <trkpt lat="66.423123" lon="14.769904"></trkpt>
      <trkpt lat="66.423128" lon="14.769570"></trkpt>
      <trkpt lat="66.423084" lon="14.768953"></trkpt>
      <trkpt lat="66.423005" lon="14.768364"></trkpt>
      <trkpt lat="66.422956" lon="14.768091"></trkpt>
      <trkpt lat="66.422803" lon="14.767383"></trkpt>
      <trkpt lat="66.422682" lon="14.766725"></trkpt>
      <trkpt lat="66.422626" lon="14.766364"></trkpt>
      <trkpt lat="66.422515" lon="14.765501"></trkpt>
      <trkpt lat="66.422476" lon="14.764947"></trkpt>
      <trkpt lat="66.422482" lon="14.764603"></trkpt>
      <trkpt lat="66.422487" lon="14.764429"></trkpt>
      <trkpt lat="66.422531" lon="14.763966"></trkpt>
      <trkpt lat="66.422533" lon="14.763592"></trkpt>
      <trkpt lat="66.422488" lon="14.763175"></trkpt>
      <trkpt lat="66.422349" lon="14.762240"></trkpt>
      <trkpt lat="66.422328" lon="14.762114"></trkpt>
      <trkpt lat="66.422176" lon="14.761196"></trkpt>
      <trkpt lat="66.422117" lon="14.760766"></trkpt>
      <trkpt lat="66.422140" lon="14.760503"></trkpt>
      <trkpt lat="66.422158" lon="14.760286"></trkpt>
      <trkpt lat="66.422144" lon="14.760230"></trkpt>
      <trkpt lat="66.422144" lon="14.760230"></trkpt>
      <trkpt lat="66.422116" lon="14.760193"></trkpt>
      <trkpt lat="66.422088" lon="14.760190"></trkpt>
      <trkpt lat="66.422064" lon="14.760210"></trkpt>
      <trkpt lat="66.422043" lon="14.760264"></trkpt>
      <trkpt lat="66.422032" lon="14.760345"></trkpt>
      <trkpt lat="66.422035" lon="14.760451"></trkpt>
      <trkpt lat="66.422065" lon="14.760597"></trkpt>
      <trkpt lat="66.422117" lon="14.760766"></trkpt>
      <trkpt lat="66.422176" lon="14.761196"></trkpt>
      <trkpt lat="66.422328" lon="14.762114"></trkpt>
      <trkpt lat="66.422349" lon="14.762240"></trkpt>
      <trkpt lat="66.422488" lon="14.763175"></trkpt>
      <trkpt lat="66.422533" lon="14.763592"></trkpt>
      <trkpt lat="66.422531" lon="14.763966"></trkpt>
      <trkpt lat="66.422487" lon="14.764429"></trkpt>
      <trkpt lat="66.422482" lon="14.764603"></trkpt>
      <trkpt lat="66.422476" lon="14.764947"></trkpt>
      <trkpt lat="66.422515" lon="14.765501"></trkpt>
      <trkpt lat="66.422626" lon="14.766364"></trkpt>
      <trkpt lat="66.422682" lon="14.766725"></trkpt>
      <trkpt lat="66.422803" lon="14.767383"></trkpt>
      <trkpt lat="66.422956" lon="14.768091"></trkpt>
      <trkpt lat="66.423005" lon="14.768364"></trkpt>
      <trkpt lat="66.423084" lon="14.768953"></trkpt>
      <trkpt lat="66.423128" lon="14.769570"></trkpt>
      <trkpt lat="66.423123" lon="14.769904"></trkpt>
      <trkpt lat="66.423053" lon="14.770750"></trkpt>
      <trkpt lat="66.423034" lon="14.771339"></trkpt>
      <trkpt lat="66.423001" lon="14.771633"></trkpt>
      <trkpt lat="66.422971" lon="14.771747"></trkpt>
      <trkpt lat="66.422950" lon="14.771791"></trkpt>
      <trkpt lat="66.422891" lon="14.771852"></trkpt>
      <trkpt lat="66.422858" lon="14.771860"></trkpt>
      <trkpt lat="66.422817" lon="14.771843"></trkpt>
      <trkpt lat="66.422751" lon="14.771780"></trkpt>
      <trkpt lat="66.422639" lon="14.771626"></trkpt>
      <trkpt lat="66.422434" lon="14.771275"></trkpt>
      <trkpt lat="66.422365" lon="14.771190"></trkpt>
      <trkpt lat="66.422355" lon="14.771179"></trkpt>
      <trkpt lat="66.422298" lon="14.771117"></trkpt>
      <trkpt lat="66.422252" lon="14.771102"></trkpt>
      <trkpt lat="66.422205" lon="14.771136"></trkpt>
      <trkpt lat="66.422165" lon="14.771212"></trkpt>
      <trkpt lat="66.422120" lon="14.771312"></trkpt>
      <trkpt lat="66.421962" lon="14.770843"></trkpt>
      <trkpt lat="66.421514" lon="14.769572"></trkpt>
      <trkpt lat="66.421339" lon="14.769059"></trkpt>
      <trkpt lat="66.421255" lon="14.768802"></trkpt>
      <trkpt lat="66.421110" lon="14.768336"></trkpt>
      <trkpt lat="66.420948" lon="14.767779"></trkpt>
      <trkpt lat="66.420804" lon="14.767252"></trkpt>
      <trkpt lat="66.420203" lon="14.764907"></trkpt>
      <trkpt lat="66.420125" lon="14.764599"></trkpt>
      <trkpt lat="66.419602" lon="14.762546"></trkpt>
      <trkpt lat="66.419504" lon="14.762149"></trkpt>
      <trkpt lat="66.419368" lon="14.761569"></trkpt>
      <trkpt lat="66.419290" lon="14.761212"></trkpt>
      <trkpt lat="66.419216" lon="14.760849"></trkpt>
      <trkpt lat="66.419196" lon="14.760743"></trkpt>
      <trkpt lat="66.419124" lon="14.760349"></trkpt>
      <trkpt lat="66.419061" lon="14.759968"></trkpt>
      <trkpt lat="66.419042" lon="14.759840"></trkpt>
      <trkpt lat="66.418987" lon="14.759468"></trkpt>
      <trkpt lat="66.418928" lon="14.759014"></trkpt>
      <trkpt lat="66.418876" lon="14.758585"></trkpt>
      <trkpt lat="66.418733" lon="14.757290"></trkpt>
      <trkpt lat="66.418683" lon="14.756860"></trkpt>
      <trkpt lat="66.418629" lon="14.756432"></trkpt>
      <trkpt lat="66.418571" lon="14.756008"></trkpt>
      <trkpt lat="66.418508" lon="14.755589"></trkpt>
      <trkpt lat="66.418440" lon="14.755175"></trkpt>
      <trkpt lat="66.418366" lon="14.754766"></trkpt>
      <trkpt lat="66.418288" lon="14.754363"></trkpt>
      <trkpt lat="66.418161" lon="14.753771"></trkpt>
      <trkpt lat="66.418023" lon="14.753193"></trkpt>
      <trkpt lat="66.417877" lon="14.752629"></trkpt>
      <trkpt lat="66.417777" lon="14.752257"></trkpt>
      <trkpt lat="66.416143" lon="14.746363"></trkpt>
      <trkpt lat="66.415946" lon="14.745614"></trkpt>
      <trkpt lat="66.415851" lon="14.745234"></trkpt>
      <trkpt lat="66.415713" lon="14.744657"></trkpt>
      <trkpt lat="66.415538" lon="14.743875"></trkpt>
      <trkpt lat="66.415281" lon="14.742694"></trkpt>
      <trkpt lat="66.415143" lon="14.742099"></trkpt>
      <trkpt lat="66.415051" lon="14.741734"></trkpt>
      <trkpt lat="66.414899" lon="14.741180"></trkpt>
      <trkpt lat="66.414792" lon="14.740820"></trkpt>
      <trkpt lat="66.414681" lon="14.740468"></trkpt>
      <trkpt lat="66.414458" lon="14.739819"></trkpt>
      <trkpt lat="66.414420" lon="14.739713"></trkpt>
      <trkpt lat="66.414126" lon="14.738912"></trkpt>
      <trkpt lat="66.413600" lon="14.737474"></trkpt>
      <trkpt lat="66.413353" lon="14.736824"></trkpt>
      <trkpt lat="66.413163" lon="14.736347"></trkpt>
      <trkpt lat="66.412970" lon="14.735879"></trkpt>
      <trkpt lat="66.412773" lon="14.735422"></trkpt>
      <trkpt lat="66.412639" lon="14.735122"></trkpt>
      <trkpt lat="66.412368" lon="14.734537"></trkpt>
      <trkpt lat="66.412020" lon="14.733830"></trkpt>
      <trkpt lat="66.411807" lon="14.733421"></trkpt>
      <trkpt lat="66.411590" lon="14.733021"></trkpt>
      <trkpt lat="66.411458" lon="14.732787"></trkpt>
      <trkpt lat="66.411371" lon="14.732633"></trkpt>
      <trkpt lat="66.411002" lon="14.731994"></trkpt>
      <trkpt lat="66.410712" lon="14.731466"></trkpt>
      <trkpt lat="66.410503" lon="14.731045"></trkpt>
      <trkpt lat="66.410302" lon="14.730597"></trkpt>
      <trkpt lat="66.410174" lon="14.730283"></trkpt>
      <trkpt lat="66.410051" lon="14.729958"></trkpt>
      <trkpt lat="66.409932" lon="14.729622"></trkpt>
      <trkpt lat="66.409818" lon="14.729276"></trkpt>
      <trkpt lat="66.409710" lon="14.728919"></trkpt>
      <trkpt lat="66.409557" lon="14.728366"></trkpt>
      <trkpt lat="66.409356" lon="14.727519"></trkpt>
      <trkpt lat="66.409249" lon="14.727001"></trkpt>
      <trkpt lat="66.409174" lon="14.726594"></trkpt>
      <trkpt lat="66.409105" lon="14.726181"></trkpt>
      <trkpt lat="66.409042" lon="14.725762"></trkpt>
      <trkpt lat="66.408959" lon="14.725123"></trkpt>
      <trkpt lat="66.408912" lon="14.724691"></trkpt>
      <trkpt lat="66.408871" lon="14.724255"></trkpt>
      <trkpt lat="66.408836" lon="14.723816"></trkpt>
      <trkpt lat="66.408807" lon="14.723374"></trkpt>
      <trkpt lat="66.408777" lon="14.722706"></trkpt>
      <trkpt lat="66.408765" lon="14.722259"></trkpt>
      <trkpt lat="66.408759" lon="14.721812"></trkpt>
      <trkpt lat="66.408760" lon="14.721364"></trkpt>
      <trkpt lat="66.408770" lon="14.720693"></trkpt>
      <trkpt lat="66.408799" lon="14.719576"></trkpt>
      <trkpt lat="66.408815" lon="14.718921"></trkpt>
      <trkpt lat="66.408825" lon="14.718346"></trkpt>
      <trkpt lat="66.408832" lon="14.717562"></trkpt>
      <trkpt lat="66.408831" lon="14.716200"></trkpt>
      <trkpt lat="66.408824" lon="14.715995"></trkpt>
      <trkpt lat="66.408817" lon="14.715547"></trkpt>
      <trkpt lat="66.408810" lon="14.715217"></trkpt>
      <trkpt lat="66.408795" lon="14.714654"></trkpt>
      <trkpt lat="66.408772" lon="14.713984"></trkpt>
      <trkpt lat="66.408754" lon="14.713539"></trkpt>
      <trkpt lat="66.408710" lon="14.712650"></trkpt>
      <trkpt lat="66.408671" lon="14.711985"></trkpt>
      <trkpt lat="66.408641" lon="14.711543"></trkpt>
      <trkpt lat="66.408613" lon="14.711179"></trkpt>
      <trkpt lat="66.408563" lon="14.710670"></trkpt>
      <trkpt lat="66.408538" lon="14.710455"></trkpt>
      <trkpt lat="66.408481" lon="14.710030"></trkpt>
      <trkpt lat="66.408415" lon="14.709613"></trkpt>
      <trkpt lat="66.408340" lon="14.709206"></trkpt>
      <trkpt lat="66.408300" lon="14.709007"></trkpt>
      <trkpt lat="66.408212" lon="14.708616"></trkpt>
      <trkpt lat="66.408117" lon="14.708237"></trkpt>
      <trkpt lat="66.408013" lon="14.707872"></trkpt>
      <trkpt lat="66.407902" lon="14.707520"></trkpt>
      <trkpt lat="66.407785" lon="14.707180"></trkpt>
      <trkpt lat="66.407684" lon="14.706898"></trkpt>
      <trkpt lat="66.407419" lon="14.706195"></trkpt>
      <trkpt lat="66.407230" lon="14.705717"></trkpt>
      <trkpt lat="66.407102" lon="14.705404"></trkpt>
      <trkpt lat="66.406907" lon="14.704942"></trkpt>
      <trkpt lat="66.406708" lon="14.704489"></trkpt>
      <trkpt lat="66.406437" lon="14.703902"></trkpt>
      <trkpt lat="66.406161" lon="14.703330"></trkpt>
      <trkpt lat="66.404700" lon="14.700360"></trkpt>
      <trkpt lat="66.404495" lon="14.699924"></trkpt>
      <trkpt lat="66.404297" lon="14.699471"></trkpt>
      <trkpt lat="66.404108" lon="14.698992"></trkpt>
      <trkpt lat="66.403989" lon="14.698657"></trkpt>
      <trkpt lat="66.403818" lon="14.698138"></trkpt>
      <trkpt lat="66.403378" lon="14.696725"></trkpt>
      <trkpt lat="66.403264" lon="14.696377"></trkpt>
      <trkpt lat="66.403089" lon="14.695868"></trkpt>
      <trkpt lat="66.402907" lon="14.695374"></trkpt>
      <trkpt lat="66.402718" lon="14.694895"></trkpt>
      <trkpt lat="66.402523" lon="14.694432"></trkpt>
      <trkpt lat="66.402323" lon="14.693984"></trkpt>
      <trkpt lat="66.402052" lon="14.693395"></trkpt>
      <trkpt lat="66.401852" lon="14.692946"></trkpt>
      <trkpt lat="66.401722" lon="14.692637"></trkpt>
      <trkpt lat="66.401536" lon="14.692154"></trkpt>
      <trkpt lat="66.401359" lon="14.691646"></trkpt>
      <trkpt lat="66.401247" lon="14.691296"></trkpt>
      <trkpt lat="66.401141" lon="14.690936"></trkpt>
      <trkpt lat="66.401089" lon="14.690753"></trkpt>
      <trkpt lat="66.400990" lon="14.690379"></trkpt>
      <trkpt lat="66.400897" lon="14.689997"></trkpt>
      <trkpt lat="66.400821" lon="14.689667"></trkpt>
      <trkpt lat="66.400725" lon="14.689211"></trkpt>
      <trkpt lat="66.400686" lon="14.689010"></trkpt>
      <trkpt lat="66.400612" lon="14.688602"></trkpt>
      <trkpt lat="66.400543" lon="14.688189"></trkpt>
      <trkpt lat="66.400451" lon="14.687558"></trkpt>
      <trkpt lat="66.400396" lon="14.687131"></trkpt>
      <trkpt lat="66.400346" lon="14.686701"></trkpt>
      <trkpt lat="66.400332" lon="14.686565"></trkpt>
      <trkpt lat="66.400257" lon="14.685802"></trkpt>
      <trkpt lat="66.400126" lon="14.684369"></trkpt>
      <trkpt lat="66.399819" lon="14.680910"></trkpt>
      <trkpt lat="66.399772" lon="14.680363"></trkpt>
      <trkpt lat="66.399669" lon="14.679162"></trkpt>
      <trkpt lat="66.399543" lon="14.677681"></trkpt>
      <trkpt lat="66.399393" lon="14.675865"></trkpt>
      <trkpt lat="66.399264" lon="14.674278"></trkpt>
      <trkpt lat="66.399195" lon="14.673478"></trkpt>
      <trkpt lat="66.399139" lon="14.672910"></trkpt>
      <trkpt lat="66.399114" lon="14.672685"></trkpt>
      <trkpt lat="66.399042" lon="14.672109"></trkpt>
      <trkpt lat="66.398962" lon="14.671580"></trkpt>
      <trkpt lat="66.398909" lon="14.671279"></trkpt>
      <trkpt lat="66.398853" lon="14.670994"></trkpt>
      <trkpt lat="66.398813" lon="14.670808"></trkpt>
      <trkpt lat="66.398739" lon="14.670490"></trkpt>
      <trkpt lat="66.398687" lon="14.670282"></trkpt>
      <trkpt lat="66.398578" lon="14.669875"></trkpt>
      <trkpt lat="66.398379" lon="14.669178"></trkpt>
      <trkpt lat="66.397860" lon="14.667397"></trkpt>
      <trkpt lat="66.397661" lon="14.666730"></trkpt>
      <trkpt lat="66.397567" lon="14.666428"></trkpt>
      <trkpt lat="66.397435" lon="14.666022"></trkpt>
      <trkpt lat="66.397345" lon="14.665755"></trkpt>
      <trkpt lat="66.397189" lon="14.665312"></trkpt>
      <trkpt lat="66.397021" lon="14.664851"></trkpt>
      <trkpt lat="66.396063" lon="14.662275"></trkpt>
      <trkpt lat="66.395861" lon="14.661733"></trkpt>
      <trkpt lat="66.395674" lon="14.661230"></trkpt>
      <trkpt lat="66.395579" lon="14.660966"></trkpt>
      <trkpt lat="66.395290" lon="14.660185"></trkpt>
      <trkpt lat="66.393361" lon="14.655011"></trkpt>
      <trkpt lat="66.392825" lon="14.653571"></trkpt>
      <trkpt lat="66.392781" lon="14.653392"></trkpt>
      <trkpt lat="66.392458" lon="14.652460"></trkpt>
      <trkpt lat="66.392071" lon="14.651416"></trkpt>
      <trkpt lat="66.391179" lon="14.649020"></trkpt>
      <trkpt lat="66.391089" lon="14.648771"></trkpt>
      <trkpt lat="66.390945" lon="14.648343"></trkpt>
      <trkpt lat="66.390892" lon="14.648233"></trkpt>
      <trkpt lat="66.390796" lon="14.647921"></trkpt>
      <trkpt lat="66.390613" lon="14.647284"></trkpt>
      <trkpt lat="66.390439" lon="14.646631"></trkpt>
      <trkpt lat="66.390274" lon="14.645963"></trkpt>
      <trkpt lat="66.390118" lon="14.645281"></trkpt>
      <trkpt lat="66.389972" lon="14.644586"></trkpt>
      <trkpt lat="66.389789" lon="14.643630"></trkpt>
      <trkpt lat="66.389617" lon="14.642662"></trkpt>
      <trkpt lat="66.389343" lon="14.641062"></trkpt>
      <trkpt lat="66.389114" lon="14.639685"></trkpt>
      <trkpt lat="66.388928" lon="14.638533"></trkpt>
      <trkpt lat="66.388638" lon="14.636680"></trkpt>
      <trkpt lat="66.388497" lon="14.635751"></trkpt>
      <trkpt lat="66.388223" lon="14.633884"></trkpt>
      <trkpt lat="66.388024" lon="14.632478"></trkpt>
      <trkpt lat="66.387831" lon="14.631067"></trkpt>
      <trkpt lat="66.387644" lon="14.629651"></trkpt>
      <trkpt lat="66.387522" lon="14.628704"></trkpt>
      <trkpt lat="66.387345" lon="14.627280"></trkpt>
      <trkpt lat="66.387230" lon="14.626328"></trkpt>
      <trkpt lat="66.387063" lon="14.624897"></trkpt>
      <trkpt lat="66.386797" lon="14.622502"></trkpt>
      <trkpt lat="66.386629" lon="14.620891"></trkpt>
      <trkpt lat="66.386509" lon="14.619685"></trkpt>
      <trkpt lat="66.386433" lon="14.618879"></trkpt>
      <trkpt lat="66.386324" lon="14.617667"></trkpt>
      <trkpt lat="66.386254" lon="14.616857"></trkpt>
      <trkpt lat="66.386155" lon="14.615639"></trkpt>
      <trkpt lat="66.386062" lon="14.614419"></trkpt>
      <trkpt lat="66.385948" lon="14.612787"></trkpt>
      <trkpt lat="66.385895" lon="14.611970"></trkpt>
      <trkpt lat="66.385797" lon="14.610331"></trkpt>
      <trkpt lat="66.385731" lon="14.609100"></trkpt>
      <trkpt lat="66.385691" lon="14.608278"></trkpt>
      <trkpt lat="66.385618" lon="14.606632"></trkpt>
      <trkpt lat="66.385571" lon="14.605262"></trkpt>
      <trkpt lat="66.385517" lon="14.603744"></trkpt>
      <trkpt lat="66.385495" lon="14.602918"></trkpt>
      <trkpt lat="66.385466" lon="14.601678"></trkpt>
      <trkpt lat="66.385444" lon="14.600437"></trkpt>
      <trkpt lat="66.385401" lon="14.596873"></trkpt>
      <trkpt lat="66.385380" lon="14.594448"></trkpt>
      <trkpt lat="66.385370" lon="14.592831"></trkpt>
      <trkpt lat="66.385359" lon="14.590406"></trkpt>
      <trkpt lat="66.385355" lon="14.588788"></trkpt>
      <trkpt lat="66.385356" lon="14.585554"></trkpt>
      <trkpt lat="66.385372" lon="14.581512"></trkpt>
      <trkpt lat="66.385390" lon="14.579086"></trkpt>
      <trkpt lat="66.385424" lon="14.575853"></trkpt>
      <trkpt lat="66.385445" lon="14.574237"></trkpt>
      <trkpt lat="66.385495" lon="14.571005"></trkpt>
      <trkpt lat="66.385524" lon="14.569390"></trkpt>
      <trkpt lat="66.385593" lon="14.565890"></trkpt>
      <trkpt lat="66.385623" lon="14.564125"></trkpt>
      <trkpt lat="66.385654" lon="14.562007"></trkpt>
      <trkpt lat="66.385679" lon="14.559889"></trkpt>
      <trkpt lat="66.385698" lon="14.557770"></trkpt>
      <trkpt lat="66.385756" lon="14.549523"></trkpt>
      <trkpt lat="66.385763" lon="14.548923"></trkpt>
      <trkpt lat="66.385772" lon="14.548473"></trkpt>
      <trkpt lat="66.385784" lon="14.548024"></trkpt>
      <trkpt lat="66.385796" lon="14.547725"></trkpt>
      <trkpt lat="66.385800" lon="14.547635"></trkpt>
      <trkpt lat="66.385834" lon="14.546993"></trkpt>
      <trkpt lat="66.385877" lon="14.546426"></trkpt>
      <trkpt lat="66.385916" lon="14.546005"></trkpt>
      <trkpt lat="66.385946" lon="14.545727"></trkpt>
      <trkpt lat="66.386013" lon="14.545175"></trkpt>
      <trkpt lat="66.386091" lon="14.544633"></trkpt>
      <trkpt lat="66.386180" lon="14.544100"></trkpt>
      <trkpt lat="66.386228" lon="14.543838"></trkpt>
      <trkpt lat="66.386305" lon="14.543450"></trkpt>
      <trkpt lat="66.386416" lon="14.542945"></trkpt>
      <trkpt lat="66.386537" lon="14.542454"></trkpt>
      <trkpt lat="66.386634" lon="14.542095"></trkpt>
      <trkpt lat="66.386702" lon="14.541861"></trkpt>
      <trkpt lat="66.386807" lon="14.541518"></trkpt>
      <trkpt lat="66.386844" lon="14.541483"></trkpt>
      <trkpt lat="66.386953" lon="14.541180"></trkpt>
      <trkpt lat="66.387053" lon="14.540924"></trkpt>
      <trkpt lat="66.387183" lon="14.540620"></trkpt>
      <trkpt lat="66.387318" lon="14.540331"></trkpt>
      <trkpt lat="66.387531" lon="14.539867"></trkpt>
      <trkpt lat="66.387698" lon="14.539538"></trkpt>
      <trkpt lat="66.387766" lon="14.539414"></trkpt>
      <trkpt lat="66.388193" lon="14.538680"></trkpt>
      <trkpt lat="66.388422" lon="14.538327"></trkpt>
      <trkpt lat="66.388487" lon="14.538184"></trkpt>
      <trkpt lat="66.388805" lon="14.537787"></trkpt>
      <trkpt lat="66.388933" lon="14.537627"></trkpt>
      <trkpt lat="66.389054" lon="14.537477"></trkpt>
      <trkpt lat="66.389126" lon="14.537387"></trkpt>
      <trkpt lat="66.389336" lon="14.537115"></trkpt>
      <trkpt lat="66.389493" lon="14.536900"></trkpt>
      <trkpt lat="66.389648" lon="14.536674"></trkpt>
      <trkpt lat="66.389800" lon="14.536435"></trkpt>
      <trkpt lat="66.389948" lon="14.536183"></trkpt>
      <trkpt lat="66.390101" lon="14.535905"></trkpt>
      <trkpt lat="66.390303" lon="14.535501"></trkpt>
      <trkpt lat="66.390451" lon="14.535182"></trkpt>
      <trkpt lat="66.390700" lon="14.534593"></trkpt>
      <trkpt lat="66.391580" lon="14.532359"></trkpt>
      <trkpt lat="66.391772" lon="14.531888"></trkpt>
      <trkpt lat="66.391972" lon="14.531439"></trkpt>
      <trkpt lat="66.392113" lon="14.531161"></trkpt>
      <trkpt lat="66.392259" lon="14.530902"></trkpt>
      <trkpt lat="66.392334" lon="14.530780"></trkpt>
      <trkpt lat="66.392488" lon="14.530552"></trkpt>
      <trkpt lat="66.392648" lon="14.530346"></trkpt>
      <trkpt lat="66.392811" lon="14.530162"></trkpt>
      <trkpt lat="66.392895" lon="14.530079"></trkpt>
      <trkpt lat="66.393064" lon="14.529930"></trkpt>
      <trkpt lat="66.393236" lon="14.529805"></trkpt>
      <trkpt lat="66.393323" lon="14.529751"></trkpt>
      <trkpt lat="66.393499" lon="14.529662"></trkpt>
      <trkpt lat="66.393587" lon="14.529627"></trkpt>
      <trkpt lat="66.393766" lon="14.529574"></trkpt>
      <trkpt lat="66.393945" lon="14.529548"></trkpt>
      <trkpt lat="66.394065" lon="14.529545"></trkpt>
      <trkpt lat="66.394229" lon="14.529563"></trkpt>
      <trkpt lat="66.394419" lon="14.529616"></trkpt>
      <trkpt lat="66.394595" lon="14.529696"></trkpt>
      <trkpt lat="66.394692" lon="14.529754"></trkpt>
      <trkpt lat="66.394807" lon="14.529830"></trkpt>
      <trkpt lat="66.395014" lon="14.529998"></trkpt>
      <trkpt lat="66.395187" lon="14.530163"></trkpt>
      <trkpt lat="66.395329" lon="14.530314"></trkpt>
      <trkpt lat="66.395461" lon="14.530464"></trkpt>
      <trkpt lat="66.395766" lon="14.530839"></trkpt>
      <trkpt lat="66.396387" lon="14.531657"></trkpt>
      <trkpt lat="66.396935" lon="14.532406"></trkpt>
      <trkpt lat="66.397313" lon="14.532937"></trkpt>
      <trkpt lat="66.397793" lon="14.533629"></trkpt>
      <trkpt lat="66.398342" lon="14.534445"></trkpt>
      <trkpt lat="66.398758" lon="14.535082"></trkpt>
      <trkpt lat="66.399300" lon="14.535934"></trkpt>
      <trkpt lat="66.400256" lon="14.537477"></trkpt>
      <trkpt lat="66.400458" lon="14.537778"></trkpt>
      <trkpt lat="66.400596" lon="14.537965"></trkpt>
      <trkpt lat="66.400666" lon="14.538052"></trkpt>
      <trkpt lat="66.400737" lon="14.538136"></trkpt>
      <trkpt lat="66.400882" lon="14.538287"></trkpt>
      <trkpt lat="66.400979" lon="14.538374"></trkpt>
      <trkpt lat="66.401072" lon="14.538446"></trkpt>
      <trkpt lat="66.401237" lon="14.538547"></trkpt>
      <trkpt lat="66.401357" lon="14.538600"></trkpt>
      <trkpt lat="66.401502" lon="14.538642"></trkpt>
      <trkpt lat="66.401575" lon="14.538654"></trkpt>
      <trkpt lat="66.401697" lon="14.538661"></trkpt>
      <trkpt lat="66.401819" lon="14.538651"></trkpt>
      <trkpt lat="66.401964" lon="14.538618"></trkpt>
      <trkpt lat="66.402061" lon="14.538583"></trkpt>
      <trkpt lat="66.402204" lon="14.538510"></trkpt>
      <trkpt lat="66.402345" lon="14.538415"></trkpt>
      <trkpt lat="66.402437" lon="14.538339"></trkpt>
      <trkpt lat="66.402528" lon="14.538253"></trkpt>
      <trkpt lat="66.402662" lon="14.538105"></trkpt>
      <trkpt lat="66.402749" lon="14.537995"></trkpt>
      <trkpt lat="66.402875" lon="14.537812"></trkpt>
      <trkpt lat="66.402957" lon="14.537679"></trkpt>
      <trkpt lat="66.403090" lon="14.537431"></trkpt>
      <trkpt lat="66.403186" lon="14.537228"></trkpt>
      <trkpt lat="66.403302" lon="14.536948"></trkpt>
      <trkpt lat="66.403390" lon="14.536707"></trkpt>
      <trkpt lat="66.403467" lon="14.536471"></trkpt>
      <trkpt lat="66.403552" lon="14.536174"></trkpt>
      <trkpt lat="66.403617" lon="14.535917"></trkpt>
      <trkpt lat="66.403629" lon="14.535865"></trkpt>
      <trkpt lat="66.403678" lon="14.535726"></trkpt>
      <trkpt lat="66.403734" lon="14.535462"></trkpt>
      <trkpt lat="66.403788" lon="14.535188"></trkpt>
      <trkpt lat="66.403878" lon="14.534688"></trkpt>
      <trkpt lat="66.403930" lon="14.534364"></trkpt>
      <trkpt lat="66.404059" lon="14.533484"></trkpt>
      <trkpt lat="66.404187" lon="14.532683"></trkpt>
      <trkpt lat="66.404271" lon="14.532193"></trkpt>
      <trkpt lat="66.404327" lon="14.531863"></trkpt>
      <trkpt lat="66.404280" lon="14.531729"></trkpt>
      <trkpt lat="66.404202" lon="14.531634"></trkpt>
      <trkpt lat="66.404136" lon="14.531586"></trkpt>
      <trkpt lat="66.403984" lon="14.531496"></trkpt>
      <trkpt lat="66.403621" lon="14.531111"></trkpt>
      <trkpt lat="66.403810" lon="14.530138"></trkpt>
      <trkpt lat="66.404033" lon="14.528940"></trkpt>
      <trkpt lat="66.404089" lon="14.528691"></trkpt>
      <trkpt lat="66.404159" lon="14.528451"></trkpt>
      <trkpt lat="66.404223" lon="14.528267"></trkpt>
      <trkpt lat="66.404289" lon="14.528126"></trkpt>
      <trkpt lat="66.404328" lon="14.528044"></trkpt>
      <trkpt lat="66.404431" lon="14.527842"></trkpt>
      <trkpt lat="66.404444" lon="14.527874"></trkpt>
      <trkpt lat="66.404461" lon="14.527893"></trkpt>
      <trkpt lat="66.404479" lon="14.527898"></trkpt>
      <trkpt lat="66.404497" lon="14.527887"></trkpt>
      <trkpt lat="66.404513" lon="14.527861"></trkpt>
      <trkpt lat="66.404524" lon="14.527827"></trkpt>
      <trkpt lat="66.404530" lon="14.527785"></trkpt>
      <trkpt lat="66.404530" lon="14.527742"></trkpt>
      <trkpt lat="66.404525" lon="14.527700"></trkpt>
      <trkpt lat="66.404515" lon="14.527664"></trkpt>
      <trkpt lat="66.404735" lon="14.527152"></trkpt>
      <trkpt lat="66.404884" lon="14.526828"></trkpt>
      <trkpt lat="66.404979" lon="14.526639"></trkpt>
      <trkpt lat="66.405070" lon="14.526428"></trkpt>
      <trkpt lat="66.405141" lon="14.526236"></trkpt>
      <trkpt lat="66.405227" lon="14.525921"></trkpt>
      <trkpt lat="66.405274" lon="14.525719"></trkpt>
      <trkpt lat="66.405330" lon="14.525312"></trkpt>
      <trkpt lat="66.405377" lon="14.524804"></trkpt>
      <trkpt lat="66.405396" lon="14.524506"></trkpt>
      <trkpt lat="66.405416" lon="14.523963"></trkpt>
      <trkpt lat="66.405423" lon="14.522724"></trkpt>
      <trkpt lat="66.405402" lon="14.521342"></trkpt>
      <trkpt lat="66.405385" lon="14.520039"></trkpt>
      <trkpt lat="66.405369" lon="14.519156"></trkpt>
      <trkpt lat="66.405361" lon="14.518735"></trkpt>
      <trkpt lat="66.405353" lon="14.518474"></trkpt>
      <trkpt lat="66.405345" lon="14.518320"></trkpt>
      <trkpt lat="66.405372" lon="14.518212"></trkpt>
      <trkpt lat="66.405426" lon="14.517768"></trkpt>
      <trkpt lat="66.405534" lon="14.517132"></trkpt>
      <trkpt lat="66.405612" lon="14.516659"></trkpt>
      <trkpt lat="66.405413" lon="14.516405"></trkpt>
      <trkpt lat="66.405301" lon="14.516313"></trkpt>
      <trkpt lat="66.405157" lon="14.516234"></trkpt>
      <trkpt lat="66.405043" lon="14.516148"></trkpt>
      <trkpt lat="66.404950" lon="14.516057"></trkpt>
      <trkpt lat="66.404877" lon="14.515948"></trkpt>
      <trkpt lat="66.404804" lon="14.515795"></trkpt>
      <trkpt lat="66.404704" lon="14.515557"></trkpt>
      <trkpt lat="66.404530" lon="14.515167"></trkpt>
      <trkpt lat="66.404504" lon="14.515110"></trkpt>
      <trkpt lat="66.404473" lon="14.515023"></trkpt>
      <trkpt lat="66.404458" lon="14.514959"></trkpt>
      <trkpt lat="66.404423" lon="14.514963"></trkpt>
      <trkpt lat="66.404387" lon="14.514941"></trkpt>
      <trkpt lat="66.404285" lon="14.514790"></trkpt>
      <trkpt lat="66.404202" lon="14.514667"></trkpt>
      <trkpt lat="66.404167" lon="14.514596"></trkpt>
      <trkpt lat="66.404092" lon="14.514421"></trkpt>
      <trkpt lat="66.404023" lon="14.514189"></trkpt>
      <trkpt lat="66.403968" lon="14.513922"></trkpt>
      <trkpt lat="66.403921" lon="14.513625"></trkpt>
      <trkpt lat="66.403851" lon="14.513633"></trkpt>
      <trkpt lat="66.403810" lon="14.513673"></trkpt>
      <trkpt lat="66.403684" lon="14.513853"></trkpt>
      <trkpt lat="66.403629" lon="14.513902"></trkpt>
      <trkpt lat="66.403497" lon="14.513936"></trkpt>
      <trkpt lat="66.403390" lon="14.513988"></trkpt>
      <trkpt lat="66.403101" lon="14.514223"></trkpt>
      <trkpt lat="66.402990" lon="14.514243"></trkpt>
      <trkpt lat="66.402882" lon="14.514163"></trkpt>
      <trkpt lat="66.402824" lon="14.514137"></trkpt>
      <trkpt lat="66.402780" lon="14.514146"></trkpt>
      <trkpt lat="66.402711" lon="14.514254"></trkpt>
      <trkpt lat="66.402627" lon="14.514439"></trkpt>
      <trkpt lat="66.402432" lon="14.514758"></trkpt>
      <trkpt lat="66.402382" lon="14.514891"></trkpt>
      <trkpt lat="66.402333" lon="14.515115"></trkpt>
      <trkpt lat="66.402133" lon="14.515914"></trkpt>
      <trkpt lat="66.402073" lon="14.516149"></trkpt>
      <trkpt lat="66.402049" lon="14.516355"></trkpt>
      <trkpt lat="66.402054" lon="14.516837"></trkpt>
      <trkpt lat="66.402079" lon="14.517113"></trkpt>
      <trkpt lat="66.402107" lon="14.517317"></trkpt>
      <trkpt lat="66.402156" lon="14.517531"></trkpt>
      <trkpt lat="66.402169" lon="14.517671"></trkpt>
      <trkpt lat="66.402165" lon="14.517816"></trkpt>
      <trkpt lat="66.402080" lon="14.517891"></trkpt>
      <trkpt lat="66.401992" lon="14.517920"></trkpt>
      <trkpt lat="66.401992" lon="14.517920"></trkpt>
      <trkpt lat="66.401942" lon="14.517920"></trkpt>
      <trkpt lat="66.401895" lon="14.517869"></trkpt>
      <trkpt lat="66.401851" lon="14.517843"></trkpt>
      <trkpt lat="66.401673" lon="14.517864"></trkpt>
      <trkpt lat="66.401622" lon="14.517824"></trkpt>
      <trkpt lat="66.401481" lon="14.517626"></trkpt>
      <trkpt lat="66.401489" lon="14.517391"></trkpt>
      <trkpt lat="66.401493" lon="14.516800"></trkpt>
      <trkpt lat="66.401516" lon="14.516432"></trkpt>
      <trkpt lat="66.401632" lon="14.515586"></trkpt>
      <trkpt lat="66.401659" lon="14.515450"></trkpt>
      <trkpt lat="66.401725" lon="14.515186"></trkpt>
      <trkpt lat="66.401824" lon="14.514913"></trkpt>
      <trkpt lat="66.401882" lon="14.514786"></trkpt>
      <trkpt lat="66.401910" lon="14.514725"></trkpt>
      <trkpt lat="66.401971" lon="14.514609"></trkpt>
      <trkpt lat="66.402043" lon="14.514488"></trkpt>
      <trkpt lat="66.402131" lon="14.514352"></trkpt>
      <trkpt lat="66.402237" lon="14.514236"></trkpt>
      <trkpt lat="66.402384" lon="14.514073"></trkpt>
      <trkpt lat="66.402519" lon="14.513901"></trkpt>
      <trkpt lat="66.402602" lon="14.513823"></trkpt>
      <trkpt lat="66.402685" lon="14.513770"></trkpt>
      <trkpt lat="66.402720" lon="14.513727"></trkpt>
      <trkpt lat="66.402896" lon="14.513592"></trkpt>
      <trkpt lat="66.403177" lon="14.513441"></trkpt>
      <trkpt lat="66.403368" lon="14.513383"></trkpt>
      <trkpt lat="66.403761" lon="14.513340"></trkpt>
      <trkpt lat="66.403854" lon="14.513327"></trkpt>
      <trkpt lat="66.403879" lon="14.513437"></trkpt>
      <trkpt lat="66.403921" lon="14.513625"></trkpt>
      <trkpt lat="66.403968" lon="14.513922"></trkpt>
      <trkpt lat="66.404023" lon="14.514189"></trkpt>
      <trkpt lat="66.404092" lon="14.514421"></trkpt>
      <trkpt lat="66.404167" lon="14.514596"></trkpt>
      <trkpt lat="66.404202" lon="14.514667"></trkpt>
      <trkpt lat="66.404285" lon="14.514790"></trkpt>
      <trkpt lat="66.404387" lon="14.514941"></trkpt>
      <trkpt lat="66.404423" lon="14.514963"></trkpt>
      <trkpt lat="66.404458" lon="14.514959"></trkpt>
      <trkpt lat="66.404473" lon="14.515023"></trkpt>
      <trkpt lat="66.404504" lon="14.515110"></trkpt>
      <trkpt lat="66.404530" lon="14.515167"></trkpt>
      <trkpt lat="66.404704" lon="14.515557"></trkpt>
      <trkpt lat="66.404804" lon="14.515795"></trkpt>
      <trkpt lat="66.404877" lon="14.515948"></trkpt>
      <trkpt lat="66.404950" lon="14.516057"></trkpt>
      <trkpt lat="66.405043" lon="14.516148"></trkpt>
      <trkpt lat="66.405157" lon="14.516234"></trkpt>
      <trkpt lat="66.405301" lon="14.516313"></trkpt>
      <trkpt lat="66.405413" lon="14.516405"></trkpt>
      <trkpt lat="66.405612" lon="14.516659"></trkpt>
      <trkpt lat="66.405534" lon="14.517132"></trkpt>
      <trkpt lat="66.405426" lon="14.517768"></trkpt>
      <trkpt lat="66.405372" lon="14.518212"></trkpt>
      <trkpt lat="66.405345" lon="14.518320"></trkpt>
      <trkpt lat="66.405353" lon="14.518474"></trkpt>
      <trkpt lat="66.405361" lon="14.518735"></trkpt>
      <trkpt lat="66.405369" lon="14.519156"></trkpt>
      <trkpt lat="66.405385" lon="14.520039"></trkpt>
      <trkpt lat="66.405402" lon="14.521342"></trkpt>
      <trkpt lat="66.405423" lon="14.522724"></trkpt>
      <trkpt lat="66.405416" lon="14.523963"></trkpt>
      <trkpt lat="66.405396" lon="14.524506"></trkpt>
      <trkpt lat="66.405377" lon="14.524804"></trkpt>
      <trkpt lat="66.405330" lon="14.525312"></trkpt>
      <trkpt lat="66.405274" lon="14.525719"></trkpt>
      <trkpt lat="66.405227" lon="14.525921"></trkpt>
      <trkpt lat="66.405141" lon="14.526236"></trkpt>
      <trkpt lat="66.405070" lon="14.526428"></trkpt>
      <trkpt lat="66.404979" lon="14.526639"></trkpt>
      <trkpt lat="66.404884" lon="14.526828"></trkpt>
      <trkpt lat="66.404735" lon="14.527152"></trkpt>
      <trkpt lat="66.404515" lon="14.527664"></trkpt>
      <trkpt lat="66.404501" lon="14.527638"></trkpt>
      <trkpt lat="66.404485" lon="14.527624"></trkpt>
      <trkpt lat="66.404468" lon="14.527623"></trkpt>
      <trkpt lat="66.404452" lon="14.527635"></trkpt>
      <trkpt lat="66.404438" lon="14.527659"></trkpt>
      <trkpt lat="66.404428" lon="14.527690"></trkpt>
      <trkpt lat="66.404422" lon="14.527727"></trkpt>
      <trkpt lat="66.404420" lon="14.527767"></trkpt>
      <trkpt lat="66.404423" lon="14.527806"></trkpt>
      <trkpt lat="66.404431" lon="14.527842"></trkpt>
      <trkpt lat="66.404328" lon="14.528044"></trkpt>
      <trkpt lat="66.404289" lon="14.528126"></trkpt>
      <trkpt lat="66.404223" lon="14.528267"></trkpt>
      <trkpt lat="66.404159" lon="14.528451"></trkpt>
      <trkpt lat="66.404089" lon="14.528691"></trkpt>
      <trkpt lat="66.404033" lon="14.528940"></trkpt>
      <trkpt lat="66.403810" lon="14.530138"></trkpt>
      <trkpt lat="66.403621" lon="14.531111"></trkpt>
      <trkpt lat="66.403984" lon="14.531496"></trkpt>
      <trkpt lat="66.404116" lon="14.531712"></trkpt>
      <trkpt lat="66.404185" lon="14.531798"></trkpt>
      <trkpt lat="66.404256" lon="14.531872"></trkpt>
      <trkpt lat="66.404327" lon="14.531863"></trkpt>
      <trkpt lat="66.404408" lon="14.531450"></trkpt>
      <trkpt lat="66.404504" lon="14.530956"></trkpt>
      <trkpt lat="66.404601" lon="14.530509"></trkpt>
      <trkpt lat="66.404673" lon="14.530211"></trkpt>
      <trkpt lat="66.404773" lon="14.529828"></trkpt>
      <trkpt lat="66.404854" lon="14.529545"></trkpt>
      <trkpt lat="66.404995" lon="14.529097"></trkpt>
      <trkpt lat="66.405099" lon="14.528796"></trkpt>
      <trkpt lat="66.405177" lon="14.528532"></trkpt>
      <trkpt lat="66.405267" lon="14.528307"></trkpt>
      <trkpt lat="66.405332" lon="14.528154"></trkpt>
      <trkpt lat="66.405443" lon="14.527902"></trkpt>
      <trkpt lat="66.405562" lon="14.527645"></trkpt>
      <trkpt lat="66.405579" lon="14.527609"></trkpt>
      <trkpt lat="66.406083" lon="14.526565"></trkpt>
      <trkpt lat="66.406204" lon="14.526298"></trkpt>
      <trkpt lat="66.406361" lon="14.525923"></trkpt>
      <trkpt lat="66.406519" lon="14.525501"></trkpt>
      <trkpt lat="66.406599" lon="14.525268"></trkpt>
      <trkpt lat="66.406676" lon="14.525029"></trkpt>
      <trkpt lat="66.406774" lon="14.524702"></trkpt>
      <trkpt lat="66.406844" lon="14.524450"></trkpt>
      <trkpt lat="66.406911" lon="14.524193"></trkpt>
      <trkpt lat="66.406932" lon="14.524106"></trkpt>
      <trkpt lat="66.406987" lon="14.523951"></trkpt>
      <trkpt lat="66.407072" lon="14.523574"></trkpt>
      <trkpt lat="66.407136" lon="14.523259"></trkpt>
      <trkpt lat="66.407194" lon="14.522949"></trkpt>
      <trkpt lat="66.407247" lon="14.522636"></trkpt>
      <trkpt lat="66.407319" lon="14.522157"></trkpt>
      <trkpt lat="66.407381" lon="14.521674"></trkpt>
      <trkpt lat="66.407417" lon="14.521344"></trkpt>
      <trkpt lat="66.407449" lon="14.521010"></trkpt>
      <trkpt lat="66.407491" lon="14.520479"></trkpt>
      <trkpt lat="66.407505" lon="14.520240"></trkpt>
      <trkpt lat="66.407522" lon="14.519887"></trkpt>
      <trkpt lat="66.407536" lon="14.519519"></trkpt>
      <trkpt lat="66.407550" lon="14.518953"></trkpt>
      <trkpt lat="66.407555" lon="14.518574"></trkpt>
      <trkpt lat="66.407558" lon="14.517627"></trkpt>
      <trkpt lat="66.407555" lon="14.517061"></trkpt>
      <trkpt lat="66.407545" lon="14.516249"></trkpt>
      <trkpt lat="66.407529" lon="14.516116"></trkpt>
      <trkpt lat="66.407506" lon="14.515097"></trkpt>
      <trkpt lat="66.407484" lon="14.514398"></trkpt>
      <trkpt lat="66.407460" lon="14.513775"></trkpt>
      <trkpt lat="66.407425" lon="14.512997"></trkpt>
      <trkpt lat="66.407352" lon="14.511666"></trkpt>
      <trkpt lat="66.407227" lon="14.509445"></trkpt>
      <trkpt lat="66.407143" lon="14.507938"></trkpt>
      <trkpt lat="66.407057" lon="14.506201"></trkpt>
      <trkpt lat="66.407046" lon="14.505963"></trkpt>
      <trkpt lat="66.407022" lon="14.505416"></trkpt>
      <trkpt lat="66.406964" lon="14.504026"></trkpt>
      <trkpt lat="66.406905" lon="14.502382"></trkpt>
      <trkpt lat="66.406885" lon="14.501739"></trkpt>
      <trkpt lat="66.406875" lon="14.501411"></trkpt>
      <trkpt lat="66.406801" lon="14.498709"></trkpt>
      <trkpt lat="66.406773" lon="14.497798"></trkpt>
      <trkpt lat="66.406740" lon="14.497020"></trkpt>
      <trkpt lat="66.406719" lon="14.496627"></trkpt>
      <trkpt lat="66.406666" lon="14.495874"></trkpt>
      <trkpt lat="66.406623" lon="14.495370"></trkpt>
      <trkpt lat="66.406555" lon="14.494704"></trkpt>
      <trkpt lat="66.406480" lon="14.494075"></trkpt>
      <trkpt lat="66.406370" lon="14.493277"></trkpt>
      <trkpt lat="66.406025" lon="14.491014"></trkpt>
      <trkpt lat="66.405951" lon="14.490467"></trkpt>
      <trkpt lat="66.405877" lon="14.489845"></trkpt>
      <trkpt lat="66.405825" lon="14.489321"></trkpt>
      <trkpt lat="66.405789" lon="14.488898"></trkpt>
      <trkpt lat="66.405745" lon="14.488260"></trkpt>
      <trkpt lat="66.405713" lon="14.487617"></trkpt>
      <trkpt lat="66.405693" lon="14.486971"></trkpt>
      <trkpt lat="66.405686" lon="14.486539"></trkpt>
      <trkpt lat="66.405686" lon="14.485891"></trkpt>
      <trkpt lat="66.405701" lon="14.485136"></trkpt>
      <trkpt lat="66.405727" lon="14.484491"></trkpt>
      <trkpt lat="66.405765" lon="14.483850"></trkpt>
      <trkpt lat="66.405803" lon="14.483354"></trkpt>
      <trkpt lat="66.405866" lon="14.482650"></trkpt>
      <trkpt lat="66.406000" lon="14.481310"></trkpt>
      <trkpt lat="66.406051" lon="14.480769"></trkpt>
      <trkpt lat="66.406100" lon="14.480171"></trkpt>
      <trkpt lat="66.406127" lon="14.479777"></trkpt>
      <trkpt lat="66.406152" lon="14.479343"></trkpt>
      <trkpt lat="66.406178" lon="14.478747"></trkpt>
      <trkpt lat="66.406202" lon="14.478136"></trkpt>
      <trkpt lat="66.406220" lon="14.478033"></trkpt>
      <trkpt lat="66.406235" lon="14.477670"></trkpt>
      <trkpt lat="66.406285" lon="14.476744"></trkpt>
      <trkpt lat="66.406316" lon="14.475972"></trkpt>
      <trkpt lat="66.406323" lon="14.475731"></trkpt>
      <trkpt lat="66.406358" lon="14.474703"></trkpt>
      <trkpt lat="66.406371" lon="14.474192"></trkpt>
      <trkpt lat="66.406382" lon="14.473405"></trkpt>
      <trkpt lat="66.406399" lon="14.472762"></trkpt>
      <trkpt lat="66.406389" lon="14.472632"></trkpt>
      <trkpt lat="66.406453" lon="14.470752"></trkpt>
      <trkpt lat="66.406471" lon="14.470163"></trkpt>
      <trkpt lat="66.406483" lon="14.469573"></trkpt>
      <trkpt lat="66.406485" lon="14.469336"></trkpt>
      <trkpt lat="66.406484" lon="14.468968"></trkpt>
      <trkpt lat="66.406480" lon="14.468705"></trkpt>
      <trkpt lat="66.406474" lon="14.468442"></trkpt>
      <trkpt lat="66.406459" lon="14.468049"></trkpt>
      <trkpt lat="66.406438" lon="14.467657"></trkpt>
      <trkpt lat="66.406400" lon="14.467138"></trkpt>
      <trkpt lat="66.406365" lon="14.466753"></trkpt>
      <trkpt lat="66.406308" lon="14.466245"></trkpt>
      <trkpt lat="66.406241" lon="14.465746"></trkpt>
      <trkpt lat="66.406164" lon="14.465256"></trkpt>
      <trkpt lat="66.406099" lon="14.464895"></trkpt>
      <trkpt lat="66.406055" lon="14.464671"></trkpt>
      <trkpt lat="66.406004" lon="14.464425"></trkpt>
      <trkpt lat="66.405926" lon="14.464080"></trkpt>
      <trkpt lat="66.405846" lon="14.463758"></trkpt>
      <trkpt lat="66.405784" lon="14.463524"></trkpt>
      <trkpt lat="66.405693" lon="14.463202"></trkpt>
      <trkpt lat="66.405629" lon="14.462992"></trkpt>
      <trkpt lat="66.405529" lon="14.462686"></trkpt>
      <trkpt lat="66.405432" lon="14.462411"></trkpt>
      <trkpt lat="66.405352" lon="14.462197"></trkpt>
      <trkpt lat="66.405222" lon="14.461878"></trkpt>
      <trkpt lat="66.405123" lon="14.461651"></trkpt>
      <trkpt lat="66.404955" lon="14.461298"></trkpt>
      <trkpt lat="66.404746" lon="14.460897"></trkpt>
      <trkpt lat="66.404144" lon="14.459823"></trkpt>
      <trkpt lat="66.404005" lon="14.459568"></trkpt>
      <trkpt lat="66.403869" lon="14.459307"></trkpt>
      <trkpt lat="66.403624" lon="14.458803"></trkpt>
      <trkpt lat="66.403489" lon="14.458503"></trkpt>
      <trkpt lat="66.403357" lon="14.458194"></trkpt>
      <trkpt lat="66.403228" lon="14.457875"></trkpt>
      <trkpt lat="66.403103" lon="14.457549"></trkpt>
      <trkpt lat="66.402893" lon="14.456958"></trkpt>
      <trkpt lat="66.402806" lon="14.456697"></trkpt>
      <trkpt lat="66.402666" lon="14.456252"></trkpt>
      <trkpt lat="66.402585" lon="14.455980"></trkpt>
      <trkpt lat="66.402455" lon="14.455518"></trkpt>
      <trkpt lat="66.402332" lon="14.455045"></trkpt>
      <trkpt lat="66.402214" lon="14.454561"></trkpt>
      <trkpt lat="66.402082" lon="14.453969"></trkpt>
      <trkpt lat="66.401967" lon="14.453400"></trkpt>
      <trkpt lat="66.401804" lon="14.452529"></trkpt>
      <trkpt lat="66.400892" lon="14.447491"></trkpt>
      <trkpt lat="66.400767" lon="14.446740"></trkpt>
      <trkpt lat="66.400688" lon="14.446194"></trkpt>
      <trkpt lat="66.400652" lon="14.445912"></trkpt>
      <trkpt lat="66.400618" lon="14.445627"></trkpt>
      <trkpt lat="66.400573" lon="14.445198"></trkpt>
      <trkpt lat="66.400534" lon="14.444764"></trkpt>
      <trkpt lat="66.400512" lon="14.444473"></trkpt>
      <trkpt lat="66.400492" lon="14.444181"></trkpt>
      <trkpt lat="66.400471" lon="14.443808"></trkpt>
      <trkpt lat="66.400450" lon="14.443298"></trkpt>
      <trkpt lat="66.400442" lon="14.443002"></trkpt>
      <trkpt lat="66.400434" lon="14.442414"></trkpt>
      <trkpt lat="66.400434" lon="14.442114"></trkpt>
      <trkpt lat="66.400439" lon="14.441715"></trkpt>
      <trkpt lat="66.400452" lon="14.441226"></trkpt>
      <trkpt lat="66.400464" lon="14.440931"></trkpt>
      <trkpt lat="66.400487" lon="14.440490"></trkpt>
      <trkpt lat="66.400516" lon="14.440052"></trkpt>
      <trkpt lat="66.400539" lon="14.439761"></trkpt>
      <trkpt lat="66.400579" lon="14.439328"></trkpt>
      <trkpt lat="66.400625" lon="14.438898"></trkpt>
      <trkpt lat="66.400677" lon="14.438473"></trkpt>
      <trkpt lat="66.400707" lon="14.438252"></trkpt>
      <trkpt lat="66.400800" lon="14.437639"></trkpt>
      <trkpt lat="66.400846" lon="14.437366"></trkpt>
      <trkpt lat="66.400906" lon="14.437036"></trkpt>
      <trkpt lat="66.401029" lon="14.436412"></trkpt>
      <trkpt lat="66.401885" lon="14.432381"></trkpt>
      <trkpt lat="66.402041" lon="14.431625"></trkpt>
      <trkpt lat="66.402121" lon="14.431200"></trkpt>
      <trkpt lat="66.402182" lon="14.430848"></trkpt>
      <trkpt lat="66.402236" lon="14.430505"></trkpt>
      <trkpt lat="66.402313" lon="14.429947"></trkpt>
      <trkpt lat="66.402363" lon="14.429522"></trkpt>
      <trkpt lat="66.402406" lon="14.429093"></trkpt>
      <trkpt lat="66.402437" lon="14.428732"></trkpt>
      <trkpt lat="66.402475" lon="14.428180"></trkpt>
      <trkpt lat="66.402516" lon="14.427404"></trkpt>
      <trkpt lat="66.402581" lon="14.425939"></trkpt>
      <trkpt lat="66.402603" lon="14.425810"></trkpt>
      <trkpt lat="66.402680" lon="14.424121"></trkpt>
      <trkpt lat="66.402760" lon="14.422364"></trkpt>
      <trkpt lat="66.402850" lon="14.420362"></trkpt>
      <trkpt lat="66.402871" lon="14.419805"></trkpt>
      <trkpt lat="66.402881" lon="14.419469"></trkpt>
      <trkpt lat="66.402891" lon="14.418974"></trkpt>
      <trkpt lat="66.402891" lon="14.418909"></trkpt>
      <trkpt lat="66.402878" lon="14.418764"></trkpt>
      <trkpt lat="66.402879" lon="14.418490"></trkpt>
      <trkpt lat="66.402875" lon="14.418014"></trkpt>
      <trkpt lat="66.402869" lon="14.417729"></trkpt>
      <trkpt lat="66.402854" lon="14.417255"></trkpt>
      <trkpt lat="66.402837" lon="14.416877"></trkpt>
      <trkpt lat="66.402816" lon="14.416500"></trkpt>
      <trkpt lat="66.402797" lon="14.416218"></trkpt>
      <trkpt lat="66.402761" lon="14.415752"></trkpt>
      <trkpt lat="66.402727" lon="14.415381"></trkpt>
      <trkpt lat="66.402689" lon="14.415012"></trkpt>
      <trkpt lat="66.402612" lon="14.414374"></trkpt>
      <trkpt lat="66.402536" lon="14.413836"></trkpt>
      <trkpt lat="66.402451" lon="14.413306"></trkpt>
      <trkpt lat="66.402365" lon="14.412823"></trkpt>
      <trkpt lat="66.402266" lon="14.412316"></trkpt>
      <trkpt lat="66.401959" lon="14.410844"></trkpt>
      <trkpt lat="66.401868" lon="14.410394"></trkpt>
      <trkpt lat="66.401735" lon="14.409694"></trkpt>
      <trkpt lat="66.401571" lon="14.408738"></trkpt>
      <trkpt lat="66.401222" lon="14.406560"></trkpt>
      <trkpt lat="66.401220" lon="14.406550"></trkpt>
      <trkpt lat="66.400859" lon="14.404284"></trkpt>
      <trkpt lat="66.400784" lon="14.403829"></trkpt>
      <trkpt lat="66.400763" lon="14.403702"></trkpt>
      <trkpt lat="66.400676" lon="14.403225"></trkpt>
      <trkpt lat="66.400599" lon="14.402851"></trkpt>
      <trkpt lat="66.400513" lon="14.402483"></trkpt>
      <trkpt lat="66.400444" lon="14.402215"></trkpt>
      <trkpt lat="66.400370" lon="14.401955"></trkpt>
      <trkpt lat="66.400292" lon="14.401702"></trkpt>
      <trkpt lat="66.400210" lon="14.401458"></trkpt>
      <trkpt lat="66.400124" lon="14.401222"></trkpt>
      <trkpt lat="66.400034" lon="14.400995"></trkpt>
      <trkpt lat="66.399909" lon="14.400706"></trkpt>
      <trkpt lat="66.399811" lon="14.400502"></trkpt>
      <trkpt lat="66.399710" lon="14.400308"></trkpt>
      <trkpt lat="66.399572" lon="14.400066"></trkpt>
      <trkpt lat="66.399396" lon="14.399781"></trkpt>
      <trkpt lat="66.398991" lon="14.399169"></trkpt>
      <trkpt lat="66.398904" lon="14.399038"></trkpt>
      <trkpt lat="66.398751" lon="14.398810"></trkpt>
      <trkpt lat="66.398383" lon="14.398293"></trkpt>
      <trkpt lat="66.398081" lon="14.397900"></trkpt>
      <trkpt lat="66.397793" lon="14.397566"></trkpt>
      <trkpt lat="66.397499" lon="14.397264"></trkpt>
      <trkpt lat="66.397199" lon="14.396994"></trkpt>
      <trkpt lat="66.396870" lon="14.396740"></trkpt>
      <trkpt lat="66.396290" lon="14.396345"></trkpt>
      <trkpt lat="66.392299" lon="14.393702"></trkpt>
      <trkpt lat="66.391838" lon="14.393415"></trkpt>
      <trkpt lat="66.391518" lon="14.393246"></trkpt>
      <trkpt lat="66.391212" lon="14.393119"></trkpt>
      <trkpt lat="66.390905" lon="14.393030"></trkpt>
      <trkpt lat="66.390597" lon="14.392975"></trkpt>
      <trkpt lat="66.390288" lon="14.392958"></trkpt>
      <trkpt lat="66.389978" lon="14.392975"></trkpt>
      <trkpt lat="66.389669" lon="14.393025"></trkpt>
      <trkpt lat="66.389361" lon="14.393113"></trkpt>
      <trkpt lat="66.389052" lon="14.393236"></trkpt>
      <trkpt lat="66.388402" lon="14.393565"></trkpt>
      <trkpt lat="66.388053" lon="14.393724"></trkpt>
      <trkpt lat="66.387921" lon="14.393769"></trkpt>
      <trkpt lat="66.387747" lon="14.393827"></trkpt>
      <trkpt lat="66.387671" lon="14.393844"></trkpt>
      <trkpt lat="66.387435" lon="14.393897"></trkpt>
      <trkpt lat="66.386865" lon="14.393969"></trkpt>
      <trkpt lat="66.386579" lon="14.394017"></trkpt>
      <trkpt lat="66.386344" lon="14.394089"></trkpt>
      <trkpt lat="66.386078" lon="14.394201"></trkpt>
      <trkpt lat="66.385988" lon="14.394245"></trkpt>
      <trkpt lat="66.385544" lon="14.394483"></trkpt>
      <trkpt lat="66.385339" lon="14.394586"></trkpt>
      <trkpt lat="66.385134" lon="14.394681"></trkpt>
      <trkpt lat="66.384911" lon="14.394774"></trkpt>
      <trkpt lat="66.384720" lon="14.394842"></trkpt>
      <trkpt lat="66.384478" lon="14.394910"></trkpt>
      <trkpt lat="66.384291" lon="14.394947"></trkpt>
      <trkpt lat="66.384135" lon="14.394967"></trkpt>
      <trkpt lat="66.383992" lon="14.394977"></trkpt>
      <trkpt lat="66.383784" lon="14.394977"></trkpt>
      <trkpt lat="66.383473" lon="14.394953"></trkpt>
      <trkpt lat="66.381570" lon="14.394704"></trkpt>
      <trkpt lat="66.380808" lon="14.394599"></trkpt>
      <trkpt lat="66.380680" lon="14.394577"></trkpt>
      <trkpt lat="66.380511" lon="14.394537"></trkpt>
      <trkpt lat="66.380384" lon="14.394495"></trkpt>
      <trkpt lat="66.380223" lon="14.394423"></trkpt>
      <trkpt lat="66.380097" lon="14.394348"></trkpt>
      <trkpt lat="66.379974" lon="14.394259"></trkpt>
      <trkpt lat="66.379812" lon="14.394124"></trkpt>
      <trkpt lat="66.379613" lon="14.393936"></trkpt>
      <trkpt lat="66.376562" lon="14.390862"></trkpt>
      <trkpt lat="66.375988" lon="14.390282"></trkpt>
      <trkpt lat="66.375832" lon="14.390113"></trkpt>
      <trkpt lat="66.375640" lon="14.389882"></trkpt>
      <trkpt lat="66.375488" lon="14.389669"></trkpt>
      <trkpt lat="66.375321" lon="14.389395"></trkpt>
      <trkpt lat="66.375231" lon="14.389229"></trkpt>
      <trkpt lat="66.375111" lon="14.388982"></trkpt>
      <trkpt lat="66.374980" lon="14.388678"></trkpt>
      <trkpt lat="66.374918" lon="14.388519"></trkpt>
      <trkpt lat="66.374829" lon="14.388270"></trkpt>
      <trkpt lat="66.374705" lon="14.387877"></trkpt>
      <trkpt lat="66.374629" lon="14.387603"></trkpt>
      <trkpt lat="66.374537" lon="14.387226"></trkpt>
      <trkpt lat="66.374476" lon="14.386942"></trkpt>
      <trkpt lat="66.374399" lon="14.386541"></trkpt>
      <trkpt lat="66.374333" lon="14.386162"></trkpt>
      <trkpt lat="66.374068" lon="14.384490"></trkpt>
      <trkpt lat="66.373984" lon="14.383996"></trkpt>
      <trkpt lat="66.373917" lon="14.383629"></trkpt>
      <trkpt lat="66.373824" lon="14.383166"></trkpt>
      <trkpt lat="66.373755" lon="14.382848"></trkpt>
      <trkpt lat="66.373511" lon="14.381792"></trkpt>
      <trkpt lat="66.372944" lon="14.379372"></trkpt>
      <trkpt lat="66.372412" lon="14.377098"></trkpt>
      <trkpt lat="66.372300" lon="14.376608"></trkpt>
      <trkpt lat="66.372213" lon="14.376211"></trkpt>
      <trkpt lat="66.372094" lon="14.375655"></trkpt>
      <trkpt lat="66.371994" lon="14.375149"></trkpt>
      <trkpt lat="66.371882" lon="14.374547"></trkpt>
      <trkpt lat="66.371709" lon="14.373535"></trkpt>
      <trkpt lat="66.371470" lon="14.372052"></trkpt>
      <trkpt lat="66.370380" lon="14.365257"></trkpt>
      <trkpt lat="66.369774" lon="14.361469"></trkpt>
      <trkpt lat="66.369698" lon="14.360963"></trkpt>
      <trkpt lat="66.369627" lon="14.360453"></trkpt>
      <trkpt lat="66.369541" lon="14.359756"></trkpt>
      <trkpt lat="66.369502" lon="14.359405"></trkpt>
      <trkpt lat="66.369443" lon="14.358815"></trkpt>
      <trkpt lat="66.369412" lon="14.358459"></trkpt>
      <trkpt lat="66.369375" lon="14.357981"></trkpt>
      <trkpt lat="66.369343" lon="14.357502"></trkpt>
      <trkpt lat="66.369311" lon="14.356899"></trkpt>
      <trkpt lat="66.369289" lon="14.356362"></trkpt>
      <trkpt lat="66.369277" lon="14.355979"></trkpt>
      <trkpt lat="66.369269" lon="14.355677"></trkpt>
      <trkpt lat="66.369224" lon="14.355682"></trkpt>
      <trkpt lat="66.368966" lon="14.355709"></trkpt>
      <trkpt lat="66.368875" lon="14.355673"></trkpt>
      <trkpt lat="66.368788" lon="14.355599"></trkpt>
      <trkpt lat="66.368683" lon="14.355445"></trkpt>
      <trkpt lat="66.368614" lon="14.355292"></trkpt>
      <trkpt lat="66.368557" lon="14.355113"></trkpt>
      <trkpt lat="66.368513" lon="14.354913"></trkpt>
      <trkpt lat="66.368382" lon="14.354144"></trkpt>
      <trkpt lat="66.368326" lon="14.353845"></trkpt>
      <trkpt lat="66.368105" lon="14.352728"></trkpt>
      <trkpt lat="66.368006" lon="14.352276"></trkpt>
      <trkpt lat="66.367565" lon="14.350633"></trkpt>
      <trkpt lat="66.367274" lon="14.349689"></trkpt>
      <trkpt lat="66.367090" lon="14.349074"></trkpt>
      <trkpt lat="66.366802" lon="14.348172"></trkpt>
      <trkpt lat="66.366545" lon="14.347294"></trkpt>
      <trkpt lat="66.366278" lon="14.346416"></trkpt>
      <trkpt lat="66.366130" lon="14.345941"></trkpt>
      <trkpt lat="66.365862" lon="14.345075"></trkpt>
      <trkpt lat="66.365524" lon="14.343976"></trkpt>
      <trkpt lat="66.365000" lon="14.342273"></trkpt>
      <trkpt lat="66.364542" lon="14.340781"></trkpt>
      <trkpt lat="66.364326" lon="14.340078"></trkpt>
      <trkpt lat="66.364110" lon="14.339376"></trkpt>
      <trkpt lat="66.363645" lon="14.337827"></trkpt>
      <trkpt lat="66.363169" lon="14.336296"></trkpt>
      <trkpt lat="66.362637" lon="14.334574"></trkpt>
      <trkpt lat="66.362296" lon="14.333455"></trkpt>
      <trkpt lat="66.362021" lon="14.332569"></trkpt>
      <trkpt lat="66.361772" lon="14.331790"></trkpt>
      <trkpt lat="66.361532" lon="14.331080"></trkpt>
      <trkpt lat="66.361364" lon="14.330615"></trkpt>
      <trkpt lat="66.361178" lon="14.330143"></trkpt>
      <trkpt lat="66.361045" lon="14.329809"></trkpt>
      <trkpt lat="66.360907" lon="14.329480"></trkpt>
      <trkpt lat="66.360748" lon="14.329133"></trkpt>
      <trkpt lat="66.360555" lon="14.328716"></trkpt>
      <trkpt lat="66.360330" lon="14.328269"></trkpt>
      <trkpt lat="66.360065" lon="14.327748"></trkpt>
      <trkpt lat="66.359825" lon="14.327284"></trkpt>
      <trkpt lat="66.359590" lon="14.326832"></trkpt>
      <trkpt lat="66.359337" lon="14.326340"></trkpt>
      <trkpt lat="66.358542" lon="14.324782"></trkpt>
      <trkpt lat="66.358404" lon="14.324507"></trkpt>
      <trkpt lat="66.358113" lon="14.323942"></trkpt>
      <trkpt lat="66.357807" lon="14.323351"></trkpt>
      <trkpt lat="66.357705" lon="14.323151"></trkpt>
      <trkpt lat="66.356905" lon="14.321588"></trkpt>
      <trkpt lat="66.356617" lon="14.321028"></trkpt>
      <trkpt lat="66.355546" lon="14.318940"></trkpt>
      <trkpt lat="66.355430" lon="14.318719"></trkpt>
      <trkpt lat="66.355181" lon="14.318242"></trkpt>
      <trkpt lat="66.355068" lon="14.318676"></trkpt>
      <trkpt lat="66.355068" lon="14.318676"></trkpt>
      <trkpt lat="66.355181" lon="14.318242"></trkpt>
      <trkpt lat="66.354658" lon="14.317240"></trkpt>
      <trkpt lat="66.354594" lon="14.317123"></trkpt>
      <trkpt lat="66.354529" lon="14.317024"></trkpt>
      <trkpt lat="66.354360" lon="14.316766"></trkpt>
      <trkpt lat="66.354132" lon="14.316485"></trkpt>
      <trkpt lat="66.354001" lon="14.316357"></trkpt>
      <trkpt lat="66.353768" lon="14.316163"></trkpt>
      <trkpt lat="66.353675" lon="14.316100"></trkpt>
      <trkpt lat="66.353095" lon="14.315739"></trkpt>
      <trkpt lat="66.353042" lon="14.315747"></trkpt>
      <trkpt lat="66.352997" lon="14.315822"></trkpt>
      <trkpt lat="66.352965" lon="14.315925"></trkpt>
      <trkpt lat="66.352926" lon="14.316197"></trkpt>
      <trkpt lat="66.352910" lon="14.316498"></trkpt>
      <trkpt lat="66.352910" lon="14.317262"></trkpt>
      <trkpt lat="66.352912" lon="14.317765"></trkpt>
      <trkpt lat="66.352903" lon="14.318296"></trkpt>
      <trkpt lat="66.352891" lon="14.318843"></trkpt>
      <trkpt lat="66.352873" lon="14.319432"></trkpt>
      <trkpt lat="66.352852" lon="14.319885"></trkpt>
      <trkpt lat="66.352831" lon="14.320165"></trkpt>
      <trkpt lat="66.352806" lon="14.320430"></trkpt>
      <trkpt lat="66.352778" lon="14.320617"></trkpt>
      <trkpt lat="66.352740" lon="14.320810"></trkpt>
      <trkpt lat="66.352697" lon="14.320993"></trkpt>
      <trkpt lat="66.352623" lon="14.321228"></trkpt>
      <trkpt lat="66.352498" lon="14.321597"></trkpt>
      <trkpt lat="66.352404" lon="14.321854"></trkpt>
      <trkpt lat="66.352374" lon="14.321936"></trkpt>
      <trkpt lat="66.352129" lon="14.322598"></trkpt>
      <trkpt lat="66.351876" lon="14.323253"></trkpt>
      <trkpt lat="66.351737" lon="14.323567"></trkpt>
      <trkpt lat="66.351590" lon="14.323860"></trkpt>
      <trkpt lat="66.351486" lon="14.324045"></trkpt>
      <trkpt lat="66.351369" lon="14.324226"></trkpt>
      <trkpt lat="66.351245" lon="14.324395"></trkpt>
      <trkpt lat="66.351100" lon="14.324567"></trkpt>
      <trkpt lat="66.351010" lon="14.324665"></trkpt>
      <trkpt lat="66.350936" lon="14.324738"></trkpt>
      <trkpt lat="66.350792" lon="14.324859"></trkpt>
      <trkpt lat="66.350664" lon="14.324946"></trkpt>
      <trkpt lat="66.350507" lon="14.325037"></trkpt>
      <trkpt lat="66.350396" lon="14.325095"></trkpt>
      <trkpt lat="66.350279" lon="14.325137"></trkpt>
      <trkpt lat="66.350202" lon="14.325161"></trkpt>
      <trkpt lat="66.350126" lon="14.325171"></trkpt>
      <trkpt lat="66.349994" lon="14.325182"></trkpt>
      <trkpt lat="66.349915" lon="14.325186"></trkpt>
      <trkpt lat="66.349795" lon="14.325178"></trkpt>
      <trkpt lat="66.349677" lon="14.325163"></trkpt>
      <trkpt lat="66.349579" lon="14.325137"></trkpt>
      <trkpt lat="66.349467" lon="14.325096"></trkpt>
      <trkpt lat="66.349340" lon="14.325032"></trkpt>
      <trkpt lat="66.349217" lon="14.324961"></trkpt>
      <trkpt lat="66.349083" lon="14.324860"></trkpt>
      <trkpt lat="66.348955" lon="14.324752"></trkpt>
      <trkpt lat="66.348824" lon="14.324626"></trkpt>
      <trkpt lat="66.348657" lon="14.324435"></trkpt>
      <trkpt lat="66.348507" lon="14.324250"></trkpt>
      <trkpt lat="66.348320" lon="14.324007"></trkpt>
      <trkpt lat="66.348104" lon="14.323726"></trkpt>
      <trkpt lat="66.347847" lon="14.323381"></trkpt>
      <trkpt lat="66.347576" lon="14.323020"></trkpt>
      <trkpt lat="66.347341" lon="14.322724"></trkpt>
      <trkpt lat="66.347110" lon="14.322420"></trkpt>
      <trkpt lat="66.346741" lon="14.321937"></trkpt>
      <trkpt lat="66.346487" lon="14.321600"></trkpt>
      <trkpt lat="66.346232" lon="14.321261"></trkpt>
      <trkpt lat="66.345914" lon="14.320833"></trkpt>
      <trkpt lat="66.345701" lon="14.320554"></trkpt>
      <trkpt lat="66.345451" lon="14.320234"></trkpt>
      <trkpt lat="66.345163" lon="14.319865"></trkpt>
      <trkpt lat="66.344966" lon="14.319610"></trkpt>
      <trkpt lat="66.344672" lon="14.319226"></trkpt>
      <trkpt lat="66.344497" lon="14.318993"></trkpt>
      <trkpt lat="66.344613" lon="14.318502"></trkpt>
      <trkpt lat="66.344657" lon="14.318294"></trkpt>
      <trkpt lat="66.344688" lon="14.318089"></trkpt>
      <trkpt lat="66.344706" lon="14.317910"></trkpt>
      <trkpt lat="66.344727" lon="14.317592"></trkpt>
      <trkpt lat="66.344744" lon="14.317351"></trkpt>
      <trkpt lat="66.344787" lon="14.317163"></trkpt>
      <trkpt lat="66.344833" lon="14.316660"></trkpt>
      <trkpt lat="66.344809" lon="14.316471"></trkpt>
      <trkpt lat="66.344690" lon="14.316428"></trkpt>
      <trkpt lat="66.344529" lon="14.316355"></trkpt>
      <trkpt lat="66.344373" lon="14.316275"></trkpt>
      <trkpt lat="66.344228" lon="14.316198"></trkpt>
      <trkpt lat="66.344132" lon="14.316141"></trkpt>
      <trkpt lat="66.344056" lon="14.316092"></trkpt>
      <trkpt lat="66.343973" lon="14.316075"></trkpt>
      <trkpt lat="66.343867" lon="14.315973"></trkpt>
      <trkpt lat="66.343778" lon="14.315879"></trkpt>
      <trkpt lat="66.343646" lon="14.315728"></trkpt>
      <trkpt lat="66.343485" lon="14.315523"></trkpt>
      <trkpt lat="66.343358" lon="14.315346"></trkpt>
      <trkpt lat="66.343204" lon="14.315109"></trkpt>
      <trkpt lat="66.343084" lon="14.314908"></trkpt>
      <trkpt lat="66.342985" lon="14.314731"></trkpt>
      <trkpt lat="66.342875" lon="14.314518"></trkpt>
      <trkpt lat="66.342742" lon="14.314240"></trkpt>
      <trkpt lat="66.342634" lon="14.313998"></trkpt>
      <trkpt lat="66.342562" lon="14.313826"></trkpt>
      <trkpt lat="66.342465" lon="14.313578"></trkpt>
      <trkpt lat="66.342371" lon="14.313321"></trkpt>
      <trkpt lat="66.342287" lon="14.313077"></trkpt>
      <trkpt lat="66.342153" lon="14.312651"></trkpt>
      <trkpt lat="66.342025" lon="14.312195"></trkpt>
      <trkpt lat="66.341917" lon="14.311773"></trkpt>
      <trkpt lat="66.341738" lon="14.311017"></trkpt>
      <trkpt lat="66.341191" lon="14.308641"></trkpt>
      <trkpt lat="66.340790" lon="14.306904"></trkpt>
      <trkpt lat="66.340358" lon="14.305009"></trkpt>
      <trkpt lat="66.340112" lon="14.303972"></trkpt>
      <trkpt lat="66.339931" lon="14.303271"></trkpt>
      <trkpt lat="66.339811" lon="14.302875"></trkpt>
      <trkpt lat="66.339649" lon="14.302436"></trkpt>
      <trkpt lat="66.339477" lon="14.302062"></trkpt>
      <trkpt lat="66.339431" lon="14.301969"></trkpt>
      <trkpt lat="66.339306" lon="14.301761"></trkpt>
      <trkpt lat="66.339218" lon="14.301632"></trkpt>
      <trkpt lat="66.339125" lon="14.301510"></trkpt>
      <trkpt lat="66.338996" lon="14.301359"></trkpt>
      <trkpt lat="66.338871" lon="14.301243"></trkpt>
      <trkpt lat="66.338718" lon="14.301120"></trkpt>
      <trkpt lat="66.338622" lon="14.301057"></trkpt>
      <trkpt lat="66.338497" lon="14.300983"></trkpt>
      <trkpt lat="66.338349" lon="14.300922"></trkpt>
      <trkpt lat="66.338217" lon="14.300888"></trkpt>
      <trkpt lat="66.338069" lon="14.300872"></trkpt>
      <trkpt lat="66.337893" lon="14.300879"></trkpt>
      <trkpt lat="66.337629" lon="14.300903"></trkpt>
      <trkpt lat="66.337483" lon="14.300908"></trkpt>
      <trkpt lat="66.337361" lon="14.300901"></trkpt>
      <trkpt lat="66.337242" lon="14.300889"></trkpt>
      <trkpt lat="66.337139" lon="14.300859"></trkpt>
      <trkpt lat="66.337041" lon="14.300816"></trkpt>
      <trkpt lat="66.336930" lon="14.300753"></trkpt>
      <trkpt lat="66.336810" lon="14.300671"></trkpt>
      <trkpt lat="66.336704" lon="14.300580"></trkpt>
      <trkpt lat="66.336586" lon="14.300455"></trkpt>
      <trkpt lat="66.336460" lon="14.300289"></trkpt>
      <trkpt lat="66.336342" lon="14.300106"></trkpt>
      <trkpt lat="66.336236" lon="14.299916"></trkpt>
      <trkpt lat="66.336122" lon="14.299666"></trkpt>
      <trkpt lat="66.336018" lon="14.299412"></trkpt>
      <trkpt lat="66.335904" lon="14.299086"></trkpt>
      <trkpt lat="66.335796" lon="14.298717"></trkpt>
      <trkpt lat="66.335710" lon="14.298386"></trkpt>
      <trkpt lat="66.335621" lon="14.297974"></trkpt>
      <trkpt lat="66.335546" lon="14.297572"></trkpt>
      <trkpt lat="66.335494" lon="14.297188"></trkpt>
      <trkpt lat="66.335454" lon="14.296804"></trkpt>
      <trkpt lat="66.335425" lon="14.296403"></trkpt>
      <trkpt lat="66.335410" lon="14.295981"></trkpt>
      <trkpt lat="66.335406" lon="14.295581"></trkpt>
      <trkpt lat="66.335415" lon="14.295023"></trkpt>
      <trkpt lat="66.335459" lon="14.294089"></trkpt>
      <trkpt lat="66.335500" lon="14.293355"></trkpt>
      <trkpt lat="66.335612" lon="14.291616"></trkpt>
      <trkpt lat="66.335685" lon="14.290495"></trkpt>
      <trkpt lat="66.335744" lon="14.289481"></trkpt>
      <trkpt lat="66.335797" lon="14.288311"></trkpt>
      <trkpt lat="66.335817" lon="14.287653"></trkpt>
      <trkpt lat="66.335824" lon="14.286957"></trkpt>
      <trkpt lat="66.335808" lon="14.286057"></trkpt>
      <trkpt lat="66.335760" lon="14.285048"></trkpt>
      <trkpt lat="66.335700" lon="14.284013"></trkpt>
      <trkpt lat="66.335432" lon="14.280134"></trkpt>
      <trkpt lat="66.335213" lon="14.276790"></trkpt>
      <trkpt lat="66.335114" lon="14.274996"></trkpt>
      <trkpt lat="66.335011" lon="14.273292"></trkpt>
      <trkpt lat="66.334932" lon="14.271597"></trkpt>
      <trkpt lat="66.334901" lon="14.271040"></trkpt>
      <trkpt lat="66.334877" lon="14.270669"></trkpt>
      <trkpt lat="66.334845" lon="14.270297"></trkpt>
      <trkpt lat="66.334802" lon="14.269929"></trkpt>
      <trkpt lat="66.334743" lon="14.269517"></trkpt>
      <trkpt lat="66.334669" lon="14.269124"></trkpt>
      <trkpt lat="66.334603" lon="14.268832"></trkpt>
      <trkpt lat="66.334518" lon="14.268502"></trkpt>
      <trkpt lat="66.334408" lon="14.268150"></trkpt>
      <trkpt lat="66.334311" lon="14.267893"></trkpt>
      <trkpt lat="66.334194" lon="14.267609"></trkpt>
      <trkpt lat="66.334075" lon="14.267363"></trkpt>
      <trkpt lat="66.333885" lon="14.267041"></trkpt>
      <trkpt lat="66.333692" lon="14.266782"></trkpt>
      <trkpt lat="66.333473" lon="14.266553"></trkpt>
      <trkpt lat="66.333236" lon="14.266377"></trkpt>
      <trkpt lat="66.333066" lon="14.266302"></trkpt>
      <trkpt lat="66.332080" lon="14.265994"></trkpt>
      <trkpt lat="66.331814" lon="14.265876"></trkpt>
      <trkpt lat="66.331548" lon="14.265727"></trkpt>
      <trkpt lat="66.330930" lon="14.265325"></trkpt>
      <trkpt lat="66.330607" lon="14.265108"></trkpt>
      <trkpt lat="66.330243" lon="14.264869"></trkpt>
      <trkpt lat="66.329898" lon="14.264641"></trkpt>
      <trkpt lat="66.329536" lon="14.264363"></trkpt>
      <trkpt lat="66.329168" lon="14.264048"></trkpt>
      <trkpt lat="66.328883" lon="14.263734"></trkpt>
      <trkpt lat="66.328647" lon="14.263428"></trkpt>
      <trkpt lat="66.328332" lon="14.262964"></trkpt>
      <trkpt lat="66.327919" lon="14.262331"></trkpt>
      <trkpt lat="66.327183" lon="14.261203"></trkpt>
      <trkpt lat="66.326230" lon="14.259735"></trkpt>
      <trkpt lat="66.326009" lon="14.259394"></trkpt>
      <trkpt lat="66.325620" lon="14.258706"></trkpt>
      <trkpt lat="66.325256" lon="14.257971"></trkpt>
      <trkpt lat="66.324745" lon="14.256855"></trkpt>
      <trkpt lat="66.324333" lon="14.256044"></trkpt>
      <trkpt lat="66.324062" lon="14.255590"></trkpt>
      <trkpt lat="66.323523" lon="14.254745"></trkpt>
      <trkpt lat="66.322892" lon="14.253779"></trkpt>
      <trkpt lat="66.322628" lon="14.253302"></trkpt>
      <trkpt lat="66.322401" lon="14.252785"></trkpt>
      <trkpt lat="66.322226" lon="14.252302"></trkpt>
      <trkpt lat="66.322060" lon="14.251753"></trkpt>
      <trkpt lat="66.321936" lon="14.251189"></trkpt>
      <trkpt lat="66.321833" lon="14.250606"></trkpt>
      <trkpt lat="66.321781" lon="14.250241"></trkpt>
      <trkpt lat="66.321738" lon="14.249871"></trkpt>
      <trkpt lat="66.321708" lon="14.249485"></trkpt>
      <trkpt lat="66.321687" lon="14.249109"></trkpt>
      <trkpt lat="66.321677" lon="14.248667"></trkpt>
      <trkpt lat="66.321675" lon="14.248229"></trkpt>
      <trkpt lat="66.321693" lon="14.247670"></trkpt>
      <trkpt lat="66.321718" lon="14.247191"></trkpt>
      <trkpt lat="66.321754" lon="14.246717"></trkpt>
      <trkpt lat="66.321840" lon="14.246012"></trkpt>
      <trkpt lat="66.321900" lon="14.245631"></trkpt>
      <trkpt lat="66.322015" lon="14.245035"></trkpt>
      <trkpt lat="66.322132" lon="14.244571"></trkpt>
      <trkpt lat="66.322252" lon="14.244129"></trkpt>
      <trkpt lat="66.322496" lon="14.243327"></trkpt>
      <trkpt lat="66.322662" lon="14.242793"></trkpt>
      <trkpt lat="66.322771" lon="14.242417"></trkpt>
      <trkpt lat="66.322788" lon="14.242364"></trkpt>
      <trkpt lat="66.322906" lon="14.241938"></trkpt>
      <trkpt lat="66.323023" lon="14.241533"></trkpt>
      <trkpt lat="66.323180" lon="14.240938"></trkpt>
      <trkpt lat="66.323308" lon="14.240448"></trkpt>
      <trkpt lat="66.323495" lon="14.239590"></trkpt>
      <trkpt lat="66.323584" lon="14.239148"></trkpt>
      <trkpt lat="66.323672" lon="14.238647"></trkpt>
      <trkpt lat="66.323690" lon="14.238537"></trkpt>
      <trkpt lat="66.323813" lon="14.237768"></trkpt>
      <trkpt lat="66.323956" lon="14.236913"></trkpt>
      <trkpt lat="66.324148" lon="14.235774"></trkpt>
      <trkpt lat="66.324260" lon="14.235112"></trkpt>
      <trkpt lat="66.324377" lon="14.234396"></trkpt>
      <trkpt lat="66.324513" lon="14.233553"></trkpt>
      <trkpt lat="66.324657" lon="14.232696"></trkpt>
      <trkpt lat="66.324796" lon="14.231855"></trkpt>
      <trkpt lat="66.325027" lon="14.230436"></trkpt>
      <trkpt lat="66.325098" lon="14.229937"></trkpt>
      <trkpt lat="66.325142" lon="14.229453"></trkpt>
      <trkpt lat="66.325168" lon="14.228970"></trkpt>
      <trkpt lat="66.325173" lon="14.228572"></trkpt>
      <trkpt lat="66.325165" lon="14.227896"></trkpt>
      <trkpt lat="66.325150" lon="14.226214"></trkpt>
      <trkpt lat="66.325153" lon="14.225824"></trkpt>
      <trkpt lat="66.325158" lon="14.225352"></trkpt>
      <trkpt lat="66.325173" lon="14.224887"></trkpt>
      <trkpt lat="66.325200" lon="14.224395"></trkpt>
      <trkpt lat="66.325294" lon="14.222765"></trkpt>
      <trkpt lat="66.325397" lon="14.221134"></trkpt>
      <trkpt lat="66.325439" lon="14.220415"></trkpt>
      <trkpt lat="66.325497" lon="14.219380"></trkpt>
      <trkpt lat="66.325515" lon="14.218800"></trkpt>
      <trkpt lat="66.325522" lon="14.217971"></trkpt>
      <trkpt lat="66.325517" lon="14.217407"></trkpt>
      <trkpt lat="66.325496" lon="14.216603"></trkpt>
      <trkpt lat="66.325479" lon="14.215934"></trkpt>
      <trkpt lat="66.325449" lon="14.214830"></trkpt>
      <trkpt lat="66.325417" lon="14.213379"></trkpt>
      <trkpt lat="66.325407" lon="14.212466"></trkpt>
      <trkpt lat="66.325425" lon="14.207011"></trkpt>
      <trkpt lat="66.325438" lon="14.206373"></trkpt>
      <trkpt lat="66.325459" lon="14.205647"></trkpt>
      <trkpt lat="66.325555" lon="14.203370"></trkpt>
      <trkpt lat="66.325647" lon="14.201743"></trkpt>
      <trkpt lat="66.325741" lon="14.199979"></trkpt>
      <trkpt lat="66.325778" lon="14.199212"></trkpt>
      <trkpt lat="66.325793" lon="14.198517"></trkpt>
      <trkpt lat="66.325804" lon="14.197758"></trkpt>
      <trkpt lat="66.325803" lon="14.197389"></trkpt>
      <trkpt lat="66.325796" lon="14.196489"></trkpt>
      <trkpt lat="66.325786" lon="14.196013"></trkpt>
      <trkpt lat="66.325768" lon="14.195578"></trkpt>
      <trkpt lat="66.325741" lon="14.195176"></trkpt>
      <trkpt lat="66.325710" lon="14.194842"></trkpt>
      <trkpt lat="66.325690" lon="14.194652"></trkpt>
      <trkpt lat="66.325653" lon="14.194351"></trkpt>
      <trkpt lat="66.325623" lon="14.194121"></trkpt>
      <trkpt lat="66.325582" lon="14.193796"></trkpt>
      <trkpt lat="66.325540" lon="14.193520"></trkpt>
      <trkpt lat="66.325146" lon="14.191044"></trkpt>
      <trkpt lat="66.325071" lon="14.190554"></trkpt>
      <trkpt lat="66.325061" lon="14.190463"></trkpt>
      <trkpt lat="66.325038" lon="14.190308"></trkpt>
      <trkpt lat="66.324942" lon="14.189707"></trkpt>
      <trkpt lat="66.324908" lon="14.189498"></trkpt>
      <trkpt lat="66.324863" lon="14.189207"></trkpt>
      <trkpt lat="66.324607" lon="14.187471"></trkpt>
      <trkpt lat="66.324356" lon="14.185709"></trkpt>
      <trkpt lat="66.324177" lon="14.184399"></trkpt>
      <trkpt lat="66.324054" lon="14.183485"></trkpt>
      <trkpt lat="66.323908" lon="14.182345"></trkpt>
      <trkpt lat="66.323863" lon="14.181932"></trkpt>
      <trkpt lat="66.323838" lon="14.181647"></trkpt>
      <trkpt lat="66.323818" lon="14.181367"></trkpt>
      <trkpt lat="66.323798" lon="14.180977"></trkpt>
      <trkpt lat="66.323785" lon="14.180576"></trkpt>
      <trkpt lat="66.323782" lon="14.180232"></trkpt>
      <trkpt lat="66.323783" lon="14.179888"></trkpt>
      <trkpt lat="66.323788" lon="14.179653"></trkpt>
      <trkpt lat="66.323802" lon="14.179278"></trkpt>
      <trkpt lat="66.323819" lon="14.178905"></trkpt>
      <trkpt lat="66.323852" lon="14.178298"></trkpt>
      <trkpt lat="66.323892" lon="14.177620"></trkpt>
      <trkpt lat="66.323912" lon="14.177161"></trkpt>
      <trkpt lat="66.323967" lon="14.176758"></trkpt>
      <trkpt lat="66.323985" lon="14.176600"></trkpt>
      <trkpt lat="66.324022" lon="14.176364"></trkpt>
      <trkpt lat="66.324048" lon="14.176193"></trkpt>
      <trkpt lat="66.324057" lon="14.176176"></trkpt>
      <trkpt lat="66.324076" lon="14.176123"></trkpt>
      <trkpt lat="66.324088" lon="14.176058"></trkpt>
      <trkpt lat="66.324093" lon="14.175988"></trkpt>
      <trkpt lat="66.324089" lon="14.175917"></trkpt>
      <trkpt lat="66.324077" lon="14.175852"></trkpt>
      <trkpt lat="66.324059" lon="14.175798"></trkpt>
      <trkpt lat="66.324035" lon="14.175760"></trkpt>
      <trkpt lat="66.324006" lon="14.175739"></trkpt>
      <trkpt lat="66.323886" lon="14.175613"></trkpt>
      <trkpt lat="66.323807" lon="14.175498"></trkpt>
      <trkpt lat="66.323743" lon="14.175445"></trkpt>
      <trkpt lat="66.323633" lon="14.175340"></trkpt>
      <trkpt lat="66.323591" lon="14.175301"></trkpt>
      <trkpt lat="66.323550" lon="14.175267"></trkpt>
      <trkpt lat="66.323512" lon="14.175238"></trkpt>
      <trkpt lat="66.322275" lon="14.174348"></trkpt>
      <trkpt lat="66.322202" lon="14.174230"></trkpt>
      <trkpt lat="66.322102" lon="14.174081"></trkpt>
      <trkpt lat="66.322050" lon="14.174000"></trkpt>
      <trkpt lat="66.322042" lon="14.173947"></trkpt>
      <trkpt lat="66.322029" lon="14.173901"></trkpt>
      <trkpt lat="66.322012" lon="14.173864"></trkpt>
      <trkpt lat="66.321992" lon="14.173839"></trkpt>
      <trkpt lat="66.321970" lon="14.173827"></trkpt>
      <trkpt lat="66.321947" lon="14.173830"></trkpt>
      <trkpt lat="66.321936" lon="14.173838"></trkpt>
      <trkpt lat="66.321926" lon="14.173846"></trkpt>
      <trkpt lat="66.321829" lon="14.173813"></trkpt>
      <trkpt lat="66.321757" lon="14.173793"></trkpt>
      <trkpt lat="66.321724" lon="14.173785"></trkpt>
      <trkpt lat="66.321592" lon="14.173779"></trkpt>
      <trkpt lat="66.321562" lon="14.173778"></trkpt>
      <trkpt lat="66.321467" lon="14.173727"></trkpt>
      <trkpt lat="66.321222" lon="14.173580"></trkpt>
      <trkpt lat="66.321111" lon="14.173506"></trkpt>
      <trkpt lat="66.320995" lon="14.173412"></trkpt>
      <trkpt lat="66.320899" lon="14.173310"></trkpt>
      <trkpt lat="66.320811" lon="14.173194"></trkpt>
      <trkpt lat="66.320698" lon="14.173009"></trkpt>
      <trkpt lat="66.320663" lon="14.172943"></trkpt>
      <trkpt lat="66.320600" lon="14.172807"></trkpt>
      <trkpt lat="66.320541" lon="14.172654"></trkpt>
      <trkpt lat="66.320514" lon="14.172575"></trkpt>
      <trkpt lat="66.320486" lon="14.172399"></trkpt>
      <trkpt lat="66.320400" lon="14.171967"></trkpt>
      <trkpt lat="66.320349" lon="14.171591"></trkpt>
      <trkpt lat="66.320322" lon="14.171353"></trkpt>
      <trkpt lat="66.320325" lon="14.171304"></trkpt>
      <trkpt lat="66.320325" lon="14.171222"></trkpt>
      <trkpt lat="66.320317" lon="14.171126"></trkpt>
      <trkpt lat="66.320299" lon="14.171038"></trkpt>
      <trkpt lat="66.320272" lon="14.170965"></trkpt>
      <trkpt lat="66.320239" lon="14.170910"></trkpt>
      <trkpt lat="66.320221" lon="14.170891"></trkpt>
      <trkpt lat="66.320202" lon="14.170878"></trkpt>
      <trkpt lat="66.320162" lon="14.170870"></trkpt>
      <trkpt lat="66.320142" lon="14.170875"></trkpt>
      <trkpt lat="66.320105" lon="14.170904"></trkpt>
      <trkpt lat="66.320052" lon="14.170818"></trkpt>
      <trkpt lat="66.319980" lon="14.170699"></trkpt>
      <trkpt lat="66.319937" lon="14.170600"></trkpt>
      <trkpt lat="66.319865" lon="14.170421"></trkpt>
      <trkpt lat="66.319813" lon="14.170305"></trkpt>
      <trkpt lat="66.319747" lon="14.170171"></trkpt>
      <trkpt lat="66.319649" lon="14.169995"></trkpt>
      <trkpt lat="66.319549" lon="14.169836"></trkpt>
      <trkpt lat="66.319333" lon="14.169544"></trkpt>
      <trkpt lat="66.319182" lon="14.169416"></trkpt>
      <trkpt lat="66.319097" lon="14.169332"></trkpt>
      <trkpt lat="66.319001" lon="14.169253"></trkpt>
      <trkpt lat="66.318921" lon="14.169200"></trkpt>
      <trkpt lat="66.318799" lon="14.169138"></trkpt>
      <trkpt lat="66.318716" lon="14.169122"></trkpt>
      <trkpt lat="66.318574" lon="14.169113"></trkpt>
      <trkpt lat="66.318466" lon="14.169122"></trkpt>
      <trkpt lat="66.318111" lon="14.169179"></trkpt>
      <trkpt lat="66.317983" lon="14.169180"></trkpt>
      <trkpt lat="66.317838" lon="14.169153"></trkpt>
      <trkpt lat="66.317759" lon="14.169118"></trkpt>
      <trkpt lat="66.317700" lon="14.169088"></trkpt>
      <trkpt lat="66.317693" lon="14.169083"></trkpt>
      <trkpt lat="66.317460" lon="14.168834"></trkpt>
      <trkpt lat="66.317363" lon="14.168747"></trkpt>
      <trkpt lat="66.317253" lon="14.168646"></trkpt>
      <trkpt lat="66.317083" lon="14.168489"></trkpt>
      <trkpt lat="66.316952" lon="14.168370"></trkpt>
      <trkpt lat="66.316546" lon="14.168045"></trkpt>
      <trkpt lat="66.316429" lon="14.167946"></trkpt>
      <trkpt lat="66.316333" lon="14.167872"></trkpt>
      <trkpt lat="66.315844" lon="14.167487"></trkpt>
      <trkpt lat="66.315785" lon="14.167438"></trkpt>
      <trkpt lat="66.315469" lon="14.167212"></trkpt>
      <trkpt lat="66.315260" lon="14.166994"></trkpt>
      <trkpt lat="66.315079" lon="14.166772"></trkpt>
      <trkpt lat="66.314933" lon="14.166552"></trkpt>
      <trkpt lat="66.314813" lon="14.166335"></trkpt>
      <trkpt lat="66.314710" lon="14.166106"></trkpt>
      <trkpt lat="66.314616" lon="14.165851"></trkpt>
      <trkpt lat="66.314527" lon="14.165535"></trkpt>
      <trkpt lat="66.314463" lon="14.165273"></trkpt>
      <trkpt lat="66.314405" lon="14.164963"></trkpt>
      <trkpt lat="66.314360" lon="14.164634"></trkpt>
      <trkpt lat="66.314329" lon="14.164296"></trkpt>
      <trkpt lat="66.314313" lon="14.163953"></trkpt>
      <trkpt lat="66.314310" lon="14.163688"></trkpt>
      <trkpt lat="66.314316" lon="14.163409"></trkpt>
      <trkpt lat="66.314336" lon="14.162966"></trkpt>
      <trkpt lat="66.314425" lon="14.161817"></trkpt>
      <trkpt lat="66.314444" lon="14.161568"></trkpt>
      <trkpt lat="66.314460" lon="14.161362"></trkpt>
      <trkpt lat="66.314475" lon="14.161185"></trkpt>
      <trkpt lat="66.314524" lon="14.160710"></trkpt>
      <trkpt lat="66.314536" lon="14.160579"></trkpt>
      <trkpt lat="66.314545" lon="14.160366"></trkpt>
      <trkpt lat="66.314547" lon="14.160090"></trkpt>
      <trkpt lat="66.314552" lon="14.159927"></trkpt>
      <trkpt lat="66.314560" lon="14.159896"></trkpt>
      <trkpt lat="66.314656" lon="14.159686"></trkpt>
      <trkpt lat="66.314718" lon="14.159566"></trkpt>
      <trkpt lat="66.314767" lon="14.159471"></trkpt>
      <trkpt lat="66.314849" lon="14.159192"></trkpt>
      <trkpt lat="66.314900" lon="14.159059"></trkpt>
      <trkpt lat="66.314937" lon="14.158915"></trkpt>
      <trkpt lat="66.314996" lon="14.158607"></trkpt>
      <trkpt lat="66.315093" lon="14.158207"></trkpt>
      <trkpt lat="66.315200" lon="14.157922"></trkpt>
      <trkpt lat="66.315312" lon="14.157691"></trkpt>
      <trkpt lat="66.315557" lon="14.157281"></trkpt>
      <trkpt lat="66.315593" lon="14.157200"></trkpt>
      <trkpt lat="66.315603" lon="14.157177"></trkpt>
      <trkpt lat="66.315636" lon="14.157102"></trkpt>
      <trkpt lat="66.315668" lon="14.157050"></trkpt>
      <trkpt lat="66.315695" lon="14.156962"></trkpt>
      <trkpt lat="66.315776" lon="14.156589"></trkpt>
      <trkpt lat="66.315792" lon="14.156558"></trkpt>
      <trkpt lat="66.315804" lon="14.156520"></trkpt>
      <trkpt lat="66.315816" lon="14.156449"></trkpt>
      <trkpt lat="66.315818" lon="14.156372"></trkpt>
      <trkpt lat="66.315809" lon="14.156297"></trkpt>
      <trkpt lat="66.315791" lon="14.156235"></trkpt>
      <trkpt lat="66.315765" lon="14.156193"></trkpt>
      <trkpt lat="66.315736" lon="14.156174"></trkpt>
      <trkpt lat="66.315696" lon="14.156036"></trkpt>
      <trkpt lat="66.315609" lon="14.155823"></trkpt>
      <trkpt lat="66.315542" lon="14.155738"></trkpt>
      <trkpt lat="66.315273" lon="14.155251"></trkpt>
      <trkpt lat="66.314944" lon="14.154618"></trkpt>
      <trkpt lat="66.314857" lon="14.154441"></trkpt>
      <trkpt lat="66.314792" lon="14.154310"></trkpt>
      <trkpt lat="66.314627" lon="14.153983"></trkpt>
      <trkpt lat="66.314368" lon="14.153505"></trkpt>
      <trkpt lat="66.313108" lon="14.151400"></trkpt>
      <trkpt lat="66.312970" lon="14.151158"></trkpt>
      <trkpt lat="66.312855" lon="14.150955"></trkpt>
      <trkpt lat="66.312788" lon="14.150801"></trkpt>
      <trkpt lat="66.312757" lon="14.150720"></trkpt>
      <trkpt lat="66.312730" lon="14.150648"></trkpt>
      <trkpt lat="66.312494" lon="14.149676"></trkpt>
      <trkpt lat="66.312393" lon="14.149204"></trkpt>
      <trkpt lat="66.312303" lon="14.148809"></trkpt>
      <trkpt lat="66.312303" lon="14.148722"></trkpt>
      <trkpt lat="66.312220" lon="14.148334"></trkpt>
      <trkpt lat="66.312209" lon="14.148092"></trkpt>
      <trkpt lat="66.312219" lon="14.147964"></trkpt>
      <trkpt lat="66.312285" lon="14.147691"></trkpt>
      <trkpt lat="66.312356" lon="14.147503"></trkpt>
      <trkpt lat="66.312418" lon="14.147225"></trkpt>
      <trkpt lat="66.312474" lon="14.146593"></trkpt>
      <trkpt lat="66.312504" lon="14.146319"></trkpt>
      <trkpt lat="66.312554" lon="14.145963"></trkpt>
      <trkpt lat="66.312667" lon="14.145373"></trkpt>
      <trkpt lat="66.312756" lon="14.144913"></trkpt>
      <trkpt lat="66.312797" lon="14.144660"></trkpt>
      <trkpt lat="66.312828" lon="14.144449"></trkpt>
      <trkpt lat="66.312861" lon="14.144132"></trkpt>
      <trkpt lat="66.312913" lon="14.143550"></trkpt>
      <trkpt lat="66.312960" lon="14.142966"></trkpt>
      <trkpt lat="66.312747" lon="14.142851"></trkpt>
      <trkpt lat="66.312580" lon="14.142741"></trkpt>
    </trkseg>
  </trk>
</gpx>