<?xml version="1.0" encoding="UTF-8"?>
<gpx version="1.1" creator="Rana Sykkelklubb - https://ranasykkelklubb.no" xmlns="http://www.topografix.com/GPX/1/1" xmlns:xsi="http://www.w3.org/2001/XMLSchema-instance" xsi:schemaLocation="http://www.topografix.com/GPX/1/1 http://www.topografix.com/GPX/1/1/gpx.xsd">
  <metadata>
    <name>Sjona Rundt (Klassikeren)</name>
    <desc>Sjona Rundt (Klassikeren)</desc>
    <author>
      <name>Rana Sykkelklubb</name>
    </author>
  </metadata>
  <wpt lat="66.312500" lon="14.142800">
    <name>Start: Mo i Rana</name>
    <desc>Start ved sentrum / RSK-klubblokale.</desc>
  </wpt>
  <wpt lat="66.274100" lon="13.912500">
    <name>Utsikten Rasteplass</name>
    <desc>Toppen av klatringen med mektig utsikt over Ranfjorden.</desc>
  </wpt>
  <wpt lat="66.301500" lon="13.561200">
    <name>Sjona Fjordkro</name>
    <desc>Populært kaffestopp for syklister.</desc>
  </wpt>
  <trk>
    <name>Sjona Rundt (Klassikeren)</name>
    <trkseg>
      <trkpt lat="66.312580" lon="14.142741"></trkpt>
      <trkpt lat="66.312747" lon="14.142851"></trkpt>
      <trkpt lat="66.312960" lon="14.142966"></trkpt>
      <trkpt lat="66.313066" lon="14.141765"></trkpt>
      <trkpt lat="66.313147" lon="14.140843"></trkpt>
      <trkpt lat="66.313173" lon="14.140450"></trkpt>
      <trkpt lat="66.313184" lon="14.140177"></trkpt>
      <trkpt lat="66.313182" lon="14.139936"></trkpt>
      <trkpt lat="66.313177" lon="14.139643"></trkpt>
      <trkpt lat="66.313162" lon="14.139311"></trkpt>
      <trkpt lat="66.313061" lon="14.137874"></trkpt>
      <trkpt lat="66.312941" lon="14.136239"></trkpt>
      <trkpt lat="66.312916" lon="14.135995"></trkpt>
      <trkpt lat="66.312875" lon="14.135660"></trkpt>
      <trkpt lat="66.312782" lon="14.135035"></trkpt>
      <trkpt lat="66.312695" lon="14.134453"></trkpt>
      <trkpt lat="66.312656" lon="14.134146"></trkpt>
      <trkpt lat="66.312634" lon="14.133802"></trkpt>
      <trkpt lat="66.312606" lon="14.133395"></trkpt>
      <trkpt lat="66.312578" lon="14.132986"></trkpt>
      <trkpt lat="66.312552" lon="14.132745"></trkpt>
      <trkpt lat="66.312545" lon="14.132639"></trkpt>
      <trkpt lat="66.312526" lon="14.132534"></trkpt>
      <trkpt lat="66.312490" lon="14.132378"></trkpt>
      <trkpt lat="66.312488" lon="14.132328"></trkpt>
      <trkpt lat="66.312556" lon="14.132150"></trkpt>
      <trkpt lat="66.312661" lon="14.131950"></trkpt>
      <trkpt lat="66.312677" lon="14.131940"></trkpt>
      <trkpt lat="66.312897" lon="14.131848"></trkpt>
      <trkpt lat="66.314789" lon="14.131012"></trkpt>
      <trkpt lat="66.315033" lon="14.130928"></trkpt>
      <trkpt lat="66.315180" lon="14.130906"></trkpt>
      <trkpt lat="66.315307" lon="14.130907"></trkpt>
      <trkpt lat="66.315446" lon="14.130931"></trkpt>
      <trkpt lat="66.315506" lon="14.130951"></trkpt>
      <trkpt lat="66.315577" lon="14.130998"></trkpt>
      <trkpt lat="66.315658" lon="14.131072"></trkpt>
      <trkpt lat="66.315747" lon="14.131209"></trkpt>
      <trkpt lat="66.315814" lon="14.131348"></trkpt>
      <trkpt lat="66.315898" lon="14.131515"></trkpt>
      <trkpt lat="66.315954" lon="14.131592"></trkpt>
      <trkpt lat="66.316034" lon="14.131663"></trkpt>
      <trkpt lat="66.316097" lon="14.131785"></trkpt>
      <trkpt lat="66.316131" lon="14.131829"></trkpt>
      <trkpt lat="66.316211" lon="14.131933"></trkpt>
      <trkpt lat="66.316263" lon="14.131983"></trkpt>
      <trkpt lat="66.316278" lon="14.132042"></trkpt>
      <trkpt lat="66.316295" lon="14.132079"></trkpt>
      <trkpt lat="66.316314" lon="14.132106"></trkpt>
      <trkpt lat="66.316335" lon="14.132121"></trkpt>
      <trkpt lat="66.316359" lon="14.132124"></trkpt>
      <trkpt lat="66.316382" lon="14.132112"></trkpt>
      <trkpt lat="66.316403" lon="14.132086"></trkpt>
      <trkpt lat="66.316502" lon="14.132086"></trkpt>
      <trkpt lat="66.316707" lon="14.132146"></trkpt>
      <trkpt lat="66.316883" lon="14.132337"></trkpt>
      <trkpt lat="66.316915" lon="14.132381"></trkpt>
      <trkpt lat="66.317047" lon="14.132600"></trkpt>
      <trkpt lat="66.317164" lon="14.132827"></trkpt>
      <trkpt lat="66.317277" lon="14.133082"></trkpt>
      <trkpt lat="66.317349" lon="14.133270"></trkpt>
      <trkpt lat="66.317419" lon="14.133473"></trkpt>
      <trkpt lat="66.317494" lon="14.133721"></trkpt>
      <trkpt lat="66.317560" lon="14.133962"></trkpt>
      <trkpt lat="66.317615" lon="14.134191"></trkpt>
      <trkpt lat="66.317664" lon="14.134421"></trkpt>
      <trkpt lat="66.317755" lon="14.134899"></trkpt>
      <trkpt lat="66.317795" lon="14.135142"></trkpt>
      <trkpt lat="66.317830" lon="14.135373"></trkpt>
      <trkpt lat="66.317898" lon="14.135897"></trkpt>
      <trkpt lat="66.317926" lon="14.136145"></trkpt>
      <trkpt lat="66.317977" lon="14.136684"></trkpt>
      <trkpt lat="66.317993" lon="14.137200"></trkpt>
      <trkpt lat="66.318054" lon="14.138343"></trkpt>
      <trkpt lat="66.318096" lon="14.138896"></trkpt>
      <trkpt lat="66.318116" lon="14.139137"></trkpt>
      <trkpt lat="66.318129" lon="14.139296"></trkpt>
      <trkpt lat="66.318238" lon="14.140611"></trkpt>
      <trkpt lat="66.318357" lon="14.142120"></trkpt>
      <trkpt lat="66.318383" lon="14.142472"></trkpt>
      <trkpt lat="66.318427" lon="14.143148"></trkpt>
      <trkpt lat="66.318458" lon="14.143775"></trkpt>
      <trkpt lat="66.318483" lon="14.144469"></trkpt>
      <trkpt lat="66.318495" lon="14.144896"></trkpt>
      <trkpt lat="66.318502" lon="14.145205"></trkpt>
      <trkpt lat="66.318505" lon="14.145529"></trkpt>
      <trkpt lat="66.318506" lon="14.145707"></trkpt>
      <trkpt lat="66.318507" lon="14.145789"></trkpt>
      <trkpt lat="66.318508" lon="14.146677"></trkpt>
      <trkpt lat="66.318487" lon="14.148074"></trkpt>
      <trkpt lat="66.318486" lon="14.148360"></trkpt>
      <trkpt lat="66.318485" lon="14.148417"></trkpt>
      <trkpt lat="66.318483" lon="14.148519"></trkpt>
      <trkpt lat="66.318457" lon="14.148872"></trkpt>
      <trkpt lat="66.318445" lon="14.148890"></trkpt>
      <trkpt lat="66.318413" lon="14.149008"></trkpt>
      <trkpt lat="66.318403" lon="14.149174"></trkpt>
      <trkpt lat="66.318421" lon="14.149318"></trkpt>
      <trkpt lat="66.318495" lon="14.149826"></trkpt>
      <trkpt lat="66.318499" lon="14.149872"></trkpt>
      <trkpt lat="66.318503" lon="14.149913"></trkpt>
      <trkpt lat="66.318519" lon="14.150332"></trkpt>
      <trkpt lat="66.318545" lon="14.150524"></trkpt>
      <trkpt lat="66.318568" lon="14.150839"></trkpt>
      <trkpt lat="66.318600" lon="14.151138"></trkpt>
      <trkpt lat="66.318612" lon="14.151256"></trkpt>
      <trkpt lat="66.318635" lon="14.151416"></trkpt>
      <trkpt lat="66.318680" lon="14.151698"></trkpt>
      <trkpt lat="66.318764" lon="14.152140"></trkpt>
      <trkpt lat="66.318853" lon="14.152524"></trkpt>
      <trkpt lat="66.318930" lon="14.152821"></trkpt>
      <trkpt lat="66.318972" lon="14.152968"></trkpt>
      <trkpt lat="66.319105" lon="14.153354"></trkpt>
      <trkpt lat="66.319213" lon="14.153636"></trkpt>
      <trkpt lat="66.319282" lon="14.153799"></trkpt>
      <trkpt lat="66.319344" lon="14.153930"></trkpt>
      <trkpt lat="66.319496" lon="14.154210"></trkpt>
      <trkpt lat="66.319647" lon="14.154442"></trkpt>
      <trkpt lat="66.319747" lon="14.154582"></trkpt>
      <trkpt lat="66.319926" lon="14.154804"></trkpt>
      <trkpt lat="66.320192" lon="14.155096"></trkpt>
      <trkpt lat="66.320675" lon="14.155603"></trkpt>
      <trkpt lat="66.321120" lon="14.156057"></trkpt>
      <trkpt lat="66.321544" lon="14.156483"></trkpt>
      <trkpt lat="66.321734" lon="14.156656"></trkpt>
      <trkpt lat="66.321982" lon="14.156889"></trkpt>
      <trkpt lat="66.322387" lon="14.157234"></trkpt>
      <trkpt lat="66.322799" lon="14.157548"></trkpt>
      <trkpt lat="66.323002" lon="14.157686"></trkpt>
      <trkpt lat="66.323191" lon="14.157803"></trkpt>
      <trkpt lat="66.323333" lon="14.157878"></trkpt>
      <trkpt lat="66.323479" lon="14.157921"></trkpt>
      <trkpt lat="66.323637" lon="14.157935"></trkpt>
      <trkpt lat="66.323906" lon="14.157918"></trkpt>
      <trkpt lat="66.323991" lon="14.157920"></trkpt>
      <trkpt lat="66.324046" lon="14.157928"></trkpt>
      <trkpt lat="66.324126" lon="14.158078"></trkpt>
      <trkpt lat="66.324179" lon="14.158134"></trkpt>
      <trkpt lat="66.324315" lon="14.158305"></trkpt>
      <trkpt lat="66.324334" lon="14.158370"></trkpt>
      <trkpt lat="66.324359" lon="14.158422"></trkpt>
      <trkpt lat="66.324404" lon="14.158466"></trkpt>
      <trkpt lat="66.324421" lon="14.158471"></trkpt>
      <trkpt lat="66.324453" lon="14.158466"></trkpt>
      <trkpt lat="66.324469" lon="14.158456"></trkpt>
      <trkpt lat="66.324498" lon="14.158421"></trkpt>
      <trkpt lat="66.324511" lon="14.158397"></trkpt>
      <trkpt lat="66.324523" lon="14.158369"></trkpt>
      <trkpt lat="66.324585" lon="14.158427"></trkpt>
      <trkpt lat="66.324788" lon="14.158547"></trkpt>
      <trkpt lat="66.324934" lon="14.158616"></trkpt>
      <trkpt lat="66.324969" lon="14.158615"></trkpt>
      <trkpt lat="66.325003" lon="14.158587"></trkpt>
      <trkpt lat="66.325008" lon="14.158589"></trkpt>
      <trkpt lat="66.325355" lon="14.158712"></trkpt>
      <trkpt lat="66.325788" lon="14.158831"></trkpt>
      <trkpt lat="66.326143" lon="14.158913"></trkpt>
      <trkpt lat="66.326357" lon="14.158911"></trkpt>
      <trkpt lat="66.326467" lon="14.158900"></trkpt>
      <trkpt lat="66.326575" lon="14.158877"></trkpt>
      <trkpt lat="66.326619" lon="14.158871"></trkpt>
      <trkpt lat="66.326662" lon="14.158862"></trkpt>
      <trkpt lat="66.327091" lon="14.158774"></trkpt>
      <trkpt lat="66.327584" lon="14.158793"></trkpt>
      <trkpt lat="66.327772" lon="14.158932"></trkpt>
      <trkpt lat="66.327898" lon="14.159016"></trkpt>
      <trkpt lat="66.327957" lon="14.159048"></trkpt>
      <trkpt lat="66.327963" lon="14.159145"></trkpt>
      <trkpt lat="66.327980" lon="14.159233"></trkpt>
      <trkpt lat="66.328006" lon="14.159308"></trkpt>
      <trkpt lat="66.328039" lon="14.159364"></trkpt>
      <trkpt lat="66.328076" lon="14.159395"></trkpt>
      <trkpt lat="66.328116" lon="14.159400"></trkpt>
      <trkpt lat="66.328163" lon="14.159370"></trkpt>
      <trkpt lat="66.328203" lon="14.159304"></trkpt>
      <trkpt lat="66.328388" lon="14.159365"></trkpt>
      <trkpt lat="66.328628" lon="14.159530"></trkpt>
      <trkpt lat="66.328846" lon="14.159816"></trkpt>
      <trkpt lat="66.329053" lon="14.160154"></trkpt>
      <trkpt lat="66.329234" lon="14.160493"></trkpt>
      <trkpt lat="66.329376" lon="14.160820"></trkpt>
      <trkpt lat="66.329461" lon="14.161040"></trkpt>
      <trkpt lat="66.329466" lon="14.161053"></trkpt>
      <trkpt lat="66.329528" lon="14.161222"></trkpt>
      <trkpt lat="66.329599" lon="14.161434"></trkpt>
      <trkpt lat="66.329694" lon="14.161752"></trkpt>
      <trkpt lat="66.329753" lon="14.161968"></trkpt>
      <trkpt lat="66.329825" lon="14.162258"></trkpt>
      <trkpt lat="66.329964" lon="14.162857"></trkpt>
      <trkpt lat="66.330125" lon="14.163529"></trkpt>
      <trkpt lat="66.330199" lon="14.163818"></trkpt>
      <trkpt lat="66.330313" lon="14.164236"></trkpt>
      <trkpt lat="66.330424" lon="14.164605"></trkpt>
      <trkpt lat="66.330551" lon="14.164996"></trkpt>
      <trkpt lat="66.330642" lon="14.165254"></trkpt>
      <trkpt lat="66.330766" lon="14.165578"></trkpt>
      <trkpt lat="66.330851" lon="14.165789"></trkpt>
      <trkpt lat="66.331037" lon="14.166206"></trkpt>
      <trkpt lat="66.331127" lon="14.166394"></trkpt>
      <trkpt lat="66.331233" lon="14.166599"></trkpt>
      <trkpt lat="66.331422" lon="14.166929"></trkpt>
      <trkpt lat="66.331458" lon="14.166988"></trkpt>
      <trkpt lat="66.331568" lon="14.167166"></trkpt>
      <trkpt lat="66.331619" lon="14.167246"></trkpt>
      <trkpt lat="66.331767" lon="14.167464"></trkpt>
      <trkpt lat="66.331889" lon="14.167627"></trkpt>
      <trkpt lat="66.332066" lon="14.167846"></trkpt>
      <trkpt lat="66.332179" lon="14.167970"></trkpt>
      <trkpt lat="66.332275" lon="14.168073"></trkpt>
      <trkpt lat="66.332398" lon="14.168190"></trkpt>
      <trkpt lat="66.332600" lon="14.168359"></trkpt>
      <trkpt lat="66.332728" lon="14.168449"></trkpt>
      <trkpt lat="66.332966" lon="14.168582"></trkpt>
      <trkpt lat="66.333129" lon="14.168638"></trkpt>
      <trkpt lat="66.333253" lon="14.168666"></trkpt>
      <trkpt lat="66.333384" lon="14.168742"></trkpt>
      <trkpt lat="66.333505" lon="14.168755"></trkpt>
      <trkpt lat="66.333689" lon="14.168744"></trkpt>
      <trkpt lat="66.333796" lon="14.168734"></trkpt>
      <trkpt lat="66.333912" lon="14.168697"></trkpt>
      <trkpt lat="66.334001" lon="14.168658"></trkpt>
      <trkpt lat="66.334022" lon="14.168648"></trkpt>
      <trkpt lat="66.334072" lon="14.168625"></trkpt>
      <trkpt lat="66.334184" lon="14.168570"></trkpt>
      <trkpt lat="66.334333" lon="14.168477"></trkpt>
      <trkpt lat="66.334523" lon="14.168322"></trkpt>
      <trkpt lat="66.334643" lon="14.168209"></trkpt>
      <trkpt lat="66.334766" lon="14.168076"></trkpt>
      <trkpt lat="66.334986" lon="14.167787"></trkpt>
      <trkpt lat="66.335022" lon="14.167734"></trkpt>
      <trkpt lat="66.335092" lon="14.167563"></trkpt>
      <trkpt lat="66.335190" lon="14.167424"></trkpt>
      <trkpt lat="66.335323" lon="14.167218"></trkpt>
      <trkpt lat="66.335425" lon="14.167044"></trkpt>
      <trkpt lat="66.335501" lon="14.166904"></trkpt>
      <trkpt lat="66.335728" lon="14.166465"></trkpt>
      <trkpt lat="66.335841" lon="14.166224"></trkpt>
      <trkpt lat="66.336065" lon="14.165701"></trkpt>
      <trkpt lat="66.336160" lon="14.165461"></trkpt>
      <trkpt lat="66.336204" lon="14.165337"></trkpt>
      <trkpt lat="66.336348" lon="14.164938"></trkpt>
      <trkpt lat="66.336471" lon="14.164569"></trkpt>
      <trkpt lat="66.336498" lon="14.164482"></trkpt>
      <trkpt lat="66.336610" lon="14.164123"></trkpt>
      <trkpt lat="66.336725" lon="14.163720"></trkpt>
      <trkpt lat="66.336783" lon="14.163492"></trkpt>
      <trkpt lat="66.336911" lon="14.162982"></trkpt>
      <trkpt lat="66.337087" lon="14.162214"></trkpt>
      <trkpt lat="66.337175" lon="14.161805"></trkpt>
      <trkpt lat="66.337348" lon="14.160972"></trkpt>
      <trkpt lat="66.337406" lon="14.160709"></trkpt>
      <trkpt lat="66.337435" lon="14.160584"></trkpt>
      <trkpt lat="66.337627" lon="14.159674"></trkpt>
      <trkpt lat="66.337748" lon="14.159101"></trkpt>
      <trkpt lat="66.338265" lon="14.156646"></trkpt>
      <trkpt lat="66.338365" lon="14.156188"></trkpt>
      <trkpt lat="66.338492" lon="14.155575"></trkpt>
      <trkpt lat="66.338750" lon="14.154378"></trkpt>
      <trkpt lat="66.339014" lon="14.153102"></trkpt>
      <trkpt lat="66.339059" lon="14.152877"></trkpt>
      <trkpt lat="66.339192" lon="14.152212"></trkpt>
      <trkpt lat="66.339353" lon="14.151482"></trkpt>
      <trkpt lat="66.339416" lon="14.151196"></trkpt>
      <trkpt lat="66.339648" lon="14.149965"></trkpt>
      <trkpt lat="66.339799" lon="14.148988"></trkpt>
      <trkpt lat="66.339819" lon="14.148852"></trkpt>
      <trkpt lat="66.339855" lon="14.148592"></trkpt>
      <trkpt lat="66.339922" lon="14.148090"></trkpt>
      <trkpt lat="66.339985" lon="14.147563"></trkpt>
      <trkpt lat="66.340085" lon="14.146559"></trkpt>
      <trkpt lat="66.340146" lon="14.145780"></trkpt>
      <trkpt lat="66.340179" lon="14.145290"></trkpt>
      <trkpt lat="66.340212" lon="14.144756"></trkpt>
      <trkpt lat="66.340237" lon="14.144197"></trkpt>
      <trkpt lat="66.340271" lon="14.143330"></trkpt>
      <trkpt lat="66.340294" lon="14.142699"></trkpt>
      <trkpt lat="66.340326" lon="14.142286"></trkpt>
      <trkpt lat="66.340351" lon="14.141902"></trkpt>
      <trkpt lat="66.340398" lon="14.141492"></trkpt>
      <trkpt lat="66.340413" lon="14.141459"></trkpt>
      <trkpt lat="66.340426" lon="14.141418"></trkpt>
      <trkpt lat="66.340434" lon="14.141371"></trkpt>
      <trkpt lat="66.340438" lon="14.141320"></trkpt>
      <trkpt lat="66.340431" lon="14.141218"></trkpt>
      <trkpt lat="66.340421" lon="14.141174"></trkpt>
      <trkpt lat="66.340407" lon="14.141137"></trkpt>
      <trkpt lat="66.340404" lon="14.140925"></trkpt>
      <trkpt lat="66.340400" lon="14.140639"></trkpt>
      <trkpt lat="66.340399" lon="14.140131"></trkpt>
      <trkpt lat="66.340388" lon="14.139833"></trkpt>
      <trkpt lat="66.340401" lon="14.139298"></trkpt>
      <trkpt lat="66.340433" lon="14.138122"></trkpt>
      <trkpt lat="66.340481" lon="14.136709"></trkpt>
      <trkpt lat="66.340491" lon="14.136379"></trkpt>
      <trkpt lat="66.340497" lon="14.136006"></trkpt>
      <trkpt lat="66.340511" lon="14.135638"></trkpt>
      <trkpt lat="66.340543" lon="14.134664"></trkpt>
      <trkpt lat="66.340558" lon="14.134294"></trkpt>
      <trkpt lat="66.340569" lon="14.133986"></trkpt>
      <trkpt lat="66.340613" lon="14.132635"></trkpt>
      <trkpt lat="66.340634" lon="14.131254"></trkpt>
      <trkpt lat="66.340635" lon="14.130315"></trkpt>
      <trkpt lat="66.340632" lon="14.130058"></trkpt>
      <trkpt lat="66.340618" lon="14.129424"></trkpt>
      <trkpt lat="66.340592" lon="14.128695"></trkpt>
      <trkpt lat="66.340580" lon="14.128434"></trkpt>
      <trkpt lat="66.340551" lon="14.127929"></trkpt>
      <trkpt lat="66.340534" lon="14.127664"></trkpt>
      <trkpt lat="66.340498" lon="14.127186"></trkpt>
      <trkpt lat="66.340420" lon="14.126336"></trkpt>
      <trkpt lat="66.340318" lon="14.125426"></trkpt>
      <trkpt lat="66.340269" lon="14.125042"></trkpt>
      <trkpt lat="66.340199" lon="14.124532"></trkpt>
      <trkpt lat="66.340112" lon="14.123973"></trkpt>
      <trkpt lat="66.340051" lon="14.123611"></trkpt>
      <trkpt lat="66.339962" lon="14.123115"></trkpt>
      <trkpt lat="66.339870" lon="14.122637"></trkpt>
      <trkpt lat="66.339800" lon="14.122297"></trkpt>
      <trkpt lat="66.339709" lon="14.121877"></trkpt>
      <trkpt lat="66.339460" lon="14.120790"></trkpt>
      <trkpt lat="66.339414" lon="14.120600"></trkpt>
      <trkpt lat="66.339343" lon="14.120283"></trkpt>
      <trkpt lat="66.338928" lon="14.118547"></trkpt>
      <trkpt lat="66.338862" lon="14.118269"></trkpt>
      <trkpt lat="66.338632" lon="14.117384"></trkpt>
      <trkpt lat="66.338537" lon="14.117046"></trkpt>
      <trkpt lat="66.338469" lon="14.116824"></trkpt>
      <trkpt lat="66.338376" lon="14.116545"></trkpt>
      <trkpt lat="66.338296" lon="14.116327"></trkpt>
      <trkpt lat="66.338196" lon="14.116079"></trkpt>
      <trkpt lat="66.338119" lon="14.115902"></trkpt>
      <trkpt lat="66.337990" lon="14.115630"></trkpt>
      <trkpt lat="66.337908" lon="14.115472"></trkpt>
      <trkpt lat="66.337768" lon="14.115230"></trkpt>
      <trkpt lat="66.337673" lon="14.115077"></trkpt>
      <trkpt lat="66.337564" lon="14.114917"></trkpt>
      <trkpt lat="66.337240" lon="14.114482"></trkpt>
      <trkpt lat="66.337120" lon="14.114329"></trkpt>
      <trkpt lat="66.336989" lon="14.114153"></trkpt>
      <trkpt lat="66.336402" lon="14.113438"></trkpt>
      <trkpt lat="66.334937" lon="14.111605"></trkpt>
      <trkpt lat="66.334722" lon="14.111329"></trkpt>
      <trkpt lat="66.334313" lon="14.110782"></trkpt>
      <trkpt lat="66.333112" lon="14.109202"></trkpt>
      <trkpt lat="66.332987" lon="14.109027"></trkpt>
      <trkpt lat="66.333035" lon="14.108744"></trkpt>
      <trkpt lat="66.333037" lon="14.108595"></trkpt>
      <trkpt lat="66.333025" lon="14.108519"></trkpt>
      <trkpt lat="66.332821" lon="14.107973"></trkpt>
      <trkpt lat="66.332665" lon="14.107514"></trkpt>
      <trkpt lat="66.331993" lon="14.105429"></trkpt>
      <trkpt lat="66.331906" lon="14.105135"></trkpt>
      <trkpt lat="66.331755" lon="14.104692"></trkpt>
      <trkpt lat="66.331717" lon="14.104528"></trkpt>
      <trkpt lat="66.331657" lon="14.104287"></trkpt>
      <trkpt lat="66.331549" lon="14.103966"></trkpt>
      <trkpt lat="66.331535" lon="14.103904"></trkpt>
      <trkpt lat="66.331474" lon="14.103657"></trkpt>
      <trkpt lat="66.331351" lon="14.103277"></trkpt>
      <trkpt lat="66.331090" lon="14.102517"></trkpt>
      <trkpt lat="66.331026" lon="14.102365"></trkpt>
      <trkpt lat="66.330960" lon="14.102150"></trkpt>
      <trkpt lat="66.330862" lon="14.101821"></trkpt>
      <trkpt lat="66.330758" lon="14.101368"></trkpt>
      <trkpt lat="66.330732" lon="14.101221"></trkpt>
      <trkpt lat="66.330690" lon="14.100919"></trkpt>
      <trkpt lat="66.330642" lon="14.100439"></trkpt>
      <trkpt lat="66.330596" lon="14.099928"></trkpt>
      <trkpt lat="66.330558" lon="14.099475"></trkpt>
      <trkpt lat="66.330534" lon="14.098887"></trkpt>
      <trkpt lat="66.330499" lon="14.098430"></trkpt>
      <trkpt lat="66.330438" lon="14.098071"></trkpt>
      <trkpt lat="66.330379" lon="14.097870"></trkpt>
      <trkpt lat="66.330323" lon="14.097686"></trkpt>
      <trkpt lat="66.330227" lon="14.097453"></trkpt>
      <trkpt lat="66.330143" lon="14.097282"></trkpt>
      <trkpt lat="66.330045" lon="14.097145"></trkpt>
      <trkpt lat="66.329873" lon="14.096834"></trkpt>
      <trkpt lat="66.329650" lon="14.096480"></trkpt>
      <trkpt lat="66.329603" lon="14.096413"></trkpt>
      <trkpt lat="66.329510" lon="14.096287"></trkpt>
      <trkpt lat="66.329387" lon="14.096164"></trkpt>
      <trkpt lat="66.329204" lon="14.096021"></trkpt>
      <trkpt lat="66.328857" lon="14.095908"></trkpt>
      <trkpt lat="66.328782" lon="14.095842"></trkpt>
      <trkpt lat="66.328325" lon="14.095376"></trkpt>
      <trkpt lat="66.328180" lon="14.095172"></trkpt>
      <trkpt lat="66.327994" lon="14.094864"></trkpt>
      <trkpt lat="66.327927" lon="14.094792"></trkpt>
      <trkpt lat="66.327877" lon="14.094767"></trkpt>
      <trkpt lat="66.327765" lon="14.094762"></trkpt>
      <trkpt lat="66.327395" lon="14.094773"></trkpt>
      <trkpt lat="66.327272" lon="14.094713"></trkpt>
      <trkpt lat="66.327211" lon="14.094651"></trkpt>
      <trkpt lat="66.327150" lon="14.094548"></trkpt>
      <trkpt lat="66.326903" lon="14.093970"></trkpt>
      <trkpt lat="66.326876" lon="14.093883"></trkpt>
      <trkpt lat="66.326830" lon="14.093693"></trkpt>
      <trkpt lat="66.326705" lon="14.093008"></trkpt>
      <trkpt lat="66.326637" lon="14.092626"></trkpt>
      <trkpt lat="66.326552" lon="14.092352"></trkpt>
      <trkpt lat="66.326458" lon="14.092121"></trkpt>
      <trkpt lat="66.326259" lon="14.091664"></trkpt>
      <trkpt lat="66.326175" lon="14.091447"></trkpt>
      <trkpt lat="66.326105" lon="14.091202"></trkpt>
      <trkpt lat="66.326045" lon="14.090936"></trkpt>
      <trkpt lat="66.325989" lon="14.090634"></trkpt>
      <trkpt lat="66.325954" lon="14.090374"></trkpt>
      <trkpt lat="66.325928" lon="14.090106"></trkpt>
      <trkpt lat="66.325916" lon="14.089770"></trkpt>
      <trkpt lat="66.325930" lon="14.088981"></trkpt>
      <trkpt lat="66.325920" lon="14.088234"></trkpt>
      <trkpt lat="66.325903" lon="14.087598"></trkpt>
      <trkpt lat="66.325882" lon="14.087207"></trkpt>
      <trkpt lat="66.325862" lon="14.086869"></trkpt>
      <trkpt lat="66.325813" lon="14.086378"></trkpt>
      <trkpt lat="66.325773" lon="14.086009"></trkpt>
      <trkpt lat="66.325728" lon="14.085733"></trkpt>
      <trkpt lat="66.325683" lon="14.085480"></trkpt>
      <trkpt lat="66.325616" lon="14.085163"></trkpt>
      <trkpt lat="66.325502" lon="14.084797"></trkpt>
      <trkpt lat="66.325357" lon="14.084467"></trkpt>
      <trkpt lat="66.325289" lon="14.084274"></trkpt>
      <trkpt lat="66.325213" lon="14.084014"></trkpt>
      <trkpt lat="66.325113" lon="14.083777"></trkpt>
      <trkpt lat="66.324833" lon="14.083336"></trkpt>
      <trkpt lat="66.324738" lon="14.083138"></trkpt>
      <trkpt lat="66.324601" lon="14.082773"></trkpt>
      <trkpt lat="66.324393" lon="14.081859"></trkpt>
      <trkpt lat="66.324447" lon="14.081805"></trkpt>
      <trkpt lat="66.324473" lon="14.081813"></trkpt>
      <trkpt lat="66.324517" lon="14.081908"></trkpt>
      <trkpt lat="66.324585" lon="14.082227"></trkpt>
      <trkpt lat="66.324617" lon="14.082328"></trkpt>
      <trkpt lat="66.324653" lon="14.082378"></trkpt>
      <trkpt lat="66.324789" lon="14.082490"></trkpt>
      <trkpt lat="66.324789" lon="14.082490"></trkpt>
      <trkpt lat="66.324653" lon="14.082378"></trkpt>
      <trkpt lat="66.324617" lon="14.082328"></trkpt>
      <trkpt lat="66.324585" lon="14.082227"></trkpt>
      <trkpt lat="66.324517" lon="14.081908"></trkpt>
      <trkpt lat="66.324473" lon="14.081813"></trkpt>
      <trkpt lat="66.324447" lon="14.081805"></trkpt>
      <trkpt lat="66.324393" lon="14.081859"></trkpt>
      <trkpt lat="66.324358" lon="14.081746"></trkpt>
      <trkpt lat="66.324301" lon="14.081535"></trkpt>
      <trkpt lat="66.324215" lon="14.081306"></trkpt>
      <trkpt lat="66.324121" lon="14.081099"></trkpt>
      <trkpt lat="66.324053" lon="14.080960"></trkpt>
      <trkpt lat="66.324012" lon="14.080894"></trkpt>
      <trkpt lat="66.323919" lon="14.080749"></trkpt>
      <trkpt lat="66.323729" lon="14.080508"></trkpt>
      <trkpt lat="66.323560" lon="14.080278"></trkpt>
      <trkpt lat="66.323492" lon="14.080087"></trkpt>
      <trkpt lat="66.323439" lon="14.079916"></trkpt>
      <trkpt lat="66.323385" lon="14.079653"></trkpt>
      <trkpt lat="66.323364" lon="14.079412"></trkpt>
      <trkpt lat="66.323345" lon="14.079158"></trkpt>
      <trkpt lat="66.323318" lon="14.078746"></trkpt>
      <trkpt lat="66.323275" lon="14.078406"></trkpt>
      <trkpt lat="66.323221" lon="14.078083"></trkpt>
      <trkpt lat="66.323077" lon="14.077316"></trkpt>
      <trkpt lat="66.322967" lon="14.076724"></trkpt>
      <trkpt lat="66.322918" lon="14.076417"></trkpt>
      <trkpt lat="66.322814" lon="14.075743"></trkpt>
      <trkpt lat="66.322756" lon="14.075330"></trkpt>
      <trkpt lat="66.322691" lon="14.074826"></trkpt>
      <trkpt lat="66.322648" lon="14.074257"></trkpt>
      <trkpt lat="66.322604" lon="14.073339"></trkpt>
      <trkpt lat="66.322558" lon="14.072863"></trkpt>
      <trkpt lat="66.322472" lon="14.071414"></trkpt>
      <trkpt lat="66.322427" lon="14.070986"></trkpt>
      <trkpt lat="66.322378" lon="14.070631"></trkpt>
      <trkpt lat="66.322243" lon="14.069859"></trkpt>
      <trkpt lat="66.322093" lon="14.069061"></trkpt>
      <trkpt lat="66.321899" lon="14.068209"></trkpt>
      <trkpt lat="66.321867" lon="14.068016"></trkpt>
      <trkpt lat="66.321741" lon="14.067398"></trkpt>
      <trkpt lat="66.321666" lon="14.066732"></trkpt>
      <trkpt lat="66.321594" lon="14.066285"></trkpt>
      <trkpt lat="66.321569" lon="14.066179"></trkpt>
      <trkpt lat="66.321274" lon="14.065267"></trkpt>
      <trkpt lat="66.321175" lon="14.065032"></trkpt>
      <trkpt lat="66.321025" lon="14.064720"></trkpt>
      <trkpt lat="66.320718" lon="14.064274"></trkpt>
      <trkpt lat="66.320626" lon="14.064068"></trkpt>
      <trkpt lat="66.320553" lon="14.063861"></trkpt>
      <trkpt lat="66.320530" lon="14.063760"></trkpt>
      <trkpt lat="66.320498" lon="14.063622"></trkpt>
      <trkpt lat="66.320397" lon="14.063342"></trkpt>
      <trkpt lat="66.320342" lon="14.063126"></trkpt>
      <trkpt lat="66.320309" lon="14.063098"></trkpt>
      <trkpt lat="66.320273" lon="14.063025"></trkpt>
      <trkpt lat="66.320143" lon="14.062707"></trkpt>
      <trkpt lat="66.320063" lon="14.062458"></trkpt>
      <trkpt lat="66.319965" lon="14.062232"></trkpt>
      <trkpt lat="66.319789" lon="14.061812"></trkpt>
      <trkpt lat="66.319689" lon="14.061427"></trkpt>
      <trkpt lat="66.319639" lon="14.061159"></trkpt>
      <trkpt lat="66.319477" lon="14.060498"></trkpt>
      <trkpt lat="66.319362" lon="14.059871"></trkpt>
      <trkpt lat="66.319307" lon="14.059663"></trkpt>
      <trkpt lat="66.319208" lon="14.058975"></trkpt>
      <trkpt lat="66.319157" lon="14.058707"></trkpt>
      <trkpt lat="66.319030" lon="14.058359"></trkpt>
      <trkpt lat="66.318757" lon="14.057709"></trkpt>
      <trkpt lat="66.318676" lon="14.057494"></trkpt>
      <trkpt lat="66.318599" lon="14.057333"></trkpt>
      <trkpt lat="66.318533" lon="14.057150"></trkpt>
      <trkpt lat="66.318441" lon="14.056951"></trkpt>
      <trkpt lat="66.318379" lon="14.056752"></trkpt>
      <trkpt lat="66.318088" lon="14.055299"></trkpt>
      <trkpt lat="66.318047" lon="14.055038"></trkpt>
      <trkpt lat="66.317972" lon="14.054612"></trkpt>
      <trkpt lat="66.317787" lon="14.054121"></trkpt>
      <trkpt lat="66.317720" lon="14.053910"></trkpt>
      <trkpt lat="66.317638" lon="14.053719"></trkpt>
      <trkpt lat="66.317509" lon="14.053302"></trkpt>
      <trkpt lat="66.317422" lon="14.053082"></trkpt>
      <trkpt lat="66.317251" lon="14.052457"></trkpt>
      <trkpt lat="66.317168" lon="14.052063"></trkpt>
      <trkpt lat="66.317119" lon="14.051779"></trkpt>
      <trkpt lat="66.317058" lon="14.051568"></trkpt>
      <trkpt lat="66.316944" lon="14.051268"></trkpt>
      <trkpt lat="66.316675" lon="14.050611"></trkpt>
      <trkpt lat="66.316597" lon="14.050474"></trkpt>
      <trkpt lat="66.316497" lon="14.050413"></trkpt>
      <trkpt lat="66.316455" lon="14.050416"></trkpt>
      <trkpt lat="66.316385" lon="14.050055"></trkpt>
      <trkpt lat="66.316269" lon="14.049498"></trkpt>
      <trkpt lat="66.316091" lon="14.048759"></trkpt>
      <trkpt lat="66.315937" lon="14.048182"></trkpt>
      <trkpt lat="66.315698" lon="14.047344"></trkpt>
      <trkpt lat="66.315518" lon="14.046729"></trkpt>
      <trkpt lat="66.315398" lon="14.046294"></trkpt>
      <trkpt lat="66.315241" lon="14.045667"></trkpt>
      <trkpt lat="66.315109" lon="14.045076"></trkpt>
      <trkpt lat="66.314816" lon="14.043838"></trkpt>
      <trkpt lat="66.314665" lon="14.043153"></trkpt>
      <trkpt lat="66.314596" lon="14.042816"></trkpt>
      <trkpt lat="66.314548" lon="14.042567"></trkpt>
      <trkpt lat="66.314494" lon="14.042259"></trkpt>
      <trkpt lat="66.314224" lon="14.040607"></trkpt>
      <trkpt lat="66.314163" lon="14.040303"></trkpt>
      <trkpt lat="66.314065" lon="14.039841"></trkpt>
      <trkpt lat="66.313962" lon="14.039428"></trkpt>
      <trkpt lat="66.313873" lon="14.039096"></trkpt>
      <trkpt lat="66.313763" lon="14.038735"></trkpt>
      <trkpt lat="66.313624" lon="14.038305"></trkpt>
      <trkpt lat="66.313131" lon="14.036830"></trkpt>
      <trkpt lat="66.312840" lon="14.035956"></trkpt>
      <trkpt lat="66.312633" lon="14.035302"></trkpt>
      <trkpt lat="66.312517" lon="14.034915"></trkpt>
      <trkpt lat="66.312405" lon="14.034518"></trkpt>
      <trkpt lat="66.312112" lon="14.033579"></trkpt>
      <trkpt lat="66.311974" lon="14.033105"></trkpt>
      <trkpt lat="66.311685" lon="14.032156"></trkpt>
      <trkpt lat="66.311586" lon="14.031794"></trkpt>
      <trkpt lat="66.311473" lon="14.031332"></trkpt>
      <trkpt lat="66.311409" lon="14.031042"></trkpt>
      <trkpt lat="66.311322" lon="14.030605"></trkpt>
      <trkpt lat="66.311274" lon="14.030386"></trkpt>
      <trkpt lat="66.311198" lon="14.030082"></trkpt>
      <trkpt lat="66.311061" lon="14.029582"></trkpt>
      <trkpt lat="66.310704" lon="14.028382"></trkpt>
      <trkpt lat="66.310612" lon="14.028051"></trkpt>
      <trkpt lat="66.310550" lon="14.027799"></trkpt>
      <trkpt lat="66.310504" lon="14.027577"></trkpt>
      <trkpt lat="66.310467" lon="14.027403"></trkpt>
      <trkpt lat="66.310434" lon="14.027249"></trkpt>
      <trkpt lat="66.310370" lon="14.026867"></trkpt>
      <trkpt lat="66.310065" lon="14.024861"></trkpt>
      <trkpt lat="66.310053" lon="14.024780"></trkpt>
      <trkpt lat="66.309868" lon="14.023612"></trkpt>
      <trkpt lat="66.309690" lon="14.022525"></trkpt>
      <trkpt lat="66.309447" lon="14.021106"></trkpt>
      <trkpt lat="66.309350" lon="14.020507"></trkpt>
      <trkpt lat="66.309115" lon="14.019111"></trkpt>
      <trkpt lat="66.309021" lon="14.018536"></trkpt>
      <trkpt lat="66.308975" lon="14.018219"></trkpt>
      <trkpt lat="66.308937" lon="14.017920"></trkpt>
      <trkpt lat="66.308890" lon="14.017440"></trkpt>
      <trkpt lat="66.308878" lon="14.017291"></trkpt>
      <trkpt lat="66.308855" lon="14.016917"></trkpt>
      <trkpt lat="66.308842" lon="14.016574"></trkpt>
      <trkpt lat="66.308839" lon="14.016422"></trkpt>
      <trkpt lat="66.308837" lon="14.016042"></trkpt>
      <trkpt lat="66.308844" lon="14.015701"></trkpt>
      <trkpt lat="66.308855" lon="14.015403"></trkpt>
      <trkpt lat="66.308881" lon="14.014972"></trkpt>
      <trkpt lat="66.308935" lon="14.014357"></trkpt>
      <trkpt lat="66.308999" lon="14.013817"></trkpt>
      <trkpt lat="66.309074" lon="14.013284"></trkpt>
      <trkpt lat="66.309164" lon="14.012676"></trkpt>
      <trkpt lat="66.309267" lon="14.012046"></trkpt>
      <trkpt lat="66.309359" lon="14.011571"></trkpt>
      <trkpt lat="66.309497" lon="14.010947"></trkpt>
      <trkpt lat="66.309562" lon="14.010642"></trkpt>
      <trkpt lat="66.310031" lon="14.008607"></trkpt>
      <trkpt lat="66.310156" lon="14.008046"></trkpt>
      <trkpt lat="66.310277" lon="14.007484"></trkpt>
      <trkpt lat="66.310473" lon="14.006483"></trkpt>
      <trkpt lat="66.310856" lon="14.004482"></trkpt>
      <trkpt lat="66.311384" lon="14.001739"></trkpt>
      <trkpt lat="66.311462" lon="14.001290"></trkpt>
      <trkpt lat="66.311504" lon="14.000992"></trkpt>
      <trkpt lat="66.311534" lon="14.000752"></trkpt>
      <trkpt lat="66.311558" lon="14.000523"></trkpt>
      <trkpt lat="66.311576" lon="14.000310"></trkpt>
      <trkpt lat="66.311592" lon="14.000021"></trkpt>
      <trkpt lat="66.311605" lon="13.999734"></trkpt>
      <trkpt lat="66.311609" lon="13.999546"></trkpt>
      <trkpt lat="66.311608" lon="13.999180"></trkpt>
      <trkpt lat="66.311596" lon="13.998870"></trkpt>
      <trkpt lat="66.311569" lon="13.998485"></trkpt>
      <trkpt lat="66.311548" lon="13.998273"></trkpt>
      <trkpt lat="66.311522" lon="13.998055"></trkpt>
      <trkpt lat="66.311470" lon="13.997695"></trkpt>
      <trkpt lat="66.311375" lon="13.997151"></trkpt>
      <trkpt lat="66.311279" lon="13.996656"></trkpt>
      <trkpt lat="66.310988" lon="13.995201"></trkpt>
      <trkpt lat="66.310786" lon="13.994214"></trkpt>
      <trkpt lat="66.310564" lon="13.993187"></trkpt>
      <trkpt lat="66.310308" lon="13.992065"></trkpt>
      <trkpt lat="66.310126" lon="13.991325"></trkpt>
      <trkpt lat="66.309875" lon="13.990354"></trkpt>
      <trkpt lat="66.309621" lon="13.989415"></trkpt>
      <trkpt lat="66.309265" lon="13.988132"></trkpt>
      <trkpt lat="66.309171" lon="13.987750"></trkpt>
      <trkpt lat="66.309073" lon="13.987333"></trkpt>
      <trkpt lat="66.308984" lon="13.986892"></trkpt>
      <trkpt lat="66.308679" lon="13.985285"></trkpt>
      <trkpt lat="66.308598" lon="13.984900"></trkpt>
      <trkpt lat="66.308486" lon="13.984344"></trkpt>
      <trkpt lat="66.308420" lon="13.984027"></trkpt>
      <trkpt lat="66.308325" lon="13.983606"></trkpt>
      <trkpt lat="66.308041" lon="13.982438"></trkpt>
      <trkpt lat="66.307987" lon="13.982190"></trkpt>
      <trkpt lat="66.307848" lon="13.981585"></trkpt>
      <trkpt lat="66.307758" lon="13.981120"></trkpt>
      <trkpt lat="66.307680" lon="13.980619"></trkpt>
      <trkpt lat="66.307659" lon="13.980453"></trkpt>
      <trkpt lat="66.307620" lon="13.979979"></trkpt>
      <trkpt lat="66.307602" lon="13.979473"></trkpt>
      <trkpt lat="66.307591" lon="13.978426"></trkpt>
      <trkpt lat="66.307591" lon="13.977879"></trkpt>
      <trkpt lat="66.307584" lon="13.977411"></trkpt>
      <trkpt lat="66.307566" lon="13.976756"></trkpt>
      <trkpt lat="66.307550" lon="13.976509"></trkpt>
      <trkpt lat="66.307514" lon="13.976033"></trkpt>
      <trkpt lat="66.307504" lon="13.975931"></trkpt>
      <trkpt lat="66.307458" lon="13.975549"></trkpt>
      <trkpt lat="66.307430" lon="13.975361"></trkpt>
      <trkpt lat="66.307360" lon="13.974889"></trkpt>
      <trkpt lat="66.307300" lon="13.974543"></trkpt>
      <trkpt lat="66.307262" lon="13.974347"></trkpt>
      <trkpt lat="66.307188" lon="13.973997"></trkpt>
      <trkpt lat="66.307092" lon="13.973572"></trkpt>
      <trkpt lat="66.306980" lon="13.973122"></trkpt>
      <trkpt lat="66.306877" lon="13.972726"></trkpt>
      <trkpt lat="66.306761" lon="13.972256"></trkpt>
      <trkpt lat="66.306620" lon="13.971644"></trkpt>
      <trkpt lat="66.306564" lon="13.971371"></trkpt>
      <trkpt lat="66.306519" lon="13.971109"></trkpt>
      <trkpt lat="66.306470" lon="13.970756"></trkpt>
      <trkpt lat="66.306436" lon="13.970408"></trkpt>
      <trkpt lat="66.306418" lon="13.970184"></trkpt>
      <trkpt lat="66.306407" lon="13.969869"></trkpt>
      <trkpt lat="66.306405" lon="13.969636"></trkpt>
      <trkpt lat="66.306406" lon="13.969396"></trkpt>
      <trkpt lat="66.306438" lon="13.968463"></trkpt>
      <trkpt lat="66.306452" lon="13.968157"></trkpt>
      <trkpt lat="66.306484" lon="13.967198"></trkpt>
      <trkpt lat="66.306491" lon="13.966181"></trkpt>
      <trkpt lat="66.306487" lon="13.965940"></trkpt>
      <trkpt lat="66.306487" lon="13.965679"></trkpt>
      <trkpt lat="66.306481" lon="13.965229"></trkpt>
      <trkpt lat="66.306475" lon="13.965095"></trkpt>
      <trkpt lat="66.306449" lon="13.964601"></trkpt>
      <trkpt lat="66.306422" lon="13.964199"></trkpt>
      <trkpt lat="66.306404" lon="13.963950"></trkpt>
      <trkpt lat="66.306371" lon="13.963600"></trkpt>
      <trkpt lat="66.306357" lon="13.963479"></trkpt>
      <trkpt lat="66.306307" lon="13.963118"></trkpt>
      <trkpt lat="66.306237" lon="13.962683"></trkpt>
      <trkpt lat="66.306191" lon="13.962422"></trkpt>
      <trkpt lat="66.306062" lon="13.961764"></trkpt>
      <trkpt lat="66.305999" lon="13.961424"></trkpt>
      <trkpt lat="66.305915" lon="13.960943"></trkpt>
      <trkpt lat="66.305687" lon="13.959247"></trkpt>
      <trkpt lat="66.305601" lon="13.958737"></trkpt>
      <trkpt lat="66.305517" lon="13.958340"></trkpt>
      <trkpt lat="66.305455" lon="13.958092"></trkpt>
      <trkpt lat="66.305234" lon="13.957316"></trkpt>
      <trkpt lat="66.305156" lon="13.957041"></trkpt>
      <trkpt lat="66.305055" lon="13.956694"></trkpt>
      <trkpt lat="66.304951" lon="13.956361"></trkpt>
      <trkpt lat="66.304824" lon="13.955935"></trkpt>
      <trkpt lat="66.304608" lon="13.955237"></trkpt>
      <trkpt lat="66.304427" lon="13.954638"></trkpt>
      <trkpt lat="66.304290" lon="13.954141"></trkpt>
      <trkpt lat="66.304179" lon="13.953687"></trkpt>
      <trkpt lat="66.304130" lon="13.953421"></trkpt>
      <trkpt lat="66.304064" lon="13.952982"></trkpt>
      <trkpt lat="66.304048" lon="13.952849"></trkpt>
      <trkpt lat="66.304032" lon="13.952612"></trkpt>
      <trkpt lat="66.304019" lon="13.952337"></trkpt>
      <trkpt lat="66.304021" lon="13.952069"></trkpt>
      <trkpt lat="66.304033" lon="13.951802"></trkpt>
      <trkpt lat="66.304047" lon="13.951591"></trkpt>
      <trkpt lat="66.304076" lon="13.951402"></trkpt>
      <trkpt lat="66.304125" lon="13.951143"></trkpt>
      <trkpt lat="66.304171" lon="13.950946"></trkpt>
      <trkpt lat="66.304254" lon="13.950667"></trkpt>
      <trkpt lat="66.304273" lon="13.950614"></trkpt>
      <trkpt lat="66.304419" lon="13.950282"></trkpt>
      <trkpt lat="66.304577" lon="13.949953"></trkpt>
      <trkpt lat="66.304684" lon="13.949685"></trkpt>
      <trkpt lat="66.304766" lon="13.949431"></trkpt>
      <trkpt lat="66.304850" lon="13.949103"></trkpt>
      <trkpt lat="66.304883" lon="13.948905"></trkpt>
      <trkpt lat="66.304915" lon="13.948685"></trkpt>
      <trkpt lat="66.304931" lon="13.948515"></trkpt>
      <trkpt lat="66.304937" lon="13.948256"></trkpt>
      <trkpt lat="66.304933" lon="13.948013"></trkpt>
      <trkpt lat="66.304922" lon="13.947732"></trkpt>
      <trkpt lat="66.304863" lon="13.947209"></trkpt>
      <trkpt lat="66.304785" lon="13.946617"></trkpt>
      <trkpt lat="66.304768" lon="13.946354"></trkpt>
      <trkpt lat="66.304764" lon="13.946129"></trkpt>
      <trkpt lat="66.304768" lon="13.945849"></trkpt>
      <trkpt lat="66.304790" lon="13.945455"></trkpt>
      <trkpt lat="66.304806" lon="13.945008"></trkpt>
      <trkpt lat="66.304808" lon="13.944753"></trkpt>
      <trkpt lat="66.304796" lon="13.944485"></trkpt>
      <trkpt lat="66.304769" lon="13.944214"></trkpt>
      <trkpt lat="66.304735" lon="13.944018"></trkpt>
      <trkpt lat="66.304704" lon="13.943865"></trkpt>
      <trkpt lat="66.304563" lon="13.943388"></trkpt>
      <trkpt lat="66.304391" lon="13.942900"></trkpt>
      <trkpt lat="66.304316" lon="13.942645"></trkpt>
      <trkpt lat="66.304170" lon="13.942115"></trkpt>
      <trkpt lat="66.304125" lon="13.941914"></trkpt>
      <trkpt lat="66.304090" lon="13.941729"></trkpt>
      <trkpt lat="66.304018" lon="13.941238"></trkpt>
      <trkpt lat="66.303903" lon="13.940266"></trkpt>
      <trkpt lat="66.303865" lon="13.940018"></trkpt>
      <trkpt lat="66.303824" lon="13.939785"></trkpt>
      <trkpt lat="66.303771" lon="13.939538"></trkpt>
      <trkpt lat="66.303654" lon="13.939069"></trkpt>
      <trkpt lat="66.303601" lon="13.938892"></trkpt>
      <trkpt lat="66.303394" lon="13.938238"></trkpt>
      <trkpt lat="66.302985" lon="13.937042"></trkpt>
      <trkpt lat="66.302920" lon="13.936851"></trkpt>
      <trkpt lat="66.302845" lon="13.936634"></trkpt>
      <trkpt lat="66.302646" lon="13.936042"></trkpt>
      <trkpt lat="66.302482" lon="13.935532"></trkpt>
      <trkpt lat="66.302387" lon="13.935258"></trkpt>
      <trkpt lat="66.302256" lon="13.934884"></trkpt>
      <trkpt lat="66.302233" lon="13.934828"></trkpt>
      <trkpt lat="66.302134" lon="13.934590"></trkpt>
      <trkpt lat="66.302002" lon="13.934311"></trkpt>
      <trkpt lat="66.301835" lon="13.934013"></trkpt>
      <trkpt lat="66.301653" lon="13.933684"></trkpt>
      <trkpt lat="66.301436" lon="13.933255"></trkpt>
      <trkpt lat="66.301359" lon="13.933057"></trkpt>
      <trkpt lat="66.301267" lon="13.932797"></trkpt>
      <trkpt lat="66.301169" lon="13.932483"></trkpt>
      <trkpt lat="66.301056" lon="13.932094"></trkpt>
      <trkpt lat="66.300949" lon="13.931685"></trkpt>
      <trkpt lat="66.300806" lon="13.931211"></trkpt>
      <trkpt lat="66.300723" lon="13.930975"></trkpt>
      <trkpt lat="66.300614" lon="13.930683"></trkpt>
      <trkpt lat="66.300553" lon="13.930557"></trkpt>
      <trkpt lat="66.300461" lon="13.930406"></trkpt>
      <trkpt lat="66.300345" lon="13.930246"></trkpt>
      <trkpt lat="66.299943" lon="13.929787"></trkpt>
      <trkpt lat="66.299838" lon="13.929643"></trkpt>
      <trkpt lat="66.299685" lon="13.929382"></trkpt>
      <trkpt lat="66.299610" lon="13.929241"></trkpt>
      <trkpt lat="66.299554" lon="13.929117"></trkpt>
      <trkpt lat="66.299413" lon="13.928759"></trkpt>
      <trkpt lat="66.299369" lon="13.928634"></trkpt>
      <trkpt lat="66.299270" lon="13.928326"></trkpt>
      <trkpt lat="66.298838" lon="13.926888"></trkpt>
      <trkpt lat="66.298714" lon="13.926515"></trkpt>
      <trkpt lat="66.298653" lon="13.926344"></trkpt>
      <trkpt lat="66.298497" lon="13.925936"></trkpt>
      <trkpt lat="66.298211" lon="13.925259"></trkpt>
      <trkpt lat="66.298100" lon="13.924963"></trkpt>
      <trkpt lat="66.298063" lon="13.924850"></trkpt>
      <trkpt lat="66.297923" lon="13.924376"></trkpt>
      <trkpt lat="66.297838" lon="13.924072"></trkpt>
      <trkpt lat="66.297645" lon="13.923331"></trkpt>
      <trkpt lat="66.297549" lon="13.922995"></trkpt>
      <trkpt lat="66.297447" lon="13.922676"></trkpt>
      <trkpt lat="66.297286" lon="13.922192"></trkpt>
      <trkpt lat="66.297160" lon="13.921854"></trkpt>
      <trkpt lat="66.297091" lon="13.921679"></trkpt>
      <trkpt lat="66.296909" lon="13.921286"></trkpt>
      <trkpt lat="66.296793" lon="13.921059"></trkpt>
      <trkpt lat="66.296686" lon="13.920878"></trkpt>
      <trkpt lat="66.296547" lon="13.920674"></trkpt>
      <trkpt lat="66.296408" lon="13.920498"></trkpt>
      <trkpt lat="66.296263" lon="13.920341"></trkpt>
      <trkpt lat="66.295998" lon="13.919975"></trkpt>
      <trkpt lat="66.295737" lon="13.919589"></trkpt>
      <trkpt lat="66.295600" lon="13.919405"></trkpt>
      <trkpt lat="66.295468" lon="13.919252"></trkpt>
      <trkpt lat="66.295335" lon="13.919110"></trkpt>
      <trkpt lat="66.295199" lon="13.918978"></trkpt>
      <trkpt lat="66.295056" lon="13.918858"></trkpt>
      <trkpt lat="66.294911" lon="13.918724"></trkpt>
      <trkpt lat="66.294659" lon="13.918457"></trkpt>
      <trkpt lat="66.294527" lon="13.918284"></trkpt>
      <trkpt lat="66.294400" lon="13.918108"></trkpt>
      <trkpt lat="66.294295" lon="13.917942"></trkpt>
      <trkpt lat="66.294234" lon="13.917855"></trkpt>
      <trkpt lat="66.293647" lon="13.916917"></trkpt>
      <trkpt lat="66.293580" lon="13.916799"></trkpt>
      <trkpt lat="66.293465" lon="13.916629"></trkpt>
      <trkpt lat="66.293260" lon="13.916296"></trkpt>
      <trkpt lat="66.292954" lon="13.915845"></trkpt>
      <trkpt lat="66.292860" lon="13.915712"></trkpt>
      <trkpt lat="66.292769" lon="13.915596"></trkpt>
      <trkpt lat="66.292592" lon="13.915341"></trkpt>
      <trkpt lat="66.292164" lon="13.914758"></trkpt>
      <trkpt lat="66.291942" lon="13.914471"></trkpt>
      <trkpt lat="66.291843" lon="13.914352"></trkpt>
      <trkpt lat="66.291748" lon="13.914263"></trkpt>
      <trkpt lat="66.291614" lon="13.914157"></trkpt>
      <trkpt lat="66.291425" lon="13.914038"></trkpt>
      <trkpt lat="66.291312" lon="13.913957"></trkpt>
      <trkpt lat="66.291229" lon="13.913874"></trkpt>
      <trkpt lat="66.291128" lon="13.913755"></trkpt>
      <trkpt lat="66.291031" lon="13.913621"></trkpt>
      <trkpt lat="66.290825" lon="13.913292"></trkpt>
      <trkpt lat="66.290699" lon="13.913112"></trkpt>
      <trkpt lat="66.290595" lon="13.912953"></trkpt>
      <trkpt lat="66.290300" lon="13.912572"></trkpt>
      <trkpt lat="66.290090" lon="13.912284"></trkpt>
      <trkpt lat="66.289996" lon="13.912143"></trkpt>
      <trkpt lat="66.289715" lon="13.911638"></trkpt>
      <trkpt lat="66.289440" lon="13.911095"></trkpt>
      <trkpt lat="66.289291" lon="13.910780"></trkpt>
      <trkpt lat="66.289061" lon="13.910248"></trkpt>
      <trkpt lat="66.288759" lon="13.909444"></trkpt>
      <trkpt lat="66.288591" lon="13.909018"></trkpt>
      <trkpt lat="66.288521" lon="13.908855"></trkpt>
      <trkpt lat="66.288410" lon="13.908626"></trkpt>
      <trkpt lat="66.288299" lon="13.908437"></trkpt>
      <trkpt lat="66.288187" lon="13.908265"></trkpt>
      <trkpt lat="66.288040" lon="13.908100"></trkpt>
      <trkpt lat="66.287888" lon="13.907962"></trkpt>
      <trkpt lat="66.287725" lon="13.907864"></trkpt>
      <trkpt lat="66.287619" lon="13.907822"></trkpt>
      <trkpt lat="66.287352" lon="13.907700"></trkpt>
      <trkpt lat="66.286697" lon="13.907461"></trkpt>
      <trkpt lat="66.286522" lon="13.907382"></trkpt>
      <trkpt lat="66.286321" lon="13.907280"></trkpt>
      <trkpt lat="66.285846" lon="13.906975"></trkpt>
      <trkpt lat="66.285704" lon="13.906907"></trkpt>
      <trkpt lat="66.285569" lon="13.906880"></trkpt>
      <trkpt lat="66.285131" lon="13.906769"></trkpt>
      <trkpt lat="66.285006" lon="13.906735"></trkpt>
      <trkpt lat="66.284833" lon="13.906677"></trkpt>
      <trkpt lat="66.284630" lon="13.906594"></trkpt>
      <trkpt lat="66.284409" lon="13.906477"></trkpt>
      <trkpt lat="66.284277" lon="13.906416"></trkpt>
      <trkpt lat="66.284161" lon="13.906350"></trkpt>
      <trkpt lat="66.283949" lon="13.906267"></trkpt>
      <trkpt lat="66.283776" lon="13.906188"></trkpt>
      <trkpt lat="66.283513" lon="13.906052"></trkpt>
      <trkpt lat="66.283385" lon="13.906027"></trkpt>
      <trkpt lat="66.283225" lon="13.906018"></trkpt>
      <trkpt lat="66.283054" lon="13.906058"></trkpt>
      <trkpt lat="66.282874" lon="13.906130"></trkpt>
      <trkpt lat="66.282551" lon="13.906233"></trkpt>
      <trkpt lat="66.282472" lon="13.906250"></trkpt>
      <trkpt lat="66.282260" lon="13.906254"></trkpt>
      <trkpt lat="66.282102" lon="13.906225"></trkpt>
      <trkpt lat="66.281765" lon="13.906108"></trkpt>
      <trkpt lat="66.281596" lon="13.906038"></trkpt>
      <trkpt lat="66.281401" lon="13.905946"></trkpt>
      <trkpt lat="66.281189" lon="13.905875"></trkpt>
      <trkpt lat="66.280557" lon="13.905591"></trkpt>
      <trkpt lat="66.280462" lon="13.905528"></trkpt>
      <trkpt lat="66.280281" lon="13.905386"></trkpt>
      <trkpt lat="66.280104" lon="13.905165"></trkpt>
      <trkpt lat="66.279997" lon="13.904990"></trkpt>
      <trkpt lat="66.279907" lon="13.904797"></trkpt>
      <trkpt lat="66.279763" lon="13.904408"></trkpt>
      <trkpt lat="66.279700" lon="13.904222"></trkpt>
      <trkpt lat="66.279641" lon="13.903997"></trkpt>
      <trkpt lat="66.279475" lon="13.903414"></trkpt>
      <trkpt lat="66.279433" lon="13.903271"></trkpt>
      <trkpt lat="66.279402" lon="13.903180"></trkpt>
      <trkpt lat="66.279243" lon="13.902786"></trkpt>
      <trkpt lat="66.279105" lon="13.902432"></trkpt>
      <trkpt lat="66.279001" lon="13.902212"></trkpt>
      <trkpt lat="66.278945" lon="13.902414"></trkpt>
      <trkpt lat="66.278903" lon="13.902512"></trkpt>
      <trkpt lat="66.278858" lon="13.902567"></trkpt>
      <trkpt lat="66.278819" lon="13.902549"></trkpt>
      <trkpt lat="66.278792" lon="13.902483"></trkpt>
      <trkpt lat="66.278735" lon="13.902232"></trkpt>
      <trkpt lat="66.278708" lon="13.902146"></trkpt>
      <trkpt lat="66.278542" lon="13.901728"></trkpt>
      <trkpt lat="66.278436" lon="13.901547"></trkpt>
      <trkpt lat="66.278262" lon="13.901343"></trkpt>
      <trkpt lat="66.277544" lon="13.900715"></trkpt>
      <trkpt lat="66.277458" lon="13.900663"></trkpt>
      <trkpt lat="66.276826" lon="13.900464"></trkpt>
      <trkpt lat="66.276704" lon="13.900438"></trkpt>
      <trkpt lat="66.276571" lon="13.900466"></trkpt>
      <trkpt lat="66.276529" lon="13.900485"></trkpt>
      <trkpt lat="66.276469" lon="13.900557"></trkpt>
      <trkpt lat="66.276407" lon="13.900685"></trkpt>
      <trkpt lat="66.276331" lon="13.900949"></trkpt>
      <trkpt lat="66.276332" lon="13.901243"></trkpt>
      <trkpt lat="66.276357" lon="13.901705"></trkpt>
      <trkpt lat="66.276362" lon="13.901952"></trkpt>
      <trkpt lat="66.276379" lon="13.902203"></trkpt>
      <trkpt lat="66.276413" lon="13.902404"></trkpt>
      <trkpt lat="66.276435" lon="13.902648"></trkpt>
      <trkpt lat="66.276487" lon="13.902938"></trkpt>
      <trkpt lat="66.276627" lon="13.903520"></trkpt>
      <trkpt lat="66.276670" lon="13.903767"></trkpt>
      <trkpt lat="66.276861" lon="13.904416"></trkpt>
      <trkpt lat="66.276989" lon="13.904747"></trkpt>
      <trkpt lat="66.277002" lon="13.904800"></trkpt>
      <trkpt lat="66.277014" lon="13.904929"></trkpt>
      <trkpt lat="66.277008" lon="13.905125"></trkpt>
      <trkpt lat="66.276983" lon="13.905215"></trkpt>
      <trkpt lat="66.276937" lon="13.905277"></trkpt>
      <trkpt lat="66.276892" lon="13.905293"></trkpt>
      <trkpt lat="66.276746" lon="13.905270"></trkpt>
      <trkpt lat="66.276519" lon="13.905135"></trkpt>
      <trkpt lat="66.276457" lon="13.905095"></trkpt>
      <trkpt lat="66.276296" lon="13.904913"></trkpt>
      <trkpt lat="66.276111" lon="13.904770"></trkpt>
      <trkpt lat="66.275967" lon="13.904595"></trkpt>
      <trkpt lat="66.275723" lon="13.904192"></trkpt>
      <trkpt lat="66.275298" lon="13.903408"></trkpt>
      <trkpt lat="66.275161" lon="13.903093"></trkpt>
      <trkpt lat="66.274659" lon="13.902371"></trkpt>
      <trkpt lat="66.274460" lon="13.902008"></trkpt>
      <trkpt lat="66.274347" lon="13.901850"></trkpt>
      <trkpt lat="66.274107" lon="13.901455"></trkpt>
      <trkpt lat="66.274014" lon="13.901442"></trkpt>
      <trkpt lat="66.273921" lon="13.901833"></trkpt>
      <trkpt lat="66.273910" lon="13.901899"></trkpt>
      <trkpt lat="66.273917" lon="13.902027"></trkpt>
      <trkpt lat="66.273950" lon="13.902139"></trkpt>
      <trkpt lat="66.274085" lon="13.902408"></trkpt>
      <trkpt lat="66.274116" lon="13.902559"></trkpt>
      <trkpt lat="66.274138" lon="13.902899"></trkpt>
      <trkpt lat="66.274115" lon="13.903129"></trkpt>
      <trkpt lat="66.273958" lon="13.903452"></trkpt>
      <trkpt lat="66.273874" lon="13.903757"></trkpt>
      <trkpt lat="66.273735" lon="13.904567"></trkpt>
      <trkpt lat="66.273725" lon="13.904675"></trkpt>
      <trkpt lat="66.273725" lon="13.904807"></trkpt>
      <trkpt lat="66.273752" lon="13.904880"></trkpt>
      <trkpt lat="66.273864" lon="13.904898"></trkpt>
      <trkpt lat="66.274016" lon="13.904985"></trkpt>
      <trkpt lat="66.274154" lon="13.904969"></trkpt>
      <trkpt lat="66.274320" lon="13.905080"></trkpt>
      <trkpt lat="66.274394" lon="13.905178"></trkpt>
      <trkpt lat="66.274394" lon="13.905178"></trkpt>
      <trkpt lat="66.274320" lon="13.905080"></trkpt>
      <trkpt lat="66.274154" lon="13.904969"></trkpt>
      <trkpt lat="66.274016" lon="13.904985"></trkpt>
      <trkpt lat="66.273864" lon="13.904898"></trkpt>
      <trkpt lat="66.273752" lon="13.904880"></trkpt>
      <trkpt lat="66.273725" lon="13.904807"></trkpt>
      <trkpt lat="66.273725" lon="13.904675"></trkpt>
      <trkpt lat="66.273735" lon="13.904567"></trkpt>
      <trkpt lat="66.273874" lon="13.903757"></trkpt>
      <trkpt lat="66.273958" lon="13.903452"></trkpt>
      <trkpt lat="66.274115" lon="13.903129"></trkpt>
      <trkpt lat="66.274138" lon="13.902899"></trkpt>
      <trkpt lat="66.274116" lon="13.902559"></trkpt>
      <trkpt lat="66.274085" lon="13.902408"></trkpt>
      <trkpt lat="66.273950" lon="13.902139"></trkpt>
      <trkpt lat="66.273917" lon="13.902027"></trkpt>
      <trkpt lat="66.273910" lon="13.901899"></trkpt>
      <trkpt lat="66.273921" lon="13.901833"></trkpt>
      <trkpt lat="66.274014" lon="13.901442"></trkpt>
      <trkpt lat="66.274107" lon="13.901455"></trkpt>
      <trkpt lat="66.274347" lon="13.901850"></trkpt>
      <trkpt lat="66.274460" lon="13.902008"></trkpt>
      <trkpt lat="66.274659" lon="13.902371"></trkpt>
      <trkpt lat="66.275161" lon="13.903093"></trkpt>
      <trkpt lat="66.275298" lon="13.903408"></trkpt>
      <trkpt lat="66.275723" lon="13.904192"></trkpt>
      <trkpt lat="66.275967" lon="13.904595"></trkpt>
      <trkpt lat="66.276111" lon="13.904770"></trkpt>
      <trkpt lat="66.276296" lon="13.904913"></trkpt>
      <trkpt lat="66.276457" lon="13.905095"></trkpt>
      <trkpt lat="66.276519" lon="13.905135"></trkpt>
      <trkpt lat="66.276746" lon="13.905270"></trkpt>
      <trkpt lat="66.276892" lon="13.905293"></trkpt>
      <trkpt lat="66.276937" lon="13.905277"></trkpt>
      <trkpt lat="66.276983" lon="13.905215"></trkpt>
      <trkpt lat="66.277008" lon="13.905125"></trkpt>
      <trkpt lat="66.277014" lon="13.904929"></trkpt>
      <trkpt lat="66.277002" lon="13.904800"></trkpt>
      <trkpt lat="66.276989" lon="13.904747"></trkpt>
      <trkpt lat="66.276861" lon="13.904416"></trkpt>
      <trkpt lat="66.276670" lon="13.903767"></trkpt>
      <trkpt lat="66.276627" lon="13.903520"></trkpt>
      <trkpt lat="66.276487" lon="13.902938"></trkpt>
      <trkpt lat="66.276435" lon="13.902648"></trkpt>
      <trkpt lat="66.276413" lon="13.902404"></trkpt>
      <trkpt lat="66.276379" lon="13.902203"></trkpt>
      <trkpt lat="66.276362" lon="13.901952"></trkpt>
      <trkpt lat="66.276357" lon="13.901705"></trkpt>
      <trkpt lat="66.276332" lon="13.901243"></trkpt>
      <trkpt lat="66.276331" lon="13.900949"></trkpt>
      <trkpt lat="66.276407" lon="13.900685"></trkpt>
      <trkpt lat="66.276469" lon="13.900557"></trkpt>
      <trkpt lat="66.276529" lon="13.900485"></trkpt>
      <trkpt lat="66.276571" lon="13.900466"></trkpt>
      <trkpt lat="66.276704" lon="13.900438"></trkpt>
      <trkpt lat="66.276826" lon="13.900464"></trkpt>
      <trkpt lat="66.277458" lon="13.900663"></trkpt>
      <trkpt lat="66.277544" lon="13.900715"></trkpt>
      <trkpt lat="66.278262" lon="13.901343"></trkpt>
      <trkpt lat="66.278436" lon="13.901547"></trkpt>
      <trkpt lat="66.278542" lon="13.901728"></trkpt>
      <trkpt lat="66.278708" lon="13.902146"></trkpt>
      <trkpt lat="66.278735" lon="13.902232"></trkpt>
      <trkpt lat="66.278792" lon="13.902483"></trkpt>
      <trkpt lat="66.278819" lon="13.902549"></trkpt>
      <trkpt lat="66.278858" lon="13.902567"></trkpt>
      <trkpt lat="66.278903" lon="13.902512"></trkpt>
      <trkpt lat="66.278945" lon="13.902414"></trkpt>
      <trkpt lat="66.279001" lon="13.902212"></trkpt>
      <trkpt lat="66.278839" lon="13.901830"></trkpt>
      <trkpt lat="66.278758" lon="13.901597"></trkpt>
      <trkpt lat="66.278695" lon="13.901380"></trkpt>
      <trkpt lat="66.278641" lon="13.901169"></trkpt>
      <trkpt lat="66.278585" lon="13.900913"></trkpt>
      <trkpt lat="66.278482" lon="13.900395"></trkpt>
      <trkpt lat="66.278425" lon="13.900135"></trkpt>
      <trkpt lat="66.278326" lon="13.899735"></trkpt>
      <trkpt lat="66.278267" lon="13.899524"></trkpt>
      <trkpt lat="66.278142" lon="13.899174"></trkpt>
      <trkpt lat="66.278099" lon="13.899083"></trkpt>
      <trkpt lat="66.277956" lon="13.898741"></trkpt>
      <trkpt lat="66.277814" lon="13.898420"></trkpt>
      <trkpt lat="66.277552" lon="13.897790"></trkpt>
      <trkpt lat="66.277448" lon="13.897526"></trkpt>
      <trkpt lat="66.277330" lon="13.897170"></trkpt>
      <trkpt lat="66.277257" lon="13.896915"></trkpt>
      <trkpt lat="66.277218" lon="13.896764"></trkpt>
      <trkpt lat="66.277137" lon="13.896417"></trkpt>
      <trkpt lat="66.277098" lon="13.896224"></trkpt>
      <trkpt lat="66.277036" lon="13.895867"></trkpt>
      <trkpt lat="66.276995" lon="13.895602"></trkpt>
      <trkpt lat="66.276960" lon="13.895313"></trkpt>
      <trkpt lat="66.276937" lon="13.895090"></trkpt>
      <trkpt lat="66.276904" lon="13.894646"></trkpt>
      <trkpt lat="66.276886" lon="13.894357"></trkpt>
      <trkpt lat="66.276877" lon="13.894132"></trkpt>
      <trkpt lat="66.276864" lon="13.893962"></trkpt>
      <trkpt lat="66.276822" lon="13.893115"></trkpt>
      <trkpt lat="66.276808" lon="13.892899"></trkpt>
      <trkpt lat="66.276799" lon="13.892682"></trkpt>
      <trkpt lat="66.276792" lon="13.892409"></trkpt>
      <trkpt lat="66.276789" lon="13.892129"></trkpt>
      <trkpt lat="66.276799" lon="13.891788"></trkpt>
      <trkpt lat="66.276816" lon="13.891502"></trkpt>
      <trkpt lat="66.276864" lon="13.891082"></trkpt>
      <trkpt lat="66.276898" lon="13.890851"></trkpt>
      <trkpt lat="66.277007" lon="13.890321"></trkpt>
      <trkpt lat="66.277057" lon="13.890061"></trkpt>
      <trkpt lat="66.277135" lon="13.889587"></trkpt>
      <trkpt lat="66.277164" lon="13.889302"></trkpt>
      <trkpt lat="66.277177" lon="13.889140"></trkpt>
      <trkpt lat="66.277192" lon="13.888879"></trkpt>
      <trkpt lat="66.277186" lon="13.888391"></trkpt>
      <trkpt lat="66.277155" lon="13.887593"></trkpt>
      <trkpt lat="66.277156" lon="13.887325"></trkpt>
      <trkpt lat="66.277163" lon="13.886995"></trkpt>
      <trkpt lat="66.277175" lon="13.886785"></trkpt>
      <trkpt lat="66.277201" lon="13.886428"></trkpt>
      <trkpt lat="66.277261" lon="13.885965"></trkpt>
      <trkpt lat="66.277333" lon="13.885647"></trkpt>
      <trkpt lat="66.277449" lon="13.885200"></trkpt>
      <trkpt lat="66.277498" lon="13.885062"></trkpt>
      <trkpt lat="66.277561" lon="13.884906"></trkpt>
      <trkpt lat="66.277664" lon="13.884691"></trkpt>
      <trkpt lat="66.277765" lon="13.884494"></trkpt>
      <trkpt lat="66.278166" lon="13.883745"></trkpt>
      <trkpt lat="66.278282" lon="13.883511"></trkpt>
      <trkpt lat="66.278352" lon="13.883360"></trkpt>
      <trkpt lat="66.278418" lon="13.883187"></trkpt>
      <trkpt lat="66.278486" lon="13.882991"></trkpt>
      <trkpt lat="66.278568" lon="13.882736"></trkpt>
      <trkpt lat="66.278683" lon="13.882282"></trkpt>
      <trkpt lat="66.278777" lon="13.881844"></trkpt>
      <trkpt lat="66.278985" lon="13.880804"></trkpt>
      <trkpt lat="66.279020" lon="13.880608"></trkpt>
      <trkpt lat="66.279143" lon="13.880016"></trkpt>
      <trkpt lat="66.279240" lon="13.879580"></trkpt>
      <trkpt lat="66.279322" lon="13.879174"></trkpt>
      <trkpt lat="66.279410" lon="13.878786"></trkpt>
      <trkpt lat="66.279480" lon="13.878417"></trkpt>
      <trkpt lat="66.279493" lon="13.878357"></trkpt>
      <trkpt lat="66.279541" lon="13.878085"></trkpt>
      <trkpt lat="66.279581" lon="13.877800"></trkpt>
      <trkpt lat="66.279618" lon="13.877498"></trkpt>
      <trkpt lat="66.279638" lon="13.877243"></trkpt>
      <trkpt lat="66.279646" lon="13.876490"></trkpt>
      <trkpt lat="66.279596" lon="13.875390"></trkpt>
      <trkpt lat="66.279593" lon="13.875169"></trkpt>
      <trkpt lat="66.279594" lon="13.874961"></trkpt>
      <trkpt lat="66.279601" lon="13.874552"></trkpt>
      <trkpt lat="66.279615" lon="13.874267"></trkpt>
      <trkpt lat="66.279662" lon="13.873647"></trkpt>
      <trkpt lat="66.279689" lon="13.873349"></trkpt>
      <trkpt lat="66.279727" lon="13.872774"></trkpt>
      <trkpt lat="66.279742" lon="13.872517"></trkpt>
      <trkpt lat="66.279754" lon="13.872091"></trkpt>
      <trkpt lat="66.279756" lon="13.871661"></trkpt>
      <trkpt lat="66.279751" lon="13.871372"></trkpt>
      <trkpt lat="66.279739" lon="13.870845"></trkpt>
      <trkpt lat="66.279729" lon="13.870606"></trkpt>
      <trkpt lat="66.279700" lon="13.869703"></trkpt>
      <trkpt lat="66.279675" lon="13.869302"></trkpt>
      <trkpt lat="66.279654" lon="13.868952"></trkpt>
      <trkpt lat="66.279605" lon="13.868486"></trkpt>
      <trkpt lat="66.279545" lon="13.868046"></trkpt>
      <trkpt lat="66.279435" lon="13.867302"></trkpt>
      <trkpt lat="66.279355" lon="13.866831"></trkpt>
      <trkpt lat="66.279174" lon="13.865658"></trkpt>
      <trkpt lat="66.279067" lon="13.865020"></trkpt>
      <trkpt lat="66.278959" lon="13.864327"></trkpt>
      <trkpt lat="66.278883" lon="13.863862"></trkpt>
      <trkpt lat="66.278777" lon="13.863168"></trkpt>
      <trkpt lat="66.278676" lon="13.862577"></trkpt>
      <trkpt lat="66.278657" lon="13.862472"></trkpt>
      <trkpt lat="66.278628" lon="13.862331"></trkpt>
      <trkpt lat="66.278562" lon="13.862037"></trkpt>
      <trkpt lat="66.278429" lon="13.861549"></trkpt>
      <trkpt lat="66.278328" lon="13.861147"></trkpt>
      <trkpt lat="66.278247" lon="13.860746"></trkpt>
      <trkpt lat="66.278109" lon="13.859875"></trkpt>
      <trkpt lat="66.277835" lon="13.857881"></trkpt>
      <trkpt lat="66.277769" lon="13.857373"></trkpt>
      <trkpt lat="66.277667" lon="13.856710"></trkpt>
      <trkpt lat="66.277586" lon="13.856258"></trkpt>
      <trkpt lat="66.277513" lon="13.855818"></trkpt>
      <trkpt lat="66.277448" lon="13.855342"></trkpt>
      <trkpt lat="66.277413" lon="13.855014"></trkpt>
      <trkpt lat="66.277371" lon="13.854541"></trkpt>
      <trkpt lat="66.277351" lon="13.854281"></trkpt>
      <trkpt lat="66.277309" lon="13.853645"></trkpt>
      <trkpt lat="66.277270" lon="13.853153"></trkpt>
      <trkpt lat="66.277203" lon="13.852660"></trkpt>
      <trkpt lat="66.277085" lon="13.851977"></trkpt>
      <trkpt lat="66.277053" lon="13.851780"></trkpt>
      <trkpt lat="66.276990" lon="13.851352"></trkpt>
      <trkpt lat="66.276954" lon="13.851013"></trkpt>
      <trkpt lat="66.276921" lon="13.850555"></trkpt>
      <trkpt lat="66.276897" lon="13.850160"></trkpt>
      <trkpt lat="66.276899" lon="13.849220"></trkpt>
      <trkpt lat="66.276945" lon="13.847801"></trkpt>
      <trkpt lat="66.276973" lon="13.847189"></trkpt>
      <trkpt lat="66.277008" lon="13.846650"></trkpt>
      <trkpt lat="66.277034" lon="13.846355"></trkpt>
      <trkpt lat="66.277040" lon="13.846248"></trkpt>
      <trkpt lat="66.277060" lon="13.845775"></trkpt>
      <trkpt lat="66.277075" lon="13.845235"></trkpt>
      <trkpt lat="66.277069" lon="13.843970"></trkpt>
      <trkpt lat="66.277072" lon="13.841800"></trkpt>
      <trkpt lat="66.277076" lon="13.841287"></trkpt>
      <trkpt lat="66.277084" lon="13.840861"></trkpt>
      <trkpt lat="66.277111" lon="13.839929"></trkpt>
      <trkpt lat="66.277143" lon="13.839295"></trkpt>
      <trkpt lat="66.277173" lon="13.838821"></trkpt>
      <trkpt lat="66.277205" lon="13.838178"></trkpt>
      <trkpt lat="66.277252" lon="13.837659"></trkpt>
      <trkpt lat="66.277340" lon="13.836600"></trkpt>
      <trkpt lat="66.277382" lon="13.836080"></trkpt>
      <trkpt lat="66.277449" lon="13.835168"></trkpt>
      <trkpt lat="66.277469" lon="13.834889"></trkpt>
      <trkpt lat="66.277519" lon="13.833989"></trkpt>
      <trkpt lat="66.277563" lon="13.832993"></trkpt>
      <trkpt lat="66.277584" lon="13.832578"></trkpt>
      <trkpt lat="66.277601" lon="13.832057"></trkpt>
      <trkpt lat="66.277682" lon="13.830198"></trkpt>
      <trkpt lat="66.277701" lon="13.829351"></trkpt>
      <trkpt lat="66.277700" lon="13.829016"></trkpt>
      <trkpt lat="66.277692" lon="13.828477"></trkpt>
      <trkpt lat="66.277670" lon="13.828011"></trkpt>
      <trkpt lat="66.277661" lon="13.827854"></trkpt>
      <trkpt lat="66.277627" lon="13.827399"></trkpt>
      <trkpt lat="66.277586" lon="13.826942"></trkpt>
      <trkpt lat="66.277501" lon="13.826092"></trkpt>
      <trkpt lat="66.277463" lon="13.825574"></trkpt>
      <trkpt lat="66.277450" lon="13.825321"></trkpt>
      <trkpt lat="66.277440" lon="13.824991"></trkpt>
      <trkpt lat="66.277441" lon="13.824777"></trkpt>
      <trkpt lat="66.277460" lon="13.824342"></trkpt>
      <trkpt lat="66.277483" lon="13.824099"></trkpt>
      <trkpt lat="66.277529" lon="13.823740"></trkpt>
      <trkpt lat="66.277553" lon="13.823594"></trkpt>
      <trkpt lat="66.277638" lon="13.823195"></trkpt>
      <trkpt lat="66.277695" lon="13.822965"></trkpt>
      <trkpt lat="66.277749" lon="13.822789"></trkpt>
      <trkpt lat="66.277843" lon="13.822528"></trkpt>
      <trkpt lat="66.278298" lon="13.821385"></trkpt>
      <trkpt lat="66.278399" lon="13.821177"></trkpt>
      <trkpt lat="66.278502" lon="13.821005"></trkpt>
      <trkpt lat="66.278577" lon="13.820889"></trkpt>
      <trkpt lat="66.278745" lon="13.820708"></trkpt>
      <trkpt lat="66.278787" lon="13.820677"></trkpt>
      <trkpt lat="66.278980" lon="13.820569"></trkpt>
      <trkpt lat="66.279192" lon="13.820469"></trkpt>
      <trkpt lat="66.279303" lon="13.820404"></trkpt>
      <trkpt lat="66.279431" lon="13.820318"></trkpt>
      <trkpt lat="66.279581" lon="13.820183"></trkpt>
      <trkpt lat="66.279771" lon="13.819995"></trkpt>
      <trkpt lat="66.280060" lon="13.819649"></trkpt>
      <trkpt lat="66.280158" lon="13.819504"></trkpt>
      <trkpt lat="66.280402" lon="13.819128"></trkpt>
      <trkpt lat="66.280548" lon="13.818888"></trkpt>
      <trkpt lat="66.280668" lon="13.818683"></trkpt>
      <trkpt lat="66.280823" lon="13.818402"></trkpt>
      <trkpt lat="66.280871" lon="13.818327"></trkpt>
      <trkpt lat="66.280929" lon="13.818228"></trkpt>
      <trkpt lat="66.281145" lon="13.817872"></trkpt>
      <trkpt lat="66.281315" lon="13.817603"></trkpt>
      <trkpt lat="66.281530" lon="13.817248"></trkpt>
      <trkpt lat="66.281686" lon="13.817006"></trkpt>
      <trkpt lat="66.281851" lon="13.816734"></trkpt>
      <trkpt lat="66.282025" lon="13.816460"></trkpt>
      <trkpt lat="66.282388" lon="13.815928"></trkpt>
      <trkpt lat="66.282712" lon="13.815408"></trkpt>
      <trkpt lat="66.283189" lon="13.814695"></trkpt>
      <trkpt lat="66.283348" lon="13.814468"></trkpt>
      <trkpt lat="66.283667" lon="13.813991"></trkpt>
      <trkpt lat="66.283794" lon="13.813816"></trkpt>
      <trkpt lat="66.283954" lon="13.813565"></trkpt>
      <trkpt lat="66.284057" lon="13.813415"></trkpt>
      <trkpt lat="66.284258" lon="13.813102"></trkpt>
      <trkpt lat="66.284357" lon="13.812956"></trkpt>
      <trkpt lat="66.284439" lon="13.812819"></trkpt>
      <trkpt lat="66.284911" lon="13.812070"></trkpt>
      <trkpt lat="66.284932" lon="13.812045"></trkpt>
      <trkpt lat="66.285102" lon="13.811757"></trkpt>
      <trkpt lat="66.285401" lon="13.811282"></trkpt>
      <trkpt lat="66.285588" lon="13.811081"></trkpt>
      <trkpt lat="66.285761" lon="13.810931"></trkpt>
      <trkpt lat="66.285863" lon="13.810869"></trkpt>
      <trkpt lat="66.286039" lon="13.810781"></trkpt>
      <trkpt lat="66.286218" lon="13.810707"></trkpt>
      <trkpt lat="66.286372" lon="13.810617"></trkpt>
      <trkpt lat="66.286577" lon="13.810454"></trkpt>
      <trkpt lat="66.286615" lon="13.810412"></trkpt>
      <trkpt lat="66.286761" lon="13.810222"></trkpt>
      <trkpt lat="66.286916" lon="13.809988"></trkpt>
      <trkpt lat="66.287205" lon="13.809515"></trkpt>
      <trkpt lat="66.287393" lon="13.809188"></trkpt>
      <trkpt lat="66.287425" lon="13.809125"></trkpt>
      <trkpt lat="66.287467" lon="13.809025"></trkpt>
      <trkpt lat="66.287524" lon="13.808914"></trkpt>
      <trkpt lat="66.287564" lon="13.808822"></trkpt>
      <trkpt lat="66.287594" lon="13.808746"></trkpt>
      <trkpt lat="66.287627" lon="13.808645"></trkpt>
      <trkpt lat="66.287737" lon="13.808257"></trkpt>
      <trkpt lat="66.287816" lon="13.807945"></trkpt>
      <trkpt lat="66.287973" lon="13.807269"></trkpt>
      <trkpt lat="66.288163" lon="13.806488"></trkpt>
      <trkpt lat="66.288290" lon="13.806045"></trkpt>
      <trkpt lat="66.288408" lon="13.805653"></trkpt>
      <trkpt lat="66.288554" lon="13.805242"></trkpt>
      <trkpt lat="66.288587" lon="13.805160"></trkpt>
      <trkpt lat="66.288651" lon="13.804980"></trkpt>
      <trkpt lat="66.288915" lon="13.804356"></trkpt>
      <trkpt lat="66.288987" lon="13.804198"></trkpt>
      <trkpt lat="66.289198" lon="13.803785"></trkpt>
      <trkpt lat="66.289287" lon="13.803621"></trkpt>
      <trkpt lat="66.289467" lon="13.803324"></trkpt>
      <trkpt lat="66.289596" lon="13.803136"></trkpt>
      <trkpt lat="66.289780" lon="13.802891"></trkpt>
      <trkpt lat="66.290353" lon="13.802271"></trkpt>
      <trkpt lat="66.290538" lon="13.802062"></trkpt>
      <trkpt lat="66.290713" lon="13.801844"></trkpt>
      <trkpt lat="66.290925" lon="13.801482"></trkpt>
      <trkpt lat="66.290983" lon="13.801367"></trkpt>
      <trkpt lat="66.291043" lon="13.801225"></trkpt>
      <trkpt lat="66.291131" lon="13.800997"></trkpt>
      <trkpt lat="66.291191" lon="13.800798"></trkpt>
      <trkpt lat="66.291259" lon="13.800555"></trkpt>
      <trkpt lat="66.291302" lon="13.800394"></trkpt>
      <trkpt lat="66.291366" lon="13.800105"></trkpt>
      <trkpt lat="66.291398" lon="13.799915"></trkpt>
      <trkpt lat="66.291448" lon="13.799597"></trkpt>
      <trkpt lat="66.291508" lon="13.799111"></trkpt>
      <trkpt lat="66.291528" lon="13.798861"></trkpt>
      <trkpt lat="66.291619" lon="13.797892"></trkpt>
      <trkpt lat="66.291657" lon="13.797515"></trkpt>
      <trkpt lat="66.291767" lon="13.796587"></trkpt>
      <trkpt lat="66.291834" lon="13.796083"></trkpt>
      <trkpt lat="66.291952" lon="13.795304"></trkpt>
      <trkpt lat="66.292033" lon="13.794804"></trkpt>
      <trkpt lat="66.292110" lon="13.794352"></trkpt>
      <trkpt lat="66.292125" lon="13.794243"></trkpt>
      <trkpt lat="66.292138" lon="13.794133"></trkpt>
      <trkpt lat="66.292176" lon="13.793882"></trkpt>
      <trkpt lat="66.292202" lon="13.793737"></trkpt>
      <trkpt lat="66.292325" lon="13.792956"></trkpt>
      <trkpt lat="66.292545" lon="13.791498"></trkpt>
      <trkpt lat="66.292613" lon="13.791093"></trkpt>
      <trkpt lat="66.292681" lon="13.790622"></trkpt>
      <trkpt lat="66.292762" lon="13.790143"></trkpt>
      <trkpt lat="66.292831" lon="13.789653"></trkpt>
      <trkpt lat="66.292904" lon="13.789207"></trkpt>
      <trkpt lat="66.292973" lon="13.788802"></trkpt>
      <trkpt lat="66.293116" lon="13.788062"></trkpt>
      <trkpt lat="66.293184" lon="13.787746"></trkpt>
      <trkpt lat="66.293281" lon="13.787349"></trkpt>
      <trkpt lat="66.293414" lon="13.786835"></trkpt>
      <trkpt lat="66.293574" lon="13.786243"></trkpt>
      <trkpt lat="66.293669" lon="13.785935"></trkpt>
      <trkpt lat="66.293760" lon="13.785625"></trkpt>
      <trkpt lat="66.293890" lon="13.785113"></trkpt>
      <trkpt lat="66.293967" lon="13.784812"></trkpt>
      <trkpt lat="66.294032" lon="13.784533"></trkpt>
      <trkpt lat="66.294058" lon="13.784413"></trkpt>
      <trkpt lat="66.294084" lon="13.784282"></trkpt>
      <trkpt lat="66.294148" lon="13.783856"></trkpt>
      <trkpt lat="66.294181" lon="13.783585"></trkpt>
      <trkpt lat="66.294215" lon="13.783270"></trkpt>
      <trkpt lat="66.294233" lon="13.782971"></trkpt>
      <trkpt lat="66.294248" lon="13.782659"></trkpt>
      <trkpt lat="66.294256" lon="13.782260"></trkpt>
      <trkpt lat="66.294245" lon="13.781854"></trkpt>
      <trkpt lat="66.294221" lon="13.781345"></trkpt>
      <trkpt lat="66.294155" lon="13.780611"></trkpt>
      <trkpt lat="66.294115" lon="13.780268"></trkpt>
      <trkpt lat="66.294110" lon="13.780196"></trkpt>
      <trkpt lat="66.293948" lon="13.779032"></trkpt>
      <trkpt lat="66.293839" lon="13.778299"></trkpt>
      <trkpt lat="66.293745" lon="13.777639"></trkpt>
      <trkpt lat="66.293732" lon="13.777548"></trkpt>
      <trkpt lat="66.293665" lon="13.777041"></trkpt>
      <trkpt lat="66.293527" lon="13.776052"></trkpt>
      <trkpt lat="66.293489" lon="13.775810"></trkpt>
      <trkpt lat="66.293422" lon="13.775319"></trkpt>
      <trkpt lat="66.293263" lon="13.774240"></trkpt>
      <trkpt lat="66.293181" lon="13.773629"></trkpt>
      <trkpt lat="66.293080" lon="13.772689"></trkpt>
      <trkpt lat="66.293049" lon="13.772226"></trkpt>
      <trkpt lat="66.293031" lon="13.771798"></trkpt>
      <trkpt lat="66.293019" lon="13.771243"></trkpt>
      <trkpt lat="66.293007" lon="13.770463"></trkpt>
      <trkpt lat="66.293001" lon="13.770231"></trkpt>
      <trkpt lat="66.293001" lon="13.769812"></trkpt>
      <trkpt lat="66.292984" lon="13.769191"></trkpt>
      <trkpt lat="66.292974" lon="13.768668"></trkpt>
      <trkpt lat="66.292966" lon="13.768439"></trkpt>
      <trkpt lat="66.292955" lon="13.768140"></trkpt>
      <trkpt lat="66.292941" lon="13.767149"></trkpt>
      <trkpt lat="66.292952" lon="13.766605"></trkpt>
      <trkpt lat="66.292980" lon="13.766131"></trkpt>
      <trkpt lat="66.293000" lon="13.765870"></trkpt>
      <trkpt lat="66.293056" lon="13.765424"></trkpt>
      <trkpt lat="66.293106" lon="13.765139"></trkpt>
      <trkpt lat="66.293243" lon="13.764408"></trkpt>
      <trkpt lat="66.293345" lon="13.763929"></trkpt>
      <trkpt lat="66.293433" lon="13.763471"></trkpt>
      <trkpt lat="66.293532" lon="13.762824"></trkpt>
      <trkpt lat="66.293600" lon="13.762185"></trkpt>
      <trkpt lat="66.293611" lon="13.762083"></trkpt>
      <trkpt lat="66.293643" lon="13.761570"></trkpt>
      <trkpt lat="66.293665" lon="13.761041"></trkpt>
      <trkpt lat="66.293680" lon="13.760050"></trkpt>
      <trkpt lat="66.293693" lon="13.759578"></trkpt>
      <trkpt lat="66.293700" lon="13.759409"></trkpt>
      <trkpt lat="66.293712" lon="13.758960"></trkpt>
      <trkpt lat="66.293718" lon="13.758469"></trkpt>
      <trkpt lat="66.293727" lon="13.758046"></trkpt>
      <trkpt lat="66.293729" lon="13.757710"></trkpt>
      <trkpt lat="66.293802" lon="13.753747"></trkpt>
      <trkpt lat="66.293825" lon="13.752662"></trkpt>
      <trkpt lat="66.293862" lon="13.751518"></trkpt>
      <trkpt lat="66.293870" lon="13.751352"></trkpt>
      <trkpt lat="66.293936" lon="13.750326"></trkpt>
      <trkpt lat="66.293996" lon="13.749443"></trkpt>
      <trkpt lat="66.294060" lon="13.748658"></trkpt>
      <trkpt lat="66.294114" lon="13.748102"></trkpt>
      <trkpt lat="66.294137" lon="13.747779"></trkpt>
      <trkpt lat="66.294176" lon="13.747345"></trkpt>
      <trkpt lat="66.294213" lon="13.746842"></trkpt>
      <trkpt lat="66.294263" lon="13.746309"></trkpt>
      <trkpt lat="66.294350" lon="13.745270"></trkpt>
      <trkpt lat="66.294435" lon="13.744312"></trkpt>
      <trkpt lat="66.294634" lon="13.741977"></trkpt>
      <trkpt lat="66.294800" lon="13.739982"></trkpt>
      <trkpt lat="66.294841" lon="13.739458"></trkpt>
      <trkpt lat="66.294889" lon="13.738783"></trkpt>
      <trkpt lat="66.294920" lon="13.738311"></trkpt>
      <trkpt lat="66.294981" lon="13.737271"></trkpt>
      <trkpt lat="66.295021" lon="13.736482"></trkpt>
      <trkpt lat="66.295049" lon="13.735993"></trkpt>
      <trkpt lat="66.295057" lon="13.735834"></trkpt>
      <trkpt lat="66.295150" lon="13.734147"></trkpt>
      <trkpt lat="66.295230" lon="13.732581"></trkpt>
      <trkpt lat="66.295252" lon="13.732232"></trkpt>
      <trkpt lat="66.295264" lon="13.731988"></trkpt>
      <trkpt lat="66.295248" lon="13.731969"></trkpt>
      <trkpt lat="66.295165" lon="13.731902"></trkpt>
      <trkpt lat="66.295052" lon="13.731778"></trkpt>
      <trkpt lat="66.294858" lon="13.731512"></trkpt>
      <trkpt lat="66.294111" lon="13.730421"></trkpt>
      <trkpt lat="66.293921" lon="13.730168"></trkpt>
      <trkpt lat="66.293749" lon="13.729969"></trkpt>
      <trkpt lat="66.293504" lon="13.729763"></trkpt>
      <trkpt lat="66.293339" lon="13.729653"></trkpt>
      <trkpt lat="66.293218" lon="13.729610"></trkpt>
      <trkpt lat="66.293111" lon="13.729595"></trkpt>
      <trkpt lat="66.292899" lon="13.729617"></trkpt>
      <trkpt lat="66.292755" lon="13.729676"></trkpt>
      <trkpt lat="66.292720" lon="13.729707"></trkpt>
      <trkpt lat="66.292626" lon="13.729807"></trkpt>
      <trkpt lat="66.292524" lon="13.729951"></trkpt>
      <trkpt lat="66.292460" lon="13.730076"></trkpt>
      <trkpt lat="66.292359" lon="13.730300"></trkpt>
      <trkpt lat="66.292301" lon="13.730477"></trkpt>
      <trkpt lat="66.292090" lon="13.731223"></trkpt>
      <trkpt lat="66.292010" lon="13.731597"></trkpt>
      <trkpt lat="66.291922" lon="13.732085"></trkpt>
      <trkpt lat="66.291887" lon="13.732236"></trkpt>
      <trkpt lat="66.291810" lon="13.732468"></trkpt>
      <trkpt lat="66.291384" lon="13.733334"></trkpt>
      <trkpt lat="66.291228" lon="13.733714"></trkpt>
      <trkpt lat="66.291103" lon="13.734086"></trkpt>
      <trkpt lat="66.290912" lon="13.734751"></trkpt>
      <trkpt lat="66.290831" lon="13.735138"></trkpt>
      <trkpt lat="66.290742" lon="13.735647"></trkpt>
      <trkpt lat="66.290701" lon="13.735970"></trkpt>
      <trkpt lat="66.290654" lon="13.736525"></trkpt>
      <trkpt lat="66.290639" lon="13.736969"></trkpt>
      <trkpt lat="66.290611" lon="13.737381"></trkpt>
      <trkpt lat="66.290552" lon="13.737803"></trkpt>
      <trkpt lat="66.290541" lon="13.739230"></trkpt>
      <trkpt lat="66.290526" lon="13.739674"></trkpt>
      <trkpt lat="66.290505" lon="13.741621"></trkpt>
      <trkpt lat="66.290494" lon="13.742023"></trkpt>
      <trkpt lat="66.290455" lon="13.742553"></trkpt>
      <trkpt lat="66.290441" lon="13.742663"></trkpt>
      <trkpt lat="66.290411" lon="13.742792"></trkpt>
      <trkpt lat="66.290332" lon="13.743036"></trkpt>
      <trkpt lat="66.290178" lon="13.743401"></trkpt>
      <trkpt lat="66.289775" lon="13.744239"></trkpt>
      <trkpt lat="66.289265" lon="13.745434"></trkpt>
      <trkpt lat="66.289120" lon="13.745691"></trkpt>
      <trkpt lat="66.288939" lon="13.745941"></trkpt>
      <trkpt lat="66.288664" lon="13.746240"></trkpt>
      <trkpt lat="66.288091" lon="13.746754"></trkpt>
      <trkpt lat="66.287865" lon="13.746933"></trkpt>
      <trkpt lat="66.287506" lon="13.747162"></trkpt>
      <trkpt lat="66.287184" lon="13.747395"></trkpt>
      <trkpt lat="66.286910" lon="13.747586"></trkpt>
      <trkpt lat="66.286418" lon="13.748005"></trkpt>
      <trkpt lat="66.286243" lon="13.748121"></trkpt>
      <trkpt lat="66.286070" lon="13.748259"></trkpt>
      <trkpt lat="66.285748" lon="13.748482"></trkpt>
      <trkpt lat="66.285068" lon="13.748993"></trkpt>
      <trkpt lat="66.284656" lon="13.749339"></trkpt>
      <trkpt lat="66.284396" lon="13.749639"></trkpt>
      <trkpt lat="66.284242" lon="13.749867"></trkpt>
      <trkpt lat="66.284083" lon="13.750160"></trkpt>
      <trkpt lat="66.284016" lon="13.750313"></trkpt>
      <trkpt lat="66.283936" lon="13.750549"></trkpt>
      <trkpt lat="66.283825" lon="13.750755"></trkpt>
      <trkpt lat="66.283720" lon="13.750900"></trkpt>
      <trkpt lat="66.283578" lon="13.751046"></trkpt>
      <trkpt lat="66.283461" lon="13.751129"></trkpt>
      <trkpt lat="66.283378" lon="13.751154"></trkpt>
      <trkpt lat="66.283023" lon="13.751160"></trkpt>
      <trkpt lat="66.282853" lon="13.751140"></trkpt>
      <trkpt lat="66.282000" lon="13.750990"></trkpt>
      <trkpt lat="66.281916" lon="13.750907"></trkpt>
      <trkpt lat="66.281801" lon="13.750730"></trkpt>
      <trkpt lat="66.281625" lon="13.750496"></trkpt>
      <trkpt lat="66.281410" lon="13.750155"></trkpt>
      <trkpt lat="66.281086" lon="13.749714"></trkpt>
      <trkpt lat="66.280607" lon="13.748938"></trkpt>
      <trkpt lat="66.280606" lon="13.748887"></trkpt>
      <trkpt lat="66.280603" lon="13.748526"></trkpt>
      <trkpt lat="66.280618" lon="13.748262"></trkpt>
      <trkpt lat="66.280639" lon="13.748172"></trkpt>
      <trkpt lat="66.280721" lon="13.747988"></trkpt>
      <trkpt lat="66.280755" lon="13.747941"></trkpt>
      <trkpt lat="66.280801" lon="13.747906"></trkpt>
      <trkpt lat="66.280839" lon="13.747899"></trkpt>
      <trkpt lat="66.280888" lon="13.747901"></trkpt>
      <trkpt lat="66.281175" lon="13.747990"></trkpt>
      <trkpt lat="66.281223" lon="13.747976"></trkpt>
      <trkpt lat="66.281245" lon="13.747924"></trkpt>
      <trkpt lat="66.281260" lon="13.747814"></trkpt>
      <trkpt lat="66.281284" lon="13.747492"></trkpt>
      <trkpt lat="66.281288" lon="13.746868"></trkpt>
      <trkpt lat="66.281286" lon="13.746772"></trkpt>
      <trkpt lat="66.281262" lon="13.746568"></trkpt>
      <trkpt lat="66.281187" lon="13.746206"></trkpt>
      <trkpt lat="66.280874" lon="13.745253"></trkpt>
      <trkpt lat="66.280789" lon="13.744889"></trkpt>
      <trkpt lat="66.280752" lon="13.744597"></trkpt>
      <trkpt lat="66.280714" lon="13.744093"></trkpt>
      <trkpt lat="66.280659" lon="13.743621"></trkpt>
      <trkpt lat="66.280620" lon="13.742993"></trkpt>
      <trkpt lat="66.280537" lon="13.742085"></trkpt>
      <trkpt lat="66.280534" lon="13.741900"></trkpt>
      <trkpt lat="66.280506" lon="13.741817"></trkpt>
      <trkpt lat="66.280368" lon="13.740196"></trkpt>
      <trkpt lat="66.280355" lon="13.739661"></trkpt>
      <trkpt lat="66.280361" lon="13.737580"></trkpt>
      <trkpt lat="66.280349" lon="13.737336"></trkpt>
      <trkpt lat="66.280268" lon="13.736669"></trkpt>
      <trkpt lat="66.280226" lon="13.736466"></trkpt>
      <trkpt lat="66.280162" lon="13.736311"></trkpt>
      <trkpt lat="66.279961" lon="13.735878"></trkpt>
      <trkpt lat="66.279777" lon="13.735564"></trkpt>
      <trkpt lat="66.279707" lon="13.735407"></trkpt>
      <trkpt lat="66.279636" lon="13.735192"></trkpt>
      <trkpt lat="66.279362" lon="13.734255"></trkpt>
      <trkpt lat="66.279292" lon="13.733966"></trkpt>
      <trkpt lat="66.279235" lon="13.733664"></trkpt>
      <trkpt lat="66.279165" lon="13.733284"></trkpt>
      <trkpt lat="66.279085" lon="13.732787"></trkpt>
      <trkpt lat="66.278889" lon="13.731870"></trkpt>
      <trkpt lat="66.278663" lon="13.731148"></trkpt>
      <trkpt lat="66.278628" lon="13.731059"></trkpt>
      <trkpt lat="66.278581" lon="13.730952"></trkpt>
      <trkpt lat="66.278455" lon="13.730780"></trkpt>
      <trkpt lat="66.278111" lon="13.730423"></trkpt>
      <trkpt lat="66.278060" lon="13.730403"></trkpt>
      <trkpt lat="66.277945" lon="13.730398"></trkpt>
      <trkpt lat="66.277758" lon="13.730430"></trkpt>
      <trkpt lat="66.277582" lon="13.730454"></trkpt>
      <trkpt lat="66.277472" lon="13.730446"></trkpt>
      <trkpt lat="66.277323" lon="13.730293"></trkpt>
      <trkpt lat="66.277177" lon="13.730091"></trkpt>
      <trkpt lat="66.276880" lon="13.729781"></trkpt>
      <trkpt lat="66.276797" lon="13.729712"></trkpt>
      <trkpt lat="66.276629" lon="13.729622"></trkpt>
      <trkpt lat="66.276385" lon="13.729280"></trkpt>
      <trkpt lat="66.276308" lon="13.729141"></trkpt>
      <trkpt lat="66.275995" lon="13.728507"></trkpt>
      <trkpt lat="66.275918" lon="13.728332"></trkpt>
      <trkpt lat="66.275805" lon="13.727937"></trkpt>
      <trkpt lat="66.275700" lon="13.727644"></trkpt>
      <trkpt lat="66.275658" lon="13.727570"></trkpt>
      <trkpt lat="66.275593" lon="13.727491"></trkpt>
      <trkpt lat="66.275505" lon="13.727415"></trkpt>
      <trkpt lat="66.275420" lon="13.727313"></trkpt>
      <trkpt lat="66.275287" lon="13.727043"></trkpt>
      <trkpt lat="66.275133" lon="13.726802"></trkpt>
      <trkpt lat="66.275133" lon="13.726802"></trkpt>
      <trkpt lat="66.274762" lon="13.726410"></trkpt>
      <trkpt lat="66.274561" lon="13.726303"></trkpt>
      <trkpt lat="66.274352" lon="13.726286"></trkpt>
      <trkpt lat="66.274264" lon="13.726295"></trkpt>
      <trkpt lat="66.274182" lon="13.726331"></trkpt>
      <trkpt lat="66.274084" lon="13.726349"></trkpt>
      <trkpt lat="66.274473" lon="13.726937"></trkpt>
      <trkpt lat="66.274636" lon="13.727230"></trkpt>
      <trkpt lat="66.274710" lon="13.727418"></trkpt>
      <trkpt lat="66.274772" lon="13.727617"></trkpt>
      <trkpt lat="66.274815" lon="13.727809"></trkpt>
      <trkpt lat="66.274863" lon="13.728089"></trkpt>
      <trkpt lat="66.274864" lon="13.728457"></trkpt>
      <trkpt lat="66.274844" lon="13.728910"></trkpt>
      <trkpt lat="66.274796" lon="13.729659"></trkpt>
      <trkpt lat="66.274772" lon="13.730152"></trkpt>
      <trkpt lat="66.274758" lon="13.730679"></trkpt>
      <trkpt lat="66.274726" lon="13.731393"></trkpt>
      <trkpt lat="66.274725" lon="13.732302"></trkpt>
      <trkpt lat="66.274732" lon="13.732857"></trkpt>
      <trkpt lat="66.274752" lon="13.733263"></trkpt>
      <trkpt lat="66.274751" lon="13.733519"></trkpt>
      <trkpt lat="66.274741" lon="13.733676"></trkpt>
      <trkpt lat="66.274685" lon="13.734122"></trkpt>
      <trkpt lat="66.274649" lon="13.734832"></trkpt>
      <trkpt lat="66.274663" lon="13.735027"></trkpt>
      <trkpt lat="66.274866" lon="13.736523"></trkpt>
      <trkpt lat="66.274926" lon="13.737046"></trkpt>
      <trkpt lat="66.274967" lon="13.737516"></trkpt>
      <trkpt lat="66.274957" lon="13.738659"></trkpt>
      <trkpt lat="66.274962" lon="13.739225"></trkpt>
      <trkpt lat="66.274958" lon="13.740110"></trkpt>
      <trkpt lat="66.274970" lon="13.740577"></trkpt>
      <trkpt lat="66.274979" lon="13.740692"></trkpt>
      <trkpt lat="66.275070" lon="13.741305"></trkpt>
      <trkpt lat="66.275153" lon="13.741664"></trkpt>
      <trkpt lat="66.275509" lon="13.742695"></trkpt>
      <trkpt lat="66.275979" lon="13.744097"></trkpt>
      <trkpt lat="66.276085" lon="13.744417"></trkpt>
      <trkpt lat="66.276205" lon="13.744841"></trkpt>
      <trkpt lat="66.276321" lon="13.745196"></trkpt>
      <trkpt lat="66.276628" lon="13.746072"></trkpt>
      <trkpt lat="66.276655" lon="13.746185"></trkpt>
      <trkpt lat="66.277125" lon="13.747487"></trkpt>
      <trkpt lat="66.277326" lon="13.747931"></trkpt>
      <trkpt lat="66.277443" lon="13.748144"></trkpt>
      <trkpt lat="66.277566" lon="13.748318"></trkpt>
      <trkpt lat="66.277669" lon="13.748451"></trkpt>
      <trkpt lat="66.277764" lon="13.748538"></trkpt>
      <trkpt lat="66.278029" lon="13.748687"></trkpt>
      <trkpt lat="66.278236" lon="13.748771"></trkpt>
      <trkpt lat="66.278425" lon="13.748879"></trkpt>
      <trkpt lat="66.278951" lon="13.749125"></trkpt>
      <trkpt lat="66.279073" lon="13.749204"></trkpt>
      <trkpt lat="66.279369" lon="13.749209"></trkpt>
      <trkpt lat="66.279524" lon="13.749141"></trkpt>
      <trkpt lat="66.279775" lon="13.748955"></trkpt>
      <trkpt lat="66.279903" lon="13.748899"></trkpt>
      <trkpt lat="66.280217" lon="13.748634"></trkpt>
      <trkpt lat="66.280287" lon="13.748606"></trkpt>
      <trkpt lat="66.280364" lon="13.748620"></trkpt>
      <trkpt lat="66.280517" lon="13.748798"></trkpt>
      <trkpt lat="66.280607" lon="13.748938"></trkpt>
      <trkpt lat="66.281086" lon="13.749714"></trkpt>
      <trkpt lat="66.281410" lon="13.750155"></trkpt>
      <trkpt lat="66.281625" lon="13.750496"></trkpt>
      <trkpt lat="66.281801" lon="13.750730"></trkpt>
      <trkpt lat="66.281916" lon="13.750907"></trkpt>
      <trkpt lat="66.282000" lon="13.750990"></trkpt>
      <trkpt lat="66.282853" lon="13.751140"></trkpt>
      <trkpt lat="66.283023" lon="13.751160"></trkpt>
      <trkpt lat="66.283378" lon="13.751154"></trkpt>
      <trkpt lat="66.283461" lon="13.751129"></trkpt>
      <trkpt lat="66.283578" lon="13.751046"></trkpt>
      <trkpt lat="66.283720" lon="13.750900"></trkpt>
      <trkpt lat="66.283825" lon="13.750755"></trkpt>
      <trkpt lat="66.283936" lon="13.750549"></trkpt>
      <trkpt lat="66.284016" lon="13.750313"></trkpt>
      <trkpt lat="66.284083" lon="13.750160"></trkpt>
      <trkpt lat="66.284242" lon="13.749867"></trkpt>
      <trkpt lat="66.284396" lon="13.749639"></trkpt>
      <trkpt lat="66.284656" lon="13.749339"></trkpt>
      <trkpt lat="66.285068" lon="13.748993"></trkpt>
      <trkpt lat="66.285748" lon="13.748482"></trkpt>
      <trkpt lat="66.286070" lon="13.748259"></trkpt>
      <trkpt lat="66.286243" lon="13.748121"></trkpt>
      <trkpt lat="66.286418" lon="13.748005"></trkpt>
      <trkpt lat="66.286910" lon="13.747586"></trkpt>
      <trkpt lat="66.287184" lon="13.747395"></trkpt>
      <trkpt lat="66.287506" lon="13.747162"></trkpt>
      <trkpt lat="66.287865" lon="13.746933"></trkpt>
      <trkpt lat="66.288091" lon="13.746754"></trkpt>
      <trkpt lat="66.288664" lon="13.746240"></trkpt>
      <trkpt lat="66.288939" lon="13.745941"></trkpt>
      <trkpt lat="66.289120" lon="13.745691"></trkpt>
      <trkpt lat="66.289265" lon="13.745434"></trkpt>
      <trkpt lat="66.289775" lon="13.744239"></trkpt>
      <trkpt lat="66.290178" lon="13.743401"></trkpt>
      <trkpt lat="66.290332" lon="13.743036"></trkpt>
      <trkpt lat="66.290411" lon="13.742792"></trkpt>
      <trkpt lat="66.290441" lon="13.742663"></trkpt>
      <trkpt lat="66.290455" lon="13.742553"></trkpt>
      <trkpt lat="66.290494" lon="13.742023"></trkpt>
      <trkpt lat="66.290505" lon="13.741621"></trkpt>
      <trkpt lat="66.290526" lon="13.739674"></trkpt>
      <trkpt lat="66.290541" lon="13.739230"></trkpt>
      <trkpt lat="66.290552" lon="13.737803"></trkpt>
      <trkpt lat="66.290611" lon="13.737381"></trkpt>
      <trkpt lat="66.290639" lon="13.736969"></trkpt>
      <trkpt lat="66.290654" lon="13.736525"></trkpt>
      <trkpt lat="66.290701" lon="13.735970"></trkpt>
      <trkpt lat="66.290742" lon="13.735647"></trkpt>
      <trkpt lat="66.290831" lon="13.735138"></trkpt>
      <trkpt lat="66.290912" lon="13.734751"></trkpt>
      <trkpt lat="66.291103" lon="13.734086"></trkpt>
      <trkpt lat="66.291228" lon="13.733714"></trkpt>
      <trkpt lat="66.291384" lon="13.733334"></trkpt>
      <trkpt lat="66.291810" lon="13.732468"></trkpt>
      <trkpt lat="66.291887" lon="13.732236"></trkpt>
      <trkpt lat="66.291922" lon="13.732085"></trkpt>
      <trkpt lat="66.292010" lon="13.731597"></trkpt>
      <trkpt lat="66.292090" lon="13.731223"></trkpt>
      <trkpt lat="66.292301" lon="13.730477"></trkpt>
      <trkpt lat="66.292359" lon="13.730300"></trkpt>
      <trkpt lat="66.292460" lon="13.730076"></trkpt>
      <trkpt lat="66.292524" lon="13.729951"></trkpt>
      <trkpt lat="66.292626" lon="13.729807"></trkpt>
      <trkpt lat="66.292720" lon="13.729707"></trkpt>
      <trkpt lat="66.292755" lon="13.729676"></trkpt>
      <trkpt lat="66.292899" lon="13.729617"></trkpt>
      <trkpt lat="66.293111" lon="13.729595"></trkpt>
      <trkpt lat="66.293218" lon="13.729610"></trkpt>
      <trkpt lat="66.293339" lon="13.729653"></trkpt>
      <trkpt lat="66.293504" lon="13.729763"></trkpt>
      <trkpt lat="66.293749" lon="13.729969"></trkpt>
      <trkpt lat="66.293921" lon="13.730168"></trkpt>
      <trkpt lat="66.294111" lon="13.730421"></trkpt>
      <trkpt lat="66.294858" lon="13.731512"></trkpt>
      <trkpt lat="66.295052" lon="13.731778"></trkpt>
      <trkpt lat="66.295165" lon="13.731902"></trkpt>
      <trkpt lat="66.295248" lon="13.731969"></trkpt>
      <trkpt lat="66.295264" lon="13.731988"></trkpt>
      <trkpt lat="66.295314" lon="13.730909"></trkpt>
      <trkpt lat="66.295393" lon="13.729447"></trkpt>
      <trkpt lat="66.295425" lon="13.728941"></trkpt>
      <trkpt lat="66.295458" lon="13.728347"></trkpt>
      <trkpt lat="66.295461" lon="13.728242"></trkpt>
      <trkpt lat="66.295527" lon="13.727004"></trkpt>
      <trkpt lat="66.295581" lon="13.726075"></trkpt>
      <trkpt lat="66.295618" lon="13.725565"></trkpt>
      <trkpt lat="66.295645" lon="13.725129"></trkpt>
      <trkpt lat="66.295699" lon="13.724374"></trkpt>
      <trkpt lat="66.295723" lon="13.724078"></trkpt>
      <trkpt lat="66.295871" lon="13.722021"></trkpt>
      <trkpt lat="66.295897" lon="13.721574"></trkpt>
      <trkpt lat="66.295942" lon="13.721034"></trkpt>
      <trkpt lat="66.295984" lon="13.720414"></trkpt>
      <trkpt lat="66.296074" lon="13.719163"></trkpt>
      <trkpt lat="66.296105" lon="13.718775"></trkpt>
      <trkpt lat="66.296128" lon="13.718414"></trkpt>
      <trkpt lat="66.296166" lon="13.717939"></trkpt>
      <trkpt lat="66.296293" lon="13.716183"></trkpt>
      <trkpt lat="66.296335" lon="13.715603"></trkpt>
      <trkpt lat="66.296440" lon="13.713978"></trkpt>
      <trkpt lat="66.296457" lon="13.713510"></trkpt>
      <trkpt lat="66.296474" lon="13.712864"></trkpt>
      <trkpt lat="66.296475" lon="13.712657"></trkpt>
      <trkpt lat="66.296491" lon="13.711606"></trkpt>
      <trkpt lat="66.296494" lon="13.711098"></trkpt>
      <trkpt lat="66.296511" lon="13.710029"></trkpt>
      <trkpt lat="66.296513" lon="13.709469"></trkpt>
      <trkpt lat="66.296526" lon="13.708218"></trkpt>
      <trkpt lat="66.296550" lon="13.706413"></trkpt>
      <trkpt lat="66.296566" lon="13.704425"></trkpt>
      <trkpt lat="66.296575" lon="13.703780"></trkpt>
      <trkpt lat="66.296584" lon="13.702616"></trkpt>
      <trkpt lat="66.296596" lon="13.701365"></trkpt>
      <trkpt lat="66.296606" lon="13.700675"></trkpt>
      <trkpt lat="66.296611" lon="13.699988"></trkpt>
      <trkpt lat="66.296625" lon="13.698766"></trkpt>
      <trkpt lat="66.296638" lon="13.698172"></trkpt>
      <trkpt lat="66.296661" lon="13.697580"></trkpt>
      <trkpt lat="66.296696" lon="13.696954"></trkpt>
      <trkpt lat="66.296811" lon="13.695365"></trkpt>
      <trkpt lat="66.296897" lon="13.694103"></trkpt>
      <trkpt lat="66.297003" lon="13.692628"></trkpt>
      <trkpt lat="66.297110" lon="13.691106"></trkpt>
      <trkpt lat="66.297198" lon="13.689746"></trkpt>
      <trkpt lat="66.297281" lon="13.688581"></trkpt>
      <trkpt lat="66.297314" lon="13.688016"></trkpt>
      <trkpt lat="66.297357" lon="13.687383"></trkpt>
      <trkpt lat="66.297479" lon="13.685716"></trkpt>
      <trkpt lat="66.297538" lon="13.684801"></trkpt>
      <trkpt lat="66.297626" lon="13.683554"></trkpt>
      <trkpt lat="66.297698" lon="13.682474"></trkpt>
      <trkpt lat="66.297715" lon="13.682123"></trkpt>
      <trkpt lat="66.297721" lon="13.681666"></trkpt>
      <trkpt lat="66.297712" lon="13.681095"></trkpt>
      <trkpt lat="66.297685" lon="13.680509"></trkpt>
      <trkpt lat="66.297558" lon="13.678302"></trkpt>
      <trkpt lat="66.297383" lon="13.674980"></trkpt>
      <trkpt lat="66.297232" lon="13.672210"></trkpt>
      <trkpt lat="66.297199" lon="13.671563"></trkpt>
      <trkpt lat="66.297165" lon="13.671010"></trkpt>
      <trkpt lat="66.297143" lon="13.670704"></trkpt>
      <trkpt lat="66.297092" lon="13.670017"></trkpt>
      <trkpt lat="66.297038" lon="13.669440"></trkpt>
      <trkpt lat="66.296963" lon="13.668851"></trkpt>
      <trkpt lat="66.296895" lon="13.668279"></trkpt>
      <trkpt lat="66.296826" lon="13.667732"></trkpt>
      <trkpt lat="66.296723" lon="13.666862"></trkpt>
      <trkpt lat="66.296518" lon="13.665211"></trkpt>
      <trkpt lat="66.296477" lon="13.664854"></trkpt>
      <trkpt lat="66.296450" lon="13.664664"></trkpt>
      <trkpt lat="66.296354" lon="13.663867"></trkpt>
      <trkpt lat="66.296299" lon="13.663383"></trkpt>
      <trkpt lat="66.296231" lon="13.662865"></trkpt>
      <trkpt lat="66.296170" lon="13.662369"></trkpt>
      <trkpt lat="66.296113" lon="13.661936"></trkpt>
      <trkpt lat="66.296024" lon="13.661337"></trkpt>
      <trkpt lat="66.295955" lon="13.660915"></trkpt>
      <trkpt lat="66.295890" lon="13.660481"></trkpt>
      <trkpt lat="66.295678" lon="13.659151"></trkpt>
      <trkpt lat="66.295604" lon="13.658725"></trkpt>
      <trkpt lat="66.295444" lon="13.657941"></trkpt>
      <trkpt lat="66.295394" lon="13.657711"></trkpt>
      <trkpt lat="66.295328" lon="13.657376"></trkpt>
      <trkpt lat="66.295218" lon="13.656663"></trkpt>
      <trkpt lat="66.295126" lon="13.655986"></trkpt>
      <trkpt lat="66.295093" lon="13.655780"></trkpt>
      <trkpt lat="66.295021" lon="13.655195"></trkpt>
      <trkpt lat="66.294967" lon="13.654785"></trkpt>
      <trkpt lat="66.294941" lon="13.654580"></trkpt>
      <trkpt lat="66.294886" lon="13.654157"></trkpt>
      <trkpt lat="66.294849" lon="13.653849"></trkpt>
      <trkpt lat="66.294799" lon="13.653384"></trkpt>
      <trkpt lat="66.294762" lon="13.652877"></trkpt>
      <trkpt lat="66.294735" lon="13.652335"></trkpt>
      <trkpt lat="66.294718" lon="13.651838"></trkpt>
      <trkpt lat="66.294689" lon="13.651347"></trkpt>
      <trkpt lat="66.294651" lon="13.650956"></trkpt>
      <trkpt lat="66.294563" lon="13.650354"></trkpt>
      <trkpt lat="66.294324" lon="13.649027"></trkpt>
      <trkpt lat="66.294264" lon="13.648569"></trkpt>
      <trkpt lat="66.294156" lon="13.647465"></trkpt>
      <trkpt lat="66.294019" lon="13.645816"></trkpt>
      <trkpt lat="66.293985" lon="13.645338"></trkpt>
      <trkpt lat="66.293935" lon="13.644256"></trkpt>
      <trkpt lat="66.293872" lon="13.642707"></trkpt>
      <trkpt lat="66.293843" lon="13.642089"></trkpt>
      <trkpt lat="66.293820" lon="13.641547"></trkpt>
      <trkpt lat="66.293803" lon="13.640997"></trkpt>
      <trkpt lat="66.293795" lon="13.640449"></trkpt>
      <trkpt lat="66.293811" lon="13.639879"></trkpt>
      <trkpt lat="66.293843" lon="13.639299"></trkpt>
      <trkpt lat="66.293864" lon="13.638853"></trkpt>
      <trkpt lat="66.293862" lon="13.638318"></trkpt>
      <trkpt lat="66.293842" lon="13.637811"></trkpt>
      <trkpt lat="66.293809" lon="13.637283"></trkpt>
      <trkpt lat="66.293767" lon="13.636737"></trkpt>
      <trkpt lat="66.293724" lon="13.636054"></trkpt>
      <trkpt lat="66.293676" lon="13.635441"></trkpt>
      <trkpt lat="66.293632" lon="13.634831"></trkpt>
      <trkpt lat="66.293559" lon="13.633731"></trkpt>
      <trkpt lat="66.293481" lon="13.632636"></trkpt>
      <trkpt lat="66.293448" lon="13.632128"></trkpt>
      <trkpt lat="66.293331" lon="13.630723"></trkpt>
      <trkpt lat="66.293283" lon="13.630318"></trkpt>
      <trkpt lat="66.293223" lon="13.629866"></trkpt>
      <trkpt lat="66.293167" lon="13.629505"></trkpt>
      <trkpt lat="66.293121" lon="13.629240"></trkpt>
      <trkpt lat="66.293045" lon="13.628870"></trkpt>
      <trkpt lat="66.292957" lon="13.628529"></trkpt>
      <trkpt lat="66.292860" lon="13.628185"></trkpt>
      <trkpt lat="66.292749" lon="13.627885"></trkpt>
      <trkpt lat="66.292640" lon="13.627633"></trkpt>
      <trkpt lat="66.292522" lon="13.627423"></trkpt>
      <trkpt lat="66.292399" lon="13.627251"></trkpt>
      <trkpt lat="66.292228" lon="13.627064"></trkpt>
      <trkpt lat="66.292060" lon="13.626909"></trkpt>
      <trkpt lat="66.291572" lon="13.626496"></trkpt>
      <trkpt lat="66.291459" lon="13.626375"></trkpt>
      <trkpt lat="66.291295" lon="13.626161"></trkpt>
      <trkpt lat="66.291172" lon="13.625958"></trkpt>
      <trkpt lat="66.291074" lon="13.625727"></trkpt>
      <trkpt lat="66.290950" lon="13.625390"></trkpt>
      <trkpt lat="66.290892" lon="13.625155"></trkpt>
      <trkpt lat="66.290845" lon="13.624925"></trkpt>
      <trkpt lat="66.290789" lon="13.624559"></trkpt>
      <trkpt lat="66.290764" lon="13.624224"></trkpt>
      <trkpt lat="66.290748" lon="13.623844"></trkpt>
      <trkpt lat="66.290753" lon="13.623610"></trkpt>
      <trkpt lat="66.290782" lon="13.623124"></trkpt>
      <trkpt lat="66.290827" lon="13.622716"></trkpt>
      <trkpt lat="66.290915" lon="13.622091"></trkpt>
      <trkpt lat="66.290986" lon="13.621713"></trkpt>
      <trkpt lat="66.291057" lon="13.621370"></trkpt>
      <trkpt lat="66.291276" lon="13.620130"></trkpt>
      <trkpt lat="66.291340" lon="13.619748"></trkpt>
      <trkpt lat="66.291426" lon="13.619273"></trkpt>
      <trkpt lat="66.291482" lon="13.618969"></trkpt>
      <trkpt lat="66.291572" lon="13.618607"></trkpt>
      <trkpt lat="66.291668" lon="13.618273"></trkpt>
      <trkpt lat="66.291762" lon="13.617981"></trkpt>
      <trkpt lat="66.291967" lon="13.617320"></trkpt>
      <trkpt lat="66.292061" lon="13.616966"></trkpt>
      <trkpt lat="66.292143" lon="13.616598"></trkpt>
      <trkpt lat="66.292158" lon="13.616515"></trkpt>
      <trkpt lat="66.292229" lon="13.616132"></trkpt>
      <trkpt lat="66.292299" lon="13.615654"></trkpt>
      <trkpt lat="66.292351" lon="13.615285"></trkpt>
      <trkpt lat="66.292524" lon="13.613936"></trkpt>
      <trkpt lat="66.292714" lon="13.612520"></trkpt>
      <trkpt lat="66.292773" lon="13.612040"></trkpt>
      <trkpt lat="66.292812" lon="13.611701"></trkpt>
      <trkpt lat="66.292836" lon="13.611349"></trkpt>
      <trkpt lat="66.292844" lon="13.611035"></trkpt>
      <trkpt lat="66.292847" lon="13.610577"></trkpt>
      <trkpt lat="66.292840" lon="13.609428"></trkpt>
      <trkpt lat="66.292837" lon="13.609086"></trkpt>
      <trkpt lat="66.292813" lon="13.608562"></trkpt>
      <trkpt lat="66.292773" lon="13.608190"></trkpt>
      <trkpt lat="66.292738" lon="13.608001"></trkpt>
      <trkpt lat="66.292696" lon="13.607773"></trkpt>
      <trkpt lat="66.292597" lon="13.607395"></trkpt>
      <trkpt lat="66.292473" lon="13.607114"></trkpt>
      <trkpt lat="66.292344" lon="13.606877"></trkpt>
      <trkpt lat="66.292243" lon="13.606694"></trkpt>
      <trkpt lat="66.292185" lon="13.606560"></trkpt>
      <trkpt lat="66.292098" lon="13.606335"></trkpt>
      <trkpt lat="66.291984" lon="13.605935"></trkpt>
      <trkpt lat="66.291902" lon="13.605510"></trkpt>
      <trkpt lat="66.291856" lon="13.604999"></trkpt>
      <trkpt lat="66.291850" lon="13.604735"></trkpt>
      <trkpt lat="66.291854" lon="13.604412"></trkpt>
      <trkpt lat="66.291869" lon="13.604153"></trkpt>
      <trkpt lat="66.291971" lon="13.602924"></trkpt>
      <trkpt lat="66.291992" lon="13.602412"></trkpt>
      <trkpt lat="66.291986" lon="13.601906"></trkpt>
      <trkpt lat="66.291956" lon="13.601511"></trkpt>
      <trkpt lat="66.291888" lon="13.600938"></trkpt>
      <trkpt lat="66.291801" lon="13.600390"></trkpt>
      <trkpt lat="66.291717" lon="13.599917"></trkpt>
      <trkpt lat="66.291679" lon="13.599682"></trkpt>
      <trkpt lat="66.291613" lon="13.599328"></trkpt>
      <trkpt lat="66.291525" lon="13.598812"></trkpt>
      <trkpt lat="66.291434" lon="13.598253"></trkpt>
      <trkpt lat="66.291349" lon="13.597624"></trkpt>
      <trkpt lat="66.291280" lon="13.597062"></trkpt>
      <trkpt lat="66.291228" lon="13.596528"></trkpt>
      <trkpt lat="66.291176" lon="13.595931"></trkpt>
      <trkpt lat="66.291135" lon="13.595326"></trkpt>
      <trkpt lat="66.291108" lon="13.594750"></trkpt>
      <trkpt lat="66.291004" lon="13.592124"></trkpt>
      <trkpt lat="66.290937" lon="13.590521"></trkpt>
      <trkpt lat="66.290913" lon="13.589864"></trkpt>
      <trkpt lat="66.290910" lon="13.589804"></trkpt>
      <trkpt lat="66.290896" lon="13.589386"></trkpt>
      <trkpt lat="66.290872" lon="13.588890"></trkpt>
      <trkpt lat="66.290824" lon="13.588302"></trkpt>
      <trkpt lat="66.290762" lon="13.587717"></trkpt>
      <trkpt lat="66.290728" lon="13.587477"></trkpt>
      <trkpt lat="66.290679" lon="13.587098"></trkpt>
      <trkpt lat="66.290605" lon="13.586487"></trkpt>
      <trkpt lat="66.290567" lon="13.586129"></trkpt>
      <trkpt lat="66.290512" lon="13.585518"></trkpt>
      <trkpt lat="66.290435" lon="13.584570"></trkpt>
      <trkpt lat="66.290418" lon="13.584342"></trkpt>
      <trkpt lat="66.290268" lon="13.582665"></trkpt>
      <trkpt lat="66.290231" lon="13.582220"></trkpt>
      <trkpt lat="66.290180" lon="13.581685"></trkpt>
      <trkpt lat="66.290216" lon="13.581658"></trkpt>
      <trkpt lat="66.290248" lon="13.581630"></trkpt>
      <trkpt lat="66.290293" lon="13.581585"></trkpt>
      <trkpt lat="66.290533" lon="13.581214"></trkpt>
      <trkpt lat="66.290627" lon="13.580991"></trkpt>
      <trkpt lat="66.290681" lon="13.580789"></trkpt>
      <trkpt lat="66.290741" lon="13.580492"></trkpt>
      <trkpt lat="66.290854" lon="13.579848"></trkpt>
      <trkpt lat="66.290938" lon="13.579297"></trkpt>
      <trkpt lat="66.291035" lon="13.578750"></trkpt>
      <trkpt lat="66.291183" lon="13.578099"></trkpt>
      <trkpt lat="66.291272" lon="13.577824"></trkpt>
      <trkpt lat="66.291441" lon="13.577391"></trkpt>
      <trkpt lat="66.291487" lon="13.577311"></trkpt>
      <trkpt lat="66.291590" lon="13.577115"></trkpt>
      <trkpt lat="66.291707" lon="13.576939"></trkpt>
      <trkpt lat="66.291771" lon="13.576804"></trkpt>
      <trkpt lat="66.292170" lon="13.576173"></trkpt>
      <trkpt lat="66.292709" lon="13.575309"></trkpt>
      <trkpt lat="66.293038" lon="13.574769"></trkpt>
      <trkpt lat="66.293759" lon="13.573644"></trkpt>
      <trkpt lat="66.293879" lon="13.573426"></trkpt>
      <trkpt lat="66.294084" lon="13.573176"></trkpt>
      <trkpt lat="66.294221" lon="13.573094"></trkpt>
      <trkpt lat="66.294409" lon="13.573048"></trkpt>
      <trkpt lat="66.294620" lon="13.573028"></trkpt>
      <trkpt lat="66.295072" lon="13.572991"></trkpt>
      <trkpt lat="66.295892" lon="13.572919"></trkpt>
      <trkpt lat="66.296402" lon="13.572872"></trkpt>
      <trkpt lat="66.296517" lon="13.572815"></trkpt>
      <trkpt lat="66.296577" lon="13.572767"></trkpt>
      <trkpt lat="66.296754" lon="13.572534"></trkpt>
      <trkpt lat="66.296879" lon="13.572287"></trkpt>
      <trkpt lat="66.298223" lon="13.569621"></trkpt>
      <trkpt lat="66.298310" lon="13.569408"></trkpt>
      <trkpt lat="66.298659" lon="13.568775"></trkpt>
      <trkpt lat="66.298753" lon="13.568554"></trkpt>
      <trkpt lat="66.298868" lon="13.568335"></trkpt>
      <trkpt lat="66.299045" lon="13.567957"></trkpt>
      <trkpt lat="66.299242" lon="13.567652"></trkpt>
      <trkpt lat="66.299381" lon="13.567372"></trkpt>
      <trkpt lat="66.299657" lon="13.566750"></trkpt>
      <trkpt lat="66.299920" lon="13.566215"></trkpt>
      <trkpt lat="66.300071" lon="13.565941"></trkpt>
      <trkpt lat="66.300232" lon="13.565604"></trkpt>
      <trkpt lat="66.300404" lon="13.565300"></trkpt>
      <trkpt lat="66.300671" lon="13.564792"></trkpt>
      <trkpt lat="66.301153" lon="13.563815"></trkpt>
      <trkpt lat="66.301877" lon="13.562376"></trkpt>
      <trkpt lat="66.302341" lon="13.561455"></trkpt>
      <trkpt lat="66.302431" lon="13.561257"></trkpt>
      <trkpt lat="66.302973" lon="13.560221"></trkpt>
      <trkpt lat="66.302990" lon="13.560194"></trkpt>
      <trkpt lat="66.303049" lon="13.560160"></trkpt>
      <trkpt lat="66.303150" lon="13.560186"></trkpt>
      <trkpt lat="66.303199" lon="13.560247"></trkpt>
      <trkpt lat="66.303220" lon="13.560308"></trkpt>
      <trkpt lat="66.303246" lon="13.560454"></trkpt>
      <trkpt lat="66.303251" lon="13.560653"></trkpt>
      <trkpt lat="66.303238" lon="13.560801"></trkpt>
      <trkpt lat="66.303159" lon="13.561352"></trkpt>
      <trkpt lat="66.303144" lon="13.561562"></trkpt>
      <trkpt lat="66.303146" lon="13.561674"></trkpt>
      <trkpt lat="66.303161" lon="13.561843"></trkpt>
      <trkpt lat="66.303172" lon="13.561913"></trkpt>
      <trkpt lat="66.303199" lon="13.561998"></trkpt>
      <trkpt lat="66.303179" lon="13.562075"></trkpt>
      <trkpt lat="66.303166" lon="13.562143"></trkpt>
      <trkpt lat="66.303151" lon="13.562371"></trkpt>
      <trkpt lat="66.303136" lon="13.562463"></trkpt>
      <trkpt lat="66.302928" lon="13.563371"></trkpt>
      <trkpt lat="66.302831" lon="13.564070"></trkpt>
      <trkpt lat="66.302928" lon="13.563371"></trkpt>
      <trkpt lat="66.303136" lon="13.562463"></trkpt>
      <trkpt lat="66.303151" lon="13.562371"></trkpt>
      <trkpt lat="66.303166" lon="13.562143"></trkpt>
      <trkpt lat="66.303179" lon="13.562075"></trkpt>
      <trkpt lat="66.303199" lon="13.561998"></trkpt>
      <trkpt lat="66.303172" lon="13.561913"></trkpt>
      <trkpt lat="66.303161" lon="13.561843"></trkpt>
      <trkpt lat="66.303146" lon="13.561674"></trkpt>
      <trkpt lat="66.303144" lon="13.561562"></trkpt>
      <trkpt lat="66.303159" lon="13.561352"></trkpt>
      <trkpt lat="66.303238" lon="13.560801"></trkpt>
      <trkpt lat="66.303251" lon="13.560653"></trkpt>
      <trkpt lat="66.303246" lon="13.560454"></trkpt>
      <trkpt lat="66.303220" lon="13.560308"></trkpt>
      <trkpt lat="66.303199" lon="13.560247"></trkpt>
      <trkpt lat="66.303150" lon="13.560186"></trkpt>
      <trkpt lat="66.303049" lon="13.560160"></trkpt>
      <trkpt lat="66.302990" lon="13.560194"></trkpt>
      <trkpt lat="66.302973" lon="13.560221"></trkpt>
      <trkpt lat="66.302431" lon="13.561257"></trkpt>
      <trkpt lat="66.302341" lon="13.561455"></trkpt>
      <trkpt lat="66.301153" lon="13.563815"></trkpt>
      <trkpt lat="66.300671" lon="13.564792"></trkpt>
      <trkpt lat="66.300404" lon="13.565300"></trkpt>
      <trkpt lat="66.300232" lon="13.565604"></trkpt>
      <trkpt lat="66.300071" lon="13.565941"></trkpt>
      <trkpt lat="66.299920" lon="13.566215"></trkpt>
      <trkpt lat="66.299657" lon="13.566750"></trkpt>
      <trkpt lat="66.299381" lon="13.567372"></trkpt>
      <trkpt lat="66.299242" lon="13.567652"></trkpt>
      <trkpt lat="66.299045" lon="13.567957"></trkpt>
      <trkpt lat="66.298868" lon="13.568335"></trkpt>
      <trkpt lat="66.298753" lon="13.568554"></trkpt>
      <trkpt lat="66.298659" lon="13.568775"></trkpt>
      <trkpt lat="66.298310" lon="13.569408"></trkpt>
      <trkpt lat="66.298223" lon="13.569621"></trkpt>
      <trkpt lat="66.296879" lon="13.572287"></trkpt>
      <trkpt lat="66.296754" lon="13.572534"></trkpt>
      <trkpt lat="66.296577" lon="13.572767"></trkpt>
      <trkpt lat="66.296517" lon="13.572815"></trkpt>
      <trkpt lat="66.296402" lon="13.572872"></trkpt>
      <trkpt lat="66.295892" lon="13.572919"></trkpt>
      <trkpt lat="66.295072" lon="13.572991"></trkpt>
      <trkpt lat="66.294620" lon="13.573028"></trkpt>
      <trkpt lat="66.294409" lon="13.573048"></trkpt>
      <trkpt lat="66.294221" lon="13.573094"></trkpt>
      <trkpt lat="66.294084" lon="13.573176"></trkpt>
      <trkpt lat="66.293879" lon="13.573426"></trkpt>
      <trkpt lat="66.293759" lon="13.573644"></trkpt>
      <trkpt lat="66.293038" lon="13.574769"></trkpt>
      <trkpt lat="66.292709" lon="13.575309"></trkpt>
      <trkpt lat="66.292170" lon="13.576173"></trkpt>
      <trkpt lat="66.291771" lon="13.576804"></trkpt>
      <trkpt lat="66.291707" lon="13.576939"></trkpt>
      <trkpt lat="66.291590" lon="13.577115"></trkpt>
      <trkpt lat="66.291487" lon="13.577311"></trkpt>
      <trkpt lat="66.291441" lon="13.577391"></trkpt>
      <trkpt lat="66.291272" lon="13.577824"></trkpt>
      <trkpt lat="66.291183" lon="13.578099"></trkpt>
      <trkpt lat="66.291035" lon="13.578750"></trkpt>
      <trkpt lat="66.290938" lon="13.579297"></trkpt>
      <trkpt lat="66.290854" lon="13.579848"></trkpt>
      <trkpt lat="66.290741" lon="13.580492"></trkpt>
      <trkpt lat="66.290681" lon="13.580789"></trkpt>
      <trkpt lat="66.290627" lon="13.580991"></trkpt>
      <trkpt lat="66.290533" lon="13.581214"></trkpt>
      <trkpt lat="66.290293" lon="13.581585"></trkpt>
      <trkpt lat="66.290248" lon="13.581630"></trkpt>
      <trkpt lat="66.290216" lon="13.581658"></trkpt>
      <trkpt lat="66.290180" lon="13.581685"></trkpt>
      <trkpt lat="66.290231" lon="13.582220"></trkpt>
      <trkpt lat="66.290268" lon="13.582665"></trkpt>
      <trkpt lat="66.290418" lon="13.584342"></trkpt>
      <trkpt lat="66.290435" lon="13.584570"></trkpt>
      <trkpt lat="66.290512" lon="13.585518"></trkpt>
      <trkpt lat="66.290567" lon="13.586129"></trkpt>
      <trkpt lat="66.290605" lon="13.586487"></trkpt>
      <trkpt lat="66.290679" lon="13.587098"></trkpt>
      <trkpt lat="66.290728" lon="13.587477"></trkpt>
      <trkpt lat="66.290762" lon="13.587717"></trkpt>
      <trkpt lat="66.290824" lon="13.588302"></trkpt>
      <trkpt lat="66.290872" lon="13.588890"></trkpt>
      <trkpt lat="66.290896" lon="13.589386"></trkpt>
      <trkpt lat="66.290910" lon="13.589804"></trkpt>
      <trkpt lat="66.290913" lon="13.589864"></trkpt>
      <trkpt lat="66.290937" lon="13.590521"></trkpt>
      <trkpt lat="66.291004" lon="13.592124"></trkpt>
      <trkpt lat="66.291108" lon="13.594750"></trkpt>
      <trkpt lat="66.291135" lon="13.595326"></trkpt>
      <trkpt lat="66.291176" lon="13.595931"></trkpt>
      <trkpt lat="66.291228" lon="13.596528"></trkpt>
      <trkpt lat="66.291280" lon="13.597062"></trkpt>
      <trkpt lat="66.291349" lon="13.597624"></trkpt>
      <trkpt lat="66.291434" lon="13.598253"></trkpt>
      <trkpt lat="66.291525" lon="13.598812"></trkpt>
      <trkpt lat="66.291613" lon="13.599328"></trkpt>
      <trkpt lat="66.291679" lon="13.599682"></trkpt>
      <trkpt lat="66.291717" lon="13.599917"></trkpt>
      <trkpt lat="66.291801" lon="13.600390"></trkpt>
      <trkpt lat="66.291888" lon="13.600938"></trkpt>
      <trkpt lat="66.291956" lon="13.601511"></trkpt>
      <trkpt lat="66.291986" lon="13.601906"></trkpt>
      <trkpt lat="66.291992" lon="13.602412"></trkpt>
      <trkpt lat="66.291971" lon="13.602924"></trkpt>
      <trkpt lat="66.291869" lon="13.604153"></trkpt>
      <trkpt lat="66.291854" lon="13.604412"></trkpt>
      <trkpt lat="66.291850" lon="13.604735"></trkpt>
      <trkpt lat="66.291856" lon="13.604999"></trkpt>
      <trkpt lat="66.291902" lon="13.605510"></trkpt>
      <trkpt lat="66.291984" lon="13.605935"></trkpt>
      <trkpt lat="66.292098" lon="13.606335"></trkpt>
      <trkpt lat="66.292185" lon="13.606560"></trkpt>
      <trkpt lat="66.292243" lon="13.606694"></trkpt>
      <trkpt lat="66.292344" lon="13.606877"></trkpt>
      <trkpt lat="66.292473" lon="13.607114"></trkpt>
      <trkpt lat="66.292597" lon="13.607395"></trkpt>
      <trkpt lat="66.292696" lon="13.607773"></trkpt>
      <trkpt lat="66.292738" lon="13.608001"></trkpt>
      <trkpt lat="66.292773" lon="13.608190"></trkpt>
      <trkpt lat="66.292813" lon="13.608562"></trkpt>
      <trkpt lat="66.292837" lon="13.609086"></trkpt>
      <trkpt lat="66.292840" lon="13.609428"></trkpt>
      <trkpt lat="66.292847" lon="13.610577"></trkpt>
      <trkpt lat="66.292844" lon="13.611035"></trkpt>
      <trkpt lat="66.292836" lon="13.611349"></trkpt>
      <trkpt lat="66.292812" lon="13.611701"></trkpt>
      <trkpt lat="66.292773" lon="13.612040"></trkpt>
      <trkpt lat="66.292714" lon="13.612520"></trkpt>
      <trkpt lat="66.292524" lon="13.613936"></trkpt>
      <trkpt lat="66.292351" lon="13.615285"></trkpt>
      <trkpt lat="66.292299" lon="13.615654"></trkpt>
      <trkpt lat="66.292229" lon="13.616132"></trkpt>
      <trkpt lat="66.292158" lon="13.616515"></trkpt>
      <trkpt lat="66.292143" lon="13.616598"></trkpt>
      <trkpt lat="66.292061" lon="13.616966"></trkpt>
      <trkpt lat="66.291967" lon="13.617320"></trkpt>
      <trkpt lat="66.291762" lon="13.617981"></trkpt>
      <trkpt lat="66.291668" lon="13.618273"></trkpt>
      <trkpt lat="66.291572" lon="13.618607"></trkpt>
      <trkpt lat="66.291482" lon="13.618969"></trkpt>
      <trkpt lat="66.291426" lon="13.619273"></trkpt>
      <trkpt lat="66.291340" lon="13.619748"></trkpt>
      <trkpt lat="66.291276" lon="13.620130"></trkpt>
      <trkpt lat="66.291057" lon="13.621370"></trkpt>
      <trkpt lat="66.290986" lon="13.621713"></trkpt>
      <trkpt lat="66.290915" lon="13.622091"></trkpt>
      <trkpt lat="66.290827" lon="13.622716"></trkpt>
      <trkpt lat="66.290782" lon="13.623124"></trkpt>
      <trkpt lat="66.290753" lon="13.623610"></trkpt>
      <trkpt lat="66.290748" lon="13.623844"></trkpt>
      <trkpt lat="66.290764" lon="13.624224"></trkpt>
      <trkpt lat="66.290789" lon="13.624559"></trkpt>
      <trkpt lat="66.290845" lon="13.624925"></trkpt>
      <trkpt lat="66.290892" lon="13.625155"></trkpt>
      <trkpt lat="66.290950" lon="13.625390"></trkpt>
      <trkpt lat="66.291074" lon="13.625727"></trkpt>
      <trkpt lat="66.291172" lon="13.625958"></trkpt>
      <trkpt lat="66.291295" lon="13.626161"></trkpt>
      <trkpt lat="66.291459" lon="13.626375"></trkpt>
      <trkpt lat="66.291572" lon="13.626496"></trkpt>
      <trkpt lat="66.292060" lon="13.626909"></trkpt>
      <trkpt lat="66.292228" lon="13.627064"></trkpt>
      <trkpt lat="66.292399" lon="13.627251"></trkpt>
      <trkpt lat="66.292522" lon="13.627423"></trkpt>
      <trkpt lat="66.292640" lon="13.627633"></trkpt>
      <trkpt lat="66.292749" lon="13.627885"></trkpt>
      <trkpt lat="66.292860" lon="13.628185"></trkpt>
      <trkpt lat="66.292957" lon="13.628529"></trkpt>
      <trkpt lat="66.293045" lon="13.628870"></trkpt>
      <trkpt lat="66.293121" lon="13.629240"></trkpt>
      <trkpt lat="66.293167" lon="13.629505"></trkpt>
      <trkpt lat="66.293223" lon="13.629866"></trkpt>
      <trkpt lat="66.293283" lon="13.630318"></trkpt>
      <trkpt lat="66.293331" lon="13.630723"></trkpt>
      <trkpt lat="66.293448" lon="13.632128"></trkpt>
      <trkpt lat="66.293481" lon="13.632636"></trkpt>
      <trkpt lat="66.293559" lon="13.633731"></trkpt>
      <trkpt lat="66.293632" lon="13.634831"></trkpt>
      <trkpt lat="66.293676" lon="13.635441"></trkpt>
      <trkpt lat="66.293724" lon="13.636054"></trkpt>
      <trkpt lat="66.293767" lon="13.636737"></trkpt>
      <trkpt lat="66.293809" lon="13.637283"></trkpt>
      <trkpt lat="66.293842" lon="13.637811"></trkpt>
      <trkpt lat="66.293862" lon="13.638318"></trkpt>
      <trkpt lat="66.293864" lon="13.638853"></trkpt>
      <trkpt lat="66.293843" lon="13.639299"></trkpt>
      <trkpt lat="66.293811" lon="13.639879"></trkpt>
      <trkpt lat="66.293795" lon="13.640449"></trkpt>
      <trkpt lat="66.293803" lon="13.640997"></trkpt>
      <trkpt lat="66.293820" lon="13.641547"></trkpt>
      <trkpt lat="66.293843" lon="13.642089"></trkpt>
      <trkpt lat="66.293872" lon="13.642707"></trkpt>
      <trkpt lat="66.293935" lon="13.644256"></trkpt>
      <trkpt lat="66.293985" lon="13.645338"></trkpt>
      <trkpt lat="66.294019" lon="13.645816"></trkpt>
      <trkpt lat="66.294156" lon="13.647465"></trkpt>
      <trkpt lat="66.294264" lon="13.648569"></trkpt>
      <trkpt lat="66.294324" lon="13.649027"></trkpt>
      <trkpt lat="66.294563" lon="13.650354"></trkpt>
      <trkpt lat="66.294651" lon="13.650956"></trkpt>
      <trkpt lat="66.294689" lon="13.651347"></trkpt>
      <trkpt lat="66.294718" lon="13.651838"></trkpt>
      <trkpt lat="66.294735" lon="13.652335"></trkpt>
      <trkpt lat="66.294762" lon="13.652877"></trkpt>
      <trkpt lat="66.294799" lon="13.653384"></trkpt>
      <trkpt lat="66.294849" lon="13.653849"></trkpt>
      <trkpt lat="66.294886" lon="13.654157"></trkpt>
      <trkpt lat="66.294941" lon="13.654580"></trkpt>
      <trkpt lat="66.294967" lon="13.654785"></trkpt>
      <trkpt lat="66.295021" lon="13.655195"></trkpt>
      <trkpt lat="66.295093" lon="13.655780"></trkpt>
      <trkpt lat="66.295126" lon="13.655986"></trkpt>
      <trkpt lat="66.295218" lon="13.656663"></trkpt>
      <trkpt lat="66.295328" lon="13.657376"></trkpt>
      <trkpt lat="66.295394" lon="13.657711"></trkpt>
      <trkpt lat="66.295444" lon="13.657941"></trkpt>
      <trkpt lat="66.295604" lon="13.658725"></trkpt>
      <trkpt lat="66.295678" lon="13.659151"></trkpt>
      <trkpt lat="66.295890" lon="13.660481"></trkpt>
      <trkpt lat="66.295955" lon="13.660915"></trkpt>
      <trkpt lat="66.296024" lon="13.661337"></trkpt>
      <trkpt lat="66.296113" lon="13.661936"></trkpt>
      <trkpt lat="66.296170" lon="13.662369"></trkpt>
      <trkpt lat="66.296231" lon="13.662865"></trkpt>
      <trkpt lat="66.296299" lon="13.663383"></trkpt>
      <trkpt lat="66.296354" lon="13.663867"></trkpt>
      <trkpt lat="66.296450" lon="13.664664"></trkpt>
      <trkpt lat="66.296477" lon="13.664854"></trkpt>
      <trkpt lat="66.296518" lon="13.665211"></trkpt>
      <trkpt lat="66.296723" lon="13.666862"></trkpt>
      <trkpt lat="66.296826" lon="13.667732"></trkpt>
      <trkpt lat="66.296895" lon="13.668279"></trkpt>
      <trkpt lat="66.296963" lon="13.668851"></trkpt>
      <trkpt lat="66.297038" lon="13.669440"></trkpt>
      <trkpt lat="66.297092" lon="13.670017"></trkpt>
      <trkpt lat="66.297143" lon="13.670704"></trkpt>
      <trkpt lat="66.297165" lon="13.671010"></trkpt>
      <trkpt lat="66.297199" lon="13.671563"></trkpt>
      <trkpt lat="66.297232" lon="13.672210"></trkpt>
      <trkpt lat="66.297383" lon="13.674980"></trkpt>
      <trkpt lat="66.297558" lon="13.678302"></trkpt>
      <trkpt lat="66.297685" lon="13.680509"></trkpt>
      <trkpt lat="66.297712" lon="13.681095"></trkpt>
      <trkpt lat="66.297721" lon="13.681666"></trkpt>
      <trkpt lat="66.297715" lon="13.682123"></trkpt>
      <trkpt lat="66.297698" lon="13.682474"></trkpt>
      <trkpt lat="66.297626" lon="13.683554"></trkpt>
      <trkpt lat="66.297538" lon="13.684801"></trkpt>
      <trkpt lat="66.297479" lon="13.685716"></trkpt>
      <trkpt lat="66.297357" lon="13.687383"></trkpt>
      <trkpt lat="66.297314" lon="13.688016"></trkpt>
      <trkpt lat="66.297281" lon="13.688581"></trkpt>
      <trkpt lat="66.297198" lon="13.689746"></trkpt>
      <trkpt lat="66.297110" lon="13.691106"></trkpt>
      <trkpt lat="66.297003" lon="13.692628"></trkpt>
      <trkpt lat="66.296897" lon="13.694103"></trkpt>
      <trkpt lat="66.296811" lon="13.695365"></trkpt>
      <trkpt lat="66.296696" lon="13.696954"></trkpt>
      <trkpt lat="66.296661" lon="13.697580"></trkpt>
      <trkpt lat="66.296638" lon="13.698172"></trkpt>
      <trkpt lat="66.296625" lon="13.698766"></trkpt>
      <trkpt lat="66.296611" lon="13.699988"></trkpt>
      <trkpt lat="66.296606" lon="13.700675"></trkpt>
      <trkpt lat="66.296596" lon="13.701365"></trkpt>
      <trkpt lat="66.296584" lon="13.702616"></trkpt>
      <trkpt lat="66.296575" lon="13.703780"></trkpt>
      <trkpt lat="66.296566" lon="13.704425"></trkpt>
      <trkpt lat="66.296550" lon="13.706413"></trkpt>
      <trkpt lat="66.296526" lon="13.708218"></trkpt>
      <trkpt lat="66.296513" lon="13.709469"></trkpt>
      <trkpt lat="66.296511" lon="13.710029"></trkpt>
      <trkpt lat="66.296494" lon="13.711098"></trkpt>
      <trkpt lat="66.296491" lon="13.711606"></trkpt>
      <trkpt lat="66.296475" lon="13.712657"></trkpt>
      <trkpt lat="66.296474" lon="13.712864"></trkpt>
      <trkpt lat="66.296457" lon="13.713510"></trkpt>
      <trkpt lat="66.296440" lon="13.713978"></trkpt>
      <trkpt lat="66.296335" lon="13.715603"></trkpt>
      <trkpt lat="66.296293" lon="13.716183"></trkpt>
      <trkpt lat="66.296166" lon="13.717939"></trkpt>
      <trkpt lat="66.296128" lon="13.718414"></trkpt>
      <trkpt lat="66.296105" lon="13.718775"></trkpt>
      <trkpt lat="66.296074" lon="13.719163"></trkpt>
      <trkpt lat="66.295984" lon="13.720414"></trkpt>
      <trkpt lat="66.295942" lon="13.721034"></trkpt>
      <trkpt lat="66.295897" lon="13.721574"></trkpt>
      <trkpt lat="66.295871" lon="13.722021"></trkpt>
      <trkpt lat="66.295723" lon="13.724078"></trkpt>
      <trkpt lat="66.295699" lon="13.724374"></trkpt>
      <trkpt lat="66.295645" lon="13.725129"></trkpt>
      <trkpt lat="66.295618" lon="13.725565"></trkpt>
      <trkpt lat="66.295581" lon="13.726075"></trkpt>
      <trkpt lat="66.295527" lon="13.727004"></trkpt>
      <trkpt lat="66.295461" lon="13.728242"></trkpt>
      <trkpt lat="66.295458" lon="13.728347"></trkpt>
      <trkpt lat="66.295425" lon="13.728941"></trkpt>
      <trkpt lat="66.295393" lon="13.729447"></trkpt>
      <trkpt lat="66.295314" lon="13.730909"></trkpt>
      <trkpt lat="66.295264" lon="13.731988"></trkpt>
      <trkpt lat="66.295252" lon="13.732232"></trkpt>
      <trkpt lat="66.295230" lon="13.732581"></trkpt>
      <trkpt lat="66.295150" lon="13.734147"></trkpt>
      <trkpt lat="66.295057" lon="13.735834"></trkpt>
      <trkpt lat="66.295049" lon="13.735993"></trkpt>
      <trkpt lat="66.295021" lon="13.736482"></trkpt>
      <trkpt lat="66.294981" lon="13.737271"></trkpt>
      <trkpt lat="66.294920" lon="13.738311"></trkpt>
      <trkpt lat="66.294889" lon="13.738783"></trkpt>
      <trkpt lat="66.294841" lon="13.739458"></trkpt>
      <trkpt lat="66.294800" lon="13.739982"></trkpt>
      <trkpt lat="66.294634" lon="13.741977"></trkpt>
      <trkpt lat="66.294435" lon="13.744312"></trkpt>
      <trkpt lat="66.294350" lon="13.745270"></trkpt>
      <trkpt lat="66.294263" lon="13.746309"></trkpt>
      <trkpt lat="66.294213" lon="13.746842"></trkpt>
      <trkpt lat="66.294176" lon="13.747345"></trkpt>
      <trkpt lat="66.294137" lon="13.747779"></trkpt>
      <trkpt lat="66.294114" lon="13.748102"></trkpt>
      <trkpt lat="66.294060" lon="13.748658"></trkpt>
      <trkpt lat="66.293996" lon="13.749443"></trkpt>
      <trkpt lat="66.293936" lon="13.750326"></trkpt>
      <trkpt lat="66.293870" lon="13.751352"></trkpt>
      <trkpt lat="66.293862" lon="13.751518"></trkpt>
      <trkpt lat="66.293825" lon="13.752662"></trkpt>
      <trkpt lat="66.293802" lon="13.753747"></trkpt>
      <trkpt lat="66.293729" lon="13.757710"></trkpt>
      <trkpt lat="66.293727" lon="13.758046"></trkpt>
      <trkpt lat="66.293718" lon="13.758469"></trkpt>
      <trkpt lat="66.293712" lon="13.758960"></trkpt>
      <trkpt lat="66.293700" lon="13.759409"></trkpt>
      <trkpt lat="66.293693" lon="13.759578"></trkpt>
      <trkpt lat="66.293680" lon="13.760050"></trkpt>
      <trkpt lat="66.293665" lon="13.761041"></trkpt>
      <trkpt lat="66.293643" lon="13.761570"></trkpt>
      <trkpt lat="66.293611" lon="13.762083"></trkpt>
      <trkpt lat="66.293600" lon="13.762185"></trkpt>
      <trkpt lat="66.293532" lon="13.762824"></trkpt>
      <trkpt lat="66.293433" lon="13.763471"></trkpt>
      <trkpt lat="66.293345" lon="13.763929"></trkpt>
      <trkpt lat="66.293243" lon="13.764408"></trkpt>
      <trkpt lat="66.293106" lon="13.765139"></trkpt>
      <trkpt lat="66.293056" lon="13.765424"></trkpt>
      <trkpt lat="66.293000" lon="13.765870"></trkpt>
      <trkpt lat="66.292980" lon="13.766131"></trkpt>
      <trkpt lat="66.292952" lon="13.766605"></trkpt>
      <trkpt lat="66.292941" lon="13.767149"></trkpt>
      <trkpt lat="66.292955" lon="13.768140"></trkpt>
      <trkpt lat="66.292966" lon="13.768439"></trkpt>
      <trkpt lat="66.292974" lon="13.768668"></trkpt>
      <trkpt lat="66.292984" lon="13.769191"></trkpt>
      <trkpt lat="66.293001" lon="13.769812"></trkpt>
      <trkpt lat="66.293001" lon="13.770231"></trkpt>
      <trkpt lat="66.293007" lon="13.770463"></trkpt>
      <trkpt lat="66.293019" lon="13.771243"></trkpt>
      <trkpt lat="66.293031" lon="13.771798"></trkpt>
      <trkpt lat="66.293049" lon="13.772226"></trkpt>
      <trkpt lat="66.293080" lon="13.772689"></trkpt>
      <trkpt lat="66.293181" lon="13.773629"></trkpt>
      <trkpt lat="66.293263" lon="13.774240"></trkpt>
      <trkpt lat="66.293422" lon="13.775319"></trkpt>
      <trkpt lat="66.293489" lon="13.775810"></trkpt>
      <trkpt lat="66.293527" lon="13.776052"></trkpt>
      <trkpt lat="66.293665" lon="13.777041"></trkpt>
      <trkpt lat="66.293732" lon="13.777548"></trkpt>
      <trkpt lat="66.293745" lon="13.777639"></trkpt>
      <trkpt lat="66.293839" lon="13.778299"></trkpt>
      <trkpt lat="66.293948" lon="13.779032"></trkpt>
      <trkpt lat="66.294110" lon="13.780196"></trkpt>
      <trkpt lat="66.294115" lon="13.780268"></trkpt>
      <trkpt lat="66.294155" lon="13.780611"></trkpt>
      <trkpt lat="66.294221" lon="13.781345"></trkpt>
      <trkpt lat="66.294245" lon="13.781854"></trkpt>
      <trkpt lat="66.294256" lon="13.782260"></trkpt>
      <trkpt lat="66.294248" lon="13.782659"></trkpt>
      <trkpt lat="66.294233" lon="13.782971"></trkpt>
      <trkpt lat="66.294215" lon="13.783270"></trkpt>
      <trkpt lat="66.294181" lon="13.783585"></trkpt>
      <trkpt lat="66.294148" lon="13.783856"></trkpt>
      <trkpt lat="66.294084" lon="13.784282"></trkpt>
      <trkpt lat="66.294058" lon="13.784413"></trkpt>
      <trkpt lat="66.294032" lon="13.784533"></trkpt>
      <trkpt lat="66.293967" lon="13.784812"></trkpt>
      <trkpt lat="66.293890" lon="13.785113"></trkpt>
      <trkpt lat="66.293760" lon="13.785625"></trkpt>
      <trkpt lat="66.293669" lon="13.785935"></trkpt>
      <trkpt lat="66.293574" lon="13.786243"></trkpt>
      <trkpt lat="66.293414" lon="13.786835"></trkpt>
      <trkpt lat="66.293281" lon="13.787349"></trkpt>
      <trkpt lat="66.293184" lon="13.787746"></trkpt>
      <trkpt lat="66.293116" lon="13.788062"></trkpt>
      <trkpt lat="66.292973" lon="13.788802"></trkpt>
      <trkpt lat="66.292904" lon="13.789207"></trkpt>
      <trkpt lat="66.292831" lon="13.789653"></trkpt>
      <trkpt lat="66.292762" lon="13.790143"></trkpt>
      <trkpt lat="66.292681" lon="13.790622"></trkpt>
      <trkpt lat="66.292613" lon="13.791093"></trkpt>
      <trkpt lat="66.292545" lon="13.791498"></trkpt>
      <trkpt lat="66.292325" lon="13.792956"></trkpt>
      <trkpt lat="66.292202" lon="13.793737"></trkpt>
      <trkpt lat="66.292176" lon="13.793882"></trkpt>
      <trkpt lat="66.292138" lon="13.794133"></trkpt>
      <trkpt lat="66.292125" lon="13.794243"></trkpt>
      <trkpt lat="66.292110" lon="13.794352"></trkpt>
      <trkpt lat="66.292033" lon="13.794804"></trkpt>
      <trkpt lat="66.291952" lon="13.795304"></trkpt>
      <trkpt lat="66.291834" lon="13.796083"></trkpt>
      <trkpt lat="66.291767" lon="13.796587"></trkpt>
      <trkpt lat="66.291657" lon="13.797515"></trkpt>
      <trkpt lat="66.291619" lon="13.797892"></trkpt>
      <trkpt lat="66.291528" lon="13.798861"></trkpt>
      <trkpt lat="66.291508" lon="13.799111"></trkpt>
      <trkpt lat="66.291448" lon="13.799597"></trkpt>
      <trkpt lat="66.291398" lon="13.799915"></trkpt>
      <trkpt lat="66.291366" lon="13.800105"></trkpt>
      <trkpt lat="66.291302" lon="13.800394"></trkpt>
      <trkpt lat="66.291259" lon="13.800555"></trkpt>
      <trkpt lat="66.291191" lon="13.800798"></trkpt>
      <trkpt lat="66.291131" lon="13.800997"></trkpt>
      <trkpt lat="66.291043" lon="13.801225"></trkpt>
      <trkpt lat="66.290983" lon="13.801367"></trkpt>
      <trkpt lat="66.290925" lon="13.801482"></trkpt>
      <trkpt lat="66.290713" lon="13.801844"></trkpt>
      <trkpt lat="66.290538" lon="13.802062"></trkpt>
      <trkpt lat="66.290353" lon="13.802271"></trkpt>
      <trkpt lat="66.289780" lon="13.802891"></trkpt>
      <trkpt lat="66.289596" lon="13.803136"></trkpt>
      <trkpt lat="66.289467" lon="13.803324"></trkpt>
      <trkpt lat="66.289287" lon="13.803621"></trkpt>
      <trkpt lat="66.289198" lon="13.803785"></trkpt>
      <trkpt lat="66.288987" lon="13.804198"></trkpt>
      <trkpt lat="66.288915" lon="13.804356"></trkpt>
      <trkpt lat="66.288651" lon="13.804980"></trkpt>
      <trkpt lat="66.288587" lon="13.805160"></trkpt>
      <trkpt lat="66.288554" lon="13.805242"></trkpt>
      <trkpt lat="66.288408" lon="13.805653"></trkpt>
      <trkpt lat="66.288290" lon="13.806045"></trkpt>
      <trkpt lat="66.288163" lon="13.806488"></trkpt>
      <trkpt lat="66.287973" lon="13.807269"></trkpt>
      <trkpt lat="66.287816" lon="13.807945"></trkpt>
      <trkpt lat="66.287737" lon="13.808257"></trkpt>
      <trkpt lat="66.287627" lon="13.808645"></trkpt>
      <trkpt lat="66.287594" lon="13.808746"></trkpt>
      <trkpt lat="66.287564" lon="13.808822"></trkpt>
      <trkpt lat="66.287524" lon="13.808914"></trkpt>
      <trkpt lat="66.287467" lon="13.809025"></trkpt>
      <trkpt lat="66.287425" lon="13.809125"></trkpt>
      <trkpt lat="66.287393" lon="13.809188"></trkpt>
      <trkpt lat="66.287205" lon="13.809515"></trkpt>
      <trkpt lat="66.286916" lon="13.809988"></trkpt>
      <trkpt lat="66.286761" lon="13.810222"></trkpt>
      <trkpt lat="66.286615" lon="13.810412"></trkpt>
      <trkpt lat="66.286577" lon="13.810454"></trkpt>
      <trkpt lat="66.286372" lon="13.810617"></trkpt>
      <trkpt lat="66.286218" lon="13.810707"></trkpt>
      <trkpt lat="66.286039" lon="13.810781"></trkpt>
      <trkpt lat="66.285863" lon="13.810869"></trkpt>
      <trkpt lat="66.285761" lon="13.810931"></trkpt>
      <trkpt lat="66.285588" lon="13.811081"></trkpt>
      <trkpt lat="66.285401" lon="13.811282"></trkpt>
      <trkpt lat="66.285102" lon="13.811757"></trkpt>
      <trkpt lat="66.284932" lon="13.812045"></trkpt>
      <trkpt lat="66.284911" lon="13.812070"></trkpt>
      <trkpt lat="66.284439" lon="13.812819"></trkpt>
      <trkpt lat="66.284357" lon="13.812956"></trkpt>
      <trkpt lat="66.284258" lon="13.813102"></trkpt>
      <trkpt lat="66.284057" lon="13.813415"></trkpt>
      <trkpt lat="66.283954" lon="13.813565"></trkpt>
      <trkpt lat="66.283794" lon="13.813816"></trkpt>
      <trkpt lat="66.283667" lon="13.813991"></trkpt>
      <trkpt lat="66.283348" lon="13.814468"></trkpt>
      <trkpt lat="66.283189" lon="13.814695"></trkpt>
      <trkpt lat="66.282712" lon="13.815408"></trkpt>
      <trkpt lat="66.282388" lon="13.815928"></trkpt>
      <trkpt lat="66.282025" lon="13.816460"></trkpt>
      <trkpt lat="66.281851" lon="13.816734"></trkpt>
      <trkpt lat="66.281686" lon="13.817006"></trkpt>
      <trkpt lat="66.281530" lon="13.817248"></trkpt>
      <trkpt lat="66.281315" lon="13.817603"></trkpt>
      <trkpt lat="66.281145" lon="13.817872"></trkpt>
      <trkpt lat="66.280929" lon="13.818228"></trkpt>
      <trkpt lat="66.280871" lon="13.818327"></trkpt>
      <trkpt lat="66.280823" lon="13.818402"></trkpt>
      <trkpt lat="66.280668" lon="13.818683"></trkpt>
      <trkpt lat="66.280548" lon="13.818888"></trkpt>
      <trkpt lat="66.280402" lon="13.819128"></trkpt>
      <trkpt lat="66.280158" lon="13.819504"></trkpt>
      <trkpt lat="66.280060" lon="13.819649"></trkpt>
      <trkpt lat="66.279771" lon="13.819995"></trkpt>
      <trkpt lat="66.279581" lon="13.820183"></trkpt>
      <trkpt lat="66.279431" lon="13.820318"></trkpt>
      <trkpt lat="66.279303" lon="13.820404"></trkpt>
      <trkpt lat="66.279192" lon="13.820469"></trkpt>
      <trkpt lat="66.278980" lon="13.820569"></trkpt>
      <trkpt lat="66.278787" lon="13.820677"></trkpt>
      <trkpt lat="66.278745" lon="13.820708"></trkpt>
      <trkpt lat="66.278577" lon="13.820889"></trkpt>
      <trkpt lat="66.278502" lon="13.821005"></trkpt>
      <trkpt lat="66.278399" lon="13.821177"></trkpt>
      <trkpt lat="66.278298" lon="13.821385"></trkpt>
      <trkpt lat="66.277843" lon="13.822528"></trkpt>
      <trkpt lat="66.277749" lon="13.822789"></trkpt>
      <trkpt lat="66.277695" lon="13.822965"></trkpt>
      <trkpt lat="66.277638" lon="13.823195"></trkpt>
      <trkpt lat="66.277553" lon="13.823594"></trkpt>
      <trkpt lat="66.277529" lon="13.823740"></trkpt>
      <trkpt lat="66.277483" lon="13.824099"></trkpt>
      <trkpt lat="66.277460" lon="13.824342"></trkpt>
      <trkpt lat="66.277441" lon="13.824777"></trkpt>
      <trkpt lat="66.277440" lon="13.824991"></trkpt>
      <trkpt lat="66.277450" lon="13.825321"></trkpt>
      <trkpt lat="66.277463" lon="13.825574"></trkpt>
      <trkpt lat="66.277501" lon="13.826092"></trkpt>
      <trkpt lat="66.277586" lon="13.826942"></trkpt>
      <trkpt lat="66.277627" lon="13.827399"></trkpt>
      <trkpt lat="66.277661" lon="13.827854"></trkpt>
      <trkpt lat="66.277670" lon="13.828011"></trkpt>
      <trkpt lat="66.277692" lon="13.828477"></trkpt>
      <trkpt lat="66.277700" lon="13.829016"></trkpt>
      <trkpt lat="66.277701" lon="13.829351"></trkpt>
      <trkpt lat="66.277682" lon="13.830198"></trkpt>
      <trkpt lat="66.277601" lon="13.832057"></trkpt>
      <trkpt lat="66.277584" lon="13.832578"></trkpt>
      <trkpt lat="66.277563" lon="13.832993"></trkpt>
      <trkpt lat="66.277519" lon="13.833989"></trkpt>
      <trkpt lat="66.277469" lon="13.834889"></trkpt>
      <trkpt lat="66.277449" lon="13.835168"></trkpt>
      <trkpt lat="66.277382" lon="13.836080"></trkpt>
      <trkpt lat="66.277340" lon="13.836600"></trkpt>
      <trkpt lat="66.277252" lon="13.837659"></trkpt>
      <trkpt lat="66.277205" lon="13.838178"></trkpt>
      <trkpt lat="66.277173" lon="13.838821"></trkpt>
      <trkpt lat="66.277143" lon="13.839295"></trkpt>
      <trkpt lat="66.277111" lon="13.839929"></trkpt>
      <trkpt lat="66.277084" lon="13.840861"></trkpt>
      <trkpt lat="66.277076" lon="13.841287"></trkpt>
      <trkpt lat="66.277072" lon="13.841800"></trkpt>
      <trkpt lat="66.277069" lon="13.843970"></trkpt>
      <trkpt lat="66.277075" lon="13.845235"></trkpt>
      <trkpt lat="66.277060" lon="13.845775"></trkpt>
      <trkpt lat="66.277040" lon="13.846248"></trkpt>
      <trkpt lat="66.277034" lon="13.846355"></trkpt>
      <trkpt lat="66.277008" lon="13.846650"></trkpt>
      <trkpt lat="66.276973" lon="13.847189"></trkpt>
      <trkpt lat="66.276945" lon="13.847801"></trkpt>
      <trkpt lat="66.276899" lon="13.849220"></trkpt>
      <trkpt lat="66.276897" lon="13.850160"></trkpt>
      <trkpt lat="66.276921" lon="13.850555"></trkpt>
      <trkpt lat="66.276954" lon="13.851013"></trkpt>
      <trkpt lat="66.276990" lon="13.851352"></trkpt>
      <trkpt lat="66.277053" lon="13.851780"></trkpt>
      <trkpt lat="66.277085" lon="13.851977"></trkpt>
      <trkpt lat="66.277203" lon="13.852660"></trkpt>
      <trkpt lat="66.277270" lon="13.853153"></trkpt>
      <trkpt lat="66.277309" lon="13.853645"></trkpt>
      <trkpt lat="66.277351" lon="13.854281"></trkpt>
      <trkpt lat="66.277371" lon="13.854541"></trkpt>
      <trkpt lat="66.277413" lon="13.855014"></trkpt>
      <trkpt lat="66.277448" lon="13.855342"></trkpt>
      <trkpt lat="66.277513" lon="13.855818"></trkpt>
      <trkpt lat="66.277586" lon="13.856258"></trkpt>
      <trkpt lat="66.277667" lon="13.856710"></trkpt>
      <trkpt lat="66.277769" lon="13.857373"></trkpt>
      <trkpt lat="66.277835" lon="13.857881"></trkpt>
      <trkpt lat="66.278109" lon="13.859875"></trkpt>
      <trkpt lat="66.278247" lon="13.860746"></trkpt>
      <trkpt lat="66.278328" lon="13.861147"></trkpt>
      <trkpt lat="66.278429" lon="13.861549"></trkpt>
      <trkpt lat="66.278562" lon="13.862037"></trkpt>
      <trkpt lat="66.278628" lon="13.862331"></trkpt>
      <trkpt lat="66.278657" lon="13.862472"></trkpt>
      <trkpt lat="66.278676" lon="13.862577"></trkpt>
      <trkpt lat="66.278777" lon="13.863168"></trkpt>
      <trkpt lat="66.278883" lon="13.863862"></trkpt>
      <trkpt lat="66.278959" lon="13.864327"></trkpt>
      <trkpt lat="66.279067" lon="13.865020"></trkpt>
      <trkpt lat="66.279174" lon="13.865658"></trkpt>
      <trkpt lat="66.279355" lon="13.866831"></trkpt>
      <trkpt lat="66.279435" lon="13.867302"></trkpt>
      <trkpt lat="66.279545" lon="13.868046"></trkpt>
      <trkpt lat="66.279605" lon="13.868486"></trkpt>
      <trkpt lat="66.279654" lon="13.868952"></trkpt>
      <trkpt lat="66.279675" lon="13.869302"></trkpt>
      <trkpt lat="66.279700" lon="13.869703"></trkpt>
      <trkpt lat="66.279729" lon="13.870606"></trkpt>
      <trkpt lat="66.279739" lon="13.870845"></trkpt>
      <trkpt lat="66.279751" lon="13.871372"></trkpt>
      <trkpt lat="66.279756" lon="13.871661"></trkpt>
      <trkpt lat="66.279754" lon="13.872091"></trkpt>
      <trkpt lat="66.279742" lon="13.872517"></trkpt>
      <trkpt lat="66.279727" lon="13.872774"></trkpt>
      <trkpt lat="66.279689" lon="13.873349"></trkpt>
      <trkpt lat="66.279662" lon="13.873647"></trkpt>
      <trkpt lat="66.279615" lon="13.874267"></trkpt>
      <trkpt lat="66.279601" lon="13.874552"></trkpt>
      <trkpt lat="66.279594" lon="13.874961"></trkpt>
      <trkpt lat="66.279593" lon="13.875169"></trkpt>
      <trkpt lat="66.279596" lon="13.875390"></trkpt>
      <trkpt lat="66.279646" lon="13.876490"></trkpt>
      <trkpt lat="66.279638" lon="13.877243"></trkpt>
      <trkpt lat="66.279618" lon="13.877498"></trkpt>
      <trkpt lat="66.279581" lon="13.877800"></trkpt>
      <trkpt lat="66.279541" lon="13.878085"></trkpt>
      <trkpt lat="66.279493" lon="13.878357"></trkpt>
      <trkpt lat="66.279480" lon="13.878417"></trkpt>
      <trkpt lat="66.279410" lon="13.878786"></trkpt>
      <trkpt lat="66.279322" lon="13.879174"></trkpt>
      <trkpt lat="66.279240" lon="13.879580"></trkpt>
      <trkpt lat="66.279143" lon="13.880016"></trkpt>
      <trkpt lat="66.279020" lon="13.880608"></trkpt>
      <trkpt lat="66.278985" lon="13.880804"></trkpt>
      <trkpt lat="66.278777" lon="13.881844"></trkpt>
      <trkpt lat="66.278683" lon="13.882282"></trkpt>
      <trkpt lat="66.278568" lon="13.882736"></trkpt>
      <trkpt lat="66.278486" lon="13.882991"></trkpt>
      <trkpt lat="66.278418" lon="13.883187"></trkpt>
      <trkpt lat="66.278352" lon="13.883360"></trkpt>
      <trkpt lat="66.278282" lon="13.883511"></trkpt>
      <trkpt lat="66.278166" lon="13.883745"></trkpt>
      <trkpt lat="66.277765" lon="13.884494"></trkpt>
      <trkpt lat="66.277664" lon="13.884691"></trkpt>
      <trkpt lat="66.277561" lon="13.884906"></trkpt>
      <trkpt lat="66.277498" lon="13.885062"></trkpt>
      <trkpt lat="66.277449" lon="13.885200"></trkpt>
      <trkpt lat="66.277333" lon="13.885647"></trkpt>
      <trkpt lat="66.277261" lon="13.885965"></trkpt>
      <trkpt lat="66.277201" lon="13.886428"></trkpt>
      <trkpt lat="66.277175" lon="13.886785"></trkpt>
      <trkpt lat="66.277163" lon="13.886995"></trkpt>
      <trkpt lat="66.277156" lon="13.887325"></trkpt>
      <trkpt lat="66.277155" lon="13.887593"></trkpt>
      <trkpt lat="66.277186" lon="13.888391"></trkpt>
      <trkpt lat="66.277192" lon="13.888879"></trkpt>
      <trkpt lat="66.277177" lon="13.889140"></trkpt>
      <trkpt lat="66.277164" lon="13.889302"></trkpt>
      <trkpt lat="66.277135" lon="13.889587"></trkpt>
      <trkpt lat="66.277057" lon="13.890061"></trkpt>
      <trkpt lat="66.277007" lon="13.890321"></trkpt>
      <trkpt lat="66.276898" lon="13.890851"></trkpt>
      <trkpt lat="66.276864" lon="13.891082"></trkpt>
      <trkpt lat="66.276816" lon="13.891502"></trkpt>
      <trkpt lat="66.276799" lon="13.891788"></trkpt>
      <trkpt lat="66.276789" lon="13.892129"></trkpt>
      <trkpt lat="66.276792" lon="13.892409"></trkpt>
      <trkpt lat="66.276799" lon="13.892682"></trkpt>
      <trkpt lat="66.276808" lon="13.892899"></trkpt>
      <trkpt lat="66.276822" lon="13.893115"></trkpt>
      <trkpt lat="66.276864" lon="13.893962"></trkpt>
      <trkpt lat="66.276877" lon="13.894132"></trkpt>
      <trkpt lat="66.276886" lon="13.894357"></trkpt>
      <trkpt lat="66.276904" lon="13.894646"></trkpt>
      <trkpt lat="66.276937" lon="13.895090"></trkpt>
      <trkpt lat="66.276960" lon="13.895313"></trkpt>
      <trkpt lat="66.276995" lon="13.895602"></trkpt>
      <trkpt lat="66.277036" lon="13.895867"></trkpt>
      <trkpt lat="66.277098" lon="13.896224"></trkpt>
      <trkpt lat="66.277137" lon="13.896417"></trkpt>
      <trkpt lat="66.277218" lon="13.896764"></trkpt>
      <trkpt lat="66.277257" lon="13.896915"></trkpt>
      <trkpt lat="66.277330" lon="13.897170"></trkpt>
      <trkpt lat="66.277448" lon="13.897526"></trkpt>
      <trkpt lat="66.277552" lon="13.897790"></trkpt>
      <trkpt lat="66.277814" lon="13.898420"></trkpt>
      <trkpt lat="66.277956" lon="13.898741"></trkpt>
      <trkpt lat="66.278099" lon="13.899083"></trkpt>
      <trkpt lat="66.278142" lon="13.899174"></trkpt>
      <trkpt lat="66.278267" lon="13.899524"></trkpt>
      <trkpt lat="66.278326" lon="13.899735"></trkpt>
      <trkpt lat="66.278425" lon="13.900135"></trkpt>
      <trkpt lat="66.278482" lon="13.900395"></trkpt>
      <trkpt lat="66.278585" lon="13.900913"></trkpt>
      <trkpt lat="66.278641" lon="13.901169"></trkpt>
      <trkpt lat="66.278695" lon="13.901380"></trkpt>
      <trkpt lat="66.278758" lon="13.901597"></trkpt>
      <trkpt lat="66.278839" lon="13.901830"></trkpt>
      <trkpt lat="66.279001" lon="13.902212"></trkpt>
      <trkpt lat="66.279105" lon="13.902432"></trkpt>
      <trkpt lat="66.279243" lon="13.902786"></trkpt>
      <trkpt lat="66.279402" lon="13.903180"></trkpt>
      <trkpt lat="66.279433" lon="13.903271"></trkpt>
      <trkpt lat="66.279475" lon="13.903414"></trkpt>
      <trkpt lat="66.279641" lon="13.903997"></trkpt>
      <trkpt lat="66.279700" lon="13.904222"></trkpt>
      <trkpt lat="66.279763" lon="13.904408"></trkpt>
      <trkpt lat="66.279907" lon="13.904797"></trkpt>
      <trkpt lat="66.279997" lon="13.904990"></trkpt>
      <trkpt lat="66.280104" lon="13.905165"></trkpt>
      <trkpt lat="66.280281" lon="13.905386"></trkpt>
      <trkpt lat="66.280462" lon="13.905528"></trkpt>
      <trkpt lat="66.280557" lon="13.905591"></trkpt>
      <trkpt lat="66.281189" lon="13.905875"></trkpt>
      <trkpt lat="66.281401" lon="13.905946"></trkpt>
      <trkpt lat="66.281596" lon="13.906038"></trkpt>
      <trkpt lat="66.281765" lon="13.906108"></trkpt>
      <trkpt lat="66.282102" lon="13.906225"></trkpt>
      <trkpt lat="66.282260" lon="13.906254"></trkpt>
      <trkpt lat="66.282472" lon="13.906250"></trkpt>
      <trkpt lat="66.282551" lon="13.906233"></trkpt>
      <trkpt lat="66.282874" lon="13.906130"></trkpt>
      <trkpt lat="66.283054" lon="13.906058"></trkpt>
      <trkpt lat="66.283225" lon="13.906018"></trkpt>
      <trkpt lat="66.283385" lon="13.906027"></trkpt>
      <trkpt lat="66.283513" lon="13.906052"></trkpt>
      <trkpt lat="66.283776" lon="13.906188"></trkpt>
      <trkpt lat="66.283949" lon="13.906267"></trkpt>
      <trkpt lat="66.284161" lon="13.906350"></trkpt>
      <trkpt lat="66.284277" lon="13.906416"></trkpt>
      <trkpt lat="66.284409" lon="13.906477"></trkpt>
      <trkpt lat="66.284630" lon="13.906594"></trkpt>
      <trkpt lat="66.284833" lon="13.906677"></trkpt>
      <trkpt lat="66.285006" lon="13.906735"></trkpt>
      <trkpt lat="66.285131" lon="13.906769"></trkpt>
      <trkpt lat="66.285569" lon="13.906880"></trkpt>
      <trkpt lat="66.285704" lon="13.906907"></trkpt>
      <trkpt lat="66.285846" lon="13.906975"></trkpt>
      <trkpt lat="66.286321" lon="13.907280"></trkpt>
      <trkpt lat="66.286522" lon="13.907382"></trkpt>
      <trkpt lat="66.286697" lon="13.907461"></trkpt>
      <trkpt lat="66.287352" lon="13.907700"></trkpt>
      <trkpt lat="66.287619" lon="13.907822"></trkpt>
      <trkpt lat="66.287725" lon="13.907864"></trkpt>
      <trkpt lat="66.287888" lon="13.907962"></trkpt>
      <trkpt lat="66.288040" lon="13.908100"></trkpt>
      <trkpt lat="66.288187" lon="13.908265"></trkpt>
      <trkpt lat="66.288299" lon="13.908437"></trkpt>
      <trkpt lat="66.288410" lon="13.908626"></trkpt>
      <trkpt lat="66.288521" lon="13.908855"></trkpt>
      <trkpt lat="66.288591" lon="13.909018"></trkpt>
      <trkpt lat="66.288759" lon="13.909444"></trkpt>
      <trkpt lat="66.289061" lon="13.910248"></trkpt>
      <trkpt lat="66.289291" lon="13.910780"></trkpt>
      <trkpt lat="66.289440" lon="13.911095"></trkpt>
      <trkpt lat="66.289715" lon="13.911638"></trkpt>
      <trkpt lat="66.289996" lon="13.912143"></trkpt>
      <trkpt lat="66.290090" lon="13.912284"></trkpt>
      <trkpt lat="66.290300" lon="13.912572"></trkpt>
      <trkpt lat="66.290595" lon="13.912953"></trkpt>
      <trkpt lat="66.290699" lon="13.913112"></trkpt>
      <trkpt lat="66.290825" lon="13.913292"></trkpt>
      <trkpt lat="66.291031" lon="13.913621"></trkpt>
      <trkpt lat="66.291128" lon="13.913755"></trkpt>
      <trkpt lat="66.291229" lon="13.913874"></trkpt>
      <trkpt lat="66.291312" lon="13.913957"></trkpt>
      <trkpt lat="66.291425" lon="13.914038"></trkpt>
      <trkpt lat="66.291614" lon="13.914157"></trkpt>
      <trkpt lat="66.291748" lon="13.914263"></trkpt>
      <trkpt lat="66.291843" lon="13.914352"></trkpt>
      <trkpt lat="66.291942" lon="13.914471"></trkpt>
      <trkpt lat="66.292164" lon="13.914758"></trkpt>
      <trkpt lat="66.292592" lon="13.915341"></trkpt>
      <trkpt lat="66.292769" lon="13.915596"></trkpt>
      <trkpt lat="66.292860" lon="13.915712"></trkpt>
      <trkpt lat="66.292954" lon="13.915845"></trkpt>
      <trkpt lat="66.293260" lon="13.916296"></trkpt>
      <trkpt lat="66.293465" lon="13.916629"></trkpt>
      <trkpt lat="66.293580" lon="13.916799"></trkpt>
      <trkpt lat="66.293647" lon="13.916917"></trkpt>
      <trkpt lat="66.294234" lon="13.917855"></trkpt>
      <trkpt lat="66.294295" lon="13.917942"></trkpt>
      <trkpt lat="66.294400" lon="13.918108"></trkpt>
      <trkpt lat="66.294527" lon="13.918284"></trkpt>
      <trkpt lat="66.294659" lon="13.918457"></trkpt>
      <trkpt lat="66.294911" lon="13.918724"></trkpt>
      <trkpt lat="66.295056" lon="13.918858"></trkpt>
      <trkpt lat="66.295199" lon="13.918978"></trkpt>
      <trkpt lat="66.295335" lon="13.919110"></trkpt>
      <trkpt lat="66.295468" lon="13.919252"></trkpt>
      <trkpt lat="66.295600" lon="13.919405"></trkpt>
      <trkpt lat="66.295737" lon="13.919589"></trkpt>
      <trkpt lat="66.295998" lon="13.919975"></trkpt>
      <trkpt lat="66.296263" lon="13.920341"></trkpt>
      <trkpt lat="66.296408" lon="13.920498"></trkpt>
      <trkpt lat="66.296547" lon="13.920674"></trkpt>
      <trkpt lat="66.296686" lon="13.920878"></trkpt>
      <trkpt lat="66.296793" lon="13.921059"></trkpt>
      <trkpt lat="66.296909" lon="13.921286"></trkpt>
      <trkpt lat="66.297091" lon="13.921679"></trkpt>
      <trkpt lat="66.297160" lon="13.921854"></trkpt>
      <trkpt lat="66.297286" lon="13.922192"></trkpt>
      <trkpt lat="66.297447" lon="13.922676"></trkpt>
      <trkpt lat="66.297549" lon="13.922995"></trkpt>
      <trkpt lat="66.297645" lon="13.923331"></trkpt>
      <trkpt lat="66.297838" lon="13.924072"></trkpt>
      <trkpt lat="66.297923" lon="13.924376"></trkpt>
      <trkpt lat="66.298063" lon="13.924850"></trkpt>
      <trkpt lat="66.298100" lon="13.924963"></trkpt>
      <trkpt lat="66.298211" lon="13.925259"></trkpt>
      <trkpt lat="66.298497" lon="13.925936"></trkpt>
      <trkpt lat="66.298653" lon="13.926344"></trkpt>
      <trkpt lat="66.298714" lon="13.926515"></trkpt>
      <trkpt lat="66.298838" lon="13.926888"></trkpt>
      <trkpt lat="66.299270" lon="13.928326"></trkpt>
      <trkpt lat="66.299369" lon="13.928634"></trkpt>
      <trkpt lat="66.299413" lon="13.928759"></trkpt>
      <trkpt lat="66.299554" lon="13.929117"></trkpt>
      <trkpt lat="66.299610" lon="13.929241"></trkpt>
      <trkpt lat="66.299685" lon="13.929382"></trkpt>
      <trkpt lat="66.299838" lon="13.929643"></trkpt>
      <trkpt lat="66.299943" lon="13.929787"></trkpt>
      <trkpt lat="66.300345" lon="13.930246"></trkpt>
      <trkpt lat="66.300461" lon="13.930406"></trkpt>
      <trkpt lat="66.300553" lon="13.930557"></trkpt>
      <trkpt lat="66.300614" lon="13.930683"></trkpt>
      <trkpt lat="66.300723" lon="13.930975"></trkpt>
      <trkpt lat="66.300806" lon="13.931211"></trkpt>
      <trkpt lat="66.300949" lon="13.931685"></trkpt>
      <trkpt lat="66.301056" lon="13.932094"></trkpt>
      <trkpt lat="66.301169" lon="13.932483"></trkpt>
      <trkpt lat="66.301267" lon="13.932797"></trkpt>
      <trkpt lat="66.301359" lon="13.933057"></trkpt>
      <trkpt lat="66.301436" lon="13.933255"></trkpt>
      <trkpt lat="66.301653" lon="13.933684"></trkpt>
      <trkpt lat="66.301835" lon="13.934013"></trkpt>
      <trkpt lat="66.302002" lon="13.934311"></trkpt>
      <trkpt lat="66.302134" lon="13.934590"></trkpt>
      <trkpt lat="66.302233" lon="13.934828"></trkpt>
      <trkpt lat="66.302256" lon="13.934884"></trkpt>
      <trkpt lat="66.302387" lon="13.935258"></trkpt>
      <trkpt lat="66.302482" lon="13.935532"></trkpt>
      <trkpt lat="66.302646" lon="13.936042"></trkpt>
      <trkpt lat="66.302845" lon="13.936634"></trkpt>
      <trkpt lat="66.302920" lon="13.936851"></trkpt>
      <trkpt lat="66.302985" lon="13.937042"></trkpt>
      <trkpt lat="66.303394" lon="13.938238"></trkpt>
      <trkpt lat="66.303601" lon="13.938892"></trkpt>
      <trkpt lat="66.303654" lon="13.939069"></trkpt>
      <trkpt lat="66.303771" lon="13.939538"></trkpt>
      <trkpt lat="66.303824" lon="13.939785"></trkpt>
      <trkpt lat="66.303865" lon="13.940018"></trkpt>
      <trkpt lat="66.303903" lon="13.940266"></trkpt>
      <trkpt lat="66.304018" lon="13.941238"></trkpt>
      <trkpt lat="66.304090" lon="13.941729"></trkpt>
      <trkpt lat="66.304125" lon="13.941914"></trkpt>
      <trkpt lat="66.304170" lon="13.942115"></trkpt>
      <trkpt lat="66.304316" lon="13.942645"></trkpt>
      <trkpt lat="66.304391" lon="13.942900"></trkpt>
      <trkpt lat="66.304563" lon="13.943388"></trkpt>
      <trkpt lat="66.304704" lon="13.943865"></trkpt>
      <trkpt lat="66.304735" lon="13.944018"></trkpt>
      <trkpt lat="66.304769" lon="13.944214"></trkpt>
      <trkpt lat="66.304796" lon="13.944485"></trkpt>
      <trkpt lat="66.304808" lon="13.944753"></trkpt>
      <trkpt lat="66.304806" lon="13.945008"></trkpt>
      <trkpt lat="66.304790" lon="13.945455"></trkpt>
      <trkpt lat="66.304768" lon="13.945849"></trkpt>
      <trkpt lat="66.304764" lon="13.946129"></trkpt>
      <trkpt lat="66.304768" lon="13.946354"></trkpt>
      <trkpt lat="66.304785" lon="13.946617"></trkpt>
      <trkpt lat="66.304863" lon="13.947209"></trkpt>
      <trkpt lat="66.304922" lon="13.947732"></trkpt>
      <trkpt lat="66.304933" lon="13.948013"></trkpt>
      <trkpt lat="66.304937" lon="13.948256"></trkpt>
      <trkpt lat="66.304931" lon="13.948515"></trkpt>
      <trkpt lat="66.304915" lon="13.948685"></trkpt>
      <trkpt lat="66.304883" lon="13.948905"></trkpt>
      <trkpt lat="66.304850" lon="13.949103"></trkpt>
      <trkpt lat="66.304766" lon="13.949431"></trkpt>
      <trkpt lat="66.304684" lon="13.949685"></trkpt>
      <trkpt lat="66.304577" lon="13.949953"></trkpt>
      <trkpt lat="66.304419" lon="13.950282"></trkpt>
      <trkpt lat="66.304273" lon="13.950614"></trkpt>
      <trkpt lat="66.304254" lon="13.950667"></trkpt>
      <trkpt lat="66.304171" lon="13.950946"></trkpt>
      <trkpt lat="66.304125" lon="13.951143"></trkpt>
      <trkpt lat="66.304076" lon="13.951402"></trkpt>
      <trkpt lat="66.304047" lon="13.951591"></trkpt>
      <trkpt lat="66.304033" lon="13.951802"></trkpt>
      <trkpt lat="66.304021" lon="13.952069"></trkpt>
      <trkpt lat="66.304019" lon="13.952337"></trkpt>
      <trkpt lat="66.304032" lon="13.952612"></trkpt>
      <trkpt lat="66.304048" lon="13.952849"></trkpt>
      <trkpt lat="66.304064" lon="13.952982"></trkpt>
      <trkpt lat="66.304130" lon="13.953421"></trkpt>
      <trkpt lat="66.304179" lon="13.953687"></trkpt>
      <trkpt lat="66.304290" lon="13.954141"></trkpt>
      <trkpt lat="66.304427" lon="13.954638"></trkpt>
      <trkpt lat="66.304608" lon="13.955237"></trkpt>
      <trkpt lat="66.304824" lon="13.955935"></trkpt>
      <trkpt lat="66.304951" lon="13.956361"></trkpt>
      <trkpt lat="66.305055" lon="13.956694"></trkpt>
      <trkpt lat="66.305156" lon="13.957041"></trkpt>
      <trkpt lat="66.305234" lon="13.957316"></trkpt>
      <trkpt lat="66.305455" lon="13.958092"></trkpt>
      <trkpt lat="66.305517" lon="13.958340"></trkpt>
      <trkpt lat="66.305601" lon="13.958737"></trkpt>
      <trkpt lat="66.305687" lon="13.959247"></trkpt>
      <trkpt lat="66.305915" lon="13.960943"></trkpt>
      <trkpt lat="66.305999" lon="13.961424"></trkpt>
      <trkpt lat="66.306062" lon="13.961764"></trkpt>
      <trkpt lat="66.306191" lon="13.962422"></trkpt>
      <trkpt lat="66.306237" lon="13.962683"></trkpt>
      <trkpt lat="66.306307" lon="13.963118"></trkpt>
      <trkpt lat="66.306357" lon="13.963479"></trkpt>
      <trkpt lat="66.306371" lon="13.963600"></trkpt>
      <trkpt lat="66.306404" lon="13.963950"></trkpt>
      <trkpt lat="66.306422" lon="13.964199"></trkpt>
      <trkpt lat="66.306449" lon="13.964601"></trkpt>
      <trkpt lat="66.306475" lon="13.965095"></trkpt>
      <trkpt lat="66.306481" lon="13.965229"></trkpt>
      <trkpt lat="66.306487" lon="13.965679"></trkpt>
      <trkpt lat="66.306487" lon="13.965940"></trkpt>
      <trkpt lat="66.306491" lon="13.966181"></trkpt>
      <trkpt lat="66.306484" lon="13.967198"></trkpt>
      <trkpt lat="66.306452" lon="13.968157"></trkpt>
      <trkpt lat="66.306438" lon="13.968463"></trkpt>
      <trkpt lat="66.306406" lon="13.969396"></trkpt>
      <trkpt lat="66.306405" lon="13.969636"></trkpt>
      <trkpt lat="66.306407" lon="13.969869"></trkpt>
      <trkpt lat="66.306418" lon="13.970184"></trkpt>
      <trkpt lat="66.306436" lon="13.970408"></trkpt>
      <trkpt lat="66.306470" lon="13.970756"></trkpt>
      <trkpt lat="66.306519" lon="13.971109"></trkpt>
      <trkpt lat="66.306564" lon="13.971371"></trkpt>
      <trkpt lat="66.306620" lon="13.971644"></trkpt>
      <trkpt lat="66.306761" lon="13.972256"></trkpt>
      <trkpt lat="66.306877" lon="13.972726"></trkpt>
      <trkpt lat="66.306980" lon="13.973122"></trkpt>
      <trkpt lat="66.307092" lon="13.973572"></trkpt>
      <trkpt lat="66.307188" lon="13.973997"></trkpt>
      <trkpt lat="66.307262" lon="13.974347"></trkpt>
      <trkpt lat="66.307300" lon="13.974543"></trkpt>
      <trkpt lat="66.307360" lon="13.974889"></trkpt>
      <trkpt lat="66.307430" lon="13.975361"></trkpt>
      <trkpt lat="66.307458" lon="13.975549"></trkpt>
      <trkpt lat="66.307504" lon="13.975931"></trkpt>
      <trkpt lat="66.307514" lon="13.976033"></trkpt>
      <trkpt lat="66.307550" lon="13.976509"></trkpt>
      <trkpt lat="66.307566" lon="13.976756"></trkpt>
      <trkpt lat="66.307584" lon="13.977411"></trkpt>
      <trkpt lat="66.307591" lon="13.977879"></trkpt>
      <trkpt lat="66.307591" lon="13.978426"></trkpt>
      <trkpt lat="66.307602" lon="13.979473"></trkpt>
      <trkpt lat="66.307620" lon="13.979979"></trkpt>
      <trkpt lat="66.307659" lon="13.980453"></trkpt>
      <trkpt lat="66.307680" lon="13.980619"></trkpt>
      <trkpt lat="66.307758" lon="13.981120"></trkpt>
      <trkpt lat="66.307848" lon="13.981585"></trkpt>
      <trkpt lat="66.307987" lon="13.982190"></trkpt>
      <trkpt lat="66.308041" lon="13.982438"></trkpt>
      <trkpt lat="66.308325" lon="13.983606"></trkpt>
      <trkpt lat="66.308420" lon="13.984027"></trkpt>
      <trkpt lat="66.308486" lon="13.984344"></trkpt>
      <trkpt lat="66.308598" lon="13.984900"></trkpt>
      <trkpt lat="66.308679" lon="13.985285"></trkpt>
      <trkpt lat="66.308984" lon="13.986892"></trkpt>
      <trkpt lat="66.309073" lon="13.987333"></trkpt>
      <trkpt lat="66.309171" lon="13.987750"></trkpt>
      <trkpt lat="66.309265" lon="13.988132"></trkpt>
      <trkpt lat="66.309621" lon="13.989415"></trkpt>
      <trkpt lat="66.309875" lon="13.990354"></trkpt>
      <trkpt lat="66.310126" lon="13.991325"></trkpt>
      <trkpt lat="66.310308" lon="13.992065"></trkpt>
      <trkpt lat="66.310564" lon="13.993187"></trkpt>
      <trkpt lat="66.310786" lon="13.994214"></trkpt>
      <trkpt lat="66.310988" lon="13.995201"></trkpt>
      <trkpt lat="66.311279" lon="13.996656"></trkpt>
      <trkpt lat="66.311375" lon="13.997151"></trkpt>
      <trkpt lat="66.311470" lon="13.997695"></trkpt>
      <trkpt lat="66.311522" lon="13.998055"></trkpt>
      <trkpt lat="66.311548" lon="13.998273"></trkpt>
      <trkpt lat="66.311569" lon="13.998485"></trkpt>
      <trkpt lat="66.311596" lon="13.998870"></trkpt>
      <trkpt lat="66.311608" lon="13.999180"></trkpt>
      <trkpt lat="66.311609" lon="13.999546"></trkpt>
      <trkpt lat="66.311605" lon="13.999734"></trkpt>
      <trkpt lat="66.311592" lon="14.000021"></trkpt>
      <trkpt lat="66.311627" lon="14.000023"></trkpt>
      <trkpt lat="66.311676" lon="14.000027"></trkpt>
      <trkpt lat="66.311737" lon="14.000007"></trkpt>
      <trkpt lat="66.311772" lon="13.999984"></trkpt>
      <trkpt lat="66.311831" lon="13.999928"></trkpt>
      <trkpt lat="66.311853" lon="13.999890"></trkpt>
      <trkpt lat="66.311871" lon="13.999842"></trkpt>
      <trkpt lat="66.311887" lon="13.999778"></trkpt>
      <trkpt lat="66.311897" lon="13.999717"></trkpt>
      <trkpt lat="66.311912" lon="13.999585"></trkpt>
      <trkpt lat="66.311955" lon="13.999059"></trkpt>
      <trkpt lat="66.311980" lon="13.998798"></trkpt>
      <trkpt lat="66.312069" lon="13.997989"></trkpt>
      <trkpt lat="66.312106" lon="13.997716"></trkpt>
      <trkpt lat="66.312138" lon="13.997524"></trkpt>
      <trkpt lat="66.312168" lon="13.997439"></trkpt>
      <trkpt lat="66.312192" lon="13.997384"></trkpt>
      <trkpt lat="66.312211" lon="13.997360"></trkpt>
      <trkpt lat="66.312254" lon="13.997346"></trkpt>
      <trkpt lat="66.312281" lon="13.997361"></trkpt>
      <trkpt lat="66.312297" lon="13.997378"></trkpt>
      <trkpt lat="66.312317" lon="13.997413"></trkpt>
      <trkpt lat="66.312347" lon="13.997493"></trkpt>
      <trkpt lat="66.312361" lon="13.997541"></trkpt>
      <trkpt lat="66.312371" lon="13.997602"></trkpt>
      <trkpt lat="66.312385" lon="13.997729"></trkpt>
      <trkpt lat="66.312413" lon="13.998364"></trkpt>
      <trkpt lat="66.312428" lon="13.998601"></trkpt>
      <trkpt lat="66.312436" lon="13.998685"></trkpt>
      <trkpt lat="66.312467" lon="13.998865"></trkpt>
      <trkpt lat="66.312490" lon="13.998953"></trkpt>
      <trkpt lat="66.312510" lon="13.999013"></trkpt>
      <trkpt lat="66.312548" lon="13.999107"></trkpt>
      <trkpt lat="66.312593" lon="13.999188"></trkpt>
      <trkpt lat="66.312630" lon="13.999237"></trkpt>
      <trkpt lat="66.312648" lon="13.999252"></trkpt>
      <trkpt lat="66.312692" lon="13.999278"></trkpt>
      <trkpt lat="66.312740" lon="13.999283"></trkpt>
      <trkpt lat="66.312807" lon="13.999258"></trkpt>
      <trkpt lat="66.312863" lon="13.999211"></trkpt>
      <trkpt lat="66.312900" lon="13.999160"></trkpt>
      <trkpt lat="66.312947" lon="13.999079"></trkpt>
      <trkpt lat="66.313016" lon="13.998934"></trkpt>
      <trkpt lat="66.313053" lon="13.998852"></trkpt>
      <trkpt lat="66.313123" lon="13.998678"></trkpt>
      <trkpt lat="66.313427" lon="13.997911"></trkpt>
      <trkpt lat="66.313469" lon="13.997801"></trkpt>
      <trkpt lat="66.313527" lon="13.997625"></trkpt>
      <trkpt lat="66.313564" lon="13.997485"></trkpt>
      <trkpt lat="66.313596" lon="13.997296"></trkpt>
      <trkpt lat="66.313607" lon="13.997207"></trkpt>
      <trkpt lat="66.313619" lon="13.997085"></trkpt>
      <trkpt lat="66.313636" lon="13.996800"></trkpt>
      <trkpt lat="66.313652" lon="13.996440"></trkpt>
      <trkpt lat="66.313692" lon="13.995773"></trkpt>
      <trkpt lat="66.313703" lon="13.995647"></trkpt>
      <trkpt lat="66.313718" lon="13.995524"></trkpt>
      <trkpt lat="66.313737" lon="13.995409"></trkpt>
      <trkpt lat="66.313771" lon="13.995279"></trkpt>
      <trkpt lat="66.313806" lon="13.995201"></trkpt>
      <trkpt lat="66.313845" lon="13.995161"></trkpt>
      <trkpt lat="66.313874" lon="13.995142"></trkpt>
      <trkpt lat="66.313901" lon="13.995135"></trkpt>
      <trkpt lat="66.313921" lon="13.995156"></trkpt>
      <trkpt lat="66.313954" lon="13.995205"></trkpt>
      <trkpt lat="66.314002" lon="13.995310"></trkpt>
      <trkpt lat="66.314085" lon="13.995526"></trkpt>
      <trkpt lat="66.314159" lon="13.995701"></trkpt>
      <trkpt lat="66.314185" lon="13.995746"></trkpt>
      <trkpt lat="66.314210" lon="13.995774"></trkpt>
      <trkpt lat="66.314256" lon="13.995806"></trkpt>
      <trkpt lat="66.314291" lon="13.995816"></trkpt>
      <trkpt lat="66.314352" lon="13.995794"></trkpt>
      <trkpt lat="66.314382" lon="13.995760"></trkpt>
      <trkpt lat="66.314428" lon="13.995687"></trkpt>
      <trkpt lat="66.314482" lon="13.995571"></trkpt>
      <trkpt lat="66.314559" lon="13.995375"></trkpt>
      <trkpt lat="66.314635" lon="13.995158"></trkpt>
      <trkpt lat="66.314690" lon="13.994964"></trkpt>
      <trkpt lat="66.314725" lon="13.994822"></trkpt>
      <trkpt lat="66.314837" lon="13.994324"></trkpt>
      <trkpt lat="66.314923" lon="13.993906"></trkpt>
      <trkpt lat="66.314956" lon="13.993770"></trkpt>
      <trkpt lat="66.315000" lon="13.993620"></trkpt>
      <trkpt lat="66.315035" lon="13.993527"></trkpt>
      <trkpt lat="66.315106" lon="13.993366"></trkpt>
      <trkpt lat="66.315327" lon="13.992960"></trkpt>
      <trkpt lat="66.315621" lon="13.992499"></trkpt>
      <trkpt lat="66.315776" lon="13.992268"></trkpt>
      <trkpt lat="66.315804" lon="13.992219"></trkpt>
      <trkpt lat="66.316043" lon="13.991831"></trkpt>
      <trkpt lat="66.316476" lon="13.991149"></trkpt>
      <trkpt lat="66.316730" lon="13.990737"></trkpt>
      <trkpt lat="66.316849" lon="13.990536"></trkpt>
      <trkpt lat="66.316966" lon="13.990317"></trkpt>
      <trkpt lat="66.317042" lon="13.990140"></trkpt>
      <trkpt lat="66.317111" lon="13.989916"></trkpt>
      <trkpt lat="66.317143" lon="13.989757"></trkpt>
      <trkpt lat="66.317160" lon="13.989650"></trkpt>
      <trkpt lat="66.317185" lon="13.989416"></trkpt>
      <trkpt lat="66.317214" lon="13.988950"></trkpt>
      <trkpt lat="66.317221" lon="13.988363"></trkpt>
      <trkpt lat="66.317208" lon="13.986824"></trkpt>
      <trkpt lat="66.317199" lon="13.986521"></trkpt>
      <trkpt lat="66.317185" lon="13.986301"></trkpt>
      <trkpt lat="66.317161" lon="13.986128"></trkpt>
      <trkpt lat="66.317129" lon="13.985943"></trkpt>
      <trkpt lat="66.317060" lon="13.985643"></trkpt>
      <trkpt lat="66.316773" lon="13.984630"></trkpt>
      <trkpt lat="66.316656" lon="13.984227"></trkpt>
      <trkpt lat="66.316596" lon="13.984035"></trkpt>
      <trkpt lat="66.316514" lon="13.983811"></trkpt>
      <trkpt lat="66.316435" lon="13.983645"></trkpt>
      <trkpt lat="66.316306" lon="13.983418"></trkpt>
      <trkpt lat="66.316143" lon="13.983144"></trkpt>
      <trkpt lat="66.316104" lon="13.983065"></trkpt>
      <trkpt lat="66.316076" lon="13.982994"></trkpt>
      <trkpt lat="66.316051" lon="13.982924"></trkpt>
      <trkpt lat="66.315994" lon="13.982739"></trkpt>
      <trkpt lat="66.315971" lon="13.982636"></trkpt>
      <trkpt lat="66.315863" lon="13.982096"></trkpt>
      <trkpt lat="66.315842" lon="13.981971"></trkpt>
      <trkpt lat="66.315725" lon="13.981360"></trkpt>
      <trkpt lat="66.315639" lon="13.980848"></trkpt>
      <trkpt lat="66.315596" lon="13.980527"></trkpt>
      <trkpt lat="66.315572" lon="13.980301"></trkpt>
      <trkpt lat="66.315541" lon="13.979961"></trkpt>
      <trkpt lat="66.315518" lon="13.979575"></trkpt>
      <trkpt lat="66.315513" lon="13.979345"></trkpt>
      <trkpt lat="66.315517" lon="13.979066"></trkpt>
      <trkpt lat="66.315540" lon="13.978879"></trkpt>
      <trkpt lat="66.315555" lon="13.978784"></trkpt>
      <trkpt lat="66.315599" lon="13.978596"></trkpt>
      <trkpt lat="66.315628" lon="13.978503"></trkpt>
      <trkpt lat="66.315665" lon="13.978412"></trkpt>
      <trkpt lat="66.315801" lon="13.978125"></trkpt>
      <trkpt lat="66.316236" lon="13.977281"></trkpt>
      <trkpt lat="66.316357" lon="13.977069"></trkpt>
      <trkpt lat="66.316396" lon="13.977008"></trkpt>
      <trkpt lat="66.316439" lon="13.976948"></trkpt>
      <trkpt lat="66.316480" lon="13.976913"></trkpt>
      <trkpt lat="66.316520" lon="13.976886"></trkpt>
      <trkpt lat="66.316625" lon="13.976871"></trkpt>
      <trkpt lat="66.316746" lon="13.976922"></trkpt>
      <trkpt lat="66.316800" lon="13.976956"></trkpt>
      <trkpt lat="66.316849" lon="13.977003"></trkpt>
      <trkpt lat="66.316952" lon="13.977146"></trkpt>
      <trkpt lat="66.317011" lon="13.977245"></trkpt>
      <trkpt lat="66.317059" lon="13.977328"></trkpt>
      <trkpt lat="66.317346" lon="13.977868"></trkpt>
      <trkpt lat="66.318735" lon="13.980435"></trkpt>
      <trkpt lat="66.319023" lon="13.980943"></trkpt>
      <trkpt lat="66.319156" lon="13.981125"></trkpt>
      <trkpt lat="66.319226" lon="13.981194"></trkpt>
      <trkpt lat="66.319286" lon="13.981244"></trkpt>
      <trkpt lat="66.319393" lon="13.981287"></trkpt>
      <trkpt lat="66.319432" lon="13.981293"></trkpt>
      <trkpt lat="66.319531" lon="13.981281"></trkpt>
      <trkpt lat="66.319622" lon="13.981240"></trkpt>
      <trkpt lat="66.319720" lon="13.981159"></trkpt>
      <trkpt lat="66.319865" lon="13.981003"></trkpt>
      <trkpt lat="66.319994" lon="13.980880"></trkpt>
      <trkpt lat="66.320039" lon="13.980840"></trkpt>
      <trkpt lat="66.320104" lon="13.980806"></trkpt>
      <trkpt lat="66.320200" lon="13.980784"></trkpt>
      <trkpt lat="66.320302" lon="13.980781"></trkpt>
      <trkpt lat="66.320406" lon="13.980801"></trkpt>
      <trkpt lat="66.320498" lon="13.980856"></trkpt>
      <trkpt lat="66.320588" lon="13.980950"></trkpt>
      <trkpt lat="66.320695" lon="13.981104"></trkpt>
      <trkpt lat="66.320792" lon="13.981285"></trkpt>
      <trkpt lat="66.320888" lon="13.981501"></trkpt>
      <trkpt lat="66.320975" lon="13.981722"></trkpt>
      <trkpt lat="66.321002" lon="13.981801"></trkpt>
      <trkpt lat="66.321127" lon="13.982203"></trkpt>
      <trkpt lat="66.321234" lon="13.982605"></trkpt>
      <trkpt lat="66.321315" lon="13.982832"></trkpt>
      <trkpt lat="66.321340" lon="13.982889"></trkpt>
      <trkpt lat="66.321418" lon="13.983006"></trkpt>
      <trkpt lat="66.321481" lon="13.983087"></trkpt>
      <trkpt lat="66.321579" lon="13.983185"></trkpt>
      <trkpt lat="66.321656" lon="13.983243"></trkpt>
      <trkpt lat="66.321689" lon="13.983258"></trkpt>
      <trkpt lat="66.321803" lon="13.983287"></trkpt>
      <trkpt lat="66.321950" lon="13.983285"></trkpt>
      <trkpt lat="66.322231" lon="13.983275"></trkpt>
      <trkpt lat="66.322329" lon="13.983295"></trkpt>
      <trkpt lat="66.322426" lon="13.983324"></trkpt>
      <trkpt lat="66.322514" lon="13.983369"></trkpt>
      <trkpt lat="66.322600" lon="13.983423"></trkpt>
      <trkpt lat="66.322689" lon="13.983501"></trkpt>
      <trkpt lat="66.322734" lon="13.983549"></trkpt>
      <trkpt lat="66.322780" lon="13.983612"></trkpt>
      <trkpt lat="66.322906" lon="13.983805"></trkpt>
      <trkpt lat="66.323020" lon="13.984059"></trkpt>
      <trkpt lat="66.323532" lon="13.985409"></trkpt>
      <trkpt lat="66.323596" lon="13.985595"></trkpt>
      <trkpt lat="66.323677" lon="13.985868"></trkpt>
      <trkpt lat="66.323757" lon="13.986242"></trkpt>
      <trkpt lat="66.323777" lon="13.986365"></trkpt>
      <trkpt lat="66.323814" lon="13.986609"></trkpt>
      <trkpt lat="66.323845" lon="13.986856"></trkpt>
      <trkpt lat="66.323885" lon="13.987225"></trkpt>
      <trkpt lat="66.323954" lon="13.987961"></trkpt>
      <trkpt lat="66.323979" lon="13.988198"></trkpt>
      <trkpt lat="66.324027" lon="13.988543"></trkpt>
      <trkpt lat="66.324083" lon="13.988853"></trkpt>
      <trkpt lat="66.324161" lon="13.989173"></trkpt>
      <trkpt lat="66.324256" lon="13.989464"></trkpt>
      <trkpt lat="66.324286" lon="13.989545"></trkpt>
      <trkpt lat="66.324386" lon="13.989777"></trkpt>
      <trkpt lat="66.324552" lon="13.990037"></trkpt>
      <trkpt lat="66.324594" lon="13.990096"></trkpt>
      <trkpt lat="66.324719" lon="13.990238"></trkpt>
      <trkpt lat="66.324804" lon="13.990324"></trkpt>
      <trkpt lat="66.324887" lon="13.990395"></trkpt>
      <trkpt lat="66.325013" lon="13.990485"></trkpt>
      <trkpt lat="66.325209" lon="13.990582"></trkpt>
      <trkpt lat="66.325439" lon="13.990615"></trkpt>
      <trkpt lat="66.325520" lon="13.990613"></trkpt>
      <trkpt lat="66.325645" lon="13.990596"></trkpt>
      <trkpt lat="66.325682" lon="13.990580"></trkpt>
      <trkpt lat="66.325823" lon="13.990482"></trkpt>
      <trkpt lat="66.326086" lon="13.990217"></trkpt>
      <trkpt lat="66.326174" lon="13.990114"></trkpt>
      <trkpt lat="66.326260" lon="13.989997"></trkpt>
      <trkpt lat="66.326387" lon="13.989808"></trkpt>
      <trkpt lat="66.326669" lon="13.989306"></trkpt>
      <trkpt lat="66.327334" lon="13.988159"></trkpt>
      <trkpt lat="66.327808" lon="13.987305"></trkpt>
      <trkpt lat="66.328435" lon="13.986192"></trkpt>
      <trkpt lat="66.328608" lon="13.985900"></trkpt>
      <trkpt lat="66.328825" lon="13.985575"></trkpt>
      <trkpt lat="66.328995" lon="13.985398"></trkpt>
      <trkpt lat="66.329072" lon="13.985365"></trkpt>
      <trkpt lat="66.329142" lon="13.985348"></trkpt>
      <trkpt lat="66.329215" lon="13.985360"></trkpt>
      <trkpt lat="66.329257" lon="13.985381"></trkpt>
      <trkpt lat="66.329298" lon="13.985404"></trkpt>
      <trkpt lat="66.329327" lon="13.985433"></trkpt>
      <trkpt lat="66.329395" lon="13.985525"></trkpt>
      <trkpt lat="66.329434" lon="13.985583"></trkpt>
      <trkpt lat="66.329475" lon="13.985655"></trkpt>
      <trkpt lat="66.329549" lon="13.985810"></trkpt>
      <trkpt lat="66.329934" lon="13.986657"></trkpt>
      <trkpt lat="66.330050" lon="13.986936"></trkpt>
      <trkpt lat="66.330158" lon="13.987261"></trkpt>
      <trkpt lat="66.330223" lon="13.987442"></trkpt>
      <trkpt lat="66.330360" lon="13.987734"></trkpt>
      <trkpt lat="66.330471" lon="13.987859"></trkpt>
      <trkpt lat="66.330499" lon="13.987884"></trkpt>
      <trkpt lat="66.330680" lon="13.987980"></trkpt>
      <trkpt lat="66.330975" lon="13.988076"></trkpt>
      <trkpt lat="66.331225" lon="13.988149"></trkpt>
      <trkpt lat="66.331382" lon="13.988206"></trkpt>
      <trkpt lat="66.331485" lon="13.988258"></trkpt>
      <trkpt lat="66.331659" lon="13.988374"></trkpt>
      <trkpt lat="66.332002" lon="13.988644"></trkpt>
      <trkpt lat="66.332182" lon="13.988763"></trkpt>
      <trkpt lat="66.332333" lon="13.988836"></trkpt>
      <trkpt lat="66.332584" lon="13.988898"></trkpt>
      <trkpt lat="66.332964" lon="13.988945"></trkpt>
      <trkpt lat="66.333262" lon="13.988889"></trkpt>
      <trkpt lat="66.333389" lon="13.988841"></trkpt>
      <trkpt lat="66.333499" lon="13.988773"></trkpt>
      <trkpt lat="66.333585" lon="13.988670"></trkpt>
      <trkpt lat="66.333640" lon="13.988573"></trkpt>
      <trkpt lat="66.333662" lon="13.988502"></trkpt>
      <trkpt lat="66.333687" lon="13.988382"></trkpt>
      <trkpt lat="66.333689" lon="13.988300"></trkpt>
      <trkpt lat="66.333687" lon="13.988201"></trkpt>
      <trkpt lat="66.333681" lon="13.988103"></trkpt>
      <trkpt lat="66.333656" lon="13.987890"></trkpt>
      <trkpt lat="66.333643" lon="13.987784"></trkpt>
      <trkpt lat="66.333528" lon="13.987126"></trkpt>
      <trkpt lat="66.333468" lon="13.986760"></trkpt>
      <trkpt lat="66.333412" lon="13.986475"></trkpt>
      <trkpt lat="66.333352" lon="13.986265"></trkpt>
      <trkpt lat="66.333272" lon="13.986007"></trkpt>
      <trkpt lat="66.333129" lon="13.985529"></trkpt>
      <trkpt lat="66.333005" lon="13.985140"></trkpt>
      <trkpt lat="66.332854" lon="13.984609"></trkpt>
      <trkpt lat="66.332743" lon="13.984183"></trkpt>
      <trkpt lat="66.332607" lon="13.983685"></trkpt>
      <trkpt lat="66.332305" lon="13.982484"></trkpt>
      <trkpt lat="66.332194" lon="13.981974"></trkpt>
      <trkpt lat="66.332130" lon="13.981615"></trkpt>
      <trkpt lat="66.332098" lon="13.981398"></trkpt>
      <trkpt lat="66.332083" lon="13.981268"></trkpt>
      <trkpt lat="66.332071" lon="13.981100"></trkpt>
      <trkpt lat="66.332063" lon="13.980960"></trkpt>
      <trkpt lat="66.332036" lon="13.980489"></trkpt>
      <trkpt lat="66.332017" lon="13.980244"></trkpt>
      <trkpt lat="66.331906" lon="13.979014"></trkpt>
      <trkpt lat="66.331868" lon="13.978714"></trkpt>
      <trkpt lat="66.331853" lon="13.978625"></trkpt>
      <trkpt lat="66.331815" lon="13.978463"></trkpt>
      <trkpt lat="66.331794" lon="13.978397"></trkpt>
      <trkpt lat="66.331752" lon="13.978325"></trkpt>
      <trkpt lat="66.331691" lon="13.978268"></trkpt>
      <trkpt lat="66.331585" lon="13.978236"></trkpt>
      <trkpt lat="66.331494" lon="13.978175"></trkpt>
      <trkpt lat="66.331409" lon="13.978040"></trkpt>
      <trkpt lat="66.331354" lon="13.977942"></trkpt>
      <trkpt lat="66.331280" lon="13.977678"></trkpt>
      <trkpt lat="66.331258" lon="13.977577"></trkpt>
      <trkpt lat="66.331218" lon="13.977289"></trkpt>
      <trkpt lat="66.331170" lon="13.976813"></trkpt>
      <trkpt lat="66.331135" lon="13.976531"></trkpt>
      <trkpt lat="66.331112" lon="13.976401"></trkpt>
      <trkpt lat="66.331079" lon="13.976265"></trkpt>
      <trkpt lat="66.331028" lon="13.976087"></trkpt>
      <trkpt lat="66.330928" lon="13.975772"></trkpt>
      <trkpt lat="66.330867" lon="13.975533"></trkpt>
      <trkpt lat="66.330820" lon="13.975299"></trkpt>
      <trkpt lat="66.330782" lon="13.974986"></trkpt>
      <trkpt lat="66.330773" lon="13.974811"></trkpt>
      <trkpt lat="66.330775" lon="13.974585"></trkpt>
      <trkpt lat="66.330832" lon="13.974116"></trkpt>
      <trkpt lat="66.330875" lon="13.973752"></trkpt>
      <trkpt lat="66.330895" lon="13.973394"></trkpt>
      <trkpt lat="66.330894" lon="13.973079"></trkpt>
      <trkpt lat="66.330885" lon="13.972469"></trkpt>
      <trkpt lat="66.330877" lon="13.971940"></trkpt>
      <trkpt lat="66.330878" lon="13.971706"></trkpt>
      <trkpt lat="66.330884" lon="13.971591"></trkpt>
      <trkpt lat="66.330894" lon="13.971474"></trkpt>
      <trkpt lat="66.330909" lon="13.971381"></trkpt>
      <trkpt lat="66.330927" lon="13.971295"></trkpt>
      <trkpt lat="66.330955" lon="13.971175"></trkpt>
      <trkpt lat="66.330991" lon="13.971066"></trkpt>
      <trkpt lat="66.331208" lon="13.970429"></trkpt>
      <trkpt lat="66.331435" lon="13.969890"></trkpt>
      <trkpt lat="66.331403" lon="13.969787"></trkpt>
      <trkpt lat="66.331380" lon="13.969714"></trkpt>
      <trkpt lat="66.331234" lon="13.969369"></trkpt>
      <trkpt lat="66.331096" lon="13.968983"></trkpt>
      <trkpt lat="66.330945" lon="13.968651"></trkpt>
      <trkpt lat="66.330854" lon="13.968496"></trkpt>
      <trkpt lat="66.330795" lon="13.968431"></trkpt>
      <trkpt lat="66.330631" lon="13.968301"></trkpt>
      <trkpt lat="66.330265" lon="13.968047"></trkpt>
      <trkpt lat="66.329611" lon="13.967594"></trkpt>
      <trkpt lat="66.329477" lon="13.967517"></trkpt>
      <trkpt lat="66.329380" lon="13.967501"></trkpt>
      <trkpt lat="66.329222" lon="13.967568"></trkpt>
      <trkpt lat="66.329090" lon="13.967582"></trkpt>
      <trkpt lat="66.329021" lon="13.967590"></trkpt>
      <trkpt lat="66.328924" lon="13.967596"></trkpt>
      <trkpt lat="66.328553" lon="13.967716"></trkpt>
      <trkpt lat="66.328350" lon="13.967753"></trkpt>
      <trkpt lat="66.328130" lon="13.967773"></trkpt>
      <trkpt lat="66.328049" lon="13.967772"></trkpt>
      <trkpt lat="66.327996" lon="13.967752"></trkpt>
      <trkpt lat="66.327948" lon="13.967710"></trkpt>
      <trkpt lat="66.327877" lon="13.967616"></trkpt>
      <trkpt lat="66.327739" lon="13.967361"></trkpt>
      <trkpt lat="66.327703" lon="13.967262"></trkpt>
      <trkpt lat="66.327587" lon="13.966800"></trkpt>
      <trkpt lat="66.327482" lon="13.966418"></trkpt>
      <trkpt lat="66.327367" lon="13.966093"></trkpt>
      <trkpt lat="66.327320" lon="13.965987"></trkpt>
      <trkpt lat="66.327261" lon="13.965802"></trkpt>
      <trkpt lat="66.327170" lon="13.965449"></trkpt>
      <trkpt lat="66.327122" lon="13.965306"></trkpt>
      <trkpt lat="66.326990" lon="13.965010"></trkpt>
      <trkpt lat="66.326822" lon="13.964682"></trkpt>
      <trkpt lat="66.326796" lon="13.964621"></trkpt>
      <trkpt lat="66.326746" lon="13.964460"></trkpt>
      <trkpt lat="66.326722" lon="13.964331"></trkpt>
      <trkpt lat="66.326700" lon="13.964111"></trkpt>
      <trkpt lat="66.326581" lon="13.963239"></trkpt>
      <trkpt lat="66.326551" lon="13.963053"></trkpt>
      <trkpt lat="66.326475" lon="13.962721"></trkpt>
      <trkpt lat="66.326433" lon="13.962584"></trkpt>
      <trkpt lat="66.326380" lon="13.962450"></trkpt>
      <trkpt lat="66.326258" lon="13.962187"></trkpt>
      <trkpt lat="66.326161" lon="13.961908"></trkpt>
      <trkpt lat="66.326137" lon="13.961735"></trkpt>
      <trkpt lat="66.326131" lon="13.961327"></trkpt>
      <trkpt lat="66.326131" lon="13.961090"></trkpt>
      <trkpt lat="66.326143" lon="13.960831"></trkpt>
      <trkpt lat="66.326137" lon="13.960590"></trkpt>
      <trkpt lat="66.326136" lon="13.960186"></trkpt>
      <trkpt lat="66.326156" lon="13.959924"></trkpt>
      <trkpt lat="66.326188" lon="13.959646"></trkpt>
      <trkpt lat="66.326265" lon="13.959221"></trkpt>
      <trkpt lat="66.326277" lon="13.959120"></trkpt>
      <trkpt lat="66.326285" lon="13.959001"></trkpt>
      <trkpt lat="66.326285" lon="13.958798"></trkpt>
      <trkpt lat="66.326260" lon="13.958493"></trkpt>
      <trkpt lat="66.326256" lon="13.958364"></trkpt>
      <trkpt lat="66.326253" lon="13.957820"></trkpt>
      <trkpt lat="66.326245" lon="13.957699"></trkpt>
      <trkpt lat="66.326223" lon="13.957593"></trkpt>
      <trkpt lat="66.326169" lon="13.957397"></trkpt>
      <trkpt lat="66.326054" lon="13.957044"></trkpt>
      <trkpt lat="66.326019" lon="13.956776"></trkpt>
      <trkpt lat="66.325983" lon="13.956605"></trkpt>
      <trkpt lat="66.325934" lon="13.956444"></trkpt>
      <trkpt lat="66.325848" lon="13.956285"></trkpt>
      <trkpt lat="66.325827" lon="13.956235"></trkpt>
      <trkpt lat="66.325726" lon="13.955969"></trkpt>
      <trkpt lat="66.325690" lon="13.955863"></trkpt>
      <trkpt lat="66.325637" lon="13.955675"></trkpt>
      <trkpt lat="66.325519" lon="13.954957"></trkpt>
      <trkpt lat="66.325459" lon="13.954645"></trkpt>
      <trkpt lat="66.325443" lon="13.954581"></trkpt>
      <trkpt lat="66.325350" lon="13.954319"></trkpt>
      <trkpt lat="66.325301" lon="13.954201"></trkpt>
      <trkpt lat="66.325234" lon="13.954083"></trkpt>
      <trkpt lat="66.325167" lon="13.953985"></trkpt>
      <trkpt lat="66.325070" lon="13.953867"></trkpt>
      <trkpt lat="66.324983" lon="13.953817"></trkpt>
      <trkpt lat="66.324911" lon="13.953800"></trkpt>
      <trkpt lat="66.324855" lon="13.953771"></trkpt>
      <trkpt lat="66.324733" lon="13.953660"></trkpt>
      <trkpt lat="66.324595" lon="13.953547"></trkpt>
      <trkpt lat="66.324499" lon="13.953509"></trkpt>
      <trkpt lat="66.324462" lon="13.953501"></trkpt>
      <trkpt lat="66.324426" lon="13.953504"></trkpt>
      <trkpt lat="66.324473" lon="13.953016"></trkpt>
      <trkpt lat="66.324556" lon="13.952732"></trkpt>
      <trkpt lat="66.324707" lon="13.952374"></trkpt>
      <trkpt lat="66.324830" lon="13.952235"></trkpt>
      <trkpt lat="66.325124" lon="13.952051"></trkpt>
      <trkpt lat="66.325317" lon="13.951968"></trkpt>
      <trkpt lat="66.325405" lon="13.951875"></trkpt>
      <trkpt lat="66.325502" lon="13.951615"></trkpt>
      <trkpt lat="66.325670" lon="13.951302"></trkpt>
      <trkpt lat="66.325829" lon="13.951167"></trkpt>
      <trkpt lat="66.325928" lon="13.951194"></trkpt>
      <trkpt lat="66.326116" lon="13.951316"></trkpt>
      <trkpt lat="66.326333" lon="13.951415"></trkpt>
      <trkpt lat="66.326903" lon="13.951078"></trkpt>
      <trkpt lat="66.327158" lon="13.950904"></trkpt>
      <trkpt lat="66.327297" lon="13.950684"></trkpt>
      <trkpt lat="66.327441" lon="13.950422"></trkpt>
      <trkpt lat="66.327532" lon="13.950162"></trkpt>
      <trkpt lat="66.327605" lon="13.949831"></trkpt>
      <trkpt lat="66.327620" lon="13.949584"></trkpt>
      <trkpt lat="66.327618" lon="13.949296"></trkpt>
      <trkpt lat="66.327559" lon="13.949010"></trkpt>
      <trkpt lat="66.327468" lon="13.948793"></trkpt>
      <trkpt lat="66.327219" lon="13.948400"></trkpt>
      <trkpt lat="66.327165" lon="13.948302"></trkpt>
      <trkpt lat="66.327120" lon="13.948203"></trkpt>
      <trkpt lat="66.327108" lon="13.948139"></trkpt>
      <trkpt lat="66.327109" lon="13.948058"></trkpt>
      <trkpt lat="66.327118" lon="13.947936"></trkpt>
      <trkpt lat="66.327118" lon="13.947936"></trkpt>
      <trkpt lat="66.327109" lon="13.948058"></trkpt>
      <trkpt lat="66.327108" lon="13.948139"></trkpt>
      <trkpt lat="66.327120" lon="13.948203"></trkpt>
      <trkpt lat="66.327165" lon="13.948302"></trkpt>
      <trkpt lat="66.327219" lon="13.948400"></trkpt>
      <trkpt lat="66.327468" lon="13.948793"></trkpt>
      <trkpt lat="66.327559" lon="13.949010"></trkpt>
      <trkpt lat="66.327618" lon="13.949296"></trkpt>
      <trkpt lat="66.327620" lon="13.949584"></trkpt>
      <trkpt lat="66.327605" lon="13.949831"></trkpt>
      <trkpt lat="66.327532" lon="13.950162"></trkpt>
      <trkpt lat="66.327441" lon="13.950422"></trkpt>
      <trkpt lat="66.327297" lon="13.950684"></trkpt>
      <trkpt lat="66.327158" lon="13.950904"></trkpt>
      <trkpt lat="66.326903" lon="13.951078"></trkpt>
      <trkpt lat="66.326333" lon="13.951415"></trkpt>
      <trkpt lat="66.326116" lon="13.951316"></trkpt>
      <trkpt lat="66.325928" lon="13.951194"></trkpt>
      <trkpt lat="66.325829" lon="13.951167"></trkpt>
      <trkpt lat="66.325670" lon="13.951302"></trkpt>
      <trkpt lat="66.325502" lon="13.951615"></trkpt>
      <trkpt lat="66.325405" lon="13.951875"></trkpt>
      <trkpt lat="66.325317" lon="13.951968"></trkpt>
      <trkpt lat="66.325124" lon="13.952051"></trkpt>
      <trkpt lat="66.324830" lon="13.952235"></trkpt>
      <trkpt lat="66.324707" lon="13.952374"></trkpt>
      <trkpt lat="66.324556" lon="13.952732"></trkpt>
      <trkpt lat="66.324473" lon="13.953016"></trkpt>
      <trkpt lat="66.324426" lon="13.953504"></trkpt>
      <trkpt lat="66.324462" lon="13.953501"></trkpt>
      <trkpt lat="66.324499" lon="13.953509"></trkpt>
      <trkpt lat="66.324595" lon="13.953547"></trkpt>
      <trkpt lat="66.324733" lon="13.953660"></trkpt>
      <trkpt lat="66.324855" lon="13.953771"></trkpt>
      <trkpt lat="66.324911" lon="13.953800"></trkpt>
      <trkpt lat="66.324983" lon="13.953817"></trkpt>
      <trkpt lat="66.325070" lon="13.953867"></trkpt>
      <trkpt lat="66.325167" lon="13.953985"></trkpt>
      <trkpt lat="66.325234" lon="13.954083"></trkpt>
      <trkpt lat="66.325301" lon="13.954201"></trkpt>
      <trkpt lat="66.325350" lon="13.954319"></trkpt>
      <trkpt lat="66.325443" lon="13.954581"></trkpt>
      <trkpt lat="66.325459" lon="13.954645"></trkpt>
      <trkpt lat="66.325519" lon="13.954957"></trkpt>
      <trkpt lat="66.325637" lon="13.955675"></trkpt>
      <trkpt lat="66.325690" lon="13.955863"></trkpt>
      <trkpt lat="66.325726" lon="13.955969"></trkpt>
      <trkpt lat="66.325827" lon="13.956235"></trkpt>
      <trkpt lat="66.325848" lon="13.956285"></trkpt>
      <trkpt lat="66.325934" lon="13.956444"></trkpt>
      <trkpt lat="66.325983" lon="13.956605"></trkpt>
      <trkpt lat="66.326019" lon="13.956776"></trkpt>
      <trkpt lat="66.326054" lon="13.957044"></trkpt>
      <trkpt lat="66.326169" lon="13.957397"></trkpt>
      <trkpt lat="66.326223" lon="13.957593"></trkpt>
      <trkpt lat="66.326245" lon="13.957699"></trkpt>
      <trkpt lat="66.326253" lon="13.957820"></trkpt>
      <trkpt lat="66.326256" lon="13.958364"></trkpt>
      <trkpt lat="66.326260" lon="13.958493"></trkpt>
      <trkpt lat="66.326285" lon="13.958798"></trkpt>
      <trkpt lat="66.326285" lon="13.959001"></trkpt>
      <trkpt lat="66.326277" lon="13.959120"></trkpt>
      <trkpt lat="66.326265" lon="13.959221"></trkpt>
      <trkpt lat="66.326188" lon="13.959646"></trkpt>
      <trkpt lat="66.326156" lon="13.959924"></trkpt>
      <trkpt lat="66.326136" lon="13.960186"></trkpt>
      <trkpt lat="66.326137" lon="13.960590"></trkpt>
      <trkpt lat="66.326143" lon="13.960831"></trkpt>
      <trkpt lat="66.326131" lon="13.961090"></trkpt>
      <trkpt lat="66.326131" lon="13.961327"></trkpt>
      <trkpt lat="66.326137" lon="13.961735"></trkpt>
      <trkpt lat="66.326161" lon="13.961908"></trkpt>
      <trkpt lat="66.326258" lon="13.962187"></trkpt>
      <trkpt lat="66.326380" lon="13.962450"></trkpt>
      <trkpt lat="66.326433" lon="13.962584"></trkpt>
      <trkpt lat="66.326475" lon="13.962721"></trkpt>
      <trkpt lat="66.326551" lon="13.963053"></trkpt>
      <trkpt lat="66.326581" lon="13.963239"></trkpt>
      <trkpt lat="66.326700" lon="13.964111"></trkpt>
      <trkpt lat="66.326722" lon="13.964331"></trkpt>
      <trkpt lat="66.326746" lon="13.964460"></trkpt>
      <trkpt lat="66.326796" lon="13.964621"></trkpt>
      <trkpt lat="66.326822" lon="13.964682"></trkpt>
      <trkpt lat="66.326990" lon="13.965010"></trkpt>
      <trkpt lat="66.327122" lon="13.965306"></trkpt>
      <trkpt lat="66.327170" lon="13.965449"></trkpt>
      <trkpt lat="66.327261" lon="13.965802"></trkpt>
      <trkpt lat="66.327320" lon="13.965987"></trkpt>
      <trkpt lat="66.327367" lon="13.966093"></trkpt>
      <trkpt lat="66.327482" lon="13.966418"></trkpt>
      <trkpt lat="66.327587" lon="13.966800"></trkpt>
      <trkpt lat="66.327703" lon="13.967262"></trkpt>
      <trkpt lat="66.327739" lon="13.967361"></trkpt>
      <trkpt lat="66.327877" lon="13.967616"></trkpt>
      <trkpt lat="66.327948" lon="13.967710"></trkpt>
      <trkpt lat="66.327996" lon="13.967752"></trkpt>
      <trkpt lat="66.328049" lon="13.967772"></trkpt>
      <trkpt lat="66.328130" lon="13.967773"></trkpt>
      <trkpt lat="66.328350" lon="13.967753"></trkpt>
      <trkpt lat="66.328553" lon="13.967716"></trkpt>
      <trkpt lat="66.328924" lon="13.967596"></trkpt>
      <trkpt lat="66.329021" lon="13.967590"></trkpt>
      <trkpt lat="66.329090" lon="13.967582"></trkpt>
      <trkpt lat="66.329222" lon="13.967568"></trkpt>
      <trkpt lat="66.329380" lon="13.967501"></trkpt>
      <trkpt lat="66.329477" lon="13.967517"></trkpt>
      <trkpt lat="66.329611" lon="13.967594"></trkpt>
      <trkpt lat="66.330265" lon="13.968047"></trkpt>
      <trkpt lat="66.330631" lon="13.968301"></trkpt>
      <trkpt lat="66.330795" lon="13.968431"></trkpt>
      <trkpt lat="66.330854" lon="13.968496"></trkpt>
      <trkpt lat="66.330945" lon="13.968651"></trkpt>
      <trkpt lat="66.331096" lon="13.968983"></trkpt>
      <trkpt lat="66.331234" lon="13.969369"></trkpt>
      <trkpt lat="66.331380" lon="13.969714"></trkpt>
      <trkpt lat="66.331403" lon="13.969787"></trkpt>
      <trkpt lat="66.331435" lon="13.969890"></trkpt>
      <trkpt lat="66.331208" lon="13.970429"></trkpt>
      <trkpt lat="66.330991" lon="13.971066"></trkpt>
      <trkpt lat="66.330955" lon="13.971175"></trkpt>
      <trkpt lat="66.330927" lon="13.971295"></trkpt>
      <trkpt lat="66.330909" lon="13.971381"></trkpt>
      <trkpt lat="66.330894" lon="13.971474"></trkpt>
      <trkpt lat="66.330884" lon="13.971591"></trkpt>
      <trkpt lat="66.330878" lon="13.971706"></trkpt>
      <trkpt lat="66.330877" lon="13.971940"></trkpt>
      <trkpt lat="66.330885" lon="13.972469"></trkpt>
      <trkpt lat="66.330894" lon="13.973079"></trkpt>
      <trkpt lat="66.330895" lon="13.973394"></trkpt>
      <trkpt lat="66.330875" lon="13.973752"></trkpt>
      <trkpt lat="66.330832" lon="13.974116"></trkpt>
      <trkpt lat="66.330775" lon="13.974585"></trkpt>
      <trkpt lat="66.330773" lon="13.974811"></trkpt>
      <trkpt lat="66.330782" lon="13.974986"></trkpt>
      <trkpt lat="66.330820" lon="13.975299"></trkpt>
      <trkpt lat="66.330867" lon="13.975533"></trkpt>
      <trkpt lat="66.330928" lon="13.975772"></trkpt>
      <trkpt lat="66.331028" lon="13.976087"></trkpt>
      <trkpt lat="66.331079" lon="13.976265"></trkpt>
      <trkpt lat="66.331112" lon="13.976401"></trkpt>
      <trkpt lat="66.331135" lon="13.976531"></trkpt>
      <trkpt lat="66.331170" lon="13.976813"></trkpt>
      <trkpt lat="66.331218" lon="13.977289"></trkpt>
      <trkpt lat="66.331258" lon="13.977577"></trkpt>
      <trkpt lat="66.331280" lon="13.977678"></trkpt>
      <trkpt lat="66.331354" lon="13.977942"></trkpt>
      <trkpt lat="66.331409" lon="13.978040"></trkpt>
      <trkpt lat="66.331494" lon="13.978175"></trkpt>
      <trkpt lat="66.331585" lon="13.978236"></trkpt>
      <trkpt lat="66.331691" lon="13.978268"></trkpt>
      <trkpt lat="66.331752" lon="13.978325"></trkpt>
      <trkpt lat="66.331794" lon="13.978397"></trkpt>
      <trkpt lat="66.331815" lon="13.978463"></trkpt>
      <trkpt lat="66.331853" lon="13.978625"></trkpt>
      <trkpt lat="66.331868" lon="13.978714"></trkpt>
      <trkpt lat="66.331906" lon="13.979014"></trkpt>
      <trkpt lat="66.332017" lon="13.980244"></trkpt>
      <trkpt lat="66.332036" lon="13.980489"></trkpt>
      <trkpt lat="66.332063" lon="13.980960"></trkpt>
      <trkpt lat="66.332071" lon="13.981100"></trkpt>
      <trkpt lat="66.332083" lon="13.981268"></trkpt>
      <trkpt lat="66.332098" lon="13.981398"></trkpt>
      <trkpt lat="66.332130" lon="13.981615"></trkpt>
      <trkpt lat="66.332194" lon="13.981974"></trkpt>
      <trkpt lat="66.332305" lon="13.982484"></trkpt>
      <trkpt lat="66.332607" lon="13.983685"></trkpt>
      <trkpt lat="66.332743" lon="13.984183"></trkpt>
      <trkpt lat="66.332854" lon="13.984609"></trkpt>
      <trkpt lat="66.333005" lon="13.985140"></trkpt>
      <trkpt lat="66.333129" lon="13.985529"></trkpt>
      <trkpt lat="66.333272" lon="13.986007"></trkpt>
      <trkpt lat="66.333352" lon="13.986265"></trkpt>
      <trkpt lat="66.333412" lon="13.986475"></trkpt>
      <trkpt lat="66.333468" lon="13.986760"></trkpt>
      <trkpt lat="66.333528" lon="13.987126"></trkpt>
      <trkpt lat="66.333643" lon="13.987784"></trkpt>
      <trkpt lat="66.333656" lon="13.987890"></trkpt>
      <trkpt lat="66.333681" lon="13.988103"></trkpt>
      <trkpt lat="66.333687" lon="13.988201"></trkpt>
      <trkpt lat="66.333689" lon="13.988300"></trkpt>
      <trkpt lat="66.333687" lon="13.988382"></trkpt>
      <trkpt lat="66.333662" lon="13.988502"></trkpt>
      <trkpt lat="66.333640" lon="13.988573"></trkpt>
      <trkpt lat="66.333585" lon="13.988670"></trkpt>
      <trkpt lat="66.333499" lon="13.988773"></trkpt>
      <trkpt lat="66.333389" lon="13.988841"></trkpt>
      <trkpt lat="66.333262" lon="13.988889"></trkpt>
      <trkpt lat="66.332964" lon="13.988945"></trkpt>
      <trkpt lat="66.332584" lon="13.988898"></trkpt>
      <trkpt lat="66.332333" lon="13.988836"></trkpt>
      <trkpt lat="66.332182" lon="13.988763"></trkpt>
      <trkpt lat="66.332002" lon="13.988644"></trkpt>
      <trkpt lat="66.331659" lon="13.988374"></trkpt>
      <trkpt lat="66.331485" lon="13.988258"></trkpt>
      <trkpt lat="66.331382" lon="13.988206"></trkpt>
      <trkpt lat="66.331225" lon="13.988149"></trkpt>
      <trkpt lat="66.330975" lon="13.988076"></trkpt>
      <trkpt lat="66.330680" lon="13.987980"></trkpt>
      <trkpt lat="66.330499" lon="13.987884"></trkpt>
      <trkpt lat="66.330471" lon="13.987859"></trkpt>
      <trkpt lat="66.330360" lon="13.987734"></trkpt>
      <trkpt lat="66.330223" lon="13.987442"></trkpt>
      <trkpt lat="66.330158" lon="13.987261"></trkpt>
      <trkpt lat="66.330050" lon="13.986936"></trkpt>
      <trkpt lat="66.329934" lon="13.986657"></trkpt>
      <trkpt lat="66.329549" lon="13.985810"></trkpt>
      <trkpt lat="66.329475" lon="13.985655"></trkpt>
      <trkpt lat="66.329434" lon="13.985583"></trkpt>
      <trkpt lat="66.329395" lon="13.985525"></trkpt>
      <trkpt lat="66.329327" lon="13.985433"></trkpt>
      <trkpt lat="66.329298" lon="13.985404"></trkpt>
      <trkpt lat="66.329257" lon="13.985381"></trkpt>
      <trkpt lat="66.329215" lon="13.985360"></trkpt>
      <trkpt lat="66.329142" lon="13.985348"></trkpt>
      <trkpt lat="66.329072" lon="13.985365"></trkpt>
      <trkpt lat="66.328995" lon="13.985398"></trkpt>
      <trkpt lat="66.328825" lon="13.985575"></trkpt>
      <trkpt lat="66.328608" lon="13.985900"></trkpt>
      <trkpt lat="66.328435" lon="13.986192"></trkpt>
      <trkpt lat="66.327808" lon="13.987305"></trkpt>
      <trkpt lat="66.327334" lon="13.988159"></trkpt>
      <trkpt lat="66.326669" lon="13.989306"></trkpt>
      <trkpt lat="66.326387" lon="13.989808"></trkpt>
      <trkpt lat="66.326260" lon="13.989997"></trkpt>
      <trkpt lat="66.326174" lon="13.990114"></trkpt>
      <trkpt lat="66.326086" lon="13.990217"></trkpt>
      <trkpt lat="66.325823" lon="13.990482"></trkpt>
      <trkpt lat="66.325682" lon="13.990580"></trkpt>
      <trkpt lat="66.325645" lon="13.990596"></trkpt>
      <trkpt lat="66.325520" lon="13.990613"></trkpt>
      <trkpt lat="66.325439" lon="13.990615"></trkpt>
      <trkpt lat="66.325209" lon="13.990582"></trkpt>
      <trkpt lat="66.325013" lon="13.990485"></trkpt>
      <trkpt lat="66.324887" lon="13.990395"></trkpt>
      <trkpt lat="66.324804" lon="13.990324"></trkpt>
      <trkpt lat="66.324719" lon="13.990238"></trkpt>
      <trkpt lat="66.324594" lon="13.990096"></trkpt>
      <trkpt lat="66.324552" lon="13.990037"></trkpt>
      <trkpt lat="66.324386" lon="13.989777"></trkpt>
      <trkpt lat="66.324286" lon="13.989545"></trkpt>
      <trkpt lat="66.324256" lon="13.989464"></trkpt>
      <trkpt lat="66.324161" lon="13.989173"></trkpt>
      <trkpt lat="66.324083" lon="13.988853"></trkpt>
      <trkpt lat="66.324027" lon="13.988543"></trkpt>
      <trkpt lat="66.323979" lon="13.988198"></trkpt>
      <trkpt lat="66.323954" lon="13.987961"></trkpt>
      <trkpt lat="66.323885" lon="13.987225"></trkpt>
      <trkpt lat="66.323845" lon="13.986856"></trkpt>
      <trkpt lat="66.323814" lon="13.986609"></trkpt>
      <trkpt lat="66.323777" lon="13.986365"></trkpt>
      <trkpt lat="66.323757" lon="13.986242"></trkpt>
      <trkpt lat="66.323677" lon="13.985868"></trkpt>
      <trkpt lat="66.323596" lon="13.985595"></trkpt>
      <trkpt lat="66.323532" lon="13.985409"></trkpt>
      <trkpt lat="66.323020" lon="13.984059"></trkpt>
      <trkpt lat="66.322906" lon="13.983805"></trkpt>
      <trkpt lat="66.322780" lon="13.983612"></trkpt>
      <trkpt lat="66.322734" lon="13.983549"></trkpt>
      <trkpt lat="66.322689" lon="13.983501"></trkpt>
      <trkpt lat="66.322600" lon="13.983423"></trkpt>
      <trkpt lat="66.322514" lon="13.983369"></trkpt>
      <trkpt lat="66.322426" lon="13.983324"></trkpt>
      <trkpt lat="66.322329" lon="13.983295"></trkpt>
      <trkpt lat="66.322231" lon="13.983275"></trkpt>
      <trkpt lat="66.321950" lon="13.983285"></trkpt>
      <trkpt lat="66.321803" lon="13.983287"></trkpt>
      <trkpt lat="66.321689" lon="13.983258"></trkpt>
      <trkpt lat="66.321656" lon="13.983243"></trkpt>
      <trkpt lat="66.321579" lon="13.983185"></trkpt>
      <trkpt lat="66.321481" lon="13.983087"></trkpt>
      <trkpt lat="66.321418" lon="13.983006"></trkpt>
      <trkpt lat="66.321340" lon="13.982889"></trkpt>
      <trkpt lat="66.321315" lon="13.982832"></trkpt>
      <trkpt lat="66.321234" lon="13.982605"></trkpt>
      <trkpt lat="66.321127" lon="13.982203"></trkpt>
      <trkpt lat="66.321002" lon="13.981801"></trkpt>
      <trkpt lat="66.320975" lon="13.981722"></trkpt>
      <trkpt lat="66.320888" lon="13.981501"></trkpt>
      <trkpt lat="66.320792" lon="13.981285"></trkpt>
      <trkpt lat="66.320695" lon="13.981104"></trkpt>
      <trkpt lat="66.320588" lon="13.980950"></trkpt>
      <trkpt lat="66.320498" lon="13.980856"></trkpt>
      <trkpt lat="66.320406" lon="13.980801"></trkpt>
      <trkpt lat="66.320302" lon="13.980781"></trkpt>
      <trkpt lat="66.320200" lon="13.980784"></trkpt>
      <trkpt lat="66.320104" lon="13.980806"></trkpt>
      <trkpt lat="66.320039" lon="13.980840"></trkpt>
      <trkpt lat="66.319994" lon="13.980880"></trkpt>
      <trkpt lat="66.319865" lon="13.981003"></trkpt>
      <trkpt lat="66.319720" lon="13.981159"></trkpt>
      <trkpt lat="66.319622" lon="13.981240"></trkpt>
      <trkpt lat="66.319531" lon="13.981281"></trkpt>
      <trkpt lat="66.319432" lon="13.981293"></trkpt>
      <trkpt lat="66.319393" lon="13.981287"></trkpt>
      <trkpt lat="66.319286" lon="13.981244"></trkpt>
      <trkpt lat="66.319226" lon="13.981194"></trkpt>
      <trkpt lat="66.319156" lon="13.981125"></trkpt>
      <trkpt lat="66.319023" lon="13.980943"></trkpt>
      <trkpt lat="66.318735" lon="13.980435"></trkpt>
      <trkpt lat="66.317346" lon="13.977868"></trkpt>
      <trkpt lat="66.317059" lon="13.977328"></trkpt>
      <trkpt lat="66.317011" lon="13.977245"></trkpt>
      <trkpt lat="66.316952" lon="13.977146"></trkpt>
      <trkpt lat="66.316849" lon="13.977003"></trkpt>
      <trkpt lat="66.316800" lon="13.976956"></trkpt>
      <trkpt lat="66.316746" lon="13.976922"></trkpt>
      <trkpt lat="66.316625" lon="13.976871"></trkpt>
      <trkpt lat="66.316520" lon="13.976886"></trkpt>
      <trkpt lat="66.316480" lon="13.976913"></trkpt>
      <trkpt lat="66.316439" lon="13.976948"></trkpt>
      <trkpt lat="66.316396" lon="13.977008"></trkpt>
      <trkpt lat="66.316357" lon="13.977069"></trkpt>
      <trkpt lat="66.316236" lon="13.977281"></trkpt>
      <trkpt lat="66.315801" lon="13.978125"></trkpt>
      <trkpt lat="66.315665" lon="13.978412"></trkpt>
      <trkpt lat="66.315628" lon="13.978503"></trkpt>
      <trkpt lat="66.315599" lon="13.978596"></trkpt>
      <trkpt lat="66.315555" lon="13.978784"></trkpt>
      <trkpt lat="66.315540" lon="13.978879"></trkpt>
      <trkpt lat="66.315517" lon="13.979066"></trkpt>
      <trkpt lat="66.315513" lon="13.979345"></trkpt>
      <trkpt lat="66.315518" lon="13.979575"></trkpt>
      <trkpt lat="66.315541" lon="13.979961"></trkpt>
      <trkpt lat="66.315572" lon="13.980301"></trkpt>
      <trkpt lat="66.315596" lon="13.980527"></trkpt>
      <trkpt lat="66.315639" lon="13.980848"></trkpt>
      <trkpt lat="66.315725" lon="13.981360"></trkpt>
      <trkpt lat="66.315842" lon="13.981971"></trkpt>
      <trkpt lat="66.315863" lon="13.982096"></trkpt>
      <trkpt lat="66.315971" lon="13.982636"></trkpt>
      <trkpt lat="66.315994" lon="13.982739"></trkpt>
      <trkpt lat="66.316051" lon="13.982924"></trkpt>
      <trkpt lat="66.316076" lon="13.982994"></trkpt>
      <trkpt lat="66.316104" lon="13.983065"></trkpt>
      <trkpt lat="66.316143" lon="13.983144"></trkpt>
      <trkpt lat="66.316306" lon="13.983418"></trkpt>
      <trkpt lat="66.316435" lon="13.983645"></trkpt>
      <trkpt lat="66.316514" lon="13.983811"></trkpt>
      <trkpt lat="66.316596" lon="13.984035"></trkpt>
      <trkpt lat="66.316656" lon="13.984227"></trkpt>
      <trkpt lat="66.316773" lon="13.984630"></trkpt>
      <trkpt lat="66.317060" lon="13.985643"></trkpt>
      <trkpt lat="66.317129" lon="13.985943"></trkpt>
      <trkpt lat="66.317161" lon="13.986128"></trkpt>
      <trkpt lat="66.317185" lon="13.986301"></trkpt>
      <trkpt lat="66.317199" lon="13.986521"></trkpt>
      <trkpt lat="66.317208" lon="13.986824"></trkpt>
      <trkpt lat="66.317221" lon="13.988363"></trkpt>
      <trkpt lat="66.317214" lon="13.988950"></trkpt>
      <trkpt lat="66.317185" lon="13.989416"></trkpt>
      <trkpt lat="66.317160" lon="13.989650"></trkpt>
      <trkpt lat="66.317143" lon="13.989757"></trkpt>
      <trkpt lat="66.317111" lon="13.989916"></trkpt>
      <trkpt lat="66.317042" lon="13.990140"></trkpt>
      <trkpt lat="66.316966" lon="13.990317"></trkpt>
      <trkpt lat="66.316849" lon="13.990536"></trkpt>
      <trkpt lat="66.316730" lon="13.990737"></trkpt>
      <trkpt lat="66.316476" lon="13.991149"></trkpt>
      <trkpt lat="66.316043" lon="13.991831"></trkpt>
      <trkpt lat="66.315804" lon="13.992219"></trkpt>
      <trkpt lat="66.315776" lon="13.992268"></trkpt>
      <trkpt lat="66.315621" lon="13.992499"></trkpt>
      <trkpt lat="66.315327" lon="13.992960"></trkpt>
      <trkpt lat="66.315106" lon="13.993366"></trkpt>
      <trkpt lat="66.315035" lon="13.993527"></trkpt>
      <trkpt lat="66.315000" lon="13.993620"></trkpt>
      <trkpt lat="66.314956" lon="13.993770"></trkpt>
      <trkpt lat="66.314923" lon="13.993906"></trkpt>
      <trkpt lat="66.314837" lon="13.994324"></trkpt>
      <trkpt lat="66.314725" lon="13.994822"></trkpt>
      <trkpt lat="66.314690" lon="13.994964"></trkpt>
      <trkpt lat="66.314635" lon="13.995158"></trkpt>
      <trkpt lat="66.314559" lon="13.995375"></trkpt>
      <trkpt lat="66.314482" lon="13.995571"></trkpt>
      <trkpt lat="66.314428" lon="13.995687"></trkpt>
      <trkpt lat="66.314382" lon="13.995760"></trkpt>
      <trkpt lat="66.314352" lon="13.995794"></trkpt>
      <trkpt lat="66.314291" lon="13.995816"></trkpt>
      <trkpt lat="66.314256" lon="13.995806"></trkpt>
      <trkpt lat="66.314210" lon="13.995774"></trkpt>
      <trkpt lat="66.314185" lon="13.995746"></trkpt>
      <trkpt lat="66.314159" lon="13.995701"></trkpt>
      <trkpt lat="66.314085" lon="13.995526"></trkpt>
      <trkpt lat="66.314002" lon="13.995310"></trkpt>
      <trkpt lat="66.313954" lon="13.995205"></trkpt>
      <trkpt lat="66.313921" lon="13.995156"></trkpt>
      <trkpt lat="66.313901" lon="13.995135"></trkpt>
      <trkpt lat="66.313874" lon="13.995142"></trkpt>
      <trkpt lat="66.313845" lon="13.995161"></trkpt>
      <trkpt lat="66.313806" lon="13.995201"></trkpt>
      <trkpt lat="66.313771" lon="13.995279"></trkpt>
      <trkpt lat="66.313737" lon="13.995409"></trkpt>
      <trkpt lat="66.313718" lon="13.995524"></trkpt>
      <trkpt lat="66.313703" lon="13.995647"></trkpt>
      <trkpt lat="66.313692" lon="13.995773"></trkpt>
      <trkpt lat="66.313652" lon="13.996440"></trkpt>
      <trkpt lat="66.313636" lon="13.996800"></trkpt>
      <trkpt lat="66.313619" lon="13.997085"></trkpt>
      <trkpt lat="66.313607" lon="13.997207"></trkpt>
      <trkpt lat="66.313596" lon="13.997296"></trkpt>
      <trkpt lat="66.313564" lon="13.997485"></trkpt>
      <trkpt lat="66.313527" lon="13.997625"></trkpt>
      <trkpt lat="66.313469" lon="13.997801"></trkpt>
      <trkpt lat="66.313427" lon="13.997911"></trkpt>
      <trkpt lat="66.313123" lon="13.998678"></trkpt>
      <trkpt lat="66.313053" lon="13.998852"></trkpt>
      <trkpt lat="66.313016" lon="13.998934"></trkpt>
      <trkpt lat="66.312947" lon="13.999079"></trkpt>
      <trkpt lat="66.312900" lon="13.999160"></trkpt>
      <trkpt lat="66.312863" lon="13.999211"></trkpt>
      <trkpt lat="66.312807" lon="13.999258"></trkpt>
      <trkpt lat="66.312740" lon="13.999283"></trkpt>
      <trkpt lat="66.312692" lon="13.999278"></trkpt>
      <trkpt lat="66.312648" lon="13.999252"></trkpt>
      <trkpt lat="66.312630" lon="13.999237"></trkpt>
      <trkpt lat="66.312593" lon="13.999188"></trkpt>
      <trkpt lat="66.312548" lon="13.999107"></trkpt>
      <trkpt lat="66.312510" lon="13.999013"></trkpt>
      <trkpt lat="66.312490" lon="13.998953"></trkpt>
      <trkpt lat="66.312467" lon="13.998865"></trkpt>
      <trkpt lat="66.312436" lon="13.998685"></trkpt>
      <trkpt lat="66.312428" lon="13.998601"></trkpt>
      <trkpt lat="66.312413" lon="13.998364"></trkpt>
      <trkpt lat="66.312385" lon="13.997729"></trkpt>
      <trkpt lat="66.312371" lon="13.997602"></trkpt>
      <trkpt lat="66.312361" lon="13.997541"></trkpt>
      <trkpt lat="66.312347" lon="13.997493"></trkpt>
      <trkpt lat="66.312317" lon="13.997413"></trkpt>
      <trkpt lat="66.312297" lon="13.997378"></trkpt>
      <trkpt lat="66.312281" lon="13.997361"></trkpt>
      <trkpt lat="66.312254" lon="13.997346"></trkpt>
      <trkpt lat="66.312211" lon="13.997360"></trkpt>
      <trkpt lat="66.312192" lon="13.997384"></trkpt>
      <trkpt lat="66.312168" lon="13.997439"></trkpt>
      <trkpt lat="66.312138" lon="13.997524"></trkpt>
      <trkpt lat="66.312106" lon="13.997716"></trkpt>
      <trkpt lat="66.312069" lon="13.997989"></trkpt>
      <trkpt lat="66.311980" lon="13.998798"></trkpt>
      <trkpt lat="66.311955" lon="13.999059"></trkpt>
      <trkpt lat="66.311912" lon="13.999585"></trkpt>
      <trkpt lat="66.311897" lon="13.999717"></trkpt>
      <trkpt lat="66.311887" lon="13.999778"></trkpt>
      <trkpt lat="66.311871" lon="13.999842"></trkpt>
      <trkpt lat="66.311853" lon="13.999890"></trkpt>
      <trkpt lat="66.311831" lon="13.999928"></trkpt>
      <trkpt lat="66.311772" lon="13.999984"></trkpt>
      <trkpt lat="66.311737" lon="14.000007"></trkpt>
      <trkpt lat="66.311676" lon="14.000027"></trkpt>
      <trkpt lat="66.311627" lon="14.000023"></trkpt>
      <trkpt lat="66.311592" lon="14.000021"></trkpt>
      <trkpt lat="66.311576" lon="14.000310"></trkpt>
      <trkpt lat="66.311558" lon="14.000523"></trkpt>
      <trkpt lat="66.311534" lon="14.000752"></trkpt>
      <trkpt lat="66.311504" lon="14.000992"></trkpt>
      <trkpt lat="66.311462" lon="14.001290"></trkpt>
      <trkpt lat="66.311384" lon="14.001739"></trkpt>
      <trkpt lat="66.310856" lon="14.004482"></trkpt>
      <trkpt lat="66.310473" lon="14.006483"></trkpt>
      <trkpt lat="66.310277" lon="14.007484"></trkpt>
      <trkpt lat="66.310156" lon="14.008046"></trkpt>
      <trkpt lat="66.310031" lon="14.008607"></trkpt>
      <trkpt lat="66.309562" lon="14.010642"></trkpt>
      <trkpt lat="66.309497" lon="14.010947"></trkpt>
      <trkpt lat="66.309359" lon="14.011571"></trkpt>
      <trkpt lat="66.309267" lon="14.012046"></trkpt>
      <trkpt lat="66.309164" lon="14.012676"></trkpt>
      <trkpt lat="66.309074" lon="14.013284"></trkpt>
      <trkpt lat="66.308999" lon="14.013817"></trkpt>
      <trkpt lat="66.308935" lon="14.014357"></trkpt>
      <trkpt lat="66.308881" lon="14.014972"></trkpt>
      <trkpt lat="66.308855" lon="14.015403"></trkpt>
      <trkpt lat="66.308844" lon="14.015701"></trkpt>
      <trkpt lat="66.308837" lon="14.016042"></trkpt>
      <trkpt lat="66.308839" lon="14.016422"></trkpt>
      <trkpt lat="66.308842" lon="14.016574"></trkpt>
      <trkpt lat="66.308855" lon="14.016917"></trkpt>
      <trkpt lat="66.308878" lon="14.017291"></trkpt>
      <trkpt lat="66.308890" lon="14.017440"></trkpt>
      <trkpt lat="66.308937" lon="14.017920"></trkpt>
      <trkpt lat="66.308975" lon="14.018219"></trkpt>
      <trkpt lat="66.309021" lon="14.018536"></trkpt>
      <trkpt lat="66.309115" lon="14.019111"></trkpt>
      <trkpt lat="66.309350" lon="14.020507"></trkpt>
      <trkpt lat="66.309447" lon="14.021106"></trkpt>
      <trkpt lat="66.309690" lon="14.022525"></trkpt>
      <trkpt lat="66.309868" lon="14.023612"></trkpt>
      <trkpt lat="66.310053" lon="14.024780"></trkpt>
      <trkpt lat="66.310065" lon="14.024861"></trkpt>
      <trkpt lat="66.310370" lon="14.026867"></trkpt>
      <trkpt lat="66.310434" lon="14.027249"></trkpt>
      <trkpt lat="66.310467" lon="14.027403"></trkpt>
      <trkpt lat="66.310504" lon="14.027577"></trkpt>
      <trkpt lat="66.310550" lon="14.027799"></trkpt>
      <trkpt lat="66.310612" lon="14.028051"></trkpt>
      <trkpt lat="66.310704" lon="14.028382"></trkpt>
      <trkpt lat="66.311061" lon="14.029582"></trkpt>
      <trkpt lat="66.311198" lon="14.030082"></trkpt>
      <trkpt lat="66.311274" lon="14.030386"></trkpt>
      <trkpt lat="66.311322" lon="14.030605"></trkpt>
      <trkpt lat="66.311409" lon="14.031042"></trkpt>
      <trkpt lat="66.311473" lon="14.031332"></trkpt>
      <trkpt lat="66.311586" lon="14.031794"></trkpt>
      <trkpt lat="66.311685" lon="14.032156"></trkpt>
      <trkpt lat="66.311974" lon="14.033105"></trkpt>
      <trkpt lat="66.312112" lon="14.033579"></trkpt>
      <trkpt lat="66.312405" lon="14.034518"></trkpt>
      <trkpt lat="66.312517" lon="14.034915"></trkpt>
      <trkpt lat="66.312633" lon="14.035302"></trkpt>
      <trkpt lat="66.312840" lon="14.035956"></trkpt>
      <trkpt lat="66.313131" lon="14.036830"></trkpt>
      <trkpt lat="66.313624" lon="14.038305"></trkpt>
      <trkpt lat="66.313763" lon="14.038735"></trkpt>
      <trkpt lat="66.313873" lon="14.039096"></trkpt>
      <trkpt lat="66.313962" lon="14.039428"></trkpt>
      <trkpt lat="66.314065" lon="14.039841"></trkpt>
      <trkpt lat="66.314163" lon="14.040303"></trkpt>
      <trkpt lat="66.314224" lon="14.040607"></trkpt>
      <trkpt lat="66.314494" lon="14.042259"></trkpt>
      <trkpt lat="66.314548" lon="14.042567"></trkpt>
      <trkpt lat="66.314596" lon="14.042816"></trkpt>
      <trkpt lat="66.314665" lon="14.043153"></trkpt>
      <trkpt lat="66.314816" lon="14.043838"></trkpt>
      <trkpt lat="66.315109" lon="14.045076"></trkpt>
      <trkpt lat="66.315241" lon="14.045667"></trkpt>
      <trkpt lat="66.315398" lon="14.046294"></trkpt>
      <trkpt lat="66.315518" lon="14.046729"></trkpt>
      <trkpt lat="66.315698" lon="14.047344"></trkpt>
      <trkpt lat="66.315937" lon="14.048182"></trkpt>
      <trkpt lat="66.316091" lon="14.048759"></trkpt>
      <trkpt lat="66.316269" lon="14.049498"></trkpt>
      <trkpt lat="66.316385" lon="14.050055"></trkpt>
      <trkpt lat="66.316455" lon="14.050416"></trkpt>
      <trkpt lat="66.316475" lon="14.050534"></trkpt>
      <trkpt lat="66.316500" lon="14.050685"></trkpt>
      <trkpt lat="66.316581" lon="14.051124"></trkpt>
      <trkpt lat="66.316624" lon="14.051354"></trkpt>
      <trkpt lat="66.316697" lon="14.051789"></trkpt>
      <trkpt lat="66.316758" lon="14.052191"></trkpt>
      <trkpt lat="66.316993" lon="14.053953"></trkpt>
      <trkpt lat="66.317089" lon="14.054707"></trkpt>
      <trkpt lat="66.317220" lon="14.055645"></trkpt>
      <trkpt lat="66.317300" lon="14.056169"></trkpt>
      <trkpt lat="66.317386" lon="14.056687"></trkpt>
      <trkpt lat="66.317549" lon="14.057612"></trkpt>
      <trkpt lat="66.317616" lon="14.057963"></trkpt>
      <trkpt lat="66.317793" lon="14.058821"></trkpt>
      <trkpt lat="66.317875" lon="14.059203"></trkpt>
      <trkpt lat="66.318018" lon="14.059822"></trkpt>
      <trkpt lat="66.318200" lon="14.060556"></trkpt>
      <trkpt lat="66.318437" lon="14.061456"></trkpt>
      <trkpt lat="66.318676" lon="14.062296"></trkpt>
      <trkpt lat="66.318908" lon="14.063036"></trkpt>
      <trkpt lat="66.319135" lon="14.063714"></trkpt>
      <trkpt lat="66.319354" lon="14.064334"></trkpt>
      <trkpt lat="66.319586" lon="14.064953"></trkpt>
      <trkpt lat="66.319884" lon="14.065696"></trkpt>
      <trkpt lat="66.320641" lon="14.067519"></trkpt>
      <trkpt lat="66.320902" lon="14.068166"></trkpt>
      <trkpt lat="66.321065" lon="14.068594"></trkpt>
      <trkpt lat="66.321147" lon="14.068827"></trkpt>
      <trkpt lat="66.321242" lon="14.069121"></trkpt>
      <trkpt lat="66.321335" lon="14.069430"></trkpt>
      <trkpt lat="66.321396" lon="14.069650"></trkpt>
      <trkpt lat="66.321482" lon="14.069981"></trkpt>
      <trkpt lat="66.321563" lon="14.070321"></trkpt>
      <trkpt lat="66.321599" lon="14.070485"></trkpt>
      <trkpt lat="66.321671" lon="14.070843"></trkpt>
      <trkpt lat="66.321739" lon="14.071204"></trkpt>
      <trkpt lat="66.321798" lon="14.071578"></trkpt>
      <trkpt lat="66.321838" lon="14.071863"></trkpt>
      <trkpt lat="66.321898" lon="14.072357"></trkpt>
      <trkpt lat="66.321965" lon="14.073055"></trkpt>
      <trkpt lat="66.322025" lon="14.073839"></trkpt>
      <trkpt lat="66.322120" lon="14.075284"></trkpt>
      <trkpt lat="66.322177" lon="14.076234"></trkpt>
      <trkpt lat="66.322249" lon="14.077525"></trkpt>
      <trkpt lat="66.322296" lon="14.078279"></trkpt>
      <trkpt lat="66.322327" lon="14.078695"></trkpt>
      <trkpt lat="66.322378" lon="14.079258"></trkpt>
      <trkpt lat="66.322436" lon="14.079778"></trkpt>
      <trkpt lat="66.322489" lon="14.080179"></trkpt>
      <trkpt lat="66.322527" lon="14.080439"></trkpt>
      <trkpt lat="66.322582" lon="14.080765"></trkpt>
      <trkpt lat="66.322690" lon="14.081334"></trkpt>
      <trkpt lat="66.322745" lon="14.081590"></trkpt>
      <trkpt lat="66.322894" lon="14.082166"></trkpt>
      <trkpt lat="66.323115" lon="14.082920"></trkpt>
      <trkpt lat="66.323263" lon="14.083371"></trkpt>
      <trkpt lat="66.323394" lon="14.083752"></trkpt>
      <trkpt lat="66.323974" lon="14.085347"></trkpt>
      <trkpt lat="66.324287" lon="14.086243"></trkpt>
      <trkpt lat="66.324471" lon="14.086816"></trkpt>
      <trkpt lat="66.324595" lon="14.087248"></trkpt>
      <trkpt lat="66.324690" lon="14.087614"></trkpt>
      <trkpt lat="66.324794" lon="14.088053"></trkpt>
      <trkpt lat="66.324890" lon="14.088494"></trkpt>
      <trkpt lat="66.324944" lon="14.088757"></trkpt>
      <trkpt lat="66.324993" lon="14.089015"></trkpt>
      <trkpt lat="66.325055" lon="14.089371"></trkpt>
      <trkpt lat="66.325130" lon="14.089870"></trkpt>
      <trkpt lat="66.325307" lon="14.091192"></trkpt>
      <trkpt lat="66.325348" lon="14.091472"></trkpt>
      <trkpt lat="66.325407" lon="14.091833"></trkpt>
      <trkpt lat="66.325517" lon="14.092418"></trkpt>
      <trkpt lat="66.325605" lon="14.092833"></trkpt>
      <trkpt lat="66.325691" lon="14.093195"></trkpt>
      <trkpt lat="66.325736" lon="14.093373"></trkpt>
      <trkpt lat="66.325854" lon="14.093799"></trkpt>
      <trkpt lat="66.325936" lon="14.094070"></trkpt>
      <trkpt lat="66.326021" lon="14.094336"></trkpt>
      <trkpt lat="66.326137" lon="14.094670"></trkpt>
      <trkpt lat="66.326243" lon="14.094952"></trkpt>
      <trkpt lat="66.326419" lon="14.095367"></trkpt>
      <trkpt lat="66.326567" lon="14.095685"></trkpt>
      <trkpt lat="66.326689" lon="14.095929"></trkpt>
      <trkpt lat="66.326833" lon="14.096200"></trkpt>
      <trkpt lat="66.327039" lon="14.096555"></trkpt>
      <trkpt lat="66.327364" lon="14.097101"></trkpt>
      <trkpt lat="66.327555" lon="14.097441"></trkpt>
      <trkpt lat="66.327675" lon="14.097679"></trkpt>
      <trkpt lat="66.327793" lon="14.097939"></trkpt>
      <trkpt lat="66.327918" lon="14.098242"></trkpt>
      <trkpt lat="66.328010" lon="14.098490"></trkpt>
      <trkpt lat="66.328082" lon="14.098697"></trkpt>
      <trkpt lat="66.328218" lon="14.099117"></trkpt>
      <trkpt lat="66.328433" lon="14.099813"></trkpt>
      <trkpt lat="66.328569" lon="14.100211"></trkpt>
      <trkpt lat="66.328739" lon="14.100645"></trkpt>
      <trkpt lat="66.328856" lon="14.100918"></trkpt>
      <trkpt lat="66.329179" lon="14.101645"></trkpt>
      <trkpt lat="66.329308" lon="14.101948"></trkpt>
      <trkpt lat="66.329417" lon="14.102235"></trkpt>
      <trkpt lat="66.329526" lon="14.102551"></trkpt>
      <trkpt lat="66.329617" lon="14.102847"></trkpt>
      <trkpt lat="66.329656" lon="14.102987"></trkpt>
      <trkpt lat="66.329700" lon="14.103159"></trkpt>
      <trkpt lat="66.329850" lon="14.103812"></trkpt>
      <trkpt lat="66.329976" lon="14.104404"></trkpt>
      <trkpt lat="66.330097" lon="14.104996"></trkpt>
      <trkpt lat="66.330111" lon="14.105061"></trkpt>
      <trkpt lat="66.330260" lon="14.105775"></trkpt>
      <trkpt lat="66.330382" lon="14.106308"></trkpt>
      <trkpt lat="66.330464" lon="14.106610"></trkpt>
      <trkpt lat="66.330533" lon="14.106845"></trkpt>
      <trkpt lat="66.330602" lon="14.107030"></trkpt>
      <trkpt lat="66.330689" lon="14.107244"></trkpt>
      <trkpt lat="66.330758" lon="14.107381"></trkpt>
      <trkpt lat="66.330847" lon="14.107540"></trkpt>
      <trkpt lat="66.330939" lon="14.107677"></trkpt>
      <trkpt lat="66.331018" lon="14.107776"></trkpt>
      <trkpt lat="66.331165" lon="14.107916"></trkpt>
      <trkpt lat="66.331302" lon="14.108016"></trkpt>
      <trkpt lat="66.331419" lon="14.108074"></trkpt>
      <trkpt lat="66.331612" lon="14.108137"></trkpt>
      <trkpt lat="66.332018" lon="14.108237"></trkpt>
      <trkpt lat="66.332204" lon="14.108314"></trkpt>
      <trkpt lat="66.332320" lon="14.108376"></trkpt>
      <trkpt lat="66.332402" lon="14.108429"></trkpt>
      <trkpt lat="66.332571" lon="14.108563"></trkpt>
      <trkpt lat="66.332736" lon="14.108715"></trkpt>
      <trkpt lat="66.332868" lon="14.108866"></trkpt>
      <trkpt lat="66.332987" lon="14.109027"></trkpt>
      <trkpt lat="66.333112" lon="14.109202"></trkpt>
      <trkpt lat="66.334313" lon="14.110782"></trkpt>
      <trkpt lat="66.334722" lon="14.111329"></trkpt>
      <trkpt lat="66.334937" lon="14.111605"></trkpt>
      <trkpt lat="66.336402" lon="14.113438"></trkpt>
      <trkpt lat="66.336989" lon="14.114153"></trkpt>
      <trkpt lat="66.337120" lon="14.114329"></trkpt>
      <trkpt lat="66.337240" lon="14.114482"></trkpt>
      <trkpt lat="66.337564" lon="14.114917"></trkpt>
      <trkpt lat="66.337673" lon="14.115077"></trkpt>
      <trkpt lat="66.337768" lon="14.115230"></trkpt>
      <trkpt lat="66.337908" lon="14.115472"></trkpt>
      <trkpt lat="66.337990" lon="14.115630"></trkpt>
      <trkpt lat="66.338119" lon="14.115902"></trkpt>
      <trkpt lat="66.338196" lon="14.116079"></trkpt>
      <trkpt lat="66.338296" lon="14.116327"></trkpt>
      <trkpt lat="66.338376" lon="14.116545"></trkpt>
      <trkpt lat="66.338469" lon="14.116824"></trkpt>
      <trkpt lat="66.338537" lon="14.117046"></trkpt>
      <trkpt lat="66.338632" lon="14.117384"></trkpt>
      <trkpt lat="66.338862" lon="14.118269"></trkpt>
      <trkpt lat="66.338928" lon="14.118547"></trkpt>
      <trkpt lat="66.339343" lon="14.120283"></trkpt>
      <trkpt lat="66.339414" lon="14.120600"></trkpt>
      <trkpt lat="66.339460" lon="14.120790"></trkpt>
      <trkpt lat="66.339709" lon="14.121877"></trkpt>
      <trkpt lat="66.339800" lon="14.122297"></trkpt>
      <trkpt lat="66.339870" lon="14.122637"></trkpt>
      <trkpt lat="66.339962" lon="14.123115"></trkpt>
      <trkpt lat="66.340051" lon="14.123611"></trkpt>
      <trkpt lat="66.340112" lon="14.123973"></trkpt>
      <trkpt lat="66.340199" lon="14.124532"></trkpt>
      <trkpt lat="66.340269" lon="14.125042"></trkpt>
      <trkpt lat="66.340318" lon="14.125426"></trkpt>
      <trkpt lat="66.340420" lon="14.126336"></trkpt>
      <trkpt lat="66.340498" lon="14.127186"></trkpt>
      <trkpt lat="66.340534" lon="14.127664"></trkpt>
      <trkpt lat="66.340551" lon="14.127929"></trkpt>
      <trkpt lat="66.340580" lon="14.128434"></trkpt>
      <trkpt lat="66.340592" lon="14.128695"></trkpt>
      <trkpt lat="66.340618" lon="14.129424"></trkpt>
      <trkpt lat="66.340632" lon="14.130058"></trkpt>
      <trkpt lat="66.340635" lon="14.130315"></trkpt>
      <trkpt lat="66.340634" lon="14.131254"></trkpt>
      <trkpt lat="66.340613" lon="14.132635"></trkpt>
      <trkpt lat="66.340569" lon="14.133986"></trkpt>
      <trkpt lat="66.340558" lon="14.134294"></trkpt>
      <trkpt lat="66.340543" lon="14.134664"></trkpt>
      <trkpt lat="66.340511" lon="14.135638"></trkpt>
      <trkpt lat="66.340497" lon="14.136006"></trkpt>
      <trkpt lat="66.340491" lon="14.136379"></trkpt>
      <trkpt lat="66.340481" lon="14.136709"></trkpt>
      <trkpt lat="66.340433" lon="14.138122"></trkpt>
      <trkpt lat="66.340401" lon="14.139298"></trkpt>
      <trkpt lat="66.340388" lon="14.139833"></trkpt>
      <trkpt lat="66.340354" lon="14.140224"></trkpt>
      <trkpt lat="66.340332" lon="14.140627"></trkpt>
      <trkpt lat="66.340292" lon="14.141132"></trkpt>
      <trkpt lat="66.340277" lon="14.141169"></trkpt>
      <trkpt lat="66.340264" lon="14.141227"></trkpt>
      <trkpt lat="66.340260" lon="14.141271"></trkpt>
      <trkpt lat="66.340259" lon="14.141321"></trkpt>
      <trkpt lat="66.340263" lon="14.141372"></trkpt>
      <trkpt lat="66.340271" lon="14.141419"></trkpt>
      <trkpt lat="66.340284" lon="14.141462"></trkpt>
      <trkpt lat="66.340287" lon="14.141722"></trkpt>
      <trkpt lat="66.340286" lon="14.141889"></trkpt>
      <trkpt lat="66.340284" lon="14.142268"></trkpt>
      <trkpt lat="66.340286" lon="14.142463"></trkpt>
      <trkpt lat="66.340294" lon="14.142699"></trkpt>
      <trkpt lat="66.340271" lon="14.143330"></trkpt>
      <trkpt lat="66.340237" lon="14.144197"></trkpt>
      <trkpt lat="66.340212" lon="14.144756"></trkpt>
      <trkpt lat="66.340179" lon="14.145290"></trkpt>
      <trkpt lat="66.340146" lon="14.145780"></trkpt>
      <trkpt lat="66.340085" lon="14.146559"></trkpt>
      <trkpt lat="66.339985" lon="14.147563"></trkpt>
      <trkpt lat="66.339922" lon="14.148090"></trkpt>
      <trkpt lat="66.339855" lon="14.148592"></trkpt>
      <trkpt lat="66.339819" lon="14.148852"></trkpt>
      <trkpt lat="66.339799" lon="14.148988"></trkpt>
      <trkpt lat="66.339648" lon="14.149965"></trkpt>
      <trkpt lat="66.339416" lon="14.151196"></trkpt>
      <trkpt lat="66.339353" lon="14.151482"></trkpt>
      <trkpt lat="66.339192" lon="14.152212"></trkpt>
      <trkpt lat="66.339059" lon="14.152877"></trkpt>
      <trkpt lat="66.339014" lon="14.153102"></trkpt>
      <trkpt lat="66.338750" lon="14.154378"></trkpt>
      <trkpt lat="66.338492" lon="14.155575"></trkpt>
      <trkpt lat="66.338365" lon="14.156188"></trkpt>
      <trkpt lat="66.338265" lon="14.156646"></trkpt>
      <trkpt lat="66.337748" lon="14.159101"></trkpt>
      <trkpt lat="66.337627" lon="14.159674"></trkpt>
      <trkpt lat="66.337435" lon="14.160584"></trkpt>
      <trkpt lat="66.337406" lon="14.160709"></trkpt>
      <trkpt lat="66.337348" lon="14.160972"></trkpt>
      <trkpt lat="66.337175" lon="14.161805"></trkpt>
      <trkpt lat="66.337087" lon="14.162214"></trkpt>
      <trkpt lat="66.336911" lon="14.162982"></trkpt>
      <trkpt lat="66.336783" lon="14.163492"></trkpt>
      <trkpt lat="66.336725" lon="14.163720"></trkpt>
      <trkpt lat="66.336610" lon="14.164123"></trkpt>
      <trkpt lat="66.336498" lon="14.164482"></trkpt>
      <trkpt lat="66.336471" lon="14.164569"></trkpt>
      <trkpt lat="66.336348" lon="14.164938"></trkpt>
      <trkpt lat="66.336204" lon="14.165337"></trkpt>
      <trkpt lat="66.336160" lon="14.165461"></trkpt>
      <trkpt lat="66.336065" lon="14.165701"></trkpt>
      <trkpt lat="66.335841" lon="14.166224"></trkpt>
      <trkpt lat="66.335728" lon="14.166465"></trkpt>
      <trkpt lat="66.335501" lon="14.166904"></trkpt>
      <trkpt lat="66.335425" lon="14.167044"></trkpt>
      <trkpt lat="66.335323" lon="14.167218"></trkpt>
      <trkpt lat="66.335190" lon="14.167424"></trkpt>
      <trkpt lat="66.335092" lon="14.167563"></trkpt>
      <trkpt lat="66.335000" lon="14.167612"></trkpt>
      <trkpt lat="66.334831" lon="14.167799"></trkpt>
      <trkpt lat="66.334572" lon="14.168056"></trkpt>
      <trkpt lat="66.334444" lon="14.168172"></trkpt>
      <trkpt lat="66.334349" lon="14.168252"></trkpt>
      <trkpt lat="66.334266" lon="14.168314"></trkpt>
      <trkpt lat="66.334017" lon="14.168454"></trkpt>
      <trkpt lat="66.333841" lon="14.168532"></trkpt>
      <trkpt lat="66.333687" lon="14.168577"></trkpt>
      <trkpt lat="66.333479" lon="14.168608"></trkpt>
      <trkpt lat="66.333386" lon="14.168609"></trkpt>
      <trkpt lat="66.333253" lon="14.168666"></trkpt>
      <trkpt lat="66.333129" lon="14.168638"></trkpt>
      <trkpt lat="66.332966" lon="14.168582"></trkpt>
      <trkpt lat="66.332728" lon="14.168449"></trkpt>
      <trkpt lat="66.332600" lon="14.168359"></trkpt>
      <trkpt lat="66.332398" lon="14.168190"></trkpt>
      <trkpt lat="66.332275" lon="14.168073"></trkpt>
      <trkpt lat="66.332179" lon="14.167970"></trkpt>
      <trkpt lat="66.332066" lon="14.167846"></trkpt>
      <trkpt lat="66.331889" lon="14.167627"></trkpt>
      <trkpt lat="66.331767" lon="14.167464"></trkpt>
      <trkpt lat="66.331619" lon="14.167246"></trkpt>
      <trkpt lat="66.331568" lon="14.167166"></trkpt>
      <trkpt lat="66.331458" lon="14.166988"></trkpt>
      <trkpt lat="66.331422" lon="14.166929"></trkpt>
      <trkpt lat="66.331233" lon="14.166599"></trkpt>
      <trkpt lat="66.331127" lon="14.166394"></trkpt>
      <trkpt lat="66.331037" lon="14.166206"></trkpt>
      <trkpt lat="66.330851" lon="14.165789"></trkpt>
      <trkpt lat="66.330766" lon="14.165578"></trkpt>
      <trkpt lat="66.330642" lon="14.165254"></trkpt>
      <trkpt lat="66.330551" lon="14.164996"></trkpt>
      <trkpt lat="66.330424" lon="14.164605"></trkpt>
      <trkpt lat="66.330313" lon="14.164236"></trkpt>
      <trkpt lat="66.330199" lon="14.163818"></trkpt>
      <trkpt lat="66.330125" lon="14.163529"></trkpt>
      <trkpt lat="66.329964" lon="14.162857"></trkpt>
      <trkpt lat="66.329825" lon="14.162258"></trkpt>
      <trkpt lat="66.329753" lon="14.161968"></trkpt>
      <trkpt lat="66.329694" lon="14.161752"></trkpt>
      <trkpt lat="66.329599" lon="14.161434"></trkpt>
      <trkpt lat="66.329528" lon="14.161222"></trkpt>
      <trkpt lat="66.329466" lon="14.161053"></trkpt>
      <trkpt lat="66.329461" lon="14.161040"></trkpt>
      <trkpt lat="66.329376" lon="14.160820"></trkpt>
      <trkpt lat="66.329234" lon="14.160493"></trkpt>
      <trkpt lat="66.329053" lon="14.160154"></trkpt>
      <trkpt lat="66.328846" lon="14.159816"></trkpt>
      <trkpt lat="66.328628" lon="14.159530"></trkpt>
      <trkpt lat="66.328550" lon="14.159379"></trkpt>
      <trkpt lat="66.328250" lon="14.159017"></trkpt>
      <trkpt lat="66.328242" lon="14.158918"></trkpt>
      <trkpt lat="66.328224" lon="14.158828"></trkpt>
      <trkpt lat="66.328196" lon="14.158754"></trkpt>
      <trkpt lat="66.328158" lon="14.158698"></trkpt>
      <trkpt lat="66.328115" lon="14.158673"></trkpt>
      <trkpt lat="66.328071" lon="14.158681"></trkpt>
      <trkpt lat="66.328030" lon="14.158721"></trkpt>
      <trkpt lat="66.327995" lon="14.158792"></trkpt>
      <trkpt lat="66.327658" lon="14.158763"></trkpt>
      <trkpt lat="66.327584" lon="14.158793"></trkpt>
      <trkpt lat="66.327091" lon="14.158774"></trkpt>
      <trkpt lat="66.326662" lon="14.158862"></trkpt>
      <trkpt lat="66.326619" lon="14.158871"></trkpt>
      <trkpt lat="66.326575" lon="14.158877"></trkpt>
      <trkpt lat="66.326467" lon="14.158900"></trkpt>
      <trkpt lat="66.326357" lon="14.158911"></trkpt>
      <trkpt lat="66.326143" lon="14.158913"></trkpt>
      <trkpt lat="66.325788" lon="14.158831"></trkpt>
      <trkpt lat="66.325355" lon="14.158712"></trkpt>
      <trkpt lat="66.325008" lon="14.158589"></trkpt>
      <trkpt lat="66.325003" lon="14.158587"></trkpt>
      <trkpt lat="66.324969" lon="14.158520"></trkpt>
      <trkpt lat="66.324872" lon="14.158441"></trkpt>
      <trkpt lat="66.324716" lon="14.158289"></trkpt>
      <trkpt lat="66.324549" lon="14.158042"></trkpt>
      <trkpt lat="66.324534" lon="14.157970"></trkpt>
      <trkpt lat="66.324513" lon="14.157910"></trkpt>
      <trkpt lat="66.324486" lon="14.157865"></trkpt>
      <trkpt lat="66.324455" lon="14.157838"></trkpt>
      <trkpt lat="66.324423" lon="14.157832"></trkpt>
      <trkpt lat="66.324391" lon="14.157846"></trkpt>
      <trkpt lat="66.324361" lon="14.157879"></trkpt>
      <trkpt lat="66.324336" lon="14.157930"></trkpt>
      <trkpt lat="66.324242" lon="14.157914"></trkpt>
      <trkpt lat="66.324151" lon="14.157893"></trkpt>
      <trkpt lat="66.324046" lon="14.157928"></trkpt>
      <trkpt lat="66.323991" lon="14.157920"></trkpt>
      <trkpt lat="66.323906" lon="14.157918"></trkpt>
      <trkpt lat="66.323637" lon="14.157935"></trkpt>
      <trkpt lat="66.323479" lon="14.157921"></trkpt>
      <trkpt lat="66.323333" lon="14.157878"></trkpt>
      <trkpt lat="66.323191" lon="14.157803"></trkpt>
      <trkpt lat="66.323002" lon="14.157686"></trkpt>
      <trkpt lat="66.322799" lon="14.157548"></trkpt>
      <trkpt lat="66.322387" lon="14.157234"></trkpt>
      <trkpt lat="66.321982" lon="14.156889"></trkpt>
      <trkpt lat="66.321734" lon="14.156656"></trkpt>
      <trkpt lat="66.321544" lon="14.156483"></trkpt>
      <trkpt lat="66.321120" lon="14.156057"></trkpt>
      <trkpt lat="66.320675" lon="14.155603"></trkpt>
      <trkpt lat="66.320192" lon="14.155096"></trkpt>
      <trkpt lat="66.319926" lon="14.154804"></trkpt>
      <trkpt lat="66.319747" lon="14.154582"></trkpt>
      <trkpt lat="66.319647" lon="14.154442"></trkpt>
      <trkpt lat="66.319496" lon="14.154210"></trkpt>
      <trkpt lat="66.319344" lon="14.153930"></trkpt>
      <trkpt lat="66.319282" lon="14.153799"></trkpt>
      <trkpt lat="66.319213" lon="14.153636"></trkpt>
      <trkpt lat="66.319105" lon="14.153354"></trkpt>
      <trkpt lat="66.318972" lon="14.152968"></trkpt>
      <trkpt lat="66.318930" lon="14.152821"></trkpt>
      <trkpt lat="66.318853" lon="14.152524"></trkpt>
      <trkpt lat="66.318764" lon="14.152140"></trkpt>
      <trkpt lat="66.318680" lon="14.151698"></trkpt>
      <trkpt lat="66.318635" lon="14.151416"></trkpt>
      <trkpt lat="66.318612" lon="14.151256"></trkpt>
      <trkpt lat="66.318600" lon="14.151138"></trkpt>
      <trkpt lat="66.318568" lon="14.150839"></trkpt>
      <trkpt lat="66.318545" lon="14.150524"></trkpt>
      <trkpt lat="66.318560" lon="14.150342"></trkpt>
      <trkpt lat="66.318577" lon="14.149870"></trkpt>
      <trkpt lat="66.318602" lon="14.149462"></trkpt>
      <trkpt lat="66.318629" lon="14.149433"></trkpt>
      <trkpt lat="66.318666" lon="14.149337"></trkpt>
      <trkpt lat="66.318672" lon="14.149302"></trkpt>
      <trkpt lat="66.318685" lon="14.149223"></trkpt>
      <trkpt lat="66.318687" lon="14.149094"></trkpt>
      <trkpt lat="66.318679" lon="14.149018"></trkpt>
      <trkpt lat="66.318659" lon="14.148930"></trkpt>
      <trkpt lat="66.318621" lon="14.148842"></trkpt>
      <trkpt lat="66.318582" lon="14.148695"></trkpt>
      <trkpt lat="66.318570" lon="14.148569"></trkpt>
      <trkpt lat="66.318563" lon="14.148430"></trkpt>
      <trkpt lat="66.318569" lon="14.148017"></trkpt>
      <trkpt lat="66.318571" lon="14.147924"></trkpt>
      <trkpt lat="66.318580" lon="14.147097"></trkpt>
      <trkpt lat="66.318584" lon="14.146438"></trkpt>
      <trkpt lat="66.318584" lon="14.145660"></trkpt>
      <trkpt lat="66.318583" lon="14.145194"></trkpt>
      <trkpt lat="66.318574" lon="14.144591"></trkpt>
      <trkpt lat="66.318553" lon="14.144007"></trkpt>
      <trkpt lat="66.318529" lon="14.143477"></trkpt>
      <trkpt lat="66.318492" lon="14.142859"></trkpt>
      <trkpt lat="66.318444" lon="14.142150"></trkpt>
      <trkpt lat="66.318332" lon="14.140735"></trkpt>
      <trkpt lat="66.318190" lon="14.138969"></trkpt>
      <trkpt lat="66.318055" lon="14.137353"></trkpt>
      <trkpt lat="66.317977" lon="14.136684"></trkpt>
      <trkpt lat="66.317926" lon="14.136145"></trkpt>
      <trkpt lat="66.317898" lon="14.135897"></trkpt>
      <trkpt lat="66.317830" lon="14.135373"></trkpt>
      <trkpt lat="66.317795" lon="14.135142"></trkpt>
      <trkpt lat="66.317755" lon="14.134899"></trkpt>
      <trkpt lat="66.317664" lon="14.134421"></trkpt>
      <trkpt lat="66.317615" lon="14.134191"></trkpt>
      <trkpt lat="66.317560" lon="14.133962"></trkpt>
      <trkpt lat="66.317494" lon="14.133721"></trkpt>
      <trkpt lat="66.317419" lon="14.133473"></trkpt>
      <trkpt lat="66.317349" lon="14.133270"></trkpt>
      <trkpt lat="66.317277" lon="14.133082"></trkpt>
      <trkpt lat="66.317164" lon="14.132827"></trkpt>
      <trkpt lat="66.317047" lon="14.132600"></trkpt>
      <trkpt lat="66.316915" lon="14.132381"></trkpt>
      <trkpt lat="66.316883" lon="14.132337"></trkpt>
      <trkpt lat="66.316707" lon="14.132146"></trkpt>
      <trkpt lat="66.316627" lon="14.131987"></trkpt>
      <trkpt lat="66.316584" lon="14.131925"></trkpt>
      <trkpt lat="66.316492" lon="14.131859"></trkpt>
      <trkpt lat="66.316443" lon="14.131834"></trkpt>
      <trkpt lat="66.316438" lon="14.131788"></trkpt>
      <trkpt lat="66.316424" lon="14.131734"></trkpt>
      <trkpt lat="66.316405" lon="14.131691"></trkpt>
      <trkpt lat="66.316382" lon="14.131662"></trkpt>
      <trkpt lat="66.316357" lon="14.131649"></trkpt>
      <trkpt lat="66.316331" lon="14.131654"></trkpt>
      <trkpt lat="66.316307" lon="14.131675"></trkpt>
      <trkpt lat="66.316216" lon="14.131662"></trkpt>
      <trkpt lat="66.316149" lon="14.131669"></trkpt>
      <trkpt lat="66.316034" lon="14.131663"></trkpt>
      <trkpt lat="66.315954" lon="14.131592"></trkpt>
      <trkpt lat="66.315898" lon="14.131515"></trkpt>
      <trkpt lat="66.315814" lon="14.131348"></trkpt>
      <trkpt lat="66.315747" lon="14.131209"></trkpt>
      <trkpt lat="66.315658" lon="14.131072"></trkpt>
      <trkpt lat="66.315577" lon="14.130998"></trkpt>
      <trkpt lat="66.315506" lon="14.130951"></trkpt>
      <trkpt lat="66.315446" lon="14.130931"></trkpt>
      <trkpt lat="66.315307" lon="14.130907"></trkpt>
      <trkpt lat="66.315180" lon="14.130906"></trkpt>
      <trkpt lat="66.315033" lon="14.130928"></trkpt>
      <trkpt lat="66.314789" lon="14.131012"></trkpt>
      <trkpt lat="66.312897" lon="14.131848"></trkpt>
      <trkpt lat="66.312677" lon="14.131940"></trkpt>
      <trkpt lat="66.312661" lon="14.131950"></trkpt>
      <trkpt lat="66.312542" lon="14.132000"></trkpt>
      <trkpt lat="66.312514" lon="14.132019"></trkpt>
      <trkpt lat="66.312395" lon="14.132148"></trkpt>
      <trkpt lat="66.312370" lon="14.132160"></trkpt>
      <trkpt lat="66.312347" lon="14.132190"></trkpt>
      <trkpt lat="66.312329" lon="14.132234"></trkpt>
      <trkpt lat="66.312314" lon="14.132309"></trkpt>
      <trkpt lat="66.312310" lon="14.132364"></trkpt>
      <trkpt lat="66.312312" lon="14.132420"></trkpt>
      <trkpt lat="66.312320" lon="14.132473"></trkpt>
      <trkpt lat="66.312333" lon="14.132519"></trkpt>
      <trkpt lat="66.312355" lon="14.132564"></trkpt>
      <trkpt lat="66.312381" lon="14.132589"></trkpt>
      <trkpt lat="66.312409" lon="14.132593"></trkpt>
      <trkpt lat="66.312490" lon="14.132694"></trkpt>
      <trkpt lat="66.312552" lon="14.132745"></trkpt>
      <trkpt lat="66.312578" lon="14.132986"></trkpt>
      <trkpt lat="66.312606" lon="14.133395"></trkpt>
      <trkpt lat="66.312634" lon="14.133802"></trkpt>
      <trkpt lat="66.312656" lon="14.134146"></trkpt>
      <trkpt lat="66.312695" lon="14.134453"></trkpt>
      <trkpt lat="66.312782" lon="14.135035"></trkpt>
      <trkpt lat="66.312875" lon="14.135660"></trkpt>
      <trkpt lat="66.312916" lon="14.135995"></trkpt>
      <trkpt lat="66.312941" lon="14.136239"></trkpt>
      <trkpt lat="66.313061" lon="14.137874"></trkpt>
      <trkpt lat="66.313162" lon="14.139311"></trkpt>
      <trkpt lat="66.313177" lon="14.139643"></trkpt>
      <trkpt lat="66.313182" lon="14.139936"></trkpt>
      <trkpt lat="66.313184" lon="14.140177"></trkpt>
      <trkpt lat="66.313173" lon="14.140450"></trkpt>
      <trkpt lat="66.313147" lon="14.140843"></trkpt>
      <trkpt lat="66.313066" lon="14.141765"></trkpt>
      <trkpt lat="66.312960" lon="14.142966"></trkpt>
      <trkpt lat="66.312747" lon="14.142851"></trkpt>
      <trkpt lat="66.312580" lon="14.142741"></trkpt>
    </trkseg>
  </trk>
</gpx>