<?xml version="1.0" encoding="UTF-8"?>
<gpx version="1.1" creator="Rana Sykkelklubb - https://ranasykkelklubb.no" xmlns="http://www.topografix.com/GPX/1/1" xmlns:xsi="http://www.w3.org/2001/XMLSchema-instance" xsi:schemaLocation="http://www.topografix.com/GPX/1/1 http://www.topografix.com/GPX/1/1/gpx.xsd">
  <metadata>
    <name>Svarttjønna &amp; Yttrafjellet Deluxe</name>
    <desc>Svarttjønna &amp; Yttrafjellet Deluxe</desc>
    <author>
      <name>Rana Sykkelklubb</name>
    </author>
  </metadata>
  <wpt lat="66.327500" lon="14.072000">
    <name>Start: Skillevollen</name>
    <desc>Start ved lysløypetraseen.</desc>
  </wpt>
  <wpt lat="66.332000" lon="14.055000">
    <name>Yttrafjellet Deluxe</name>
    <desc>Klassisk flytsti som kan sykles begge veier.</desc>
  </wpt>
  <wpt lat="66.339000" lon="14.042000">
    <name>Svarttjønna</name>
    <desc>Populær downhill/flytløype i tørt terreng.</desc>
  </wpt>
  <trk>
    <name>Svarttjønna &amp; Yttrafjellet Deluxe</name>
    <trkseg>
      <trkpt lat="66.323797" lon="14.079423"></trkpt>
      <trkpt lat="66.323685" lon="14.079279"></trkpt>
      <trkpt lat="66.323625" lon="14.079270"></trkpt>
      <trkpt lat="66.323549" lon="14.079251"></trkpt>
      <trkpt lat="66.323345" lon="14.079158"></trkpt>
      <trkpt lat="66.323318" lon="14.078746"></trkpt>
      <trkpt lat="66.323275" lon="14.078406"></trkpt>
      <trkpt lat="66.323221" lon="14.078083"></trkpt>
      <trkpt lat="66.323077" lon="14.077316"></trkpt>
      <trkpt lat="66.322967" lon="14.076724"></trkpt>
      <trkpt lat="66.322918" lon="14.076417"></trkpt>
      <trkpt lat="66.322814" lon="14.075743"></trkpt>
      <trkpt lat="66.322756" lon="14.075330"></trkpt>
      <trkpt lat="66.322691" lon="14.074826"></trkpt>
      <trkpt lat="66.322648" lon="14.074257"></trkpt>
      <trkpt lat="66.322604" lon="14.073339"></trkpt>
      <trkpt lat="66.322558" lon="14.072863"></trkpt>
      <trkpt lat="66.322472" lon="14.071414"></trkpt>
      <trkpt lat="66.322427" lon="14.070986"></trkpt>
      <trkpt lat="66.322378" lon="14.070631"></trkpt>
      <trkpt lat="66.322243" lon="14.069859"></trkpt>
      <trkpt lat="66.322093" lon="14.069061"></trkpt>
      <trkpt lat="66.321899" lon="14.068209"></trkpt>
      <trkpt lat="66.321867" lon="14.068016"></trkpt>
      <trkpt lat="66.321741" lon="14.067398"></trkpt>
      <trkpt lat="66.321666" lon="14.066732"></trkpt>
      <trkpt lat="66.321594" lon="14.066285"></trkpt>
      <trkpt lat="66.321569" lon="14.066179"></trkpt>
      <trkpt lat="66.321274" lon="14.065267"></trkpt>
      <trkpt lat="66.321175" lon="14.065032"></trkpt>
      <trkpt lat="66.321025" lon="14.064720"></trkpt>
      <trkpt lat="66.320718" lon="14.064274"></trkpt>
      <trkpt lat="66.320626" lon="14.064068"></trkpt>
      <trkpt lat="66.320553" lon="14.063861"></trkpt>
      <trkpt lat="66.320530" lon="14.063760"></trkpt>
      <trkpt lat="66.320498" lon="14.063622"></trkpt>
      <trkpt lat="66.320397" lon="14.063342"></trkpt>
      <trkpt lat="66.320342" lon="14.063126"></trkpt>
      <trkpt lat="66.320309" lon="14.063098"></trkpt>
      <trkpt lat="66.320273" lon="14.063025"></trkpt>
      <trkpt lat="66.320143" lon="14.062707"></trkpt>
      <trkpt lat="66.320063" lon="14.062458"></trkpt>
      <trkpt lat="66.319965" lon="14.062232"></trkpt>
      <trkpt lat="66.319789" lon="14.061812"></trkpt>
      <trkpt lat="66.319689" lon="14.061427"></trkpt>
      <trkpt lat="66.319639" lon="14.061159"></trkpt>
      <trkpt lat="66.319477" lon="14.060498"></trkpt>
      <trkpt lat="66.319362" lon="14.059871"></trkpt>
      <trkpt lat="66.319307" lon="14.059663"></trkpt>
      <trkpt lat="66.319208" lon="14.058975"></trkpt>
      <trkpt lat="66.319157" lon="14.058707"></trkpt>
      <trkpt lat="66.319030" lon="14.058359"></trkpt>
      <trkpt lat="66.318757" lon="14.057709"></trkpt>
      <trkpt lat="66.318676" lon="14.057494"></trkpt>
      <trkpt lat="66.318599" lon="14.057333"></trkpt>
      <trkpt lat="66.318533" lon="14.057150"></trkpt>
      <trkpt lat="66.318441" lon="14.056951"></trkpt>
      <trkpt lat="66.318379" lon="14.056752"></trkpt>
      <trkpt lat="66.318088" lon="14.055299"></trkpt>
      <trkpt lat="66.318047" lon="14.055038"></trkpt>
      <trkpt lat="66.317972" lon="14.054612"></trkpt>
      <trkpt lat="66.317787" lon="14.054121"></trkpt>
      <trkpt lat="66.317720" lon="14.053910"></trkpt>
      <trkpt lat="66.317638" lon="14.053719"></trkpt>
      <trkpt lat="66.317509" lon="14.053302"></trkpt>
      <trkpt lat="66.317422" lon="14.053082"></trkpt>
      <trkpt lat="66.317251" lon="14.052457"></trkpt>
      <trkpt lat="66.317168" lon="14.052063"></trkpt>
      <trkpt lat="66.317119" lon="14.051779"></trkpt>
      <trkpt lat="66.317058" lon="14.051568"></trkpt>
      <trkpt lat="66.316944" lon="14.051268"></trkpt>
      <trkpt lat="66.316675" lon="14.050611"></trkpt>
      <trkpt lat="66.316597" lon="14.050474"></trkpt>
      <trkpt lat="66.316497" lon="14.050413"></trkpt>
      <trkpt lat="66.316455" lon="14.050416"></trkpt>
      <trkpt lat="66.316385" lon="14.050055"></trkpt>
      <trkpt lat="66.316269" lon="14.049498"></trkpt>
      <trkpt lat="66.316091" lon="14.048759"></trkpt>
      <trkpt lat="66.315937" lon="14.048182"></trkpt>
      <trkpt lat="66.315698" lon="14.047344"></trkpt>
      <trkpt lat="66.315518" lon="14.046729"></trkpt>
      <trkpt lat="66.315398" lon="14.046294"></trkpt>
      <trkpt lat="66.315241" lon="14.045667"></trkpt>
      <trkpt lat="66.315109" lon="14.045076"></trkpt>
      <trkpt lat="66.314816" lon="14.043838"></trkpt>
      <trkpt lat="66.314665" lon="14.043153"></trkpt>
      <trkpt lat="66.314596" lon="14.042816"></trkpt>
      <trkpt lat="66.314548" lon="14.042567"></trkpt>
      <trkpt lat="66.314494" lon="14.042259"></trkpt>
      <trkpt lat="66.314224" lon="14.040607"></trkpt>
      <trkpt lat="66.314163" lon="14.040303"></trkpt>
      <trkpt lat="66.314065" lon="14.039841"></trkpt>
      <trkpt lat="66.313962" lon="14.039428"></trkpt>
      <trkpt lat="66.313873" lon="14.039096"></trkpt>
      <trkpt lat="66.313763" lon="14.038735"></trkpt>
      <trkpt lat="66.313624" lon="14.038305"></trkpt>
      <trkpt lat="66.313131" lon="14.036830"></trkpt>
      <trkpt lat="66.312840" lon="14.035956"></trkpt>
      <trkpt lat="66.312633" lon="14.035302"></trkpt>
      <trkpt lat="66.312517" lon="14.034915"></trkpt>
      <trkpt lat="66.312405" lon="14.034518"></trkpt>
      <trkpt lat="66.312112" lon="14.033579"></trkpt>
      <trkpt lat="66.311974" lon="14.033105"></trkpt>
      <trkpt lat="66.311685" lon="14.032156"></trkpt>
      <trkpt lat="66.311586" lon="14.031794"></trkpt>
      <trkpt lat="66.311473" lon="14.031332"></trkpt>
      <trkpt lat="66.311409" lon="14.031042"></trkpt>
      <trkpt lat="66.311322" lon="14.030605"></trkpt>
      <trkpt lat="66.311274" lon="14.030386"></trkpt>
      <trkpt lat="66.311198" lon="14.030082"></trkpt>
      <trkpt lat="66.311061" lon="14.029582"></trkpt>
      <trkpt lat="66.310704" lon="14.028382"></trkpt>
      <trkpt lat="66.310612" lon="14.028051"></trkpt>
      <trkpt lat="66.310550" lon="14.027799"></trkpt>
      <trkpt lat="66.310504" lon="14.027577"></trkpt>
      <trkpt lat="66.310467" lon="14.027403"></trkpt>
      <trkpt lat="66.310434" lon="14.027249"></trkpt>
      <trkpt lat="66.310370" lon="14.026867"></trkpt>
      <trkpt lat="66.310065" lon="14.024861"></trkpt>
      <trkpt lat="66.310053" lon="14.024780"></trkpt>
      <trkpt lat="66.309868" lon="14.023612"></trkpt>
      <trkpt lat="66.309690" lon="14.022525"></trkpt>
      <trkpt lat="66.309447" lon="14.021106"></trkpt>
      <trkpt lat="66.309350" lon="14.020507"></trkpt>
      <trkpt lat="66.309115" lon="14.019111"></trkpt>
      <trkpt lat="66.309021" lon="14.018536"></trkpt>
      <trkpt lat="66.308975" lon="14.018219"></trkpt>
      <trkpt lat="66.308937" lon="14.017920"></trkpt>
      <trkpt lat="66.308890" lon="14.017440"></trkpt>
      <trkpt lat="66.308878" lon="14.017291"></trkpt>
      <trkpt lat="66.308855" lon="14.016917"></trkpt>
      <trkpt lat="66.308842" lon="14.016574"></trkpt>
      <trkpt lat="66.308839" lon="14.016422"></trkpt>
      <trkpt lat="66.308837" lon="14.016042"></trkpt>
      <trkpt lat="66.308844" lon="14.015701"></trkpt>
      <trkpt lat="66.308855" lon="14.015403"></trkpt>
      <trkpt lat="66.308881" lon="14.014972"></trkpt>
      <trkpt lat="66.308935" lon="14.014357"></trkpt>
      <trkpt lat="66.308999" lon="14.013817"></trkpt>
      <trkpt lat="66.309074" lon="14.013284"></trkpt>
      <trkpt lat="66.309164" lon="14.012676"></trkpt>
      <trkpt lat="66.309267" lon="14.012046"></trkpt>
      <trkpt lat="66.309359" lon="14.011571"></trkpt>
      <trkpt lat="66.309497" lon="14.010947"></trkpt>
      <trkpt lat="66.309562" lon="14.010642"></trkpt>
      <trkpt lat="66.310031" lon="14.008607"></trkpt>
      <trkpt lat="66.310156" lon="14.008046"></trkpt>
      <trkpt lat="66.310277" lon="14.007484"></trkpt>
      <trkpt lat="66.310473" lon="14.006483"></trkpt>
      <trkpt lat="66.310856" lon="14.004482"></trkpt>
      <trkpt lat="66.311384" lon="14.001739"></trkpt>
      <trkpt lat="66.311462" lon="14.001290"></trkpt>
      <trkpt lat="66.311504" lon="14.000992"></trkpt>
      <trkpt lat="66.311534" lon="14.000752"></trkpt>
      <trkpt lat="66.311558" lon="14.000523"></trkpt>
      <trkpt lat="66.311576" lon="14.000310"></trkpt>
      <trkpt lat="66.311592" lon="14.000021"></trkpt>
      <trkpt lat="66.311627" lon="14.000023"></trkpt>
      <trkpt lat="66.311676" lon="14.000027"></trkpt>
      <trkpt lat="66.311737" lon="14.000007"></trkpt>
      <trkpt lat="66.311772" lon="13.999984"></trkpt>
      <trkpt lat="66.311831" lon="13.999928"></trkpt>
      <trkpt lat="66.311853" lon="13.999890"></trkpt>
      <trkpt lat="66.311871" lon="13.999842"></trkpt>
      <trkpt lat="66.311887" lon="13.999778"></trkpt>
      <trkpt lat="66.311897" lon="13.999717"></trkpt>
      <trkpt lat="66.311912" lon="13.999585"></trkpt>
      <trkpt lat="66.311955" lon="13.999059"></trkpt>
      <trkpt lat="66.311980" lon="13.998798"></trkpt>
      <trkpt lat="66.312069" lon="13.997989"></trkpt>
      <trkpt lat="66.312106" lon="13.997716"></trkpt>
      <trkpt lat="66.312138" lon="13.997524"></trkpt>
      <trkpt lat="66.312168" lon="13.997439"></trkpt>
      <trkpt lat="66.312192" lon="13.997384"></trkpt>
      <trkpt lat="66.312211" lon="13.997360"></trkpt>
      <trkpt lat="66.312254" lon="13.997346"></trkpt>
      <trkpt lat="66.312281" lon="13.997361"></trkpt>
      <trkpt lat="66.312297" lon="13.997378"></trkpt>
      <trkpt lat="66.312317" lon="13.997413"></trkpt>
      <trkpt lat="66.312347" lon="13.997493"></trkpt>
      <trkpt lat="66.312361" lon="13.997541"></trkpt>
      <trkpt lat="66.312371" lon="13.997602"></trkpt>
      <trkpt lat="66.312385" lon="13.997729"></trkpt>
      <trkpt lat="66.312413" lon="13.998364"></trkpt>
      <trkpt lat="66.312428" lon="13.998601"></trkpt>
      <trkpt lat="66.312436" lon="13.998685"></trkpt>
      <trkpt lat="66.312467" lon="13.998865"></trkpt>
      <trkpt lat="66.312490" lon="13.998953"></trkpt>
      <trkpt lat="66.312510" lon="13.999013"></trkpt>
      <trkpt lat="66.312548" lon="13.999107"></trkpt>
      <trkpt lat="66.312593" lon="13.999188"></trkpt>
      <trkpt lat="66.312630" lon="13.999237"></trkpt>
      <trkpt lat="66.312648" lon="13.999252"></trkpt>
      <trkpt lat="66.312692" lon="13.999278"></trkpt>
      <trkpt lat="66.312740" lon="13.999283"></trkpt>
      <trkpt lat="66.312807" lon="13.999258"></trkpt>
      <trkpt lat="66.312863" lon="13.999211"></trkpt>
      <trkpt lat="66.312900" lon="13.999160"></trkpt>
      <trkpt lat="66.312947" lon="13.999079"></trkpt>
      <trkpt lat="66.313016" lon="13.998934"></trkpt>
      <trkpt lat="66.313053" lon="13.998852"></trkpt>
      <trkpt lat="66.313123" lon="13.998678"></trkpt>
      <trkpt lat="66.313427" lon="13.997911"></trkpt>
      <trkpt lat="66.313469" lon="13.997801"></trkpt>
      <trkpt lat="66.313527" lon="13.997625"></trkpt>
      <trkpt lat="66.313564" lon="13.997485"></trkpt>
      <trkpt lat="66.313596" lon="13.997296"></trkpt>
      <trkpt lat="66.313607" lon="13.997207"></trkpt>
      <trkpt lat="66.313619" lon="13.997085"></trkpt>
      <trkpt lat="66.313636" lon="13.996800"></trkpt>
      <trkpt lat="66.313652" lon="13.996440"></trkpt>
      <trkpt lat="66.313692" lon="13.995773"></trkpt>
      <trkpt lat="66.313703" lon="13.995647"></trkpt>
      <trkpt lat="66.313718" lon="13.995524"></trkpt>
      <trkpt lat="66.313737" lon="13.995409"></trkpt>
      <trkpt lat="66.313771" lon="13.995279"></trkpt>
      <trkpt lat="66.313806" lon="13.995201"></trkpt>
      <trkpt lat="66.313845" lon="13.995161"></trkpt>
      <trkpt lat="66.313874" lon="13.995142"></trkpt>
      <trkpt lat="66.313901" lon="13.995135"></trkpt>
      <trkpt lat="66.313921" lon="13.995156"></trkpt>
      <trkpt lat="66.313954" lon="13.995205"></trkpt>
      <trkpt lat="66.314002" lon="13.995310"></trkpt>
      <trkpt lat="66.314085" lon="13.995526"></trkpt>
      <trkpt lat="66.314159" lon="13.995701"></trkpt>
      <trkpt lat="66.314185" lon="13.995746"></trkpt>
      <trkpt lat="66.314210" lon="13.995774"></trkpt>
      <trkpt lat="66.314256" lon="13.995806"></trkpt>
      <trkpt lat="66.314291" lon="13.995816"></trkpt>
      <trkpt lat="66.314352" lon="13.995794"></trkpt>
      <trkpt lat="66.314382" lon="13.995760"></trkpt>
      <trkpt lat="66.314428" lon="13.995687"></trkpt>
      <trkpt lat="66.314482" lon="13.995571"></trkpt>
      <trkpt lat="66.314559" lon="13.995375"></trkpt>
      <trkpt lat="66.314635" lon="13.995158"></trkpt>
      <trkpt lat="66.314690" lon="13.994964"></trkpt>
      <trkpt lat="66.314725" lon="13.994822"></trkpt>
      <trkpt lat="66.314837" lon="13.994324"></trkpt>
      <trkpt lat="66.314923" lon="13.993906"></trkpt>
      <trkpt lat="66.314956" lon="13.993770"></trkpt>
      <trkpt lat="66.315000" lon="13.993620"></trkpt>
      <trkpt lat="66.315035" lon="13.993527"></trkpt>
      <trkpt lat="66.315106" lon="13.993366"></trkpt>
      <trkpt lat="66.315327" lon="13.992960"></trkpt>
      <trkpt lat="66.315621" lon="13.992499"></trkpt>
      <trkpt lat="66.315776" lon="13.992268"></trkpt>
      <trkpt lat="66.315804" lon="13.992219"></trkpt>
      <trkpt lat="66.316043" lon="13.991831"></trkpt>
      <trkpt lat="66.316476" lon="13.991149"></trkpt>
      <trkpt lat="66.316730" lon="13.990737"></trkpt>
      <trkpt lat="66.316849" lon="13.990536"></trkpt>
      <trkpt lat="66.316966" lon="13.990317"></trkpt>
      <trkpt lat="66.317042" lon="13.990140"></trkpt>
      <trkpt lat="66.317111" lon="13.989916"></trkpt>
      <trkpt lat="66.317143" lon="13.989757"></trkpt>
      <trkpt lat="66.317160" lon="13.989650"></trkpt>
      <trkpt lat="66.317185" lon="13.989416"></trkpt>
      <trkpt lat="66.317214" lon="13.988950"></trkpt>
      <trkpt lat="66.317221" lon="13.988363"></trkpt>
      <trkpt lat="66.317208" lon="13.986824"></trkpt>
      <trkpt lat="66.317199" lon="13.986521"></trkpt>
      <trkpt lat="66.317185" lon="13.986301"></trkpt>
      <trkpt lat="66.317161" lon="13.986128"></trkpt>
      <trkpt lat="66.317129" lon="13.985943"></trkpt>
      <trkpt lat="66.317060" lon="13.985643"></trkpt>
      <trkpt lat="66.316773" lon="13.984630"></trkpt>
      <trkpt lat="66.316656" lon="13.984227"></trkpt>
      <trkpt lat="66.316596" lon="13.984035"></trkpt>
      <trkpt lat="66.316514" lon="13.983811"></trkpt>
      <trkpt lat="66.316435" lon="13.983645"></trkpt>
      <trkpt lat="66.316306" lon="13.983418"></trkpt>
      <trkpt lat="66.316143" lon="13.983144"></trkpt>
      <trkpt lat="66.316104" lon="13.983065"></trkpt>
      <trkpt lat="66.316076" lon="13.982994"></trkpt>
      <trkpt lat="66.316051" lon="13.982924"></trkpt>
      <trkpt lat="66.315994" lon="13.982739"></trkpt>
      <trkpt lat="66.315971" lon="13.982636"></trkpt>
      <trkpt lat="66.315863" lon="13.982096"></trkpt>
      <trkpt lat="66.315842" lon="13.981971"></trkpt>
      <trkpt lat="66.315725" lon="13.981360"></trkpt>
      <trkpt lat="66.315639" lon="13.980848"></trkpt>
      <trkpt lat="66.315596" lon="13.980527"></trkpt>
      <trkpt lat="66.315572" lon="13.980301"></trkpt>
      <trkpt lat="66.315541" lon="13.979961"></trkpt>
      <trkpt lat="66.315518" lon="13.979575"></trkpt>
      <trkpt lat="66.315513" lon="13.979345"></trkpt>
      <trkpt lat="66.315517" lon="13.979066"></trkpt>
      <trkpt lat="66.315540" lon="13.978879"></trkpt>
      <trkpt lat="66.315555" lon="13.978784"></trkpt>
      <trkpt lat="66.315599" lon="13.978596"></trkpt>
      <trkpt lat="66.315628" lon="13.978503"></trkpt>
      <trkpt lat="66.315665" lon="13.978412"></trkpt>
      <trkpt lat="66.315801" lon="13.978125"></trkpt>
      <trkpt lat="66.315828" lon="13.978236"></trkpt>
      <trkpt lat="66.315889" lon="13.978694"></trkpt>
      <trkpt lat="66.315960" lon="13.978992"></trkpt>
      <trkpt lat="66.316246" lon="13.979796"></trkpt>
      <trkpt lat="66.316410" lon="13.980195"></trkpt>
      <trkpt lat="66.316501" lon="13.980339"></trkpt>
      <trkpt lat="66.316658" lon="13.980683"></trkpt>
      <trkpt lat="66.316719" lon="13.980839"></trkpt>
      <trkpt lat="66.316806" lon="13.981144"></trkpt>
      <trkpt lat="66.316861" lon="13.981300"></trkpt>
      <trkpt lat="66.316914" lon="13.981418"></trkpt>
      <trkpt lat="66.317013" lon="13.981676"></trkpt>
      <trkpt lat="66.317141" lon="13.982136"></trkpt>
      <trkpt lat="66.317181" lon="13.982293"></trkpt>
      <trkpt lat="66.317254" lon="13.982527"></trkpt>
      <trkpt lat="66.317384" lon="13.982774"></trkpt>
      <trkpt lat="66.317448" lon="13.983010"></trkpt>
      <trkpt lat="66.317536" lon="13.983439"></trkpt>
      <trkpt lat="66.317588" lon="13.983647"></trkpt>
      <trkpt lat="66.317682" lon="13.983949"></trkpt>
      <trkpt lat="66.317904" lon="13.984580"></trkpt>
      <trkpt lat="66.318094" lon="13.985025"></trkpt>
      <trkpt lat="66.318158" lon="13.985274"></trkpt>
      <trkpt lat="66.318235" lon="13.985455"></trkpt>
      <trkpt lat="66.318291" lon="13.985617"></trkpt>
      <trkpt lat="66.318385" lon="13.985894"></trkpt>
      <trkpt lat="66.318472" lon="13.986146"></trkpt>
      <trkpt lat="66.318519" lon="13.986323"></trkpt>
      <trkpt lat="66.318609" lon="13.986546"></trkpt>
      <trkpt lat="66.318722" lon="13.986829"></trkpt>
      <trkpt lat="66.318821" lon="13.987093"></trkpt>
      <trkpt lat="66.318857" lon="13.987231"></trkpt>
      <trkpt lat="66.318913" lon="13.987474"></trkpt>
      <trkpt lat="66.318972" lon="13.987750"></trkpt>
      <trkpt lat="66.319005" lon="13.987941"></trkpt>
      <trkpt lat="66.319030" lon="13.988026"></trkpt>
      <trkpt lat="66.319074" lon="13.988131"></trkpt>
      <trkpt lat="66.319118" lon="13.988218"></trkpt>
      <trkpt lat="66.319155" lon="13.988356"></trkpt>
      <trkpt lat="66.319215" lon="13.988584"></trkpt>
      <trkpt lat="66.319266" lon="13.988779"></trkpt>
      <trkpt lat="66.319333" lon="13.988978"></trkpt>
      <trkpt lat="66.319422" lon="13.989215"></trkpt>
      <trkpt lat="66.319509" lon="13.989468"></trkpt>
      <trkpt lat="66.319566" lon="13.989633"></trkpt>
      <trkpt lat="66.319609" lon="13.989724"></trkpt>
      <trkpt lat="66.319709" lon="13.989896"></trkpt>
      <trkpt lat="66.319825" lon="13.990089"></trkpt>
      <trkpt lat="66.319905" lon="13.990240"></trkpt>
      <trkpt lat="66.319962" lon="13.990370"></trkpt>
      <trkpt lat="66.320005" lon="13.990493"></trkpt>
      <trkpt lat="66.320053" lon="13.990655"></trkpt>
      <trkpt lat="66.320094" lon="13.990811"></trkpt>
      <trkpt lat="66.320150" lon="13.990979"></trkpt>
      <trkpt lat="66.320217" lon="13.991157"></trkpt>
      <trkpt lat="66.320271" lon="13.991269"></trkpt>
      <trkpt lat="66.320351" lon="13.991387"></trkpt>
      <trkpt lat="66.320416" lon="13.991484"></trkpt>
      <trkpt lat="66.320451" lon="13.991565"></trkpt>
      <trkpt lat="66.320509" lon="13.991730"></trkpt>
      <trkpt lat="66.320584" lon="13.991935"></trkpt>
      <trkpt lat="66.320671" lon="13.992140"></trkpt>
      <trkpt lat="66.320746" lon="13.992314"></trkpt>
      <trkpt lat="66.320781" lon="13.992443"></trkpt>
      <trkpt lat="66.320806" lon="13.992581"></trkpt>
      <trkpt lat="66.320827" lon="13.992727"></trkpt>
      <trkpt lat="66.320827" lon="13.992883"></trkpt>
      <trkpt lat="66.320823" lon="13.993089"></trkpt>
      <trkpt lat="66.320813" lon="13.993291"></trkpt>
      <trkpt lat="66.320814" lon="13.993437"></trkpt>
      <trkpt lat="66.320826" lon="13.993625"></trkpt>
      <trkpt lat="66.320850" lon="13.993847"></trkpt>
      <trkpt lat="66.320894" lon="13.994119"></trkpt>
      <trkpt lat="66.320968" lon="13.994470"></trkpt>
      <trkpt lat="66.321056" lon="13.994830"></trkpt>
      <trkpt lat="66.321099" lon="13.995027"></trkpt>
      <trkpt lat="66.321140" lon="13.995243"></trkpt>
      <trkpt lat="66.321169" lon="13.995372"></trkpt>
      <trkpt lat="66.321230" lon="13.995552"></trkpt>
      <trkpt lat="66.321378" lon="13.995953"></trkpt>
      <trkpt lat="66.321467" lon="13.996169"></trkpt>
      <trkpt lat="66.321609" lon="13.996459"></trkpt>
      <trkpt lat="66.321727" lon="13.996709"></trkpt>
      <trkpt lat="66.321771" lon="13.996823"></trkpt>
      <trkpt lat="66.321817" lon="13.996986"></trkpt>
      <trkpt lat="66.321887" lon="13.997268"></trkpt>
      <trkpt lat="66.321938" lon="13.997427"></trkpt>
      <trkpt lat="66.322044" lon="13.997692"></trkpt>
      <trkpt lat="66.322175" lon="13.998017"></trkpt>
      <trkpt lat="66.322262" lon="13.998251"></trkpt>
      <trkpt lat="66.322303" lon="13.998389"></trkpt>
      <trkpt lat="66.322387" lon="13.998699"></trkpt>
      <trkpt lat="66.322503" lon="13.999080"></trkpt>
      <trkpt lat="66.322612" lon="13.999503"></trkpt>
      <trkpt lat="66.322713" lon="13.999887"></trkpt>
      <trkpt lat="66.322838" lon="14.000305"></trkpt>
      <trkpt lat="66.322982" lon="14.000762"></trkpt>
      <trkpt lat="66.323071" lon="14.001020"></trkpt>
      <trkpt lat="66.323161" lon="14.001216"></trkpt>
      <trkpt lat="66.323247" lon="14.001406"></trkpt>
      <trkpt lat="66.323340" lon="14.001626"></trkpt>
      <trkpt lat="66.323472" lon="14.001945"></trkpt>
      <trkpt lat="66.323539" lon="14.002131"></trkpt>
      <trkpt lat="66.323580" lon="14.002279"></trkpt>
      <trkpt lat="66.323627" lon="14.002512"></trkpt>
      <trkpt lat="66.323688" lon="14.002815"></trkpt>
      <trkpt lat="66.323712" lon="14.002962"></trkpt>
      <trkpt lat="66.323737" lon="14.003207"></trkpt>
      <trkpt lat="66.323757" lon="14.003318"></trkpt>
      <trkpt lat="66.323792" lon="14.003429"></trkpt>
      <trkpt lat="66.323893" lon="14.003682"></trkpt>
      <trkpt lat="66.324039" lon="14.004043"></trkpt>
      <trkpt lat="66.324133" lon="14.004293"></trkpt>
      <trkpt lat="66.324241" lon="14.004549"></trkpt>
      <trkpt lat="66.324316" lon="14.004739"></trkpt>
      <trkpt lat="66.324433" lon="14.005093"></trkpt>
      <trkpt lat="66.324585" lon="14.005532"></trkpt>
      <trkpt lat="66.324695" lon="14.005884"></trkpt>
      <trkpt lat="66.324785" lon="14.006187"></trkpt>
      <trkpt lat="66.324847" lon="14.006367"></trkpt>
      <trkpt lat="66.324928" lon="14.006585"></trkpt>
      <trkpt lat="66.325008" lon="14.006798"></trkpt>
      <trkpt lat="66.325089" lon="14.007020"></trkpt>
      <trkpt lat="66.325157" lon="14.007219"></trkpt>
      <trkpt lat="66.325245" lon="14.007468"></trkpt>
      <trkpt lat="66.325319" lon="14.007659"></trkpt>
      <trkpt lat="66.325389" lon="14.007836"></trkpt>
      <trkpt lat="66.325440" lon="14.007958"></trkpt>
      <trkpt lat="66.325498" lon="14.008080"></trkpt>
      <trkpt lat="66.325573" lon="14.008205"></trkpt>
      <trkpt lat="66.325624" lon="14.008302"></trkpt>
      <trkpt lat="66.325691" lon="14.008462"></trkpt>
      <trkpt lat="66.325735" lon="14.008612"></trkpt>
      <trkpt lat="66.325785" lon="14.008804"></trkpt>
      <trkpt lat="66.325818" lon="14.008938"></trkpt>
      <trkpt lat="66.325857" lon="14.009042"></trkpt>
      <trkpt lat="66.325908" lon="14.009155"></trkpt>
      <trkpt lat="66.325945" lon="14.009214"></trkpt>
      <trkpt lat="66.326021" lon="14.009305"></trkpt>
      <trkpt lat="66.326113" lon="14.009429"></trkpt>
      <trkpt lat="66.326183" lon="14.009535"></trkpt>
      <trkpt lat="66.326255" lon="14.009651"></trkpt>
      <trkpt lat="66.326318" lon="14.009781"></trkpt>
      <trkpt lat="66.326367" lon="14.009886"></trkpt>
      <trkpt lat="66.326429" lon="14.010038"></trkpt>
      <trkpt lat="66.326497" lon="14.010228"></trkpt>
      <trkpt lat="66.326604" lon="14.010506"></trkpt>
      <trkpt lat="66.326664" lon="14.010679"></trkpt>
      <trkpt lat="66.326742" lon="14.010930"></trkpt>
      <trkpt lat="66.326800" lon="14.011080"></trkpt>
      <trkpt lat="66.326869" lon="14.011255"></trkpt>
      <trkpt lat="66.326956" lon="14.011452"></trkpt>
      <trkpt lat="66.327046" lon="14.011637"></trkpt>
      <trkpt lat="66.327109" lon="14.011769"></trkpt>
      <trkpt lat="66.327166" lon="14.011864"></trkpt>
      <trkpt lat="66.327226" lon="14.011928"></trkpt>
      <trkpt lat="66.327270" lon="14.011974"></trkpt>
      <trkpt lat="66.327305" lon="14.012009"></trkpt>
      <trkpt lat="66.327367" lon="14.012105"></trkpt>
      <trkpt lat="66.327454" lon="14.012263"></trkpt>
      <trkpt lat="66.327540" lon="14.012416"></trkpt>
      <trkpt lat="66.327625" lon="14.012550"></trkpt>
      <trkpt lat="66.327673" lon="14.012624"></trkpt>
      <trkpt lat="66.327713" lon="14.012704"></trkpt>
      <trkpt lat="66.327761" lon="14.012828"></trkpt>
      <trkpt lat="66.327814" lon="14.012992"></trkpt>
      <trkpt lat="66.327878" lon="14.013176"></trkpt>
      <trkpt lat="66.327932" lon="14.013309"></trkpt>
      <trkpt lat="66.327996" lon="14.013455"></trkpt>
      <trkpt lat="66.328039" lon="14.013547"></trkpt>
      <trkpt lat="66.328081" lon="14.013622"></trkpt>
      <trkpt lat="66.328120" lon="14.013687"></trkpt>
      <trkpt lat="66.328157" lon="14.013741"></trkpt>
      <trkpt lat="66.328188" lon="14.013809"></trkpt>
      <trkpt lat="66.328226" lon="14.013908"></trkpt>
      <trkpt lat="66.328254" lon="14.014020"></trkpt>
      <trkpt lat="66.328277" lon="14.014145"></trkpt>
      <trkpt lat="66.328291" lon="14.014239"></trkpt>
      <trkpt lat="66.328296" lon="14.014325"></trkpt>
      <trkpt lat="66.328299" lon="14.014425"></trkpt>
      <trkpt lat="66.328303" lon="14.014519"></trkpt>
      <trkpt lat="66.328312" lon="14.014579"></trkpt>
      <trkpt lat="66.328325" lon="14.014657"></trkpt>
      <trkpt lat="66.328349" lon="14.014743"></trkpt>
      <trkpt lat="66.328387" lon="14.014870"></trkpt>
      <trkpt lat="66.328420" lon="14.014976"></trkpt>
      <trkpt lat="66.328463" lon="14.015083"></trkpt>
      <trkpt lat="66.328536" lon="14.015254"></trkpt>
      <trkpt lat="66.328593" lon="14.015376"></trkpt>
      <trkpt lat="66.328666" lon="14.015553"></trkpt>
      <trkpt lat="66.328752" lon="14.015729"></trkpt>
      <trkpt lat="66.328866" lon="14.015930"></trkpt>
      <trkpt lat="66.328972" lon="14.016106"></trkpt>
      <trkpt lat="66.329073" lon="14.016278"></trkpt>
      <trkpt lat="66.329151" lon="14.016435"></trkpt>
      <trkpt lat="66.329210" lon="14.016581"></trkpt>
      <trkpt lat="66.329246" lon="14.016716"></trkpt>
      <trkpt lat="66.329328" lon="14.017069"></trkpt>
      <trkpt lat="66.329393" lon="14.017350"></trkpt>
      <trkpt lat="66.329421" lon="14.017496"></trkpt>
      <trkpt lat="66.329451" lon="14.017605"></trkpt>
      <trkpt lat="66.329479" lon="14.017675"></trkpt>
      <trkpt lat="66.329544" lon="14.017817"></trkpt>
      <trkpt lat="66.329626" lon="14.018003"></trkpt>
      <trkpt lat="66.329712" lon="14.018221"></trkpt>
      <trkpt lat="66.329781" lon="14.018395"></trkpt>
      <trkpt lat="66.329870" lon="14.018618"></trkpt>
      <trkpt lat="66.329965" lon="14.018852"></trkpt>
      <trkpt lat="66.330028" lon="14.018989"></trkpt>
      <trkpt lat="66.330105" lon="14.019123"></trkpt>
      <trkpt lat="66.330202" lon="14.019284"></trkpt>
      <trkpt lat="66.330325" lon="14.019483"></trkpt>
      <trkpt lat="66.330437" lon="14.019671"></trkpt>
      <trkpt lat="66.330540" lon="14.019821"></trkpt>
      <trkpt lat="66.330645" lon="14.019967"></trkpt>
      <trkpt lat="66.330745" lon="14.020115"></trkpt>
      <trkpt lat="66.330854" lon="14.020311"></trkpt>
      <trkpt lat="66.330948" lon="14.020495"></trkpt>
      <trkpt lat="66.331041" lon="14.020703"></trkpt>
      <trkpt lat="66.331121" lon="14.020916"></trkpt>
      <trkpt lat="66.331204" lon="14.021172"></trkpt>
      <trkpt lat="66.331319" lon="14.021530"></trkpt>
      <trkpt lat="66.331392" lon="14.021761"></trkpt>
      <trkpt lat="66.331443" lon="14.021927"></trkpt>
      <trkpt lat="66.331500" lon="14.022082"></trkpt>
      <trkpt lat="66.331582" lon="14.022256"></trkpt>
      <trkpt lat="66.331667" lon="14.022409"></trkpt>
      <trkpt lat="66.331764" lon="14.022565"></trkpt>
      <trkpt lat="66.331864" lon="14.022729"></trkpt>
      <trkpt lat="66.331942" lon="14.022875"></trkpt>
      <trkpt lat="66.332011" lon="14.023025"></trkpt>
      <trkpt lat="66.332089" lon="14.023223"></trkpt>
      <trkpt lat="66.332175" lon="14.023451"></trkpt>
      <trkpt lat="66.332276" lon="14.023684"></trkpt>
      <trkpt lat="66.332425" lon="14.023994"></trkpt>
      <trkpt lat="66.332520" lon="14.024205"></trkpt>
      <trkpt lat="66.332585" lon="14.024349"></trkpt>
      <trkpt lat="66.332621" lon="14.024430"></trkpt>
      <trkpt lat="66.332689" lon="14.024534"></trkpt>
      <trkpt lat="66.332744" lon="14.024618"></trkpt>
      <trkpt lat="66.332797" lon="14.024739"></trkpt>
      <trkpt lat="66.332871" lon="14.024929"></trkpt>
      <trkpt lat="66.332926" lon="14.025116"></trkpt>
      <trkpt lat="66.332999" lon="14.025368"></trkpt>
      <trkpt lat="66.333054" lon="14.025561"></trkpt>
      <trkpt lat="66.333111" lon="14.025742"></trkpt>
      <trkpt lat="66.333167" lon="14.025909"></trkpt>
      <trkpt lat="66.333251" lon="14.026140"></trkpt>
      <trkpt lat="66.333343" lon="14.026357"></trkpt>
      <trkpt lat="66.333440" lon="14.026586"></trkpt>
      <trkpt lat="66.333511" lon="14.026784"></trkpt>
      <trkpt lat="66.333567" lon="14.026988"></trkpt>
      <trkpt lat="66.333603" lon="14.027104"></trkpt>
      <trkpt lat="66.333632" lon="14.027175"></trkpt>
      <trkpt lat="66.333674" lon="14.027246"></trkpt>
      <trkpt lat="66.333723" lon="14.027315"></trkpt>
      <trkpt lat="66.333778" lon="14.027380"></trkpt>
      <trkpt lat="66.333853" lon="14.027444"></trkpt>
      <trkpt lat="66.333916" lon="14.027499"></trkpt>
      <trkpt lat="66.333960" lon="14.027545"></trkpt>
      <trkpt lat="66.333991" lon="14.027584"></trkpt>
      <trkpt lat="66.334024" lon="14.027648"></trkpt>
      <trkpt lat="66.334074" lon="14.027794"></trkpt>
      <trkpt lat="66.334150" lon="14.027983"></trkpt>
      <trkpt lat="66.334281" lon="14.028255"></trkpt>
      <trkpt lat="66.334401" lon="14.028518"></trkpt>
      <trkpt lat="66.334534" lon="14.028810"></trkpt>
      <trkpt lat="66.334644" lon="14.029045"></trkpt>
      <trkpt lat="66.334734" lon="14.029258"></trkpt>
      <trkpt lat="66.334814" lon="14.029437"></trkpt>
      <trkpt lat="66.334899" lon="14.029654"></trkpt>
      <trkpt lat="66.334947" lon="14.029814"></trkpt>
      <trkpt lat="66.334972" lon="14.029922"></trkpt>
      <trkpt lat="66.335046" lon="14.030101"></trkpt>
      <trkpt lat="66.335099" lon="14.030206"></trkpt>
      <trkpt lat="66.335099" lon="14.030206"></trkpt>
      <trkpt lat="66.335046" lon="14.030101"></trkpt>
      <trkpt lat="66.334972" lon="14.029922"></trkpt>
      <trkpt lat="66.334947" lon="14.029814"></trkpt>
      <trkpt lat="66.334899" lon="14.029654"></trkpt>
      <trkpt lat="66.334814" lon="14.029437"></trkpt>
      <trkpt lat="66.334734" lon="14.029258"></trkpt>
      <trkpt lat="66.334644" lon="14.029045"></trkpt>
      <trkpt lat="66.334534" lon="14.028810"></trkpt>
      <trkpt lat="66.334401" lon="14.028518"></trkpt>
      <trkpt lat="66.334281" lon="14.028255"></trkpt>
      <trkpt lat="66.334150" lon="14.027983"></trkpt>
      <trkpt lat="66.334074" lon="14.027794"></trkpt>
      <trkpt lat="66.334024" lon="14.027648"></trkpt>
      <trkpt lat="66.333991" lon="14.027584"></trkpt>
      <trkpt lat="66.333960" lon="14.027545"></trkpt>
      <trkpt lat="66.333916" lon="14.027499"></trkpt>
      <trkpt lat="66.333853" lon="14.027444"></trkpt>
      <trkpt lat="66.333778" lon="14.027380"></trkpt>
      <trkpt lat="66.333723" lon="14.027315"></trkpt>
      <trkpt lat="66.333674" lon="14.027246"></trkpt>
      <trkpt lat="66.333632" lon="14.027175"></trkpt>
      <trkpt lat="66.333603" lon="14.027104"></trkpt>
      <trkpt lat="66.333567" lon="14.026988"></trkpt>
      <trkpt lat="66.333511" lon="14.026784"></trkpt>
      <trkpt lat="66.333440" lon="14.026586"></trkpt>
      <trkpt lat="66.333343" lon="14.026357"></trkpt>
      <trkpt lat="66.333251" lon="14.026140"></trkpt>
      <trkpt lat="66.333167" lon="14.025909"></trkpt>
      <trkpt lat="66.333111" lon="14.025742"></trkpt>
      <trkpt lat="66.333054" lon="14.025561"></trkpt>
      <trkpt lat="66.332999" lon="14.025368"></trkpt>
      <trkpt lat="66.332926" lon="14.025116"></trkpt>
      <trkpt lat="66.332871" lon="14.024929"></trkpt>
      <trkpt lat="66.332797" lon="14.024739"></trkpt>
      <trkpt lat="66.332744" lon="14.024618"></trkpt>
      <trkpt lat="66.332689" lon="14.024534"></trkpt>
      <trkpt lat="66.332621" lon="14.024430"></trkpt>
      <trkpt lat="66.332585" lon="14.024349"></trkpt>
      <trkpt lat="66.332520" lon="14.024205"></trkpt>
      <trkpt lat="66.332425" lon="14.023994"></trkpt>
      <trkpt lat="66.332276" lon="14.023684"></trkpt>
      <trkpt lat="66.332175" lon="14.023451"></trkpt>
      <trkpt lat="66.332089" lon="14.023223"></trkpt>
      <trkpt lat="66.332011" lon="14.023025"></trkpt>
      <trkpt lat="66.331942" lon="14.022875"></trkpt>
      <trkpt lat="66.331864" lon="14.022729"></trkpt>
      <trkpt lat="66.331764" lon="14.022565"></trkpt>
      <trkpt lat="66.331667" lon="14.022409"></trkpt>
      <trkpt lat="66.331582" lon="14.022256"></trkpt>
      <trkpt lat="66.331500" lon="14.022082"></trkpt>
      <trkpt lat="66.331443" lon="14.021927"></trkpt>
      <trkpt lat="66.331392" lon="14.021761"></trkpt>
      <trkpt lat="66.331319" lon="14.021530"></trkpt>
      <trkpt lat="66.331204" lon="14.021172"></trkpt>
      <trkpt lat="66.331121" lon="14.020916"></trkpt>
      <trkpt lat="66.331041" lon="14.020703"></trkpt>
      <trkpt lat="66.330948" lon="14.020495"></trkpt>
      <trkpt lat="66.330854" lon="14.020311"></trkpt>
      <trkpt lat="66.330745" lon="14.020115"></trkpt>
      <trkpt lat="66.330645" lon="14.019967"></trkpt>
      <trkpt lat="66.330540" lon="14.019821"></trkpt>
      <trkpt lat="66.330437" lon="14.019671"></trkpt>
      <trkpt lat="66.330325" lon="14.019483"></trkpt>
      <trkpt lat="66.330202" lon="14.019284"></trkpt>
      <trkpt lat="66.330105" lon="14.019123"></trkpt>
      <trkpt lat="66.330028" lon="14.018989"></trkpt>
      <trkpt lat="66.329965" lon="14.018852"></trkpt>
      <trkpt lat="66.329870" lon="14.018618"></trkpt>
      <trkpt lat="66.329781" lon="14.018395"></trkpt>
      <trkpt lat="66.329712" lon="14.018221"></trkpt>
      <trkpt lat="66.329626" lon="14.018003"></trkpt>
      <trkpt lat="66.329544" lon="14.017817"></trkpt>
      <trkpt lat="66.329479" lon="14.017675"></trkpt>
      <trkpt lat="66.329451" lon="14.017605"></trkpt>
      <trkpt lat="66.329421" lon="14.017496"></trkpt>
      <trkpt lat="66.329393" lon="14.017350"></trkpt>
      <trkpt lat="66.329328" lon="14.017069"></trkpt>
      <trkpt lat="66.329246" lon="14.016716"></trkpt>
      <trkpt lat="66.329210" lon="14.016581"></trkpt>
      <trkpt lat="66.329151" lon="14.016435"></trkpt>
      <trkpt lat="66.329073" lon="14.016278"></trkpt>
      <trkpt lat="66.328972" lon="14.016106"></trkpt>
      <trkpt lat="66.328866" lon="14.015930"></trkpt>
      <trkpt lat="66.328752" lon="14.015729"></trkpt>
      <trkpt lat="66.328666" lon="14.015553"></trkpt>
      <trkpt lat="66.328593" lon="14.015376"></trkpt>
      <trkpt lat="66.328536" lon="14.015254"></trkpt>
      <trkpt lat="66.328463" lon="14.015083"></trkpt>
      <trkpt lat="66.328420" lon="14.014976"></trkpt>
      <trkpt lat="66.328387" lon="14.014870"></trkpt>
      <trkpt lat="66.328349" lon="14.014743"></trkpt>
      <trkpt lat="66.328325" lon="14.014657"></trkpt>
      <trkpt lat="66.328312" lon="14.014579"></trkpt>
      <trkpt lat="66.328303" lon="14.014519"></trkpt>
      <trkpt lat="66.328299" lon="14.014425"></trkpt>
      <trkpt lat="66.328296" lon="14.014325"></trkpt>
      <trkpt lat="66.328291" lon="14.014239"></trkpt>
      <trkpt lat="66.328277" lon="14.014145"></trkpt>
      <trkpt lat="66.328254" lon="14.014020"></trkpt>
      <trkpt lat="66.328226" lon="14.013908"></trkpt>
      <trkpt lat="66.328188" lon="14.013809"></trkpt>
      <trkpt lat="66.328157" lon="14.013741"></trkpt>
      <trkpt lat="66.328120" lon="14.013687"></trkpt>
      <trkpt lat="66.328081" lon="14.013622"></trkpt>
      <trkpt lat="66.328039" lon="14.013547"></trkpt>
      <trkpt lat="66.327996" lon="14.013455"></trkpt>
      <trkpt lat="66.327932" lon="14.013309"></trkpt>
      <trkpt lat="66.327878" lon="14.013176"></trkpt>
      <trkpt lat="66.327814" lon="14.012992"></trkpt>
      <trkpt lat="66.327761" lon="14.012828"></trkpt>
      <trkpt lat="66.327713" lon="14.012704"></trkpt>
      <trkpt lat="66.327673" lon="14.012624"></trkpt>
      <trkpt lat="66.327625" lon="14.012550"></trkpt>
      <trkpt lat="66.327540" lon="14.012416"></trkpt>
      <trkpt lat="66.327454" lon="14.012263"></trkpt>
      <trkpt lat="66.327367" lon="14.012105"></trkpt>
      <trkpt lat="66.327305" lon="14.012009"></trkpt>
      <trkpt lat="66.327270" lon="14.011974"></trkpt>
      <trkpt lat="66.327226" lon="14.011928"></trkpt>
      <trkpt lat="66.327166" lon="14.011864"></trkpt>
      <trkpt lat="66.327109" lon="14.011769"></trkpt>
      <trkpt lat="66.327046" lon="14.011637"></trkpt>
      <trkpt lat="66.326956" lon="14.011452"></trkpt>
      <trkpt lat="66.326869" lon="14.011255"></trkpt>
      <trkpt lat="66.326800" lon="14.011080"></trkpt>
      <trkpt lat="66.326742" lon="14.010930"></trkpt>
      <trkpt lat="66.326664" lon="14.010679"></trkpt>
      <trkpt lat="66.326604" lon="14.010506"></trkpt>
      <trkpt lat="66.326497" lon="14.010228"></trkpt>
      <trkpt lat="66.326429" lon="14.010038"></trkpt>
      <trkpt lat="66.326367" lon="14.009886"></trkpt>
      <trkpt lat="66.326318" lon="14.009781"></trkpt>
      <trkpt lat="66.326255" lon="14.009651"></trkpt>
      <trkpt lat="66.326183" lon="14.009535"></trkpt>
      <trkpt lat="66.326113" lon="14.009429"></trkpt>
      <trkpt lat="66.326021" lon="14.009305"></trkpt>
      <trkpt lat="66.325945" lon="14.009214"></trkpt>
      <trkpt lat="66.325908" lon="14.009155"></trkpt>
      <trkpt lat="66.325857" lon="14.009042"></trkpt>
      <trkpt lat="66.325818" lon="14.008938"></trkpt>
      <trkpt lat="66.325785" lon="14.008804"></trkpt>
      <trkpt lat="66.325735" lon="14.008612"></trkpt>
      <trkpt lat="66.325691" lon="14.008462"></trkpt>
      <trkpt lat="66.325624" lon="14.008302"></trkpt>
      <trkpt lat="66.325573" lon="14.008205"></trkpt>
      <trkpt lat="66.325498" lon="14.008080"></trkpt>
      <trkpt lat="66.325440" lon="14.007958"></trkpt>
      <trkpt lat="66.325389" lon="14.007836"></trkpt>
      <trkpt lat="66.325319" lon="14.007659"></trkpt>
      <trkpt lat="66.325245" lon="14.007468"></trkpt>
      <trkpt lat="66.325157" lon="14.007219"></trkpt>
      <trkpt lat="66.325089" lon="14.007020"></trkpt>
      <trkpt lat="66.325008" lon="14.006798"></trkpt>
      <trkpt lat="66.324928" lon="14.006585"></trkpt>
      <trkpt lat="66.324847" lon="14.006367"></trkpt>
      <trkpt lat="66.324785" lon="14.006187"></trkpt>
      <trkpt lat="66.324695" lon="14.005884"></trkpt>
      <trkpt lat="66.324585" lon="14.005532"></trkpt>
      <trkpt lat="66.324433" lon="14.005093"></trkpt>
      <trkpt lat="66.324316" lon="14.004739"></trkpt>
      <trkpt lat="66.324241" lon="14.004549"></trkpt>
      <trkpt lat="66.324133" lon="14.004293"></trkpt>
      <trkpt lat="66.324039" lon="14.004043"></trkpt>
      <trkpt lat="66.323893" lon="14.003682"></trkpt>
      <trkpt lat="66.323792" lon="14.003429"></trkpt>
      <trkpt lat="66.323757" lon="14.003318"></trkpt>
      <trkpt lat="66.323737" lon="14.003207"></trkpt>
      <trkpt lat="66.323712" lon="14.002962"></trkpt>
      <trkpt lat="66.323688" lon="14.002815"></trkpt>
      <trkpt lat="66.323627" lon="14.002512"></trkpt>
      <trkpt lat="66.323580" lon="14.002279"></trkpt>
      <trkpt lat="66.323539" lon="14.002131"></trkpt>
      <trkpt lat="66.323472" lon="14.001945"></trkpt>
      <trkpt lat="66.323340" lon="14.001626"></trkpt>
      <trkpt lat="66.323247" lon="14.001406"></trkpt>
      <trkpt lat="66.323161" lon="14.001216"></trkpt>
      <trkpt lat="66.323071" lon="14.001020"></trkpt>
      <trkpt lat="66.322982" lon="14.000762"></trkpt>
      <trkpt lat="66.322838" lon="14.000305"></trkpt>
      <trkpt lat="66.322713" lon="13.999887"></trkpt>
      <trkpt lat="66.322612" lon="13.999503"></trkpt>
      <trkpt lat="66.322503" lon="13.999080"></trkpt>
      <trkpt lat="66.322387" lon="13.998699"></trkpt>
      <trkpt lat="66.322303" lon="13.998389"></trkpt>
      <trkpt lat="66.322262" lon="13.998251"></trkpt>
      <trkpt lat="66.322175" lon="13.998017"></trkpt>
      <trkpt lat="66.322044" lon="13.997692"></trkpt>
      <trkpt lat="66.321938" lon="13.997427"></trkpt>
      <trkpt lat="66.321887" lon="13.997268"></trkpt>
      <trkpt lat="66.321817" lon="13.996986"></trkpt>
      <trkpt lat="66.321771" lon="13.996823"></trkpt>
      <trkpt lat="66.321727" lon="13.996709"></trkpt>
      <trkpt lat="66.321609" lon="13.996459"></trkpt>
      <trkpt lat="66.321467" lon="13.996169"></trkpt>
      <trkpt lat="66.321378" lon="13.995953"></trkpt>
      <trkpt lat="66.321230" lon="13.995552"></trkpt>
      <trkpt lat="66.321169" lon="13.995372"></trkpt>
      <trkpt lat="66.321140" lon="13.995243"></trkpt>
      <trkpt lat="66.321099" lon="13.995027"></trkpt>
      <trkpt lat="66.321056" lon="13.994830"></trkpt>
      <trkpt lat="66.320968" lon="13.994470"></trkpt>
      <trkpt lat="66.320894" lon="13.994119"></trkpt>
      <trkpt lat="66.320850" lon="13.993847"></trkpt>
      <trkpt lat="66.320826" lon="13.993625"></trkpt>
      <trkpt lat="66.320814" lon="13.993437"></trkpt>
      <trkpt lat="66.320813" lon="13.993291"></trkpt>
      <trkpt lat="66.320823" lon="13.993089"></trkpt>
      <trkpt lat="66.320827" lon="13.992883"></trkpt>
      <trkpt lat="66.320827" lon="13.992727"></trkpt>
      <trkpt lat="66.320806" lon="13.992581"></trkpt>
      <trkpt lat="66.320781" lon="13.992443"></trkpt>
      <trkpt lat="66.320746" lon="13.992314"></trkpt>
      <trkpt lat="66.320671" lon="13.992140"></trkpt>
      <trkpt lat="66.320584" lon="13.991935"></trkpt>
      <trkpt lat="66.320509" lon="13.991730"></trkpt>
      <trkpt lat="66.320451" lon="13.991565"></trkpt>
      <trkpt lat="66.320416" lon="13.991484"></trkpt>
      <trkpt lat="66.320351" lon="13.991387"></trkpt>
      <trkpt lat="66.320271" lon="13.991269"></trkpt>
      <trkpt lat="66.320217" lon="13.991157"></trkpt>
      <trkpt lat="66.320150" lon="13.990979"></trkpt>
      <trkpt lat="66.320094" lon="13.990811"></trkpt>
      <trkpt lat="66.320053" lon="13.990655"></trkpt>
      <trkpt lat="66.320005" lon="13.990493"></trkpt>
      <trkpt lat="66.319962" lon="13.990370"></trkpt>
      <trkpt lat="66.319905" lon="13.990240"></trkpt>
      <trkpt lat="66.319825" lon="13.990089"></trkpt>
      <trkpt lat="66.319709" lon="13.989896"></trkpt>
      <trkpt lat="66.319609" lon="13.989724"></trkpt>
      <trkpt lat="66.319566" lon="13.989633"></trkpt>
      <trkpt lat="66.319509" lon="13.989468"></trkpt>
      <trkpt lat="66.319422" lon="13.989215"></trkpt>
      <trkpt lat="66.319333" lon="13.988978"></trkpt>
      <trkpt lat="66.319266" lon="13.988779"></trkpt>
      <trkpt lat="66.319215" lon="13.988584"></trkpt>
      <trkpt lat="66.319155" lon="13.988356"></trkpt>
      <trkpt lat="66.319118" lon="13.988218"></trkpt>
      <trkpt lat="66.319074" lon="13.988131"></trkpt>
      <trkpt lat="66.319030" lon="13.988026"></trkpt>
      <trkpt lat="66.319005" lon="13.987941"></trkpt>
      <trkpt lat="66.318972" lon="13.987750"></trkpt>
      <trkpt lat="66.318913" lon="13.987474"></trkpt>
      <trkpt lat="66.318857" lon="13.987231"></trkpt>
      <trkpt lat="66.318821" lon="13.987093"></trkpt>
      <trkpt lat="66.318722" lon="13.986829"></trkpt>
      <trkpt lat="66.318609" lon="13.986546"></trkpt>
      <trkpt lat="66.318519" lon="13.986323"></trkpt>
      <trkpt lat="66.318472" lon="13.986146"></trkpt>
      <trkpt lat="66.318385" lon="13.985894"></trkpt>
      <trkpt lat="66.318291" lon="13.985617"></trkpt>
      <trkpt lat="66.318235" lon="13.985455"></trkpt>
      <trkpt lat="66.318158" lon="13.985274"></trkpt>
      <trkpt lat="66.318094" lon="13.985025"></trkpt>
      <trkpt lat="66.317904" lon="13.984580"></trkpt>
      <trkpt lat="66.317682" lon="13.983949"></trkpt>
      <trkpt lat="66.317588" lon="13.983647"></trkpt>
      <trkpt lat="66.317536" lon="13.983439"></trkpt>
      <trkpt lat="66.317448" lon="13.983010"></trkpt>
      <trkpt lat="66.317384" lon="13.982774"></trkpt>
      <trkpt lat="66.317254" lon="13.982527"></trkpt>
      <trkpt lat="66.317181" lon="13.982293"></trkpt>
      <trkpt lat="66.317141" lon="13.982136"></trkpt>
      <trkpt lat="66.317013" lon="13.981676"></trkpt>
      <trkpt lat="66.316914" lon="13.981418"></trkpt>
      <trkpt lat="66.316861" lon="13.981300"></trkpt>
      <trkpt lat="66.316806" lon="13.981144"></trkpt>
      <trkpt lat="66.316719" lon="13.980839"></trkpt>
      <trkpt lat="66.316658" lon="13.980683"></trkpt>
      <trkpt lat="66.316501" lon="13.980339"></trkpt>
      <trkpt lat="66.316410" lon="13.980195"></trkpt>
      <trkpt lat="66.316246" lon="13.979796"></trkpt>
      <trkpt lat="66.315960" lon="13.978992"></trkpt>
      <trkpt lat="66.315889" lon="13.978694"></trkpt>
      <trkpt lat="66.315828" lon="13.978236"></trkpt>
      <trkpt lat="66.315801" lon="13.978125"></trkpt>
      <trkpt lat="66.315665" lon="13.978412"></trkpt>
      <trkpt lat="66.315628" lon="13.978503"></trkpt>
      <trkpt lat="66.315599" lon="13.978596"></trkpt>
      <trkpt lat="66.315555" lon="13.978784"></trkpt>
      <trkpt lat="66.315540" lon="13.978879"></trkpt>
      <trkpt lat="66.315517" lon="13.979066"></trkpt>
      <trkpt lat="66.315513" lon="13.979345"></trkpt>
      <trkpt lat="66.315518" lon="13.979575"></trkpt>
      <trkpt lat="66.315541" lon="13.979961"></trkpt>
      <trkpt lat="66.315572" lon="13.980301"></trkpt>
      <trkpt lat="66.315596" lon="13.980527"></trkpt>
      <trkpt lat="66.315639" lon="13.980848"></trkpt>
      <trkpt lat="66.315725" lon="13.981360"></trkpt>
      <trkpt lat="66.315842" lon="13.981971"></trkpt>
      <trkpt lat="66.315863" lon="13.982096"></trkpt>
      <trkpt lat="66.315971" lon="13.982636"></trkpt>
      <trkpt lat="66.315994" lon="13.982739"></trkpt>
      <trkpt lat="66.316051" lon="13.982924"></trkpt>
      <trkpt lat="66.316076" lon="13.982994"></trkpt>
      <trkpt lat="66.316104" lon="13.983065"></trkpt>
      <trkpt lat="66.316143" lon="13.983144"></trkpt>
      <trkpt lat="66.316306" lon="13.983418"></trkpt>
      <trkpt lat="66.316435" lon="13.983645"></trkpt>
      <trkpt lat="66.316514" lon="13.983811"></trkpt>
      <trkpt lat="66.316596" lon="13.984035"></trkpt>
      <trkpt lat="66.316656" lon="13.984227"></trkpt>
      <trkpt lat="66.316773" lon="13.984630"></trkpt>
      <trkpt lat="66.317060" lon="13.985643"></trkpt>
      <trkpt lat="66.317129" lon="13.985943"></trkpt>
      <trkpt lat="66.317161" lon="13.986128"></trkpt>
      <trkpt lat="66.317185" lon="13.986301"></trkpt>
      <trkpt lat="66.317199" lon="13.986521"></trkpt>
      <trkpt lat="66.317208" lon="13.986824"></trkpt>
      <trkpt lat="66.317221" lon="13.988363"></trkpt>
      <trkpt lat="66.317214" lon="13.988950"></trkpt>
      <trkpt lat="66.317185" lon="13.989416"></trkpt>
      <trkpt lat="66.317160" lon="13.989650"></trkpt>
      <trkpt lat="66.317143" lon="13.989757"></trkpt>
      <trkpt lat="66.317111" lon="13.989916"></trkpt>
      <trkpt lat="66.317042" lon="13.990140"></trkpt>
      <trkpt lat="66.316966" lon="13.990317"></trkpt>
      <trkpt lat="66.316849" lon="13.990536"></trkpt>
      <trkpt lat="66.316730" lon="13.990737"></trkpt>
      <trkpt lat="66.316476" lon="13.991149"></trkpt>
      <trkpt lat="66.316043" lon="13.991831"></trkpt>
      <trkpt lat="66.315804" lon="13.992219"></trkpt>
      <trkpt lat="66.315776" lon="13.992268"></trkpt>
      <trkpt lat="66.315621" lon="13.992499"></trkpt>
      <trkpt lat="66.315327" lon="13.992960"></trkpt>
      <trkpt lat="66.315106" lon="13.993366"></trkpt>
      <trkpt lat="66.315035" lon="13.993527"></trkpt>
      <trkpt lat="66.315000" lon="13.993620"></trkpt>
      <trkpt lat="66.314956" lon="13.993770"></trkpt>
      <trkpt lat="66.314923" lon="13.993906"></trkpt>
      <trkpt lat="66.314837" lon="13.994324"></trkpt>
      <trkpt lat="66.314725" lon="13.994822"></trkpt>
      <trkpt lat="66.314690" lon="13.994964"></trkpt>
      <trkpt lat="66.314635" lon="13.995158"></trkpt>
      <trkpt lat="66.314559" lon="13.995375"></trkpt>
      <trkpt lat="66.314482" lon="13.995571"></trkpt>
      <trkpt lat="66.314428" lon="13.995687"></trkpt>
      <trkpt lat="66.314382" lon="13.995760"></trkpt>
      <trkpt lat="66.314352" lon="13.995794"></trkpt>
      <trkpt lat="66.314291" lon="13.995816"></trkpt>
      <trkpt lat="66.314256" lon="13.995806"></trkpt>
      <trkpt lat="66.314210" lon="13.995774"></trkpt>
      <trkpt lat="66.314185" lon="13.995746"></trkpt>
      <trkpt lat="66.314159" lon="13.995701"></trkpt>
      <trkpt lat="66.314085" lon="13.995526"></trkpt>
      <trkpt lat="66.314002" lon="13.995310"></trkpt>
      <trkpt lat="66.313954" lon="13.995205"></trkpt>
      <trkpt lat="66.313921" lon="13.995156"></trkpt>
      <trkpt lat="66.313901" lon="13.995135"></trkpt>
      <trkpt lat="66.313874" lon="13.995142"></trkpt>
      <trkpt lat="66.313845" lon="13.995161"></trkpt>
      <trkpt lat="66.313806" lon="13.995201"></trkpt>
      <trkpt lat="66.313771" lon="13.995279"></trkpt>
      <trkpt lat="66.313737" lon="13.995409"></trkpt>
      <trkpt lat="66.313718" lon="13.995524"></trkpt>
      <trkpt lat="66.313703" lon="13.995647"></trkpt>
      <trkpt lat="66.313692" lon="13.995773"></trkpt>
      <trkpt lat="66.313652" lon="13.996440"></trkpt>
      <trkpt lat="66.313636" lon="13.996800"></trkpt>
      <trkpt lat="66.313619" lon="13.997085"></trkpt>
      <trkpt lat="66.313607" lon="13.997207"></trkpt>
      <trkpt lat="66.313596" lon="13.997296"></trkpt>
      <trkpt lat="66.313564" lon="13.997485"></trkpt>
      <trkpt lat="66.313527" lon="13.997625"></trkpt>
      <trkpt lat="66.313469" lon="13.997801"></trkpt>
      <trkpt lat="66.313427" lon="13.997911"></trkpt>
      <trkpt lat="66.313123" lon="13.998678"></trkpt>
      <trkpt lat="66.313053" lon="13.998852"></trkpt>
      <trkpt lat="66.313016" lon="13.998934"></trkpt>
      <trkpt lat="66.312947" lon="13.999079"></trkpt>
      <trkpt lat="66.312900" lon="13.999160"></trkpt>
      <trkpt lat="66.312863" lon="13.999211"></trkpt>
      <trkpt lat="66.312807" lon="13.999258"></trkpt>
      <trkpt lat="66.312740" lon="13.999283"></trkpt>
      <trkpt lat="66.312692" lon="13.999278"></trkpt>
      <trkpt lat="66.312648" lon="13.999252"></trkpt>
      <trkpt lat="66.312630" lon="13.999237"></trkpt>
      <trkpt lat="66.312593" lon="13.999188"></trkpt>
      <trkpt lat="66.312548" lon="13.999107"></trkpt>
      <trkpt lat="66.312510" lon="13.999013"></trkpt>
      <trkpt lat="66.312490" lon="13.998953"></trkpt>
      <trkpt lat="66.312467" lon="13.998865"></trkpt>
      <trkpt lat="66.312436" lon="13.998685"></trkpt>
      <trkpt lat="66.312428" lon="13.998601"></trkpt>
      <trkpt lat="66.312413" lon="13.998364"></trkpt>
      <trkpt lat="66.312385" lon="13.997729"></trkpt>
      <trkpt lat="66.312371" lon="13.997602"></trkpt>
      <trkpt lat="66.312361" lon="13.997541"></trkpt>
      <trkpt lat="66.312347" lon="13.997493"></trkpt>
      <trkpt lat="66.312317" lon="13.997413"></trkpt>
      <trkpt lat="66.312297" lon="13.997378"></trkpt>
      <trkpt lat="66.312281" lon="13.997361"></trkpt>
      <trkpt lat="66.312254" lon="13.997346"></trkpt>
      <trkpt lat="66.312211" lon="13.997360"></trkpt>
      <trkpt lat="66.312192" lon="13.997384"></trkpt>
      <trkpt lat="66.312168" lon="13.997439"></trkpt>
      <trkpt lat="66.312138" lon="13.997524"></trkpt>
      <trkpt lat="66.312106" lon="13.997716"></trkpt>
      <trkpt lat="66.312069" lon="13.997989"></trkpt>
      <trkpt lat="66.311980" lon="13.998798"></trkpt>
      <trkpt lat="66.311955" lon="13.999059"></trkpt>
      <trkpt lat="66.311912" lon="13.999585"></trkpt>
      <trkpt lat="66.311897" lon="13.999717"></trkpt>
      <trkpt lat="66.311887" lon="13.999778"></trkpt>
      <trkpt lat="66.311871" lon="13.999842"></trkpt>
      <trkpt lat="66.311853" lon="13.999890"></trkpt>
      <trkpt lat="66.311831" lon="13.999928"></trkpt>
      <trkpt lat="66.311772" lon="13.999984"></trkpt>
      <trkpt lat="66.311737" lon="14.000007"></trkpt>
      <trkpt lat="66.311676" lon="14.000027"></trkpt>
      <trkpt lat="66.311627" lon="14.000023"></trkpt>
      <trkpt lat="66.311592" lon="14.000021"></trkpt>
      <trkpt lat="66.311576" lon="14.000310"></trkpt>
      <trkpt lat="66.311558" lon="14.000523"></trkpt>
      <trkpt lat="66.311534" lon="14.000752"></trkpt>
      <trkpt lat="66.311504" lon="14.000992"></trkpt>
      <trkpt lat="66.311462" lon="14.001290"></trkpt>
      <trkpt lat="66.311384" lon="14.001739"></trkpt>
      <trkpt lat="66.310856" lon="14.004482"></trkpt>
      <trkpt lat="66.310473" lon="14.006483"></trkpt>
      <trkpt lat="66.310277" lon="14.007484"></trkpt>
      <trkpt lat="66.310156" lon="14.008046"></trkpt>
      <trkpt lat="66.310031" lon="14.008607"></trkpt>
      <trkpt lat="66.309562" lon="14.010642"></trkpt>
      <trkpt lat="66.309497" lon="14.010947"></trkpt>
      <trkpt lat="66.309359" lon="14.011571"></trkpt>
      <trkpt lat="66.309267" lon="14.012046"></trkpt>
      <trkpt lat="66.309164" lon="14.012676"></trkpt>
      <trkpt lat="66.309074" lon="14.013284"></trkpt>
      <trkpt lat="66.308999" lon="14.013817"></trkpt>
      <trkpt lat="66.308935" lon="14.014357"></trkpt>
      <trkpt lat="66.308881" lon="14.014972"></trkpt>
      <trkpt lat="66.308855" lon="14.015403"></trkpt>
      <trkpt lat="66.308844" lon="14.015701"></trkpt>
      <trkpt lat="66.308837" lon="14.016042"></trkpt>
      <trkpt lat="66.308839" lon="14.016422"></trkpt>
      <trkpt lat="66.308842" lon="14.016574"></trkpt>
      <trkpt lat="66.308855" lon="14.016917"></trkpt>
      <trkpt lat="66.308878" lon="14.017291"></trkpt>
      <trkpt lat="66.308890" lon="14.017440"></trkpt>
      <trkpt lat="66.308937" lon="14.017920"></trkpt>
      <trkpt lat="66.308975" lon="14.018219"></trkpt>
      <trkpt lat="66.309021" lon="14.018536"></trkpt>
      <trkpt lat="66.309115" lon="14.019111"></trkpt>
      <trkpt lat="66.309350" lon="14.020507"></trkpt>
      <trkpt lat="66.309447" lon="14.021106"></trkpt>
      <trkpt lat="66.309690" lon="14.022525"></trkpt>
      <trkpt lat="66.309868" lon="14.023612"></trkpt>
      <trkpt lat="66.310053" lon="14.024780"></trkpt>
      <trkpt lat="66.310065" lon="14.024861"></trkpt>
      <trkpt lat="66.310370" lon="14.026867"></trkpt>
      <trkpt lat="66.310434" lon="14.027249"></trkpt>
      <trkpt lat="66.310467" lon="14.027403"></trkpt>
      <trkpt lat="66.310504" lon="14.027577"></trkpt>
      <trkpt lat="66.310550" lon="14.027799"></trkpt>
      <trkpt lat="66.310612" lon="14.028051"></trkpt>
      <trkpt lat="66.310704" lon="14.028382"></trkpt>
      <trkpt lat="66.311061" lon="14.029582"></trkpt>
      <trkpt lat="66.311198" lon="14.030082"></trkpt>
      <trkpt lat="66.311274" lon="14.030386"></trkpt>
      <trkpt lat="66.311322" lon="14.030605"></trkpt>
      <trkpt lat="66.311409" lon="14.031042"></trkpt>
      <trkpt lat="66.311473" lon="14.031332"></trkpt>
      <trkpt lat="66.311586" lon="14.031794"></trkpt>
      <trkpt lat="66.311685" lon="14.032156"></trkpt>
      <trkpt lat="66.311974" lon="14.033105"></trkpt>
      <trkpt lat="66.312112" lon="14.033579"></trkpt>
      <trkpt lat="66.312405" lon="14.034518"></trkpt>
      <trkpt lat="66.312517" lon="14.034915"></trkpt>
      <trkpt lat="66.312633" lon="14.035302"></trkpt>
      <trkpt lat="66.312840" lon="14.035956"></trkpt>
      <trkpt lat="66.313131" lon="14.036830"></trkpt>
      <trkpt lat="66.313624" lon="14.038305"></trkpt>
      <trkpt lat="66.313763" lon="14.038735"></trkpt>
      <trkpt lat="66.313873" lon="14.039096"></trkpt>
      <trkpt lat="66.313962" lon="14.039428"></trkpt>
      <trkpt lat="66.314065" lon="14.039841"></trkpt>
      <trkpt lat="66.314163" lon="14.040303"></trkpt>
      <trkpt lat="66.314224" lon="14.040607"></trkpt>
      <trkpt lat="66.314494" lon="14.042259"></trkpt>
      <trkpt lat="66.314548" lon="14.042567"></trkpt>
      <trkpt lat="66.314596" lon="14.042816"></trkpt>
      <trkpt lat="66.314665" lon="14.043153"></trkpt>
      <trkpt lat="66.314816" lon="14.043838"></trkpt>
      <trkpt lat="66.315109" lon="14.045076"></trkpt>
      <trkpt lat="66.315241" lon="14.045667"></trkpt>
      <trkpt lat="66.315398" lon="14.046294"></trkpt>
      <trkpt lat="66.315518" lon="14.046729"></trkpt>
      <trkpt lat="66.315698" lon="14.047344"></trkpt>
      <trkpt lat="66.315937" lon="14.048182"></trkpt>
      <trkpt lat="66.316091" lon="14.048759"></trkpt>
      <trkpt lat="66.316269" lon="14.049498"></trkpt>
      <trkpt lat="66.316385" lon="14.050055"></trkpt>
      <trkpt lat="66.316455" lon="14.050416"></trkpt>
      <trkpt lat="66.316475" lon="14.050534"></trkpt>
      <trkpt lat="66.316500" lon="14.050685"></trkpt>
      <trkpt lat="66.316581" lon="14.051124"></trkpt>
      <trkpt lat="66.316624" lon="14.051354"></trkpt>
      <trkpt lat="66.316697" lon="14.051789"></trkpt>
      <trkpt lat="66.316758" lon="14.052191"></trkpt>
      <trkpt lat="66.316993" lon="14.053953"></trkpt>
      <trkpt lat="66.317089" lon="14.054707"></trkpt>
      <trkpt lat="66.317220" lon="14.055645"></trkpt>
      <trkpt lat="66.317300" lon="14.056169"></trkpt>
      <trkpt lat="66.317386" lon="14.056687"></trkpt>
      <trkpt lat="66.317549" lon="14.057612"></trkpt>
      <trkpt lat="66.317616" lon="14.057963"></trkpt>
      <trkpt lat="66.317793" lon="14.058821"></trkpt>
      <trkpt lat="66.317875" lon="14.059203"></trkpt>
      <trkpt lat="66.318018" lon="14.059822"></trkpt>
      <trkpt lat="66.318200" lon="14.060556"></trkpt>
      <trkpt lat="66.318437" lon="14.061456"></trkpt>
      <trkpt lat="66.318676" lon="14.062296"></trkpt>
      <trkpt lat="66.318908" lon="14.063036"></trkpt>
      <trkpt lat="66.319135" lon="14.063714"></trkpt>
      <trkpt lat="66.319354" lon="14.064334"></trkpt>
      <trkpt lat="66.319586" lon="14.064953"></trkpt>
      <trkpt lat="66.319884" lon="14.065696"></trkpt>
      <trkpt lat="66.320641" lon="14.067519"></trkpt>
      <trkpt lat="66.320902" lon="14.068166"></trkpt>
      <trkpt lat="66.321065" lon="14.068594"></trkpt>
      <trkpt lat="66.321147" lon="14.068827"></trkpt>
      <trkpt lat="66.321242" lon="14.069121"></trkpt>
      <trkpt lat="66.321335" lon="14.069430"></trkpt>
      <trkpt lat="66.321396" lon="14.069650"></trkpt>
      <trkpt lat="66.321482" lon="14.069981"></trkpt>
      <trkpt lat="66.321563" lon="14.070321"></trkpt>
      <trkpt lat="66.321599" lon="14.070485"></trkpt>
      <trkpt lat="66.321671" lon="14.070843"></trkpt>
      <trkpt lat="66.321739" lon="14.071204"></trkpt>
      <trkpt lat="66.321798" lon="14.071578"></trkpt>
      <trkpt lat="66.321838" lon="14.071863"></trkpt>
      <trkpt lat="66.321898" lon="14.072357"></trkpt>
      <trkpt lat="66.321965" lon="14.073055"></trkpt>
      <trkpt lat="66.322025" lon="14.073839"></trkpt>
      <trkpt lat="66.322120" lon="14.075284"></trkpt>
      <trkpt lat="66.322177" lon="14.076234"></trkpt>
      <trkpt lat="66.322249" lon="14.077525"></trkpt>
      <trkpt lat="66.322296" lon="14.078279"></trkpt>
      <trkpt lat="66.322327" lon="14.078695"></trkpt>
      <trkpt lat="66.322378" lon="14.079258"></trkpt>
      <trkpt lat="66.322436" lon="14.079778"></trkpt>
      <trkpt lat="66.322489" lon="14.080179"></trkpt>
      <trkpt lat="66.322527" lon="14.080439"></trkpt>
      <trkpt lat="66.322582" lon="14.080765"></trkpt>
      <trkpt lat="66.322690" lon="14.081334"></trkpt>
      <trkpt lat="66.322745" lon="14.081590"></trkpt>
      <trkpt lat="66.322894" lon="14.082166"></trkpt>
      <trkpt lat="66.323115" lon="14.082920"></trkpt>
      <trkpt lat="66.323263" lon="14.083371"></trkpt>
      <trkpt lat="66.323394" lon="14.083752"></trkpt>
      <trkpt lat="66.323974" lon="14.085347"></trkpt>
      <trkpt lat="66.324287" lon="14.086243"></trkpt>
      <trkpt lat="66.324471" lon="14.086816"></trkpt>
      <trkpt lat="66.324595" lon="14.087248"></trkpt>
      <trkpt lat="66.324690" lon="14.087614"></trkpt>
      <trkpt lat="66.324794" lon="14.088053"></trkpt>
      <trkpt lat="66.324890" lon="14.088494"></trkpt>
      <trkpt lat="66.324944" lon="14.088757"></trkpt>
      <trkpt lat="66.324993" lon="14.089015"></trkpt>
      <trkpt lat="66.325055" lon="14.089371"></trkpt>
      <trkpt lat="66.325130" lon="14.089870"></trkpt>
      <trkpt lat="66.325307" lon="14.091192"></trkpt>
      <trkpt lat="66.325348" lon="14.091472"></trkpt>
      <trkpt lat="66.325407" lon="14.091833"></trkpt>
      <trkpt lat="66.325517" lon="14.092418"></trkpt>
      <trkpt lat="66.325605" lon="14.092833"></trkpt>
      <trkpt lat="66.325691" lon="14.093195"></trkpt>
      <trkpt lat="66.325736" lon="14.093373"></trkpt>
      <trkpt lat="66.325854" lon="14.093799"></trkpt>
      <trkpt lat="66.325936" lon="14.094070"></trkpt>
      <trkpt lat="66.326021" lon="14.094336"></trkpt>
      <trkpt lat="66.326137" lon="14.094670"></trkpt>
      <trkpt lat="66.326243" lon="14.094952"></trkpt>
      <trkpt lat="66.326419" lon="14.095367"></trkpt>
      <trkpt lat="66.326567" lon="14.095685"></trkpt>
      <trkpt lat="66.326689" lon="14.095929"></trkpt>
      <trkpt lat="66.326833" lon="14.096200"></trkpt>
      <trkpt lat="66.327039" lon="14.096555"></trkpt>
      <trkpt lat="66.327364" lon="14.097101"></trkpt>
      <trkpt lat="66.327555" lon="14.097441"></trkpt>
      <trkpt lat="66.327675" lon="14.097679"></trkpt>
      <trkpt lat="66.327793" lon="14.097939"></trkpt>
      <trkpt lat="66.327918" lon="14.098242"></trkpt>
      <trkpt lat="66.328010" lon="14.098490"></trkpt>
      <trkpt lat="66.328082" lon="14.098697"></trkpt>
      <trkpt lat="66.328218" lon="14.099117"></trkpt>
      <trkpt lat="66.328433" lon="14.099813"></trkpt>
      <trkpt lat="66.328569" lon="14.100211"></trkpt>
      <trkpt lat="66.328739" lon="14.100645"></trkpt>
      <trkpt lat="66.328856" lon="14.100918"></trkpt>
      <trkpt lat="66.329179" lon="14.101645"></trkpt>
      <trkpt lat="66.329308" lon="14.101948"></trkpt>
      <trkpt lat="66.329417" lon="14.102235"></trkpt>
      <trkpt lat="66.329526" lon="14.102551"></trkpt>
      <trkpt lat="66.329617" lon="14.102847"></trkpt>
      <trkpt lat="66.329656" lon="14.102987"></trkpt>
      <trkpt lat="66.329700" lon="14.103159"></trkpt>
      <trkpt lat="66.329850" lon="14.103812"></trkpt>
      <trkpt lat="66.329976" lon="14.104404"></trkpt>
      <trkpt lat="66.330097" lon="14.104996"></trkpt>
      <trkpt lat="66.330111" lon="14.105061"></trkpt>
      <trkpt lat="66.330260" lon="14.105775"></trkpt>
      <trkpt lat="66.330382" lon="14.106308"></trkpt>
      <trkpt lat="66.330464" lon="14.106610"></trkpt>
      <trkpt lat="66.330533" lon="14.106845"></trkpt>
      <trkpt lat="66.330602" lon="14.107030"></trkpt>
      <trkpt lat="66.330689" lon="14.107244"></trkpt>
      <trkpt lat="66.330758" lon="14.107381"></trkpt>
      <trkpt lat="66.330847" lon="14.107540"></trkpt>
      <trkpt lat="66.330939" lon="14.107677"></trkpt>
      <trkpt lat="66.331018" lon="14.107776"></trkpt>
      <trkpt lat="66.331165" lon="14.107916"></trkpt>
      <trkpt lat="66.331302" lon="14.108016"></trkpt>
      <trkpt lat="66.331419" lon="14.108074"></trkpt>
      <trkpt lat="66.331612" lon="14.108137"></trkpt>
      <trkpt lat="66.332018" lon="14.108237"></trkpt>
      <trkpt lat="66.332204" lon="14.108314"></trkpt>
      <trkpt lat="66.332320" lon="14.108376"></trkpt>
      <trkpt lat="66.332402" lon="14.108429"></trkpt>
      <trkpt lat="66.332571" lon="14.108563"></trkpt>
      <trkpt lat="66.332736" lon="14.108715"></trkpt>
      <trkpt lat="66.332868" lon="14.108866"></trkpt>
      <trkpt lat="66.332987" lon="14.109027"></trkpt>
      <trkpt lat="66.333112" lon="14.109202"></trkpt>
      <trkpt lat="66.334313" lon="14.110782"></trkpt>
      <trkpt lat="66.334722" lon="14.111329"></trkpt>
      <trkpt lat="66.334937" lon="14.111605"></trkpt>
      <trkpt lat="66.336402" lon="14.113438"></trkpt>
      <trkpt lat="66.336989" lon="14.114153"></trkpt>
      <trkpt lat="66.337120" lon="14.114329"></trkpt>
      <trkpt lat="66.337240" lon="14.114482"></trkpt>
      <trkpt lat="66.337564" lon="14.114917"></trkpt>
      <trkpt lat="66.337673" lon="14.115077"></trkpt>
      <trkpt lat="66.337768" lon="14.115230"></trkpt>
      <trkpt lat="66.337908" lon="14.115472"></trkpt>
      <trkpt lat="66.337990" lon="14.115630"></trkpt>
      <trkpt lat="66.338119" lon="14.115902"></trkpt>
      <trkpt lat="66.338196" lon="14.116079"></trkpt>
      <trkpt lat="66.338296" lon="14.116327"></trkpt>
      <trkpt lat="66.338376" lon="14.116545"></trkpt>
      <trkpt lat="66.338469" lon="14.116824"></trkpt>
      <trkpt lat="66.338537" lon="14.117046"></trkpt>
      <trkpt lat="66.338632" lon="14.117384"></trkpt>
      <trkpt lat="66.338862" lon="14.118269"></trkpt>
      <trkpt lat="66.338928" lon="14.118547"></trkpt>
      <trkpt lat="66.339007" lon="14.118368"></trkpt>
      <trkpt lat="66.339043" lon="14.118247"></trkpt>
      <trkpt lat="66.339096" lon="14.118041"></trkpt>
      <trkpt lat="66.339124" lon="14.117964"></trkpt>
      <trkpt lat="66.339284" lon="14.117592"></trkpt>
      <trkpt lat="66.339435" lon="14.117270"></trkpt>
      <trkpt lat="66.339532" lon="14.117079"></trkpt>
      <trkpt lat="66.339579" lon="14.116983"></trkpt>
      <trkpt lat="66.339696" lon="14.116726"></trkpt>
      <trkpt lat="66.339784" lon="14.116528"></trkpt>
      <trkpt lat="66.339919" lon="14.116122"></trkpt>
      <trkpt lat="66.339992" lon="14.115723"></trkpt>
      <trkpt lat="66.340006" lon="14.115620"></trkpt>
      <trkpt lat="66.340022" lon="14.115391"></trkpt>
      <trkpt lat="66.340013" lon="14.115031"></trkpt>
      <trkpt lat="66.339993" lon="14.114846"></trkpt>
      <trkpt lat="66.339956" lon="14.114621"></trkpt>
      <trkpt lat="66.339901" lon="14.114411"></trkpt>
      <trkpt lat="66.339791" lon="14.114102"></trkpt>
      <trkpt lat="66.339645" lon="14.113752"></trkpt>
      <trkpt lat="66.339523" lon="14.113377"></trkpt>
      <trkpt lat="66.339428" lon="14.113045"></trkpt>
      <trkpt lat="66.339278" lon="14.112447"></trkpt>
      <trkpt lat="66.339231" lon="14.112204"></trkpt>
      <trkpt lat="66.339182" lon="14.111786"></trkpt>
      <trkpt lat="66.339167" lon="14.111449"></trkpt>
      <trkpt lat="66.339163" lon="14.110842"></trkpt>
      <trkpt lat="66.339170" lon="14.110466"></trkpt>
      <trkpt lat="66.339176" lon="14.110004"></trkpt>
      <trkpt lat="66.339182" lon="14.109749"></trkpt>
      <trkpt lat="66.339188" lon="14.109482"></trkpt>
      <trkpt lat="66.339176" lon="14.108382"></trkpt>
      <trkpt lat="66.339113" lon="14.107418"></trkpt>
      <trkpt lat="66.339029" lon="14.106436"></trkpt>
      <trkpt lat="66.338993" lon="14.106089"></trkpt>
      <trkpt lat="66.338838" lon="14.104290"></trkpt>
      <trkpt lat="66.338806" lon="14.103751"></trkpt>
      <trkpt lat="66.338798" lon="14.103377"></trkpt>
      <trkpt lat="66.338814" lon="14.102636"></trkpt>
      <trkpt lat="66.338814" lon="14.102331"></trkpt>
      <trkpt lat="66.338803" lon="14.102100"></trkpt>
      <trkpt lat="66.338784" lon="14.101929"></trkpt>
      <trkpt lat="66.338730" lon="14.101645"></trkpt>
      <trkpt lat="66.338600" lon="14.101089"></trkpt>
      <trkpt lat="66.338521" lon="14.100748"></trkpt>
      <trkpt lat="66.338442" lon="14.100204"></trkpt>
      <trkpt lat="66.338393" lon="14.099665"></trkpt>
      <trkpt lat="66.338376" lon="14.099329"></trkpt>
      <trkpt lat="66.338375" lon="14.098955"></trkpt>
      <trkpt lat="66.338468" lon="14.097912"></trkpt>
      <trkpt lat="66.338488" lon="14.097706"></trkpt>
      <trkpt lat="66.338537" lon="14.097380"></trkpt>
      <trkpt lat="66.338556" lon="14.097149"></trkpt>
      <trkpt lat="66.338567" lon="14.095905"></trkpt>
      <trkpt lat="66.338577" lon="14.095618"></trkpt>
      <trkpt lat="66.338584" lon="14.095420"></trkpt>
      <trkpt lat="66.338616" lon="14.095172"></trkpt>
      <trkpt lat="66.338714" lon="14.094822"></trkpt>
      <trkpt lat="66.339030" lon="14.094156"></trkpt>
      <trkpt lat="66.339608" lon="14.092923"></trkpt>
      <trkpt lat="66.339668" lon="14.092687"></trkpt>
      <trkpt lat="66.339738" lon="14.092203"></trkpt>
      <trkpt lat="66.339746" lon="14.091794"></trkpt>
      <trkpt lat="66.339736" lon="14.090861"></trkpt>
      <trkpt lat="66.339753" lon="14.090594"></trkpt>
      <trkpt lat="66.339758" lon="14.090208"></trkpt>
      <trkpt lat="66.339810" lon="14.089855"></trkpt>
      <trkpt lat="66.339901" lon="14.089396"></trkpt>
      <trkpt lat="66.340001" lon="14.089057"></trkpt>
      <trkpt lat="66.340017" lon="14.089008"></trkpt>
      <trkpt lat="66.340376" lon="14.088012"></trkpt>
      <trkpt lat="66.340488" lon="14.087836"></trkpt>
      <trkpt lat="66.340652" lon="14.087692"></trkpt>
      <trkpt lat="66.341063" lon="14.087402"></trkpt>
      <trkpt lat="66.341190" lon="14.087275"></trkpt>
      <trkpt lat="66.341415" lon="14.086923"></trkpt>
      <trkpt lat="66.341469" lon="14.086811"></trkpt>
      <trkpt lat="66.341565" lon="14.086567"></trkpt>
      <trkpt lat="66.341933" lon="14.085419"></trkpt>
      <trkpt lat="66.342189" lon="14.084697"></trkpt>
      <trkpt lat="66.342323" lon="14.084364"></trkpt>
      <trkpt lat="66.342529" lon="14.083796"></trkpt>
      <trkpt lat="66.342757" lon="14.083220"></trkpt>
      <trkpt lat="66.342966" lon="14.082810"></trkpt>
      <trkpt lat="66.343151" lon="14.082500"></trkpt>
      <trkpt lat="66.343264" lon="14.082357"></trkpt>
      <trkpt lat="66.343653" lon="14.081957"></trkpt>
      <trkpt lat="66.344369" lon="14.081310"></trkpt>
      <trkpt lat="66.344510" lon="14.081150"></trkpt>
      <trkpt lat="66.344656" lon="14.080935"></trkpt>
      <trkpt lat="66.344796" lon="14.080671"></trkpt>
      <trkpt lat="66.344855" lon="14.080523"></trkpt>
      <trkpt lat="66.345012" lon="14.079881"></trkpt>
      <trkpt lat="66.345068" lon="14.079560"></trkpt>
      <trkpt lat="66.345101" lon="14.079208"></trkpt>
      <trkpt lat="66.345124" lon="14.078753"></trkpt>
      <trkpt lat="66.345127" lon="14.078347"></trkpt>
      <trkpt lat="66.345093" lon="14.078033"></trkpt>
      <trkpt lat="66.345006" lon="14.077607"></trkpt>
      <trkpt lat="66.344853" lon="14.077014"></trkpt>
      <trkpt lat="66.344838" lon="14.076805"></trkpt>
      <trkpt lat="66.344836" lon="14.076477"></trkpt>
      <trkpt lat="66.344842" lon="14.076284"></trkpt>
      <trkpt lat="66.344877" lon="14.075919"></trkpt>
      <trkpt lat="66.344877" lon="14.075778"></trkpt>
      <trkpt lat="66.344874" lon="14.075689"></trkpt>
      <trkpt lat="66.344810" lon="14.075220"></trkpt>
      <trkpt lat="66.344806" lon="14.074970"></trkpt>
      <trkpt lat="66.344826" lon="14.074727"></trkpt>
      <trkpt lat="66.344849" lon="14.074603"></trkpt>
      <trkpt lat="66.344877" lon="14.074467"></trkpt>
      <trkpt lat="66.344931" lon="14.074298"></trkpt>
      <trkpt lat="66.344987" lon="14.074172"></trkpt>
      <trkpt lat="66.345061" lon="14.074039"></trkpt>
      <trkpt lat="66.345261" lon="14.073852"></trkpt>
      <trkpt lat="66.345568" lon="14.073754"></trkpt>
      <trkpt lat="66.345620" lon="14.073723"></trkpt>
      <trkpt lat="66.345679" lon="14.073676"></trkpt>
      <trkpt lat="66.345792" lon="14.073544"></trkpt>
      <trkpt lat="66.345833" lon="14.073471"></trkpt>
      <trkpt lat="66.345877" lon="14.073331"></trkpt>
      <trkpt lat="66.345894" lon="14.073246"></trkpt>
      <trkpt lat="66.346019" lon="14.072314"></trkpt>
      <trkpt lat="66.346048" lon="14.072159"></trkpt>
      <trkpt lat="66.346089" lon="14.072012"></trkpt>
      <trkpt lat="66.346128" lon="14.071924"></trkpt>
      <trkpt lat="66.346241" lon="14.071770"></trkpt>
      <trkpt lat="66.346453" lon="14.071630"></trkpt>
      <trkpt lat="66.346563" lon="14.071521"></trkpt>
      <trkpt lat="66.346607" lon="14.071443"></trkpt>
      <trkpt lat="66.346659" lon="14.071323"></trkpt>
      <trkpt lat="66.346817" lon="14.070757"></trkpt>
      <trkpt lat="66.346911" lon="14.070512"></trkpt>
      <trkpt lat="66.346958" lon="14.070443"></trkpt>
      <trkpt lat="66.347012" lon="14.070394"></trkpt>
      <trkpt lat="66.347114" lon="14.070384"></trkpt>
      <trkpt lat="66.347334" lon="14.070422"></trkpt>
      <trkpt lat="66.347379" lon="14.070412"></trkpt>
      <trkpt lat="66.347630" lon="14.070228"></trkpt>
      <trkpt lat="66.347804" lon="14.070173"></trkpt>
      <trkpt lat="66.347900" lon="14.070180"></trkpt>
      <trkpt lat="66.348009" lon="14.070250"></trkpt>
      <trkpt lat="66.348291" lon="14.070555"></trkpt>
      <trkpt lat="66.348373" lon="14.070565"></trkpt>
      <trkpt lat="66.348512" lon="14.070705"></trkpt>
      <trkpt lat="66.348615" lon="14.070724"></trkpt>
      <trkpt lat="66.348699" lon="14.070691"></trkpt>
      <trkpt lat="66.348767" lon="14.070526"></trkpt>
      <trkpt lat="66.348789" lon="14.070384"></trkpt>
      <trkpt lat="66.348797" lon="14.070225"></trkpt>
      <trkpt lat="66.348786" lon="14.069564"></trkpt>
      <trkpt lat="66.348789" lon="14.068870"></trkpt>
      <trkpt lat="66.348813" lon="14.068616"></trkpt>
      <trkpt lat="66.348913" lon="14.067895"></trkpt>
      <trkpt lat="66.349014" lon="14.067405"></trkpt>
      <trkpt lat="66.349090" lon="14.067154"></trkpt>
      <trkpt lat="66.349251" lon="14.066806"></trkpt>
      <trkpt lat="66.349357" lon="14.066471"></trkpt>
      <trkpt lat="66.349391" lon="14.066289"></trkpt>
      <trkpt lat="66.349523" lon="14.065263"></trkpt>
      <trkpt lat="66.349570" lon="14.064821"></trkpt>
      <trkpt lat="66.349639" lon="14.064368"></trkpt>
      <trkpt lat="66.349720" lon="14.063971"></trkpt>
      <trkpt lat="66.349969" lon="14.063062"></trkpt>
      <trkpt lat="66.350172" lon="14.063009"></trkpt>
      <trkpt lat="66.350325" lon="14.062990"></trkpt>
      <trkpt lat="66.350338" lon="14.062988"></trkpt>
      <trkpt lat="66.350334" lon="14.062945"></trkpt>
      <trkpt lat="66.350308" lon="14.062506"></trkpt>
      <trkpt lat="66.350304" lon="14.062299"></trkpt>
      <trkpt lat="66.350299" lon="14.061756"></trkpt>
      <trkpt lat="66.350308" lon="14.061172"></trkpt>
      <trkpt lat="66.350325" lon="14.060942"></trkpt>
      <trkpt lat="66.350375" lon="14.060627"></trkpt>
      <trkpt lat="66.350399" lon="14.060532"></trkpt>
      <trkpt lat="66.350468" lon="14.060434"></trkpt>
      <trkpt lat="66.350623" lon="14.060289"></trkpt>
      <trkpt lat="66.350693" lon="14.060193"></trkpt>
      <trkpt lat="66.350832" lon="14.059953"></trkpt>
      <trkpt lat="66.350931" lon="14.059806"></trkpt>
      <trkpt lat="66.351132" lon="14.059575"></trkpt>
      <trkpt lat="66.351353" lon="14.059294"></trkpt>
      <trkpt lat="66.351532" lon="14.059145"></trkpt>
      <trkpt lat="66.351642" lon="14.059107"></trkpt>
      <trkpt lat="66.351951" lon="14.059154"></trkpt>
      <trkpt lat="66.352050" lon="14.059154"></trkpt>
      <trkpt lat="66.352225" lon="14.059208"></trkpt>
      <trkpt lat="66.352309" lon="14.059259"></trkpt>
      <trkpt lat="66.352605" lon="14.059587"></trkpt>
      <trkpt lat="66.352894" lon="14.060010"></trkpt>
      <trkpt lat="66.353207" lon="14.060333"></trkpt>
      <trkpt lat="66.353367" lon="14.060437"></trkpt>
      <trkpt lat="66.353437" lon="14.060506"></trkpt>
      <trkpt lat="66.353552" lon="14.060665"></trkpt>
      <trkpt lat="66.353783" lon="14.060848"></trkpt>
      <trkpt lat="66.354149" lon="14.060987"></trkpt>
      <trkpt lat="66.354469" lon="14.061036"></trkpt>
      <trkpt lat="66.354717" lon="14.061073"></trkpt>
      <trkpt lat="66.354977" lon="14.061170"></trkpt>
      <trkpt lat="66.355110" lon="14.061304"></trkpt>
      <trkpt lat="66.355208" lon="14.061507"></trkpt>
      <trkpt lat="66.355483" lon="14.061151"></trkpt>
      <trkpt lat="66.355531" lon="14.061064"></trkpt>
      <trkpt lat="66.355592" lon="14.060903"></trkpt>
      <trkpt lat="66.355620" lon="14.060759"></trkpt>
      <trkpt lat="66.355643" lon="14.060448"></trkpt>
      <trkpt lat="66.355644" lon="14.060327"></trkpt>
      <trkpt lat="66.355624" lon="14.059559"></trkpt>
      <trkpt lat="66.355608" lon="14.059278"></trkpt>
      <trkpt lat="66.355608" lon="14.058822"></trkpt>
      <trkpt lat="66.355637" lon="14.058531"></trkpt>
      <trkpt lat="66.355744" lon="14.057740"></trkpt>
      <trkpt lat="66.355762" lon="14.057536"></trkpt>
      <trkpt lat="66.355757" lon="14.057485"></trkpt>
      <trkpt lat="66.355747" lon="14.057423"></trkpt>
      <trkpt lat="66.355711" lon="14.057357"></trkpt>
      <trkpt lat="66.355545" lon="14.057196"></trkpt>
      <trkpt lat="66.355102" lon="14.056658"></trkpt>
      <trkpt lat="66.354859" lon="14.056167"></trkpt>
      <trkpt lat="66.354725" lon="14.055827"></trkpt>
      <trkpt lat="66.354697" lon="14.055661"></trkpt>
      <trkpt lat="66.354672" lon="14.055132"></trkpt>
      <trkpt lat="66.354665" lon="14.054596"></trkpt>
      <trkpt lat="66.354669" lon="14.053608"></trkpt>
      <trkpt lat="66.354659" lon="14.052885"></trkpt>
      <trkpt lat="66.354646" lon="14.052709"></trkpt>
      <trkpt lat="66.354571" lon="14.052070"></trkpt>
      <trkpt lat="66.354583" lon="14.052074"></trkpt>
      <trkpt lat="66.354606" lon="14.052067"></trkpt>
      <trkpt lat="66.354626" lon="14.052053"></trkpt>
      <trkpt lat="66.354650" lon="14.052029"></trkpt>
      <trkpt lat="66.354681" lon="14.051990"></trkpt>
      <trkpt lat="66.354866" lon="14.051827"></trkpt>
      <trkpt lat="66.354887" lon="14.051810"></trkpt>
      <trkpt lat="66.354914" lon="14.051783"></trkpt>
      <trkpt lat="66.354943" lon="14.051756"></trkpt>
      <trkpt lat="66.354977" lon="14.051713"></trkpt>
      <trkpt lat="66.355010" lon="14.051667"></trkpt>
      <trkpt lat="66.355038" lon="14.051645"></trkpt>
      <trkpt lat="66.355081" lon="14.051620"></trkpt>
      <trkpt lat="66.355183" lon="14.051601"></trkpt>
      <trkpt lat="66.355223" lon="14.051593"></trkpt>
      <trkpt lat="66.355258" lon="14.051588"></trkpt>
      <trkpt lat="66.355308" lon="14.051583"></trkpt>
      <trkpt lat="66.355335" lon="14.051586"></trkpt>
      <trkpt lat="66.355415" lon="14.051610"></trkpt>
      <trkpt lat="66.355440" lon="14.051623"></trkpt>
      <trkpt lat="66.355470" lon="14.051641"></trkpt>
      <trkpt lat="66.355499" lon="14.051653"></trkpt>
      <trkpt lat="66.355546" lon="14.051665"></trkpt>
      <trkpt lat="66.355572" lon="14.051665"></trkpt>
      <trkpt lat="66.355598" lon="14.051659"></trkpt>
      <trkpt lat="66.355625" lon="14.051647"></trkpt>
      <trkpt lat="66.355659" lon="14.051626"></trkpt>
      <trkpt lat="66.355734" lon="14.051587"></trkpt>
      <trkpt lat="66.355767" lon="14.051580"></trkpt>
      <trkpt lat="66.355858" lon="14.051551"></trkpt>
      <trkpt lat="66.355889" lon="14.051526"></trkpt>
      <trkpt lat="66.355925" lon="14.051507"></trkpt>
      <trkpt lat="66.355944" lon="14.051496"></trkpt>
      <trkpt lat="66.355993" lon="14.051479"></trkpt>
      <trkpt lat="66.356016" lon="14.051468"></trkpt>
      <trkpt lat="66.356036" lon="14.051464"></trkpt>
      <trkpt lat="66.356061" lon="14.051463"></trkpt>
      <trkpt lat="66.356086" lon="14.051464"></trkpt>
      <trkpt lat="66.356102" lon="14.051463"></trkpt>
      <trkpt lat="66.356126" lon="14.051471"></trkpt>
      <trkpt lat="66.356146" lon="14.051477"></trkpt>
      <trkpt lat="66.356170" lon="14.051482"></trkpt>
      <trkpt lat="66.356191" lon="14.051484"></trkpt>
      <trkpt lat="66.356224" lon="14.051494"></trkpt>
      <trkpt lat="66.356274" lon="14.051510"></trkpt>
      <trkpt lat="66.356336" lon="14.051516"></trkpt>
      <trkpt lat="66.356379" lon="14.051526"></trkpt>
      <trkpt lat="66.356392" lon="14.051524"></trkpt>
      <trkpt lat="66.356411" lon="14.051521"></trkpt>
      <trkpt lat="66.356434" lon="14.051515"></trkpt>
      <trkpt lat="66.356467" lon="14.051499"></trkpt>
      <trkpt lat="66.356487" lon="14.051484"></trkpt>
      <trkpt lat="66.356525" lon="14.051466"></trkpt>
      <trkpt lat="66.356547" lon="14.051455"></trkpt>
      <trkpt lat="66.356565" lon="14.051450"></trkpt>
      <trkpt lat="66.356589" lon="14.051444"></trkpt>
      <trkpt lat="66.356619" lon="14.051408"></trkpt>
      <trkpt lat="66.356631" lon="14.051303"></trkpt>
      <trkpt lat="66.356635" lon="14.051264"></trkpt>
      <trkpt lat="66.356636" lon="14.051220"></trkpt>
      <trkpt lat="66.356635" lon="14.051181"></trkpt>
      <trkpt lat="66.356628" lon="14.051133"></trkpt>
      <trkpt lat="66.356616" lon="14.051098"></trkpt>
      <trkpt lat="66.356597" lon="14.051060"></trkpt>
      <trkpt lat="66.356565" lon="14.050999"></trkpt>
      <trkpt lat="66.356549" lon="14.050962"></trkpt>
      <trkpt lat="66.356531" lon="14.050928"></trkpt>
      <trkpt lat="66.356501" lon="14.050871"></trkpt>
      <trkpt lat="66.356482" lon="14.050831"></trkpt>
      <trkpt lat="66.356460" lon="14.050773"></trkpt>
      <trkpt lat="66.356445" lon="14.050726"></trkpt>
      <trkpt lat="66.356401" lon="14.050588"></trkpt>
      <trkpt lat="66.356358" lon="14.050400"></trkpt>
      <trkpt lat="66.356311" lon="14.050146"></trkpt>
      <trkpt lat="66.356295" lon="14.050057"></trkpt>
      <trkpt lat="66.356285" lon="14.049991"></trkpt>
      <trkpt lat="66.356277" lon="14.049908"></trkpt>
      <trkpt lat="66.356262" lon="14.049801"></trkpt>
      <trkpt lat="66.356242" lon="14.049673"></trkpt>
      <trkpt lat="66.356230" lon="14.049581"></trkpt>
      <trkpt lat="66.356202" lon="14.049442"></trkpt>
      <trkpt lat="66.356187" lon="14.049343"></trkpt>
      <trkpt lat="66.356179" lon="14.049275"></trkpt>
      <trkpt lat="66.356168" lon="14.049184"></trkpt>
      <trkpt lat="66.356145" lon="14.048986"></trkpt>
      <trkpt lat="66.356117" lon="14.048810"></trkpt>
      <trkpt lat="66.356109" lon="14.048741"></trkpt>
      <trkpt lat="66.356095" lon="14.048663"></trkpt>
      <trkpt lat="66.356081" lon="14.048587"></trkpt>
      <trkpt lat="66.356066" lon="14.048513"></trkpt>
      <trkpt lat="66.356051" lon="14.048443"></trkpt>
      <trkpt lat="66.356040" lon="14.048385"></trkpt>
      <trkpt lat="66.356026" lon="14.048312"></trkpt>
      <trkpt lat="66.356011" lon="14.048244"></trkpt>
      <trkpt lat="66.355992" lon="14.048157"></trkpt>
      <trkpt lat="66.355977" lon="14.048077"></trkpt>
      <trkpt lat="66.355960" lon="14.047990"></trkpt>
      <trkpt lat="66.355947" lon="14.047911"></trkpt>
      <trkpt lat="66.355934" lon="14.047838"></trkpt>
      <trkpt lat="66.355914" lon="14.047737"></trkpt>
      <trkpt lat="66.355870" lon="14.047557"></trkpt>
      <trkpt lat="66.355774" lon="14.047290"></trkpt>
      <trkpt lat="66.355705" lon="14.047058"></trkpt>
      <trkpt lat="66.355624" lon="14.046846"></trkpt>
      <trkpt lat="66.355621" lon="14.046837"></trkpt>
      <trkpt lat="66.355618" lon="14.046828"></trkpt>
      <trkpt lat="66.355596" lon="14.046777"></trkpt>
      <trkpt lat="66.355584" lon="14.046750"></trkpt>
      <trkpt lat="66.355573" lon="14.046724"></trkpt>
      <trkpt lat="66.355544" lon="14.046669"></trkpt>
      <trkpt lat="66.355521" lon="14.046633"></trkpt>
      <trkpt lat="66.355481" lon="14.046590"></trkpt>
      <trkpt lat="66.355453" lon="14.046560"></trkpt>
      <trkpt lat="66.355429" lon="14.046537"></trkpt>
      <trkpt lat="66.355405" lon="14.046512"></trkpt>
      <trkpt lat="66.355381" lon="14.046489"></trkpt>
      <trkpt lat="66.355354" lon="14.046474"></trkpt>
      <trkpt lat="66.355331" lon="14.046466"></trkpt>
      <trkpt lat="66.355299" lon="14.046459"></trkpt>
      <trkpt lat="66.355274" lon="14.046460"></trkpt>
      <trkpt lat="66.355251" lon="14.046459"></trkpt>
      <trkpt lat="66.355228" lon="14.046458"></trkpt>
      <trkpt lat="66.355167" lon="14.046420"></trkpt>
      <trkpt lat="66.355049" lon="14.046358"></trkpt>
      <trkpt lat="66.354990" lon="14.046344"></trkpt>
      <trkpt lat="66.354967" lon="14.046333"></trkpt>
      <trkpt lat="66.354943" lon="14.046312"></trkpt>
      <trkpt lat="66.354921" lon="14.046295"></trkpt>
      <trkpt lat="66.354892" lon="14.046268"></trkpt>
      <trkpt lat="66.354874" lon="14.046252"></trkpt>
      <trkpt lat="66.354829" lon="14.046218"></trkpt>
      <trkpt lat="66.354780" lon="14.046158"></trkpt>
      <trkpt lat="66.354705" lon="14.046074"></trkpt>
      <trkpt lat="66.354648" lon="14.046036"></trkpt>
      <trkpt lat="66.354619" lon="14.046036"></trkpt>
      <trkpt lat="66.354609" lon="14.046039"></trkpt>
      <trkpt lat="66.354594" lon="14.046042"></trkpt>
      <trkpt lat="66.354578" lon="14.046044"></trkpt>
      <trkpt lat="66.354552" lon="14.046039"></trkpt>
      <trkpt lat="66.354540" lon="14.046033"></trkpt>
      <trkpt lat="66.354520" lon="14.046016"></trkpt>
      <trkpt lat="66.354506" lon="14.046000"></trkpt>
      <trkpt lat="66.354486" lon="14.045970"></trkpt>
      <trkpt lat="66.354467" lon="14.045944"></trkpt>
      <trkpt lat="66.354452" lon="14.045923"></trkpt>
      <trkpt lat="66.354431" lon="14.045885"></trkpt>
      <trkpt lat="66.354406" lon="14.045824"></trkpt>
      <trkpt lat="66.354353" lon="14.045731"></trkpt>
      <trkpt lat="66.354335" lon="14.045708"></trkpt>
      <trkpt lat="66.354312" lon="14.045678"></trkpt>
      <trkpt lat="66.354296" lon="14.045660"></trkpt>
      <trkpt lat="66.354274" lon="14.045632"></trkpt>
      <trkpt lat="66.354257" lon="14.045610"></trkpt>
      <trkpt lat="66.354241" lon="14.045587"></trkpt>
      <trkpt lat="66.354189" lon="14.045523"></trkpt>
      <trkpt lat="66.354173" lon="14.045512"></trkpt>
      <trkpt lat="66.354146" lon="14.045507"></trkpt>
      <trkpt lat="66.354117" lon="14.045512"></trkpt>
      <trkpt lat="66.354105" lon="14.045514"></trkpt>
      <trkpt lat="66.354086" lon="14.045518"></trkpt>
      <trkpt lat="66.354037" lon="14.045497"></trkpt>
      <trkpt lat="66.354027" lon="14.045478"></trkpt>
      <trkpt lat="66.353997" lon="14.045424"></trkpt>
      <trkpt lat="66.353985" lon="14.045391"></trkpt>
      <trkpt lat="66.353965" lon="14.045321"></trkpt>
      <trkpt lat="66.353939" lon="14.045238"></trkpt>
      <trkpt lat="66.353898" lon="14.045150"></trkpt>
      <trkpt lat="66.353880" lon="14.045120"></trkpt>
      <trkpt lat="66.353841" lon="14.045070"></trkpt>
      <trkpt lat="66.353807" lon="14.045034"></trkpt>
      <trkpt lat="66.353790" lon="14.045018"></trkpt>
      <trkpt lat="66.353759" lon="14.044997"></trkpt>
      <trkpt lat="66.353737" lon="14.044985"></trkpt>
      <trkpt lat="66.353711" lon="14.044970"></trkpt>
      <trkpt lat="66.353686" lon="14.044958"></trkpt>
      <trkpt lat="66.353663" lon="14.044947"></trkpt>
      <trkpt lat="66.353639" lon="14.044934"></trkpt>
      <trkpt lat="66.353613" lon="14.044916"></trkpt>
      <trkpt lat="66.353594" lon="14.044904"></trkpt>
      <trkpt lat="66.353570" lon="14.044889"></trkpt>
      <trkpt lat="66.353537" lon="14.044876"></trkpt>
      <trkpt lat="66.353512" lon="14.044871"></trkpt>
      <trkpt lat="66.353454" lon="14.044846"></trkpt>
      <trkpt lat="66.353429" lon="14.044837"></trkpt>
      <trkpt lat="66.353414" lon="14.044829"></trkpt>
      <trkpt lat="66.353402" lon="14.044826"></trkpt>
      <trkpt lat="66.353378" lon="14.044817"></trkpt>
      <trkpt lat="66.353359" lon="14.044811"></trkpt>
      <trkpt lat="66.353327" lon="14.044794"></trkpt>
      <trkpt lat="66.353304" lon="14.044782"></trkpt>
      <trkpt lat="66.353282" lon="14.044765"></trkpt>
      <trkpt lat="66.353265" lon="14.044749"></trkpt>
      <trkpt lat="66.353245" lon="14.044729"></trkpt>
      <trkpt lat="66.353236" lon="14.044722"></trkpt>
      <trkpt lat="66.353219" lon="14.044700"></trkpt>
      <trkpt lat="66.353191" lon="14.044664"></trkpt>
      <trkpt lat="66.353178" lon="14.044645"></trkpt>
      <trkpt lat="66.353163" lon="14.044628"></trkpt>
      <trkpt lat="66.353136" lon="14.044598"></trkpt>
      <trkpt lat="66.353106" lon="14.044568"></trkpt>
      <trkpt lat="66.353062" lon="14.044532"></trkpt>
      <trkpt lat="66.352996" lon="14.044468"></trkpt>
      <trkpt lat="66.352955" lon="14.044427"></trkpt>
      <trkpt lat="66.352904" lon="14.044376"></trkpt>
      <trkpt lat="66.352879" lon="14.044332"></trkpt>
      <trkpt lat="66.352861" lon="14.044296"></trkpt>
      <trkpt lat="66.352843" lon="14.044255"></trkpt>
      <trkpt lat="66.352824" lon="14.044215"></trkpt>
      <trkpt lat="66.352810" lon="14.044166"></trkpt>
      <trkpt lat="66.352798" lon="14.044122"></trkpt>
      <trkpt lat="66.352791" lon="14.044096"></trkpt>
      <trkpt lat="66.352778" lon="14.044049"></trkpt>
      <trkpt lat="66.352761" lon="14.043991"></trkpt>
      <trkpt lat="66.352735" lon="14.043913"></trkpt>
      <trkpt lat="66.352690" lon="14.043803"></trkpt>
      <trkpt lat="66.352638" lon="14.043691"></trkpt>
      <trkpt lat="66.352582" lon="14.043570"></trkpt>
      <trkpt lat="66.352518" lon="14.043402"></trkpt>
      <trkpt lat="66.352481" lon="14.043290"></trkpt>
      <trkpt lat="66.352434" lon="14.043164"></trkpt>
      <trkpt lat="66.352330" lon="14.042987"></trkpt>
      <trkpt lat="66.352198" lon="14.042885"></trkpt>
      <trkpt lat="66.352097" lon="14.042838"></trkpt>
      <trkpt lat="66.351969" lon="14.042740"></trkpt>
      <trkpt lat="66.351853" lon="14.042599"></trkpt>
      <trkpt lat="66.351756" lon="14.042457"></trkpt>
      <trkpt lat="66.351663" lon="14.042337"></trkpt>
      <trkpt lat="66.351570" lon="14.042233"></trkpt>
      <trkpt lat="66.351531" lon="14.042175"></trkpt>
      <trkpt lat="66.351492" lon="14.042116"></trkpt>
      <trkpt lat="66.351373" lon="14.041895"></trkpt>
      <trkpt lat="66.351252" lon="14.041719"></trkpt>
      <trkpt lat="66.351074" lon="14.041543"></trkpt>
      <trkpt lat="66.350785" lon="14.041326"></trkpt>
      <trkpt lat="66.350650" lon="14.041177"></trkpt>
      <trkpt lat="66.350562" lon="14.041116"></trkpt>
      <trkpt lat="66.350475" lon="14.041063"></trkpt>
      <trkpt lat="66.350422" lon="14.041047"></trkpt>
      <trkpt lat="66.350362" lon="14.041034"></trkpt>
      <trkpt lat="66.350298" lon="14.041079"></trkpt>
      <trkpt lat="66.350263" lon="14.041127"></trkpt>
      <trkpt lat="66.350232" lon="14.041170"></trkpt>
      <trkpt lat="66.350190" lon="14.041266"></trkpt>
      <trkpt lat="66.350150" lon="14.041397"></trkpt>
      <trkpt lat="66.350055" lon="14.041600"></trkpt>
      <trkpt lat="66.349944" lon="14.041857"></trkpt>
      <trkpt lat="66.349834" lon="14.042071"></trkpt>
      <trkpt lat="66.349744" lon="14.042201"></trkpt>
      <trkpt lat="66.349660" lon="14.042310"></trkpt>
      <trkpt lat="66.349553" lon="14.042353"></trkpt>
      <trkpt lat="66.349434" lon="14.042376"></trkpt>
      <trkpt lat="66.349329" lon="14.042404"></trkpt>
      <trkpt lat="66.349221" lon="14.042407"></trkpt>
      <trkpt lat="66.349109" lon="14.042356"></trkpt>
      <trkpt lat="66.348999" lon="14.042235"></trkpt>
      <trkpt lat="66.348883" lon="14.042130"></trkpt>
      <trkpt lat="66.348765" lon="14.042029"></trkpt>
      <trkpt lat="66.348682" lon="14.041971"></trkpt>
      <trkpt lat="66.348578" lon="14.041958"></trkpt>
      <trkpt lat="66.348456" lon="14.042015"></trkpt>
      <trkpt lat="66.348333" lon="14.042063"></trkpt>
      <trkpt lat="66.348231" lon="14.042115"></trkpt>
      <trkpt lat="66.348127" lon="14.042188"></trkpt>
      <trkpt lat="66.348013" lon="14.042226"></trkpt>
      <trkpt lat="66.347877" lon="14.042235"></trkpt>
      <trkpt lat="66.347779" lon="14.042265"></trkpt>
      <trkpt lat="66.347671" lon="14.042308"></trkpt>
      <trkpt lat="66.347530" lon="14.042303"></trkpt>
      <trkpt lat="66.347359" lon="14.042291"></trkpt>
      <trkpt lat="66.347248" lon="14.042281"></trkpt>
      <trkpt lat="66.347138" lon="14.042310"></trkpt>
      <trkpt lat="66.347046" lon="14.042335"></trkpt>
      <trkpt lat="66.346956" lon="14.042344"></trkpt>
      <trkpt lat="66.346861" lon="14.042321"></trkpt>
      <trkpt lat="66.346670" lon="14.042192"></trkpt>
      <trkpt lat="66.346475" lon="14.042125"></trkpt>
      <trkpt lat="66.346307" lon="14.042051"></trkpt>
      <trkpt lat="66.346164" lon="14.041969"></trkpt>
      <trkpt lat="66.345930" lon="14.041937"></trkpt>
      <trkpt lat="66.345791" lon="14.041963"></trkpt>
      <trkpt lat="66.345637" lon="14.042028"></trkpt>
      <trkpt lat="66.345455" lon="14.042147"></trkpt>
      <trkpt lat="66.345383" lon="14.042212"></trkpt>
      <trkpt lat="66.345309" lon="14.042284"></trkpt>
      <trkpt lat="66.345199" lon="14.042344"></trkpt>
      <trkpt lat="66.345079" lon="14.042374"></trkpt>
      <trkpt lat="66.344966" lon="14.042401"></trkpt>
      <trkpt lat="66.344884" lon="14.042376"></trkpt>
      <trkpt lat="66.344769" lon="14.042328"></trkpt>
      <trkpt lat="66.344682" lon="14.042325"></trkpt>
      <trkpt lat="66.344589" lon="14.042339"></trkpt>
      <trkpt lat="66.344497" lon="14.042375"></trkpt>
      <trkpt lat="66.344296" lon="14.042589"></trkpt>
      <trkpt lat="66.344296" lon="14.042589"></trkpt>
      <trkpt lat="66.344497" lon="14.042375"></trkpt>
      <trkpt lat="66.344589" lon="14.042339"></trkpt>
      <trkpt lat="66.344682" lon="14.042325"></trkpt>
      <trkpt lat="66.344769" lon="14.042328"></trkpt>
      <trkpt lat="66.344884" lon="14.042376"></trkpt>
      <trkpt lat="66.344966" lon="14.042401"></trkpt>
      <trkpt lat="66.345079" lon="14.042374"></trkpt>
      <trkpt lat="66.345199" lon="14.042344"></trkpt>
      <trkpt lat="66.345309" lon="14.042284"></trkpt>
      <trkpt lat="66.345383" lon="14.042212"></trkpt>
      <trkpt lat="66.345455" lon="14.042147"></trkpt>
      <trkpt lat="66.345637" lon="14.042028"></trkpt>
      <trkpt lat="66.345791" lon="14.041963"></trkpt>
      <trkpt lat="66.345930" lon="14.041937"></trkpt>
      <trkpt lat="66.346164" lon="14.041969"></trkpt>
      <trkpt lat="66.346307" lon="14.042051"></trkpt>
      <trkpt lat="66.346475" lon="14.042125"></trkpt>
      <trkpt lat="66.346670" lon="14.042192"></trkpt>
      <trkpt lat="66.346861" lon="14.042321"></trkpt>
      <trkpt lat="66.346956" lon="14.042344"></trkpt>
      <trkpt lat="66.347046" lon="14.042335"></trkpt>
      <trkpt lat="66.347138" lon="14.042310"></trkpt>
      <trkpt lat="66.347248" lon="14.042281"></trkpt>
      <trkpt lat="66.347359" lon="14.042291"></trkpt>
      <trkpt lat="66.347530" lon="14.042303"></trkpt>
      <trkpt lat="66.347671" lon="14.042308"></trkpt>
      <trkpt lat="66.347779" lon="14.042265"></trkpt>
      <trkpt lat="66.347877" lon="14.042235"></trkpt>
      <trkpt lat="66.348013" lon="14.042226"></trkpt>
      <trkpt lat="66.348127" lon="14.042188"></trkpt>
      <trkpt lat="66.348231" lon="14.042115"></trkpt>
      <trkpt lat="66.348333" lon="14.042063"></trkpt>
      <trkpt lat="66.348456" lon="14.042015"></trkpt>
      <trkpt lat="66.348578" lon="14.041958"></trkpt>
      <trkpt lat="66.348682" lon="14.041971"></trkpt>
      <trkpt lat="66.348765" lon="14.042029"></trkpt>
      <trkpt lat="66.348883" lon="14.042130"></trkpt>
      <trkpt lat="66.348999" lon="14.042235"></trkpt>
      <trkpt lat="66.349109" lon="14.042356"></trkpt>
      <trkpt lat="66.349221" lon="14.042407"></trkpt>
      <trkpt lat="66.349329" lon="14.042404"></trkpt>
      <trkpt lat="66.349434" lon="14.042376"></trkpt>
      <trkpt lat="66.349553" lon="14.042353"></trkpt>
      <trkpt lat="66.349660" lon="14.042310"></trkpt>
      <trkpt lat="66.349744" lon="14.042201"></trkpt>
      <trkpt lat="66.349834" lon="14.042071"></trkpt>
      <trkpt lat="66.349944" lon="14.041857"></trkpt>
      <trkpt lat="66.350055" lon="14.041600"></trkpt>
      <trkpt lat="66.350150" lon="14.041397"></trkpt>
      <trkpt lat="66.350190" lon="14.041266"></trkpt>
      <trkpt lat="66.350232" lon="14.041170"></trkpt>
      <trkpt lat="66.350263" lon="14.041127"></trkpt>
      <trkpt lat="66.350298" lon="14.041079"></trkpt>
      <trkpt lat="66.350362" lon="14.041034"></trkpt>
      <trkpt lat="66.350422" lon="14.041047"></trkpt>
      <trkpt lat="66.350475" lon="14.041063"></trkpt>
      <trkpt lat="66.350562" lon="14.041116"></trkpt>
      <trkpt lat="66.350650" lon="14.041177"></trkpt>
      <trkpt lat="66.350785" lon="14.041326"></trkpt>
      <trkpt lat="66.351074" lon="14.041543"></trkpt>
      <trkpt lat="66.351252" lon="14.041719"></trkpt>
      <trkpt lat="66.351373" lon="14.041895"></trkpt>
      <trkpt lat="66.351492" lon="14.042116"></trkpt>
      <trkpt lat="66.351531" lon="14.042175"></trkpt>
      <trkpt lat="66.351570" lon="14.042233"></trkpt>
      <trkpt lat="66.351663" lon="14.042337"></trkpt>
      <trkpt lat="66.351756" lon="14.042457"></trkpt>
      <trkpt lat="66.351853" lon="14.042599"></trkpt>
      <trkpt lat="66.351969" lon="14.042740"></trkpt>
      <trkpt lat="66.352097" lon="14.042838"></trkpt>
      <trkpt lat="66.352198" lon="14.042885"></trkpt>
      <trkpt lat="66.352330" lon="14.042987"></trkpt>
      <trkpt lat="66.352434" lon="14.043164"></trkpt>
      <trkpt lat="66.352481" lon="14.043290"></trkpt>
      <trkpt lat="66.352518" lon="14.043402"></trkpt>
      <trkpt lat="66.352582" lon="14.043570"></trkpt>
      <trkpt lat="66.352638" lon="14.043691"></trkpt>
      <trkpt lat="66.352690" lon="14.043803"></trkpt>
      <trkpt lat="66.352735" lon="14.043913"></trkpt>
      <trkpt lat="66.352761" lon="14.043991"></trkpt>
      <trkpt lat="66.352778" lon="14.044049"></trkpt>
      <trkpt lat="66.352791" lon="14.044096"></trkpt>
      <trkpt lat="66.352798" lon="14.044122"></trkpt>
      <trkpt lat="66.352810" lon="14.044166"></trkpt>
      <trkpt lat="66.352824" lon="14.044215"></trkpt>
      <trkpt lat="66.352843" lon="14.044255"></trkpt>
      <trkpt lat="66.352861" lon="14.044296"></trkpt>
      <trkpt lat="66.352879" lon="14.044332"></trkpt>
      <trkpt lat="66.352904" lon="14.044376"></trkpt>
      <trkpt lat="66.352955" lon="14.044427"></trkpt>
      <trkpt lat="66.352996" lon="14.044468"></trkpt>
      <trkpt lat="66.353062" lon="14.044532"></trkpt>
      <trkpt lat="66.353106" lon="14.044568"></trkpt>
      <trkpt lat="66.353136" lon="14.044598"></trkpt>
      <trkpt lat="66.353163" lon="14.044628"></trkpt>
      <trkpt lat="66.353178" lon="14.044645"></trkpt>
      <trkpt lat="66.353191" lon="14.044664"></trkpt>
      <trkpt lat="66.353219" lon="14.044700"></trkpt>
      <trkpt lat="66.353236" lon="14.044722"></trkpt>
      <trkpt lat="66.353245" lon="14.044729"></trkpt>
      <trkpt lat="66.353265" lon="14.044749"></trkpt>
      <trkpt lat="66.353282" lon="14.044765"></trkpt>
      <trkpt lat="66.353304" lon="14.044782"></trkpt>
      <trkpt lat="66.353327" lon="14.044794"></trkpt>
      <trkpt lat="66.353359" lon="14.044811"></trkpt>
      <trkpt lat="66.353378" lon="14.044817"></trkpt>
      <trkpt lat="66.353402" lon="14.044826"></trkpt>
      <trkpt lat="66.353414" lon="14.044829"></trkpt>
      <trkpt lat="66.353429" lon="14.044837"></trkpt>
      <trkpt lat="66.353454" lon="14.044846"></trkpt>
      <trkpt lat="66.353512" lon="14.044871"></trkpt>
      <trkpt lat="66.353537" lon="14.044876"></trkpt>
      <trkpt lat="66.353570" lon="14.044889"></trkpt>
      <trkpt lat="66.353594" lon="14.044904"></trkpt>
      <trkpt lat="66.353613" lon="14.044916"></trkpt>
      <trkpt lat="66.353639" lon="14.044934"></trkpt>
      <trkpt lat="66.353663" lon="14.044947"></trkpt>
      <trkpt lat="66.353686" lon="14.044958"></trkpt>
      <trkpt lat="66.353711" lon="14.044970"></trkpt>
      <trkpt lat="66.353737" lon="14.044985"></trkpt>
      <trkpt lat="66.353759" lon="14.044997"></trkpt>
      <trkpt lat="66.353790" lon="14.045018"></trkpt>
      <trkpt lat="66.353807" lon="14.045034"></trkpt>
      <trkpt lat="66.353841" lon="14.045070"></trkpt>
      <trkpt lat="66.353880" lon="14.045120"></trkpt>
      <trkpt lat="66.353898" lon="14.045150"></trkpt>
      <trkpt lat="66.353939" lon="14.045238"></trkpt>
      <trkpt lat="66.353965" lon="14.045321"></trkpt>
      <trkpt lat="66.353985" lon="14.045391"></trkpt>
      <trkpt lat="66.353997" lon="14.045424"></trkpt>
      <trkpt lat="66.354027" lon="14.045478"></trkpt>
      <trkpt lat="66.354037" lon="14.045497"></trkpt>
      <trkpt lat="66.354086" lon="14.045518"></trkpt>
      <trkpt lat="66.354105" lon="14.045514"></trkpt>
      <trkpt lat="66.354117" lon="14.045512"></trkpt>
      <trkpt lat="66.354146" lon="14.045507"></trkpt>
      <trkpt lat="66.354173" lon="14.045512"></trkpt>
      <trkpt lat="66.354189" lon="14.045523"></trkpt>
      <trkpt lat="66.354241" lon="14.045587"></trkpt>
      <trkpt lat="66.354257" lon="14.045610"></trkpt>
      <trkpt lat="66.354274" lon="14.045632"></trkpt>
      <trkpt lat="66.354296" lon="14.045660"></trkpt>
      <trkpt lat="66.354312" lon="14.045678"></trkpt>
      <trkpt lat="66.354335" lon="14.045708"></trkpt>
      <trkpt lat="66.354353" lon="14.045731"></trkpt>
      <trkpt lat="66.354406" lon="14.045824"></trkpt>
      <trkpt lat="66.354431" lon="14.045885"></trkpt>
      <trkpt lat="66.354452" lon="14.045923"></trkpt>
      <trkpt lat="66.354467" lon="14.045944"></trkpt>
      <trkpt lat="66.354486" lon="14.045970"></trkpt>
      <trkpt lat="66.354506" lon="14.046000"></trkpt>
      <trkpt lat="66.354520" lon="14.046016"></trkpt>
      <trkpt lat="66.354540" lon="14.046033"></trkpt>
      <trkpt lat="66.354552" lon="14.046039"></trkpt>
      <trkpt lat="66.354578" lon="14.046044"></trkpt>
      <trkpt lat="66.354594" lon="14.046042"></trkpt>
      <trkpt lat="66.354609" lon="14.046039"></trkpt>
      <trkpt lat="66.354619" lon="14.046036"></trkpt>
      <trkpt lat="66.354648" lon="14.046036"></trkpt>
      <trkpt lat="66.354705" lon="14.046074"></trkpt>
      <trkpt lat="66.354780" lon="14.046158"></trkpt>
      <trkpt lat="66.354829" lon="14.046218"></trkpt>
      <trkpt lat="66.354874" lon="14.046252"></trkpt>
      <trkpt lat="66.354892" lon="14.046268"></trkpt>
      <trkpt lat="66.354921" lon="14.046295"></trkpt>
      <trkpt lat="66.354943" lon="14.046312"></trkpt>
      <trkpt lat="66.354967" lon="14.046333"></trkpt>
      <trkpt lat="66.354990" lon="14.046344"></trkpt>
      <trkpt lat="66.355049" lon="14.046358"></trkpt>
      <trkpt lat="66.355167" lon="14.046420"></trkpt>
      <trkpt lat="66.355228" lon="14.046458"></trkpt>
      <trkpt lat="66.355251" lon="14.046459"></trkpt>
      <trkpt lat="66.355274" lon="14.046460"></trkpt>
      <trkpt lat="66.355299" lon="14.046459"></trkpt>
      <trkpt lat="66.355331" lon="14.046466"></trkpt>
      <trkpt lat="66.355354" lon="14.046474"></trkpt>
      <trkpt lat="66.355381" lon="14.046489"></trkpt>
      <trkpt lat="66.355405" lon="14.046512"></trkpt>
      <trkpt lat="66.355429" lon="14.046537"></trkpt>
      <trkpt lat="66.355453" lon="14.046560"></trkpt>
      <trkpt lat="66.355481" lon="14.046590"></trkpt>
      <trkpt lat="66.355521" lon="14.046633"></trkpt>
      <trkpt lat="66.355544" lon="14.046669"></trkpt>
      <trkpt lat="66.355573" lon="14.046724"></trkpt>
      <trkpt lat="66.355584" lon="14.046750"></trkpt>
      <trkpt lat="66.355596" lon="14.046777"></trkpt>
      <trkpt lat="66.355618" lon="14.046828"></trkpt>
      <trkpt lat="66.355621" lon="14.046837"></trkpt>
      <trkpt lat="66.355624" lon="14.046846"></trkpt>
      <trkpt lat="66.355705" lon="14.047058"></trkpt>
      <trkpt lat="66.355774" lon="14.047290"></trkpt>
      <trkpt lat="66.355870" lon="14.047557"></trkpt>
      <trkpt lat="66.355914" lon="14.047737"></trkpt>
      <trkpt lat="66.355934" lon="14.047838"></trkpt>
      <trkpt lat="66.355947" lon="14.047911"></trkpt>
      <trkpt lat="66.355960" lon="14.047990"></trkpt>
      <trkpt lat="66.355977" lon="14.048077"></trkpt>
      <trkpt lat="66.355992" lon="14.048157"></trkpt>
      <trkpt lat="66.356011" lon="14.048244"></trkpt>
      <trkpt lat="66.356026" lon="14.048312"></trkpt>
      <trkpt lat="66.356040" lon="14.048385"></trkpt>
      <trkpt lat="66.356051" lon="14.048443"></trkpt>
      <trkpt lat="66.356066" lon="14.048513"></trkpt>
      <trkpt lat="66.356081" lon="14.048587"></trkpt>
      <trkpt lat="66.356095" lon="14.048663"></trkpt>
      <trkpt lat="66.356109" lon="14.048741"></trkpt>
      <trkpt lat="66.356117" lon="14.048810"></trkpt>
      <trkpt lat="66.356145" lon="14.048986"></trkpt>
      <trkpt lat="66.356168" lon="14.049184"></trkpt>
      <trkpt lat="66.356179" lon="14.049275"></trkpt>
      <trkpt lat="66.356187" lon="14.049343"></trkpt>
      <trkpt lat="66.356202" lon="14.049442"></trkpt>
      <trkpt lat="66.356230" lon="14.049581"></trkpt>
      <trkpt lat="66.356242" lon="14.049673"></trkpt>
      <trkpt lat="66.356262" lon="14.049801"></trkpt>
      <trkpt lat="66.356277" lon="14.049908"></trkpt>
      <trkpt lat="66.356285" lon="14.049991"></trkpt>
      <trkpt lat="66.356295" lon="14.050057"></trkpt>
      <trkpt lat="66.356311" lon="14.050146"></trkpt>
      <trkpt lat="66.356358" lon="14.050400"></trkpt>
      <trkpt lat="66.356401" lon="14.050588"></trkpt>
      <trkpt lat="66.356445" lon="14.050726"></trkpt>
      <trkpt lat="66.356460" lon="14.050773"></trkpt>
      <trkpt lat="66.356482" lon="14.050831"></trkpt>
      <trkpt lat="66.356501" lon="14.050871"></trkpt>
      <trkpt lat="66.356531" lon="14.050928"></trkpt>
      <trkpt lat="66.356549" lon="14.050962"></trkpt>
      <trkpt lat="66.356565" lon="14.050999"></trkpt>
      <trkpt lat="66.356597" lon="14.051060"></trkpt>
      <trkpt lat="66.356616" lon="14.051098"></trkpt>
      <trkpt lat="66.356628" lon="14.051133"></trkpt>
      <trkpt lat="66.356635" lon="14.051181"></trkpt>
      <trkpt lat="66.356636" lon="14.051220"></trkpt>
      <trkpt lat="66.356635" lon="14.051264"></trkpt>
      <trkpt lat="66.356631" lon="14.051303"></trkpt>
      <trkpt lat="66.356619" lon="14.051408"></trkpt>
      <trkpt lat="66.356589" lon="14.051444"></trkpt>
      <trkpt lat="66.356565" lon="14.051450"></trkpt>
      <trkpt lat="66.356547" lon="14.051455"></trkpt>
      <trkpt lat="66.356525" lon="14.051466"></trkpt>
      <trkpt lat="66.356487" lon="14.051484"></trkpt>
      <trkpt lat="66.356467" lon="14.051499"></trkpt>
      <trkpt lat="66.356434" lon="14.051515"></trkpt>
      <trkpt lat="66.356411" lon="14.051521"></trkpt>
      <trkpt lat="66.356392" lon="14.051524"></trkpt>
      <trkpt lat="66.356379" lon="14.051526"></trkpt>
      <trkpt lat="66.356336" lon="14.051516"></trkpt>
      <trkpt lat="66.356274" lon="14.051510"></trkpt>
      <trkpt lat="66.356224" lon="14.051494"></trkpt>
      <trkpt lat="66.356191" lon="14.051484"></trkpt>
      <trkpt lat="66.356170" lon="14.051482"></trkpt>
      <trkpt lat="66.356146" lon="14.051477"></trkpt>
      <trkpt lat="66.356126" lon="14.051471"></trkpt>
      <trkpt lat="66.356102" lon="14.051463"></trkpt>
      <trkpt lat="66.356086" lon="14.051464"></trkpt>
      <trkpt lat="66.356061" lon="14.051463"></trkpt>
      <trkpt lat="66.356036" lon="14.051464"></trkpt>
      <trkpt lat="66.356016" lon="14.051468"></trkpt>
      <trkpt lat="66.355993" lon="14.051479"></trkpt>
      <trkpt lat="66.355944" lon="14.051496"></trkpt>
      <trkpt lat="66.355925" lon="14.051507"></trkpt>
      <trkpt lat="66.355889" lon="14.051526"></trkpt>
      <trkpt lat="66.355858" lon="14.051551"></trkpt>
      <trkpt lat="66.355767" lon="14.051580"></trkpt>
      <trkpt lat="66.355734" lon="14.051587"></trkpt>
      <trkpt lat="66.355659" lon="14.051626"></trkpt>
      <trkpt lat="66.355625" lon="14.051647"></trkpt>
      <trkpt lat="66.355598" lon="14.051659"></trkpt>
      <trkpt lat="66.355572" lon="14.051665"></trkpt>
      <trkpt lat="66.355546" lon="14.051665"></trkpt>
      <trkpt lat="66.355499" lon="14.051653"></trkpt>
      <trkpt lat="66.355470" lon="14.051641"></trkpt>
      <trkpt lat="66.355440" lon="14.051623"></trkpt>
      <trkpt lat="66.355415" lon="14.051610"></trkpt>
      <trkpt lat="66.355335" lon="14.051586"></trkpt>
      <trkpt lat="66.355308" lon="14.051583"></trkpt>
      <trkpt lat="66.355258" lon="14.051588"></trkpt>
      <trkpt lat="66.355223" lon="14.051593"></trkpt>
      <trkpt lat="66.355183" lon="14.051601"></trkpt>
      <trkpt lat="66.355081" lon="14.051620"></trkpt>
      <trkpt lat="66.355038" lon="14.051645"></trkpt>
      <trkpt lat="66.355010" lon="14.051667"></trkpt>
      <trkpt lat="66.354977" lon="14.051713"></trkpt>
      <trkpt lat="66.354943" lon="14.051756"></trkpt>
      <trkpt lat="66.354914" lon="14.051783"></trkpt>
      <trkpt lat="66.354887" lon="14.051810"></trkpt>
      <trkpt lat="66.354866" lon="14.051827"></trkpt>
      <trkpt lat="66.354681" lon="14.051990"></trkpt>
      <trkpt lat="66.354650" lon="14.052029"></trkpt>
      <trkpt lat="66.354626" lon="14.052053"></trkpt>
      <trkpt lat="66.354606" lon="14.052067"></trkpt>
      <trkpt lat="66.354583" lon="14.052074"></trkpt>
      <trkpt lat="66.354571" lon="14.052070"></trkpt>
      <trkpt lat="66.354646" lon="14.052709"></trkpt>
      <trkpt lat="66.354659" lon="14.052885"></trkpt>
      <trkpt lat="66.354669" lon="14.053608"></trkpt>
      <trkpt lat="66.354665" lon="14.054596"></trkpt>
      <trkpt lat="66.354672" lon="14.055132"></trkpt>
      <trkpt lat="66.354697" lon="14.055661"></trkpt>
      <trkpt lat="66.354725" lon="14.055827"></trkpt>
      <trkpt lat="66.354859" lon="14.056167"></trkpt>
      <trkpt lat="66.355102" lon="14.056658"></trkpt>
      <trkpt lat="66.355545" lon="14.057196"></trkpt>
      <trkpt lat="66.355711" lon="14.057357"></trkpt>
      <trkpt lat="66.355747" lon="14.057423"></trkpt>
      <trkpt lat="66.355757" lon="14.057485"></trkpt>
      <trkpt lat="66.355762" lon="14.057536"></trkpt>
      <trkpt lat="66.355744" lon="14.057740"></trkpt>
      <trkpt lat="66.355637" lon="14.058531"></trkpt>
      <trkpt lat="66.355608" lon="14.058822"></trkpt>
      <trkpt lat="66.355608" lon="14.059278"></trkpt>
      <trkpt lat="66.355624" lon="14.059559"></trkpt>
      <trkpt lat="66.355644" lon="14.060327"></trkpt>
      <trkpt lat="66.355643" lon="14.060448"></trkpt>
      <trkpt lat="66.355620" lon="14.060759"></trkpt>
      <trkpt lat="66.355592" lon="14.060903"></trkpt>
      <trkpt lat="66.355531" lon="14.061064"></trkpt>
      <trkpt lat="66.355483" lon="14.061151"></trkpt>
      <trkpt lat="66.355208" lon="14.061507"></trkpt>
      <trkpt lat="66.355110" lon="14.061304"></trkpt>
      <trkpt lat="66.354977" lon="14.061170"></trkpt>
      <trkpt lat="66.354717" lon="14.061073"></trkpt>
      <trkpt lat="66.354469" lon="14.061036"></trkpt>
      <trkpt lat="66.354149" lon="14.060987"></trkpt>
      <trkpt lat="66.353783" lon="14.060848"></trkpt>
      <trkpt lat="66.353552" lon="14.060665"></trkpt>
      <trkpt lat="66.353437" lon="14.060506"></trkpt>
      <trkpt lat="66.353367" lon="14.060437"></trkpt>
      <trkpt lat="66.353207" lon="14.060333"></trkpt>
      <trkpt lat="66.352894" lon="14.060010"></trkpt>
      <trkpt lat="66.352605" lon="14.059587"></trkpt>
      <trkpt lat="66.352309" lon="14.059259"></trkpt>
      <trkpt lat="66.352225" lon="14.059208"></trkpt>
      <trkpt lat="66.352050" lon="14.059154"></trkpt>
      <trkpt lat="66.351951" lon="14.059154"></trkpt>
      <trkpt lat="66.351642" lon="14.059107"></trkpt>
      <trkpt lat="66.351532" lon="14.059145"></trkpt>
      <trkpt lat="66.351353" lon="14.059294"></trkpt>
      <trkpt lat="66.351132" lon="14.059575"></trkpt>
      <trkpt lat="66.350931" lon="14.059806"></trkpt>
      <trkpt lat="66.350832" lon="14.059953"></trkpt>
      <trkpt lat="66.350693" lon="14.060193"></trkpt>
      <trkpt lat="66.350623" lon="14.060289"></trkpt>
      <trkpt lat="66.350468" lon="14.060434"></trkpt>
      <trkpt lat="66.350399" lon="14.060532"></trkpt>
      <trkpt lat="66.350375" lon="14.060627"></trkpt>
      <trkpt lat="66.350325" lon="14.060942"></trkpt>
      <trkpt lat="66.350308" lon="14.061172"></trkpt>
      <trkpt lat="66.350299" lon="14.061756"></trkpt>
      <trkpt lat="66.350304" lon="14.062299"></trkpt>
      <trkpt lat="66.350308" lon="14.062506"></trkpt>
      <trkpt lat="66.350334" lon="14.062945"></trkpt>
      <trkpt lat="66.350338" lon="14.062988"></trkpt>
      <trkpt lat="66.350325" lon="14.062990"></trkpt>
      <trkpt lat="66.350172" lon="14.063009"></trkpt>
      <trkpt lat="66.349969" lon="14.063062"></trkpt>
      <trkpt lat="66.349720" lon="14.063971"></trkpt>
      <trkpt lat="66.349639" lon="14.064368"></trkpt>
      <trkpt lat="66.349570" lon="14.064821"></trkpt>
      <trkpt lat="66.349523" lon="14.065263"></trkpt>
      <trkpt lat="66.349391" lon="14.066289"></trkpt>
      <trkpt lat="66.349357" lon="14.066471"></trkpt>
      <trkpt lat="66.349251" lon="14.066806"></trkpt>
      <trkpt lat="66.349090" lon="14.067154"></trkpt>
      <trkpt lat="66.349014" lon="14.067405"></trkpt>
      <trkpt lat="66.348913" lon="14.067895"></trkpt>
      <trkpt lat="66.348813" lon="14.068616"></trkpt>
      <trkpt lat="66.348789" lon="14.068870"></trkpt>
      <trkpt lat="66.348786" lon="14.069564"></trkpt>
      <trkpt lat="66.348797" lon="14.070225"></trkpt>
      <trkpt lat="66.348789" lon="14.070384"></trkpt>
      <trkpt lat="66.348767" lon="14.070526"></trkpt>
      <trkpt lat="66.348699" lon="14.070691"></trkpt>
      <trkpt lat="66.348615" lon="14.070724"></trkpt>
      <trkpt lat="66.348512" lon="14.070705"></trkpt>
      <trkpt lat="66.348373" lon="14.070565"></trkpt>
      <trkpt lat="66.348291" lon="14.070555"></trkpt>
      <trkpt lat="66.348009" lon="14.070250"></trkpt>
      <trkpt lat="66.347900" lon="14.070180"></trkpt>
      <trkpt lat="66.347804" lon="14.070173"></trkpt>
      <trkpt lat="66.347630" lon="14.070228"></trkpt>
      <trkpt lat="66.347379" lon="14.070412"></trkpt>
      <trkpt lat="66.347334" lon="14.070422"></trkpt>
      <trkpt lat="66.347114" lon="14.070384"></trkpt>
      <trkpt lat="66.347012" lon="14.070394"></trkpt>
      <trkpt lat="66.346958" lon="14.070443"></trkpt>
      <trkpt lat="66.346911" lon="14.070512"></trkpt>
      <trkpt lat="66.346817" lon="14.070757"></trkpt>
      <trkpt lat="66.346659" lon="14.071323"></trkpt>
      <trkpt lat="66.346607" lon="14.071443"></trkpt>
      <trkpt lat="66.346563" lon="14.071521"></trkpt>
      <trkpt lat="66.346453" lon="14.071630"></trkpt>
      <trkpt lat="66.346241" lon="14.071770"></trkpt>
      <trkpt lat="66.346128" lon="14.071924"></trkpt>
      <trkpt lat="66.346089" lon="14.072012"></trkpt>
      <trkpt lat="66.346048" lon="14.072159"></trkpt>
      <trkpt lat="66.346019" lon="14.072314"></trkpt>
      <trkpt lat="66.345894" lon="14.073246"></trkpt>
      <trkpt lat="66.345877" lon="14.073331"></trkpt>
      <trkpt lat="66.345833" lon="14.073471"></trkpt>
      <trkpt lat="66.345792" lon="14.073544"></trkpt>
      <trkpt lat="66.345679" lon="14.073676"></trkpt>
      <trkpt lat="66.345620" lon="14.073723"></trkpt>
      <trkpt lat="66.345568" lon="14.073754"></trkpt>
      <trkpt lat="66.345261" lon="14.073852"></trkpt>
      <trkpt lat="66.345061" lon="14.074039"></trkpt>
      <trkpt lat="66.344987" lon="14.074172"></trkpt>
      <trkpt lat="66.344931" lon="14.074298"></trkpt>
      <trkpt lat="66.344877" lon="14.074467"></trkpt>
      <trkpt lat="66.344849" lon="14.074603"></trkpt>
      <trkpt lat="66.344826" lon="14.074727"></trkpt>
      <trkpt lat="66.344806" lon="14.074970"></trkpt>
      <trkpt lat="66.344810" lon="14.075220"></trkpt>
      <trkpt lat="66.344874" lon="14.075689"></trkpt>
      <trkpt lat="66.344877" lon="14.075778"></trkpt>
      <trkpt lat="66.344877" lon="14.075919"></trkpt>
      <trkpt lat="66.344842" lon="14.076284"></trkpt>
      <trkpt lat="66.344836" lon="14.076477"></trkpt>
      <trkpt lat="66.344838" lon="14.076805"></trkpt>
      <trkpt lat="66.344853" lon="14.077014"></trkpt>
      <trkpt lat="66.345006" lon="14.077607"></trkpt>
      <trkpt lat="66.345093" lon="14.078033"></trkpt>
      <trkpt lat="66.345127" lon="14.078347"></trkpt>
      <trkpt lat="66.345124" lon="14.078753"></trkpt>
      <trkpt lat="66.345101" lon="14.079208"></trkpt>
      <trkpt lat="66.345068" lon="14.079560"></trkpt>
      <trkpt lat="66.345012" lon="14.079881"></trkpt>
      <trkpt lat="66.344855" lon="14.080523"></trkpt>
      <trkpt lat="66.344796" lon="14.080671"></trkpt>
      <trkpt lat="66.344656" lon="14.080935"></trkpt>
      <trkpt lat="66.344510" lon="14.081150"></trkpt>
      <trkpt lat="66.344369" lon="14.081310"></trkpt>
      <trkpt lat="66.343653" lon="14.081957"></trkpt>
      <trkpt lat="66.343264" lon="14.082357"></trkpt>
      <trkpt lat="66.343151" lon="14.082500"></trkpt>
      <trkpt lat="66.342966" lon="14.082810"></trkpt>
      <trkpt lat="66.342757" lon="14.083220"></trkpt>
      <trkpt lat="66.342529" lon="14.083796"></trkpt>
      <trkpt lat="66.342323" lon="14.084364"></trkpt>
      <trkpt lat="66.342189" lon="14.084697"></trkpt>
      <trkpt lat="66.341933" lon="14.085419"></trkpt>
      <trkpt lat="66.341565" lon="14.086567"></trkpt>
      <trkpt lat="66.341469" lon="14.086811"></trkpt>
      <trkpt lat="66.341415" lon="14.086923"></trkpt>
      <trkpt lat="66.341190" lon="14.087275"></trkpt>
      <trkpt lat="66.341063" lon="14.087402"></trkpt>
      <trkpt lat="66.340652" lon="14.087692"></trkpt>
      <trkpt lat="66.340488" lon="14.087836"></trkpt>
      <trkpt lat="66.340376" lon="14.088012"></trkpt>
      <trkpt lat="66.340017" lon="14.089008"></trkpt>
      <trkpt lat="66.340001" lon="14.089057"></trkpt>
      <trkpt lat="66.339901" lon="14.089396"></trkpt>
      <trkpt lat="66.339810" lon="14.089855"></trkpt>
      <trkpt lat="66.339758" lon="14.090208"></trkpt>
      <trkpt lat="66.339753" lon="14.090594"></trkpt>
      <trkpt lat="66.339736" lon="14.090861"></trkpt>
      <trkpt lat="66.339746" lon="14.091794"></trkpt>
      <trkpt lat="66.339738" lon="14.092203"></trkpt>
      <trkpt lat="66.339668" lon="14.092687"></trkpt>
      <trkpt lat="66.339608" lon="14.092923"></trkpt>
      <trkpt lat="66.339030" lon="14.094156"></trkpt>
      <trkpt lat="66.338714" lon="14.094822"></trkpt>
      <trkpt lat="66.338616" lon="14.095172"></trkpt>
      <trkpt lat="66.338584" lon="14.095420"></trkpt>
      <trkpt lat="66.338577" lon="14.095618"></trkpt>
      <trkpt lat="66.338567" lon="14.095905"></trkpt>
      <trkpt lat="66.338556" lon="14.097149"></trkpt>
      <trkpt lat="66.338537" lon="14.097380"></trkpt>
      <trkpt lat="66.338488" lon="14.097706"></trkpt>
      <trkpt lat="66.338468" lon="14.097912"></trkpt>
      <trkpt lat="66.338375" lon="14.098955"></trkpt>
      <trkpt lat="66.338376" lon="14.099329"></trkpt>
      <trkpt lat="66.338393" lon="14.099665"></trkpt>
      <trkpt lat="66.338442" lon="14.100204"></trkpt>
      <trkpt lat="66.338521" lon="14.100748"></trkpt>
      <trkpt lat="66.338600" lon="14.101089"></trkpt>
      <trkpt lat="66.338730" lon="14.101645"></trkpt>
      <trkpt lat="66.338784" lon="14.101929"></trkpt>
      <trkpt lat="66.338803" lon="14.102100"></trkpt>
      <trkpt lat="66.338814" lon="14.102331"></trkpt>
      <trkpt lat="66.338814" lon="14.102636"></trkpt>
      <trkpt lat="66.338798" lon="14.103377"></trkpt>
      <trkpt lat="66.338806" lon="14.103751"></trkpt>
      <trkpt lat="66.338838" lon="14.104290"></trkpt>
      <trkpt lat="66.338993" lon="14.106089"></trkpt>
      <trkpt lat="66.339029" lon="14.106436"></trkpt>
      <trkpt lat="66.339113" lon="14.107418"></trkpt>
      <trkpt lat="66.339176" lon="14.108382"></trkpt>
      <trkpt lat="66.339188" lon="14.109482"></trkpt>
      <trkpt lat="66.339182" lon="14.109749"></trkpt>
      <trkpt lat="66.339176" lon="14.110004"></trkpt>
      <trkpt lat="66.339170" lon="14.110466"></trkpt>
      <trkpt lat="66.339163" lon="14.110842"></trkpt>
      <trkpt lat="66.339167" lon="14.111449"></trkpt>
      <trkpt lat="66.339182" lon="14.111786"></trkpt>
      <trkpt lat="66.339231" lon="14.112204"></trkpt>
      <trkpt lat="66.339278" lon="14.112447"></trkpt>
      <trkpt lat="66.339428" lon="14.113045"></trkpt>
      <trkpt lat="66.339523" lon="14.113377"></trkpt>
      <trkpt lat="66.339645" lon="14.113752"></trkpt>
      <trkpt lat="66.339791" lon="14.114102"></trkpt>
      <trkpt lat="66.339901" lon="14.114411"></trkpt>
      <trkpt lat="66.339956" lon="14.114621"></trkpt>
      <trkpt lat="66.339993" lon="14.114846"></trkpt>
      <trkpt lat="66.340013" lon="14.115031"></trkpt>
      <trkpt lat="66.340022" lon="14.115391"></trkpt>
      <trkpt lat="66.340006" lon="14.115620"></trkpt>
      <trkpt lat="66.339992" lon="14.115723"></trkpt>
      <trkpt lat="66.339919" lon="14.116122"></trkpt>
      <trkpt lat="66.339784" lon="14.116528"></trkpt>
      <trkpt lat="66.339696" lon="14.116726"></trkpt>
      <trkpt lat="66.339579" lon="14.116983"></trkpt>
      <trkpt lat="66.339532" lon="14.117079"></trkpt>
      <trkpt lat="66.339435" lon="14.117270"></trkpt>
      <trkpt lat="66.339284" lon="14.117592"></trkpt>
      <trkpt lat="66.339124" lon="14.117964"></trkpt>
      <trkpt lat="66.339096" lon="14.118041"></trkpt>
      <trkpt lat="66.339052" lon="14.118070"></trkpt>
      <trkpt lat="66.338964" lon="14.118188"></trkpt>
      <trkpt lat="66.338862" lon="14.118269"></trkpt>
      <trkpt lat="66.338632" lon="14.117384"></trkpt>
      <trkpt lat="66.338537" lon="14.117046"></trkpt>
      <trkpt lat="66.338469" lon="14.116824"></trkpt>
      <trkpt lat="66.338376" lon="14.116545"></trkpt>
      <trkpt lat="66.338296" lon="14.116327"></trkpt>
      <trkpt lat="66.338196" lon="14.116079"></trkpt>
      <trkpt lat="66.338119" lon="14.115902"></trkpt>
      <trkpt lat="66.337990" lon="14.115630"></trkpt>
      <trkpt lat="66.337908" lon="14.115472"></trkpt>
      <trkpt lat="66.337768" lon="14.115230"></trkpt>
      <trkpt lat="66.337673" lon="14.115077"></trkpt>
      <trkpt lat="66.337564" lon="14.114917"></trkpt>
      <trkpt lat="66.337240" lon="14.114482"></trkpt>
      <trkpt lat="66.337120" lon="14.114329"></trkpt>
      <trkpt lat="66.336989" lon="14.114153"></trkpt>
      <trkpt lat="66.336402" lon="14.113438"></trkpt>
      <trkpt lat="66.334937" lon="14.111605"></trkpt>
      <trkpt lat="66.334722" lon="14.111329"></trkpt>
      <trkpt lat="66.334313" lon="14.110782"></trkpt>
      <trkpt lat="66.333112" lon="14.109202"></trkpt>
      <trkpt lat="66.332987" lon="14.109027"></trkpt>
      <trkpt lat="66.333035" lon="14.108744"></trkpt>
      <trkpt lat="66.333037" lon="14.108595"></trkpt>
      <trkpt lat="66.333025" lon="14.108519"></trkpt>
      <trkpt lat="66.332821" lon="14.107973"></trkpt>
      <trkpt lat="66.332665" lon="14.107514"></trkpt>
      <trkpt lat="66.331993" lon="14.105429"></trkpt>
      <trkpt lat="66.331906" lon="14.105135"></trkpt>
      <trkpt lat="66.331755" lon="14.104692"></trkpt>
      <trkpt lat="66.331717" lon="14.104528"></trkpt>
      <trkpt lat="66.331657" lon="14.104287"></trkpt>
      <trkpt lat="66.331549" lon="14.103966"></trkpt>
      <trkpt lat="66.331535" lon="14.103904"></trkpt>
      <trkpt lat="66.331474" lon="14.103657"></trkpt>
      <trkpt lat="66.331351" lon="14.103277"></trkpt>
      <trkpt lat="66.331090" lon="14.102517"></trkpt>
      <trkpt lat="66.331026" lon="14.102365"></trkpt>
      <trkpt lat="66.330960" lon="14.102150"></trkpt>
      <trkpt lat="66.330862" lon="14.101821"></trkpt>
      <trkpt lat="66.330758" lon="14.101368"></trkpt>
      <trkpt lat="66.330732" lon="14.101221"></trkpt>
      <trkpt lat="66.330690" lon="14.100919"></trkpt>
      <trkpt lat="66.330642" lon="14.100439"></trkpt>
      <trkpt lat="66.330596" lon="14.099928"></trkpt>
      <trkpt lat="66.330558" lon="14.099475"></trkpt>
      <trkpt lat="66.330534" lon="14.098887"></trkpt>
      <trkpt lat="66.330499" lon="14.098430"></trkpt>
      <trkpt lat="66.330438" lon="14.098071"></trkpt>
      <trkpt lat="66.330379" lon="14.097870"></trkpt>
      <trkpt lat="66.330323" lon="14.097686"></trkpt>
      <trkpt lat="66.330227" lon="14.097453"></trkpt>
      <trkpt lat="66.330143" lon="14.097282"></trkpt>
      <trkpt lat="66.330045" lon="14.097145"></trkpt>
      <trkpt lat="66.329873" lon="14.096834"></trkpt>
      <trkpt lat="66.329650" lon="14.096480"></trkpt>
      <trkpt lat="66.329603" lon="14.096413"></trkpt>
      <trkpt lat="66.329510" lon="14.096287"></trkpt>
      <trkpt lat="66.329387" lon="14.096164"></trkpt>
      <trkpt lat="66.329204" lon="14.096021"></trkpt>
      <trkpt lat="66.328857" lon="14.095908"></trkpt>
      <trkpt lat="66.328782" lon="14.095842"></trkpt>
      <trkpt lat="66.328325" lon="14.095376"></trkpt>
      <trkpt lat="66.328180" lon="14.095172"></trkpt>
      <trkpt lat="66.327994" lon="14.094864"></trkpt>
      <trkpt lat="66.327927" lon="14.094792"></trkpt>
      <trkpt lat="66.327877" lon="14.094767"></trkpt>
      <trkpt lat="66.327765" lon="14.094762"></trkpt>
      <trkpt lat="66.327395" lon="14.094773"></trkpt>
      <trkpt lat="66.327272" lon="14.094713"></trkpt>
      <trkpt lat="66.327211" lon="14.094651"></trkpt>
      <trkpt lat="66.327150" lon="14.094548"></trkpt>
      <trkpt lat="66.326903" lon="14.093970"></trkpt>
      <trkpt lat="66.326876" lon="14.093883"></trkpt>
      <trkpt lat="66.326830" lon="14.093693"></trkpt>
      <trkpt lat="66.326705" lon="14.093008"></trkpt>
      <trkpt lat="66.326637" lon="14.092626"></trkpt>
      <trkpt lat="66.326552" lon="14.092352"></trkpt>
      <trkpt lat="66.326458" lon="14.092121"></trkpt>
      <trkpt lat="66.326259" lon="14.091664"></trkpt>
      <trkpt lat="66.326175" lon="14.091447"></trkpt>
      <trkpt lat="66.326105" lon="14.091202"></trkpt>
      <trkpt lat="66.326045" lon="14.090936"></trkpt>
      <trkpt lat="66.325989" lon="14.090634"></trkpt>
      <trkpt lat="66.325954" lon="14.090374"></trkpt>
      <trkpt lat="66.325928" lon="14.090106"></trkpt>
      <trkpt lat="66.325916" lon="14.089770"></trkpt>
      <trkpt lat="66.325930" lon="14.088981"></trkpt>
      <trkpt lat="66.325920" lon="14.088234"></trkpt>
      <trkpt lat="66.325903" lon="14.087598"></trkpt>
      <trkpt lat="66.325882" lon="14.087207"></trkpt>
      <trkpt lat="66.325862" lon="14.086869"></trkpt>
      <trkpt lat="66.325813" lon="14.086378"></trkpt>
      <trkpt lat="66.325773" lon="14.086009"></trkpt>
      <trkpt lat="66.325728" lon="14.085733"></trkpt>
      <trkpt lat="66.325683" lon="14.085480"></trkpt>
      <trkpt lat="66.325616" lon="14.085163"></trkpt>
      <trkpt lat="66.325502" lon="14.084797"></trkpt>
      <trkpt lat="66.325357" lon="14.084467"></trkpt>
      <trkpt lat="66.325289" lon="14.084274"></trkpt>
      <trkpt lat="66.325213" lon="14.084014"></trkpt>
      <trkpt lat="66.325113" lon="14.083777"></trkpt>
      <trkpt lat="66.324833" lon="14.083336"></trkpt>
      <trkpt lat="66.324738" lon="14.083138"></trkpt>
      <trkpt lat="66.324601" lon="14.082773"></trkpt>
      <trkpt lat="66.324393" lon="14.081859"></trkpt>
      <trkpt lat="66.324358" lon="14.081746"></trkpt>
      <trkpt lat="66.324301" lon="14.081535"></trkpt>
      <trkpt lat="66.324215" lon="14.081306"></trkpt>
      <trkpt lat="66.324121" lon="14.081099"></trkpt>
      <trkpt lat="66.324053" lon="14.080960"></trkpt>
      <trkpt lat="66.324012" lon="14.080894"></trkpt>
      <trkpt lat="66.323919" lon="14.080749"></trkpt>
      <trkpt lat="66.323729" lon="14.080508"></trkpt>
      <trkpt lat="66.323560" lon="14.080278"></trkpt>
      <trkpt lat="66.323492" lon="14.080087"></trkpt>
      <trkpt lat="66.323439" lon="14.079916"></trkpt>
      <trkpt lat="66.323385" lon="14.079653"></trkpt>
      <trkpt lat="66.323364" lon="14.079412"></trkpt>
      <trkpt lat="66.323345" lon="14.079158"></trkpt>
      <trkpt lat="66.323318" lon="14.078746"></trkpt>
      <trkpt lat="66.323275" lon="14.078406"></trkpt>
      <trkpt lat="66.323221" lon="14.078083"></trkpt>
      <trkpt lat="66.323077" lon="14.077316"></trkpt>
      <trkpt lat="66.322967" lon="14.076724"></trkpt>
      <trkpt lat="66.322918" lon="14.076417"></trkpt>
      <trkpt lat="66.322814" lon="14.075743"></trkpt>
      <trkpt lat="66.322756" lon="14.075330"></trkpt>
      <trkpt lat="66.322691" lon="14.074826"></trkpt>
      <trkpt lat="66.322648" lon="14.074257"></trkpt>
      <trkpt lat="66.322604" lon="14.073339"></trkpt>
      <trkpt lat="66.322558" lon="14.072863"></trkpt>
      <trkpt lat="66.322472" lon="14.071414"></trkpt>
      <trkpt lat="66.322427" lon="14.070986"></trkpt>
      <trkpt lat="66.322378" lon="14.070631"></trkpt>
      <trkpt lat="66.322243" lon="14.069859"></trkpt>
      <trkpt lat="66.322093" lon="14.069061"></trkpt>
      <trkpt lat="66.321899" lon="14.068209"></trkpt>
      <trkpt lat="66.321867" lon="14.068016"></trkpt>
      <trkpt lat="66.321879" lon="14.067989"></trkpt>
      <trkpt lat="66.321962" lon="14.067538"></trkpt>
      <trkpt lat="66.321962" lon="14.067538"></trkpt>
      <trkpt lat="66.321879" lon="14.067989"></trkpt>
      <trkpt lat="66.321867" lon="14.068016"></trkpt>
      <trkpt lat="66.321899" lon="14.068209"></trkpt>
      <trkpt lat="66.322093" lon="14.069061"></trkpt>
      <trkpt lat="66.322243" lon="14.069859"></trkpt>
      <trkpt lat="66.322378" lon="14.070631"></trkpt>
      <trkpt lat="66.322427" lon="14.070986"></trkpt>
      <trkpt lat="66.322472" lon="14.071414"></trkpt>
      <trkpt lat="66.322558" lon="14.072863"></trkpt>
      <trkpt lat="66.322604" lon="14.073339"></trkpt>
      <trkpt lat="66.322648" lon="14.074257"></trkpt>
      <trkpt lat="66.322691" lon="14.074826"></trkpt>
      <trkpt lat="66.322756" lon="14.075330"></trkpt>
      <trkpt lat="66.322814" lon="14.075743"></trkpt>
      <trkpt lat="66.322918" lon="14.076417"></trkpt>
      <trkpt lat="66.322967" lon="14.076724"></trkpt>
      <trkpt lat="66.323077" lon="14.077316"></trkpt>
      <trkpt lat="66.323221" lon="14.078083"></trkpt>
      <trkpt lat="66.323275" lon="14.078406"></trkpt>
      <trkpt lat="66.323318" lon="14.078746"></trkpt>
      <trkpt lat="66.323345" lon="14.079158"></trkpt>
      <trkpt lat="66.323549" lon="14.079251"></trkpt>
      <trkpt lat="66.323625" lon="14.079270"></trkpt>
      <trkpt lat="66.323685" lon="14.079279"></trkpt>
      <trkpt lat="66.323797" lon="14.079423"></trkpt>
    </trkseg>
  </trk>
</gpx>