<?xml version="1.0" encoding="UTF-8"?>
<gpx version="1.1" creator="Rana Sykkelklubb - https://ranasykkelklubb.no" xmlns="http://www.topografix.com/GPX/1/1" xmlns:xsi="http://www.w3.org/2001/XMLSchema-instance" xsi:schemaLocation="http://www.topografix.com/GPX/1/1 http://www.topografix.com/GPX/1/1/gpx.xsd">
  <metadata>
    <name>Svartisdalen Gravel Epic</name>
    <desc>Svartisdalen Gravel Epic</desc>
    <author>
      <name>Rana Sykkelklubb</name>
    </author>
  </metadata>
  <wpt lat="66.355000" lon="14.320000">
    <name>Start: Røssvoll</name>
    <desc>Parkering ved Røssvoll / flyplassen.</desc>
  </wpt>
  <wpt lat="66.465000" lon="14.090000">
    <name>Svartisdalen juv</name>
    <desc>Spektakulært elvegjel med turkis brevann.</desc>
  </wpt>
  <wpt lat="66.515000" lon="14.015000">
    <name>Svartisvatnet Brygge</name>
    <desc>Vendepunkt med utsikt mot isbreen og fjelltoppene.</desc>
  </wpt>
  <trk>
    <name>Svartisdalen Gravel Epic</name>
    <trkseg>
      <trkpt lat="66.355068" lon="14.318676"></trkpt>
      <trkpt lat="66.355181" lon="14.318242"></trkpt>
      <trkpt lat="66.355430" lon="14.318719"></trkpt>
      <trkpt lat="66.355546" lon="14.318940"></trkpt>
      <trkpt lat="66.356617" lon="14.321028"></trkpt>
      <trkpt lat="66.356905" lon="14.321588"></trkpt>
      <trkpt lat="66.357705" lon="14.323151"></trkpt>
      <trkpt lat="66.357734" lon="14.323042"></trkpt>
      <trkpt lat="66.357763" lon="14.322934"></trkpt>
      <trkpt lat="66.357792" lon="14.322785"></trkpt>
      <trkpt lat="66.357826" lon="14.322497"></trkpt>
      <trkpt lat="66.357845" lon="14.322310"></trkpt>
      <trkpt lat="66.357912" lon="14.321547"></trkpt>
      <trkpt lat="66.357972" lon="14.320853"></trkpt>
      <trkpt lat="66.358099" lon="14.319339"></trkpt>
      <trkpt lat="66.358108" lon="14.319235"></trkpt>
      <trkpt lat="66.358124" lon="14.318905"></trkpt>
      <trkpt lat="66.358129" lon="14.318705"></trkpt>
      <trkpt lat="66.358127" lon="14.318304"></trkpt>
      <trkpt lat="66.358111" lon="14.317906"></trkpt>
      <trkpt lat="66.358097" lon="14.317708"></trkpt>
      <trkpt lat="66.357957" lon="14.315976"></trkpt>
      <trkpt lat="66.357970" lon="14.315848"></trkpt>
      <trkpt lat="66.357962" lon="14.315517"></trkpt>
      <trkpt lat="66.357951" lon="14.315351"></trkpt>
      <trkpt lat="66.357946" lon="14.315278"></trkpt>
      <trkpt lat="66.358080" lon="14.315200"></trkpt>
      <trkpt lat="66.358237" lon="14.315090"></trkpt>
      <trkpt lat="66.358428" lon="14.314947"></trkpt>
      <trkpt lat="66.358583" lon="14.314797"></trkpt>
      <trkpt lat="66.358768" lon="14.314602"></trkpt>
      <trkpt lat="66.358868" lon="14.314492"></trkpt>
      <trkpt lat="66.359000" lon="14.314288"></trkpt>
      <trkpt lat="66.359577" lon="14.313544"></trkpt>
      <trkpt lat="66.359831" lon="14.313252"></trkpt>
      <trkpt lat="66.359968" lon="14.313113"></trkpt>
      <trkpt lat="66.360154" lon="14.312948"></trkpt>
      <trkpt lat="66.360318" lon="14.312823"></trkpt>
      <trkpt lat="66.360480" lon="14.312711"></trkpt>
      <trkpt lat="66.360535" lon="14.312687"></trkpt>
      <trkpt lat="66.360729" lon="14.312590"></trkpt>
      <trkpt lat="66.360833" lon="14.312549"></trkpt>
      <trkpt lat="66.360973" lon="14.312505"></trkpt>
      <trkpt lat="66.361120" lon="14.312471"></trkpt>
      <trkpt lat="66.361268" lon="14.312450"></trkpt>
      <trkpt lat="66.361367" lon="14.312444"></trkpt>
      <trkpt lat="66.361466" lon="14.312444"></trkpt>
      <trkpt lat="66.361663" lon="14.312462"></trkpt>
      <trkpt lat="66.361780" lon="14.312484"></trkpt>
      <trkpt lat="66.361958" lon="14.312534"></trkpt>
      <trkpt lat="66.362153" lon="14.312612"></trkpt>
      <trkpt lat="66.362250" lon="14.312660"></trkpt>
      <trkpt lat="66.362394" lon="14.312743"></trkpt>
      <trkpt lat="66.362537" lon="14.312839"></trkpt>
      <trkpt lat="66.362678" lon="14.312948"></trkpt>
      <trkpt lat="66.362818" lon="14.313069"></trkpt>
      <trkpt lat="66.363002" lon="14.313251"></trkpt>
      <trkpt lat="66.363092" lon="14.313351"></trkpt>
      <trkpt lat="66.363226" lon="14.313510"></trkpt>
      <trkpt lat="66.363357" lon="14.313682"></trkpt>
      <trkpt lat="66.363485" lon="14.313865"></trkpt>
      <trkpt lat="66.363611" lon="14.314060"></trkpt>
      <trkpt lat="66.363734" lon="14.314266"></trkpt>
      <trkpt lat="66.363835" lon="14.314454"></trkpt>
      <trkpt lat="66.363920" lon="14.314688"></trkpt>
      <trkpt lat="66.364053" lon="14.315022"></trkpt>
      <trkpt lat="66.364159" lon="14.315297"></trkpt>
      <trkpt lat="66.364313" lon="14.315704"></trkpt>
      <trkpt lat="66.364429" lon="14.316021"></trkpt>
      <trkpt lat="66.364522" lon="14.316296"></trkpt>
      <trkpt lat="66.364598" lon="14.316533"></trkpt>
      <trkpt lat="66.364692" lon="14.316560"></trkpt>
      <trkpt lat="66.364708" lon="14.316523"></trkpt>
      <trkpt lat="66.364804" lon="14.316298"></trkpt>
      <trkpt lat="66.364876" lon="14.316147"></trkpt>
      <trkpt lat="66.364882" lon="14.316056"></trkpt>
      <trkpt lat="66.364955" lon="14.315921"></trkpt>
      <trkpt lat="66.364999" lon="14.315823"></trkpt>
      <trkpt lat="66.365043" lon="14.315692"></trkpt>
      <trkpt lat="66.365083" lon="14.315524"></trkpt>
      <trkpt lat="66.365111" lon="14.315341"></trkpt>
      <trkpt lat="66.365118" lon="14.315270"></trkpt>
      <trkpt lat="66.365126" lon="14.315124"></trkpt>
      <trkpt lat="66.365127" lon="14.315026"></trkpt>
      <trkpt lat="66.365124" lon="14.314904"></trkpt>
      <trkpt lat="66.365113" lon="14.314760"></trkpt>
      <trkpt lat="66.365094" lon="14.314621"></trkpt>
      <trkpt lat="66.365078" lon="14.314532"></trkpt>
      <trkpt lat="66.364924" lon="14.313783"></trkpt>
      <trkpt lat="66.364752" lon="14.312944"></trkpt>
      <trkpt lat="66.364656" lon="14.312451"></trkpt>
      <trkpt lat="66.364608" lon="14.312185"></trkpt>
      <trkpt lat="66.364551" lon="14.311835"></trkpt>
      <trkpt lat="66.364495" lon="14.311433"></trkpt>
      <trkpt lat="66.364444" lon="14.310989"></trkpt>
      <trkpt lat="66.364391" lon="14.310420"></trkpt>
      <trkpt lat="66.364222" lon="14.308215"></trkpt>
      <trkpt lat="66.364215" lon="14.308123"></trkpt>
      <trkpt lat="66.364236" lon="14.308105"></trkpt>
      <trkpt lat="66.364254" lon="14.308073"></trkpt>
      <trkpt lat="66.364267" lon="14.308029"></trkpt>
      <trkpt lat="66.364274" lon="14.307977"></trkpt>
      <trkpt lat="66.364275" lon="14.307922"></trkpt>
      <trkpt lat="66.364319" lon="14.307909"></trkpt>
      <trkpt lat="66.364573" lon="14.307844"></trkpt>
      <trkpt lat="66.365368" lon="14.307645"></trkpt>
      <trkpt lat="66.365783" lon="14.307522"></trkpt>
      <trkpt lat="66.365943" lon="14.307485"></trkpt>
      <trkpt lat="66.366326" lon="14.307381"></trkpt>
      <trkpt lat="66.366775" lon="14.307282"></trkpt>
      <trkpt lat="66.366853" lon="14.307273"></trkpt>
      <trkpt lat="66.367038" lon="14.307278"></trkpt>
      <trkpt lat="66.367244" lon="14.307343"></trkpt>
      <trkpt lat="66.367438" lon="14.307453"></trkpt>
      <trkpt lat="66.367513" lon="14.307521"></trkpt>
      <trkpt lat="66.367645" lon="14.307660"></trkpt>
      <trkpt lat="66.367871" lon="14.307932"></trkpt>
      <trkpt lat="66.367969" lon="14.308069"></trkpt>
      <trkpt lat="66.368032" lon="14.308153"></trkpt>
      <trkpt lat="66.368226" lon="14.308442"></trkpt>
      <trkpt lat="66.368284" lon="14.308539"></trkpt>
      <trkpt lat="66.368462" lon="14.308862"></trkpt>
      <trkpt lat="66.368617" lon="14.309190"></trkpt>
      <trkpt lat="66.368750" lon="14.309486"></trkpt>
      <trkpt lat="66.368879" lon="14.309772"></trkpt>
      <trkpt lat="66.368945" lon="14.309934"></trkpt>
      <trkpt lat="66.369121" lon="14.310302"></trkpt>
      <trkpt lat="66.369290" lon="14.310635"></trkpt>
      <trkpt lat="66.369536" lon="14.310957"></trkpt>
      <trkpt lat="66.369659" lon="14.311065"></trkpt>
      <trkpt lat="66.369789" lon="14.311150"></trkpt>
      <trkpt lat="66.369898" lon="14.311200"></trkpt>
      <trkpt lat="66.370000" lon="14.311223"></trkpt>
      <trkpt lat="66.370100" lon="14.311236"></trkpt>
      <trkpt lat="66.370229" lon="14.311231"></trkpt>
      <trkpt lat="66.370305" lon="14.311204"></trkpt>
      <trkpt lat="66.370409" lon="14.311149"></trkpt>
      <trkpt lat="66.370487" lon="14.311082"></trkpt>
      <trkpt lat="66.370575" lon="14.310985"></trkpt>
      <trkpt lat="66.370654" lon="14.310874"></trkpt>
      <trkpt lat="66.370719" lon="14.310747"></trkpt>
      <trkpt lat="66.370892" lon="14.310397"></trkpt>
      <trkpt lat="66.371104" lon="14.309933"></trkpt>
      <trkpt lat="66.371206" lon="14.309731"></trkpt>
      <trkpt lat="66.371266" lon="14.309597"></trkpt>
      <trkpt lat="66.371451" lon="14.309215"></trkpt>
      <trkpt lat="66.371532" lon="14.309021"></trkpt>
      <trkpt lat="66.371600" lon="14.308788"></trkpt>
      <trkpt lat="66.371700" lon="14.308425"></trkpt>
      <trkpt lat="66.371823" lon="14.307888"></trkpt>
      <trkpt lat="66.371924" lon="14.307411"></trkpt>
      <trkpt lat="66.372031" lon="14.306947"></trkpt>
      <trkpt lat="66.372069" lon="14.306810"></trkpt>
      <trkpt lat="66.372161" lon="14.306513"></trkpt>
      <trkpt lat="66.372286" lon="14.306200"></trkpt>
      <trkpt lat="66.372365" lon="14.306043"></trkpt>
      <trkpt lat="66.372452" lon="14.305889"></trkpt>
      <trkpt lat="66.372566" lon="14.305713"></trkpt>
      <trkpt lat="66.372615" lon="14.305647"></trkpt>
      <trkpt lat="66.372698" lon="14.305540"></trkpt>
      <trkpt lat="66.372900" lon="14.305307"></trkpt>
      <trkpt lat="66.373064" lon="14.305134"></trkpt>
      <trkpt lat="66.373340" lon="14.304827"></trkpt>
      <trkpt lat="66.373650" lon="14.304510"></trkpt>
      <trkpt lat="66.373723" lon="14.304445"></trkpt>
      <trkpt lat="66.373832" lon="14.304361"></trkpt>
      <trkpt lat="66.373931" lon="14.304311"></trkpt>
      <trkpt lat="66.374013" lon="14.304284"></trkpt>
      <trkpt lat="66.374227" lon="14.304231"></trkpt>
      <trkpt lat="66.374437" lon="14.304200"></trkpt>
      <trkpt lat="66.374641" lon="14.304139"></trkpt>
      <trkpt lat="66.374837" lon="14.304014"></trkpt>
      <trkpt lat="66.374939" lon="14.303917"></trkpt>
      <trkpt lat="66.375043" lon="14.303777"></trkpt>
      <trkpt lat="66.375098" lon="14.303692"></trkpt>
      <trkpt lat="66.375340" lon="14.303282"></trkpt>
      <trkpt lat="66.375563" lon="14.302915"></trkpt>
      <trkpt lat="66.375657" lon="14.302773"></trkpt>
      <trkpt lat="66.375852" lon="14.302549"></trkpt>
      <trkpt lat="66.376100" lon="14.302295"></trkpt>
      <trkpt lat="66.376277" lon="14.302149"></trkpt>
      <trkpt lat="66.376357" lon="14.302093"></trkpt>
      <trkpt lat="66.376458" lon="14.302059"></trkpt>
      <trkpt lat="66.376531" lon="14.302048"></trkpt>
      <trkpt lat="66.376811" lon="14.302110"></trkpt>
      <trkpt lat="66.377020" lon="14.302125"></trkpt>
      <trkpt lat="66.377202" lon="14.302094"></trkpt>
      <trkpt lat="66.377312" lon="14.302029"></trkpt>
      <trkpt lat="66.377326" lon="14.302015"></trkpt>
      <trkpt lat="66.377421" lon="14.301919"></trkpt>
      <trkpt lat="66.377589" lon="14.301667"></trkpt>
      <trkpt lat="66.377724" lon="14.301368"></trkpt>
      <trkpt lat="66.377862" lon="14.301047"></trkpt>
      <trkpt lat="66.378027" lon="14.300702"></trkpt>
      <trkpt lat="66.378290" lon="14.300224"></trkpt>
      <trkpt lat="66.378815" lon="14.299350"></trkpt>
      <trkpt lat="66.379268" lon="14.298575"></trkpt>
      <trkpt lat="66.379620" lon="14.298002"></trkpt>
      <trkpt lat="66.379671" lon="14.297921"></trkpt>
      <trkpt lat="66.379823" lon="14.297701"></trkpt>
      <trkpt lat="66.379996" lon="14.297490"></trkpt>
      <trkpt lat="66.380085" lon="14.297396"></trkpt>
      <trkpt lat="66.380159" lon="14.297335"></trkpt>
      <trkpt lat="66.380272" lon="14.297258"></trkpt>
      <trkpt lat="66.380464" lon="14.297153"></trkpt>
      <trkpt lat="66.380580" lon="14.297096"></trkpt>
      <trkpt lat="66.380660" lon="14.297065"></trkpt>
      <trkpt lat="66.380778" lon="14.297002"></trkpt>
      <trkpt lat="66.380929" lon="14.296906"></trkpt>
      <trkpt lat="66.381068" lon="14.296777"></trkpt>
      <trkpt lat="66.381213" lon="14.296589"></trkpt>
      <trkpt lat="66.381390" lon="14.296316"></trkpt>
      <trkpt lat="66.381583" lon="14.295997"></trkpt>
      <trkpt lat="66.381698" lon="14.295807"></trkpt>
      <trkpt lat="66.381754" lon="14.295714"></trkpt>
      <trkpt lat="66.381920" lon="14.295444"></trkpt>
      <trkpt lat="66.382096" lon="14.295150"></trkpt>
      <trkpt lat="66.382144" lon="14.295078"></trkpt>
      <trkpt lat="66.382238" lon="14.294916"></trkpt>
      <trkpt lat="66.382355" lon="14.294689"></trkpt>
      <trkpt lat="66.382528" lon="14.294300"></trkpt>
      <trkpt lat="66.382577" lon="14.294173"></trkpt>
      <trkpt lat="66.382678" lon="14.293946"></trkpt>
      <trkpt lat="66.382773" lon="14.293708"></trkpt>
      <trkpt lat="66.382920" lon="14.293366"></trkpt>
      <trkpt lat="66.383171" lon="14.292722"></trkpt>
      <trkpt lat="66.383288" lon="14.292404"></trkpt>
      <trkpt lat="66.383433" lon="14.292057"></trkpt>
      <trkpt lat="66.383601" lon="14.291710"></trkpt>
      <trkpt lat="66.383677" lon="14.291562"></trkpt>
      <trkpt lat="66.383853" lon="14.291248"></trkpt>
      <trkpt lat="66.383979" lon="14.291035"></trkpt>
      <trkpt lat="66.384416" lon="14.290257"></trkpt>
      <trkpt lat="66.384476" lon="14.290139"></trkpt>
      <trkpt lat="66.384609" lon="14.289851"></trkpt>
      <trkpt lat="66.384776" lon="14.289415"></trkpt>
      <trkpt lat="66.385068" lon="14.288517"></trkpt>
      <trkpt lat="66.385151" lon="14.288291"></trkpt>
      <trkpt lat="66.385255" lon="14.288053"></trkpt>
      <trkpt lat="66.385422" lon="14.287736"></trkpt>
      <trkpt lat="66.385533" lon="14.287548"></trkpt>
      <trkpt lat="66.385642" lon="14.287342"></trkpt>
      <trkpt lat="66.385796" lon="14.286979"></trkpt>
      <trkpt lat="66.385865" lon="14.286771"></trkpt>
      <trkpt lat="66.386056" lon="14.286129"></trkpt>
      <trkpt lat="66.386116" lon="14.285886"></trkpt>
      <trkpt lat="66.386280" lon="14.285289"></trkpt>
      <trkpt lat="66.386600" lon="14.284158"></trkpt>
      <trkpt lat="66.386645" lon="14.283967"></trkpt>
      <trkpt lat="66.386705" lon="14.283670"></trkpt>
      <trkpt lat="66.386745" lon="14.283389"></trkpt>
      <trkpt lat="66.386759" lon="14.283252"></trkpt>
      <trkpt lat="66.386783" lon="14.282805"></trkpt>
      <trkpt lat="66.386795" lon="14.282281"></trkpt>
      <trkpt lat="66.386831" lon="14.281763"></trkpt>
      <trkpt lat="66.386851" lon="14.281565"></trkpt>
      <trkpt lat="66.386909" lon="14.281202"></trkpt>
      <trkpt lat="66.386989" lon="14.280844"></trkpt>
      <trkpt lat="66.387023" lon="14.280741"></trkpt>
      <trkpt lat="66.387142" lon="14.280329"></trkpt>
      <trkpt lat="66.387268" lon="14.279970"></trkpt>
      <trkpt lat="66.387437" lon="14.279473"></trkpt>
      <trkpt lat="66.387504" lon="14.279265"></trkpt>
      <trkpt lat="66.387786" lon="14.278507"></trkpt>
      <trkpt lat="66.388005" lon="14.277987"></trkpt>
      <trkpt lat="66.388182" lon="14.277614"></trkpt>
      <trkpt lat="66.388328" lon="14.277324"></trkpt>
      <trkpt lat="66.388452" lon="14.277039"></trkpt>
      <trkpt lat="66.388516" lon="14.276905"></trkpt>
      <trkpt lat="66.388666" lon="14.276542"></trkpt>
      <trkpt lat="66.388880" lon="14.275918"></trkpt>
      <trkpt lat="66.389005" lon="14.275516"></trkpt>
      <trkpt lat="66.389063" lon="14.275318"></trkpt>
      <trkpt lat="66.389131" lon="14.275066"></trkpt>
      <trkpt lat="66.389241" lon="14.274587"></trkpt>
      <trkpt lat="66.389261" lon="14.274499"></trkpt>
      <trkpt lat="66.389337" lon="14.274111"></trkpt>
      <trkpt lat="66.389369" lon="14.273956"></trkpt>
      <trkpt lat="66.389431" lon="14.273646"></trkpt>
      <trkpt lat="66.389532" lon="14.273108"></trkpt>
      <trkpt lat="66.389571" lon="14.272958"></trkpt>
      <trkpt lat="66.389701" lon="14.272377"></trkpt>
      <trkpt lat="66.389916" lon="14.271465"></trkpt>
      <trkpt lat="66.389998" lon="14.271097"></trkpt>
      <trkpt lat="66.390188" lon="14.270302"></trkpt>
      <trkpt lat="66.390292" lon="14.269852"></trkpt>
      <trkpt lat="66.390430" lon="14.269310"></trkpt>
      <trkpt lat="66.390549" lon="14.268890"></trkpt>
      <trkpt lat="66.390682" lon="14.268470"></trkpt>
      <trkpt lat="66.390808" lon="14.268080"></trkpt>
      <trkpt lat="66.390878" lon="14.267874"></trkpt>
      <trkpt lat="66.390961" lon="14.267646"></trkpt>
      <trkpt lat="66.390999" lon="14.267524"></trkpt>
      <trkpt lat="66.391128" lon="14.267147"></trkpt>
      <trkpt lat="66.391189" lon="14.266958"></trkpt>
      <trkpt lat="66.391334" lon="14.266534"></trkpt>
      <trkpt lat="66.391376" lon="14.266426"></trkpt>
      <trkpt lat="66.391679" lon="14.265525"></trkpt>
      <trkpt lat="66.391813" lon="14.265120"></trkpt>
      <trkpt lat="66.391988" lon="14.264614"></trkpt>
      <trkpt lat="66.392080" lon="14.264328"></trkpt>
      <trkpt lat="66.392217" lon="14.263944"></trkpt>
      <trkpt lat="66.392395" lon="14.263413"></trkpt>
      <trkpt lat="66.392526" lon="14.263037"></trkpt>
      <trkpt lat="66.392728" lon="14.262430"></trkpt>
      <trkpt lat="66.392845" lon="14.262055"></trkpt>
      <trkpt lat="66.392921" lon="14.261828"></trkpt>
      <trkpt lat="66.393016" lon="14.261492"></trkpt>
      <trkpt lat="66.393118" lon="14.261081"></trkpt>
      <trkpt lat="66.393268" lon="14.260455"></trkpt>
      <trkpt lat="66.393314" lon="14.260277"></trkpt>
      <trkpt lat="66.393482" lon="14.259566"></trkpt>
      <trkpt lat="66.393583" lon="14.259193"></trkpt>
      <trkpt lat="66.393661" lon="14.258962"></trkpt>
      <trkpt lat="66.393763" lon="14.258686"></trkpt>
      <trkpt lat="66.393831" lon="14.258522"></trkpt>
      <trkpt lat="66.393895" lon="14.258396"></trkpt>
      <trkpt lat="66.393997" lon="14.258211"></trkpt>
      <trkpt lat="66.394552" lon="14.257429"></trkpt>
      <trkpt lat="66.394724" lon="14.257215"></trkpt>
      <trkpt lat="66.394866" lon="14.257022"></trkpt>
      <trkpt lat="66.394930" lon="14.256899"></trkpt>
      <trkpt lat="66.394960" lon="14.256832"></trkpt>
      <trkpt lat="66.395092" lon="14.256498"></trkpt>
      <trkpt lat="66.395129" lon="14.256379"></trkpt>
      <trkpt lat="66.395214" lon="14.256095"></trkpt>
      <trkpt lat="66.395326" lon="14.255656"></trkpt>
      <trkpt lat="66.395394" lon="14.255409"></trkpt>
      <trkpt lat="66.395458" lon="14.255217"></trkpt>
      <trkpt lat="66.395525" lon="14.255063"></trkpt>
      <trkpt lat="66.395599" lon="14.254928"></trkpt>
      <trkpt lat="66.395714" lon="14.254779"></trkpt>
      <trkpt lat="66.395823" lon="14.254689"></trkpt>
      <trkpt lat="66.396312" lon="14.254366"></trkpt>
      <trkpt lat="66.396562" lon="14.254175"></trkpt>
      <trkpt lat="66.396942" lon="14.253903"></trkpt>
      <trkpt lat="66.397307" lon="14.253666"></trkpt>
      <trkpt lat="66.397694" lon="14.253396"></trkpt>
      <trkpt lat="66.397759" lon="14.253344"></trkpt>
      <trkpt lat="66.397838" lon="14.253282"></trkpt>
      <trkpt lat="66.398293" lon="14.252845"></trkpt>
      <trkpt lat="66.398392" lon="14.252792"></trkpt>
      <trkpt lat="66.398702" lon="14.252728"></trkpt>
      <trkpt lat="66.399010" lon="14.252626"></trkpt>
      <trkpt lat="66.399218" lon="14.252523"></trkpt>
      <trkpt lat="66.399409" lon="14.252398"></trkpt>
      <trkpt lat="66.399619" lon="14.252248"></trkpt>
      <trkpt lat="66.399892" lon="14.252042"></trkpt>
      <trkpt lat="66.399959" lon="14.252006"></trkpt>
      <trkpt lat="66.400101" lon="14.251958"></trkpt>
      <trkpt lat="66.400289" lon="14.251936"></trkpt>
      <trkpt lat="66.400487" lon="14.251935"></trkpt>
      <trkpt lat="66.400689" lon="14.251944"></trkpt>
      <trkpt lat="66.400888" lon="14.251917"></trkpt>
      <trkpt lat="66.401107" lon="14.251853"></trkpt>
      <trkpt lat="66.401355" lon="14.251761"></trkpt>
      <trkpt lat="66.401559" lon="14.251696"></trkpt>
      <trkpt lat="66.401897" lon="14.251562"></trkpt>
      <trkpt lat="66.402116" lon="14.251450"></trkpt>
      <trkpt lat="66.402334" lon="14.251306"></trkpt>
      <trkpt lat="66.402501" lon="14.251179"></trkpt>
      <trkpt lat="66.402827" lon="14.250854"></trkpt>
      <trkpt lat="66.403083" lon="14.250586"></trkpt>
      <trkpt lat="66.403947" lon="14.249654"></trkpt>
      <trkpt lat="66.404377" lon="14.249203"></trkpt>
      <trkpt lat="66.404591" lon="14.248986"></trkpt>
      <trkpt lat="66.404818" lon="14.248789"></trkpt>
      <trkpt lat="66.405037" lon="14.248631"></trkpt>
      <trkpt lat="66.405224" lon="14.248527"></trkpt>
      <trkpt lat="66.405392" lon="14.248464"></trkpt>
      <trkpt lat="66.405547" lon="14.248445"></trkpt>
      <trkpt lat="66.405758" lon="14.248462"></trkpt>
      <trkpt lat="66.406253" lon="14.248544"></trkpt>
      <trkpt lat="66.406410" lon="14.248551"></trkpt>
      <trkpt lat="66.406677" lon="14.248526"></trkpt>
      <trkpt lat="66.406944" lon="14.248485"></trkpt>
      <trkpt lat="66.407096" lon="14.248472"></trkpt>
      <trkpt lat="66.407256" lon="14.248465"></trkpt>
      <trkpt lat="66.407337" lon="14.248485"></trkpt>
      <trkpt lat="66.407397" lon="14.248500"></trkpt>
      <trkpt lat="66.407541" lon="14.248602"></trkpt>
      <trkpt lat="66.407671" lon="14.248671"></trkpt>
      <trkpt lat="66.407759" lon="14.248692"></trkpt>
      <trkpt lat="66.407859" lon="14.248686"></trkpt>
      <trkpt lat="66.407966" lon="14.248641"></trkpt>
      <trkpt lat="66.408342" lon="14.248415"></trkpt>
      <trkpt lat="66.408478" lon="14.248342"></trkpt>
      <trkpt lat="66.408607" lon="14.248295"></trkpt>
      <trkpt lat="66.408735" lon="14.248262"></trkpt>
      <trkpt lat="66.408991" lon="14.248234"></trkpt>
      <trkpt lat="66.409175" lon="14.248232"></trkpt>
      <trkpt lat="66.409370" lon="14.248238"></trkpt>
      <trkpt lat="66.409566" lon="14.248260"></trkpt>
      <trkpt lat="66.409689" lon="14.248260"></trkpt>
      <trkpt lat="66.409743" lon="14.248247"></trkpt>
      <trkpt lat="66.409851" lon="14.248198"></trkpt>
      <trkpt lat="66.410026" lon="14.248104"></trkpt>
      <trkpt lat="66.410141" lon="14.248017"></trkpt>
      <trkpt lat="66.410270" lon="14.247866"></trkpt>
      <trkpt lat="66.410351" lon="14.247748"></trkpt>
      <trkpt lat="66.410432" lon="14.247605"></trkpt>
      <trkpt lat="66.410575" lon="14.247297"></trkpt>
      <trkpt lat="66.410655" lon="14.247106"></trkpt>
      <trkpt lat="66.410771" lon="14.246778"></trkpt>
      <trkpt lat="66.410859" lon="14.246493"></trkpt>
      <trkpt lat="66.410964" lon="14.246131"></trkpt>
      <trkpt lat="66.411059" lon="14.245749"></trkpt>
      <trkpt lat="66.411256" lon="14.244784"></trkpt>
      <trkpt lat="66.411300" lon="14.244595"></trkpt>
      <trkpt lat="66.411356" lon="14.244397"></trkpt>
      <trkpt lat="66.411435" lon="14.244156"></trkpt>
      <trkpt lat="66.411506" lon="14.243965"></trkpt>
      <trkpt lat="66.411786" lon="14.243284"></trkpt>
      <trkpt lat="66.411847" lon="14.243116"></trkpt>
      <trkpt lat="66.412047" lon="14.242337"></trkpt>
      <trkpt lat="66.412140" lon="14.242002"></trkpt>
      <trkpt lat="66.412292" lon="14.241486"></trkpt>
      <trkpt lat="66.412368" lon="14.241273"></trkpt>
      <trkpt lat="66.412454" lon="14.241075"></trkpt>
      <trkpt lat="66.412503" lon="14.240955"></trkpt>
      <trkpt lat="66.412685" lon="14.240598"></trkpt>
      <trkpt lat="66.412846" lon="14.240338"></trkpt>
      <trkpt lat="66.413027" lon="14.240105"></trkpt>
      <trkpt lat="66.413432" lon="14.239600"></trkpt>
      <trkpt lat="66.413471" lon="14.239315"></trkpt>
      <trkpt lat="66.413648" lon="14.237671"></trkpt>
      <trkpt lat="66.413680" lon="14.237518"></trkpt>
      <trkpt lat="66.413716" lon="14.237395"></trkpt>
      <trkpt lat="66.413758" lon="14.237316"></trkpt>
      <trkpt lat="66.413821" lon="14.237273"></trkpt>
      <trkpt lat="66.413955" lon="14.237222"></trkpt>
      <trkpt lat="66.414201" lon="14.237164"></trkpt>
      <trkpt lat="66.414365" lon="14.237110"></trkpt>
      <trkpt lat="66.414446" lon="14.237066"></trkpt>
      <trkpt lat="66.414505" lon="14.237002"></trkpt>
      <trkpt lat="66.414527" lon="14.236971"></trkpt>
      <trkpt lat="66.414584" lon="14.236889"></trkpt>
      <trkpt lat="66.414689" lon="14.236684"></trkpt>
      <trkpt lat="66.414760" lon="14.236508"></trkpt>
      <trkpt lat="66.414827" lon="14.236303"></trkpt>
      <trkpt lat="66.414879" lon="14.236115"></trkpt>
      <trkpt lat="66.414943" lon="14.235817"></trkpt>
      <trkpt lat="66.415006" lon="14.235477"></trkpt>
      <trkpt lat="66.415052" lon="14.235189"></trkpt>
      <trkpt lat="66.415101" lon="14.234831"></trkpt>
      <trkpt lat="66.415130" lon="14.234570"></trkpt>
      <trkpt lat="66.415169" lon="14.234041"></trkpt>
      <trkpt lat="66.415178" lon="14.233788"></trkpt>
      <trkpt lat="66.415188" lon="14.233110"></trkpt>
      <trkpt lat="66.415199" lon="14.232753"></trkpt>
      <trkpt lat="66.415209" lon="14.232549"></trkpt>
      <trkpt lat="66.415226" lon="14.232362"></trkpt>
      <trkpt lat="66.415250" lon="14.232224"></trkpt>
      <trkpt lat="66.415289" lon="14.232077"></trkpt>
      <trkpt lat="66.415341" lon="14.231936"></trkpt>
      <trkpt lat="66.415396" lon="14.231849"></trkpt>
      <trkpt lat="66.415440" lon="14.231814"></trkpt>
      <trkpt lat="66.415497" lon="14.231801"></trkpt>
      <trkpt lat="66.415539" lon="14.231809"></trkpt>
      <trkpt lat="66.415600" lon="14.231859"></trkpt>
      <trkpt lat="66.415643" lon="14.231912"></trkpt>
      <trkpt lat="66.415677" lon="14.231991"></trkpt>
      <trkpt lat="66.415715" lon="14.232103"></trkpt>
      <trkpt lat="66.415733" lon="14.232188"></trkpt>
      <trkpt lat="66.415744" lon="14.232298"></trkpt>
      <trkpt lat="66.415746" lon="14.232394"></trkpt>
      <trkpt lat="66.415751" lon="14.232709"></trkpt>
      <trkpt lat="66.415756" lon="14.232868"></trkpt>
      <trkpt lat="66.415767" lon="14.232980"></trkpt>
      <trkpt lat="66.415793" lon="14.233110"></trkpt>
      <trkpt lat="66.415829" lon="14.233222"></trkpt>
      <trkpt lat="66.415881" lon="14.233330"></trkpt>
      <trkpt lat="66.415957" lon="14.233434"></trkpt>
      <trkpt lat="66.416035" lon="14.233502"></trkpt>
      <trkpt lat="66.416127" lon="14.233543"></trkpt>
      <trkpt lat="66.416202" lon="14.233561"></trkpt>
      <trkpt lat="66.416310" lon="14.233552"></trkpt>
      <trkpt lat="66.416427" lon="14.233518"></trkpt>
      <trkpt lat="66.416559" lon="14.233453"></trkpt>
      <trkpt lat="66.416685" lon="14.233351"></trkpt>
      <trkpt lat="66.416841" lon="14.233181"></trkpt>
      <trkpt lat="66.416927" lon="14.233037"></trkpt>
      <trkpt lat="66.416995" lon="14.232887"></trkpt>
      <trkpt lat="66.417086" lon="14.232619"></trkpt>
      <trkpt lat="66.417139" lon="14.232396"></trkpt>
      <trkpt lat="66.417211" lon="14.232021"></trkpt>
      <trkpt lat="66.417301" lon="14.231507"></trkpt>
      <trkpt lat="66.417324" lon="14.231349"></trkpt>
      <trkpt lat="66.417405" lon="14.231366"></trkpt>
      <trkpt lat="66.417639" lon="14.231425"></trkpt>
      <trkpt lat="66.417879" lon="14.231399"></trkpt>
      <trkpt lat="66.417986" lon="14.231361"></trkpt>
      <trkpt lat="66.418264" lon="14.231216"></trkpt>
      <trkpt lat="66.418812" lon="14.230868"></trkpt>
      <trkpt lat="66.419022" lon="14.230763"></trkpt>
      <trkpt lat="66.419118" lon="14.230747"></trkpt>
      <trkpt lat="66.419928" lon="14.230700"></trkpt>
      <trkpt lat="66.420404" lon="14.230716"></trkpt>
      <trkpt lat="66.420907" lon="14.230791"></trkpt>
      <trkpt lat="66.422087" lon="14.230765"></trkpt>
      <trkpt lat="66.422264" lon="14.230743"></trkpt>
      <trkpt lat="66.422426" lon="14.230698"></trkpt>
      <trkpt lat="66.422645" lon="14.230563"></trkpt>
      <trkpt lat="66.423120" lon="14.230099"></trkpt>
      <trkpt lat="66.423209" lon="14.230041"></trkpt>
      <trkpt lat="66.423308" lon="14.230047"></trkpt>
      <trkpt lat="66.423462" lon="14.230130"></trkpt>
      <trkpt lat="66.423601" lon="14.230281"></trkpt>
      <trkpt lat="66.424074" lon="14.230716"></trkpt>
      <trkpt lat="66.424305" lon="14.230925"></trkpt>
      <trkpt lat="66.424317" lon="14.230731"></trkpt>
      <trkpt lat="66.424345" lon="14.230430"></trkpt>
      <trkpt lat="66.424371" lon="14.230356"></trkpt>
      <trkpt lat="66.424408" lon="14.230319"></trkpt>
      <trkpt lat="66.424445" lon="14.230312"></trkpt>
      <trkpt lat="66.424574" lon="14.230407"></trkpt>
      <trkpt lat="66.424648" lon="14.230425"></trkpt>
      <trkpt lat="66.424867" lon="14.230369"></trkpt>
      <trkpt lat="66.424974" lon="14.230253"></trkpt>
      <trkpt lat="66.425173" lon="14.229760"></trkpt>
      <trkpt lat="66.425237" lon="14.229568"></trkpt>
      <trkpt lat="66.425348" lon="14.229262"></trkpt>
      <trkpt lat="66.425462" lon="14.228875"></trkpt>
      <trkpt lat="66.425670" lon="14.228359"></trkpt>
      <trkpt lat="66.426110" lon="14.227428"></trkpt>
      <trkpt lat="66.426240" lon="14.227106"></trkpt>
      <trkpt lat="66.426289" lon="14.226930"></trkpt>
      <trkpt lat="66.426309" lon="14.226793"></trkpt>
      <trkpt lat="66.426305" lon="14.226636"></trkpt>
      <trkpt lat="66.426276" lon="14.226458"></trkpt>
      <trkpt lat="66.426230" lon="14.226314"></trkpt>
      <trkpt lat="66.426140" lon="14.226199"></trkpt>
      <trkpt lat="66.426106" lon="14.226134"></trkpt>
      <trkpt lat="66.426051" lon="14.225919"></trkpt>
      <trkpt lat="66.426019" lon="14.225616"></trkpt>
      <trkpt lat="66.426010" lon="14.225133"></trkpt>
      <trkpt lat="66.426018" lon="14.224604"></trkpt>
      <trkpt lat="66.426048" lon="14.223869"></trkpt>
      <trkpt lat="66.426106" lon="14.223105"></trkpt>
      <trkpt lat="66.426175" lon="14.222463"></trkpt>
      <trkpt lat="66.426191" lon="14.222002"></trkpt>
      <trkpt lat="66.426178" lon="14.221584"></trkpt>
      <trkpt lat="66.426178" lon="14.221322"></trkpt>
      <trkpt lat="66.426195" lon="14.221201"></trkpt>
      <trkpt lat="66.426226" lon="14.221077"></trkpt>
      <trkpt lat="66.426265" lon="14.220989"></trkpt>
      <trkpt lat="66.426381" lon="14.220842"></trkpt>
      <trkpt lat="66.426465" lon="14.220764"></trkpt>
      <trkpt lat="66.426507" lon="14.220705"></trkpt>
      <trkpt lat="66.426535" lon="14.220632"></trkpt>
      <trkpt lat="66.426568" lon="14.220441"></trkpt>
      <trkpt lat="66.426619" lon="14.220003"></trkpt>
      <trkpt lat="66.426679" lon="14.219604"></trkpt>
      <trkpt lat="66.426698" lon="14.219442"></trkpt>
      <trkpt lat="66.426706" lon="14.219261"></trkpt>
      <trkpt lat="66.426645" lon="14.218178"></trkpt>
      <trkpt lat="66.426610" lon="14.217918"></trkpt>
      <trkpt lat="66.426571" lon="14.217733"></trkpt>
      <trkpt lat="66.426506" lon="14.217500"></trkpt>
      <trkpt lat="66.426419" lon="14.217272"></trkpt>
      <trkpt lat="66.426357" lon="14.217144"></trkpt>
      <trkpt lat="66.426273" lon="14.216841"></trkpt>
      <trkpt lat="66.426242" lon="14.216663"></trkpt>
      <trkpt lat="66.426198" lon="14.216280"></trkpt>
      <trkpt lat="66.426119" lon="14.215807"></trkpt>
      <trkpt lat="66.426043" lon="14.215498"></trkpt>
      <trkpt lat="66.425916" lon="14.215062"></trkpt>
      <trkpt lat="66.425862" lon="14.214761"></trkpt>
      <trkpt lat="66.425797" lon="14.214203"></trkpt>
      <trkpt lat="66.425771" lon="14.213750"></trkpt>
      <trkpt lat="66.425776" lon="14.213486"></trkpt>
      <trkpt lat="66.425807" lon="14.213020"></trkpt>
      <trkpt lat="66.425865" lon="14.212423"></trkpt>
      <trkpt lat="66.425882" lon="14.212143"></trkpt>
      <trkpt lat="66.425861" lon="14.211800"></trkpt>
      <trkpt lat="66.425789" lon="14.211388"></trkpt>
      <trkpt lat="66.425763" lon="14.211196"></trkpt>
      <trkpt lat="66.425726" lon="14.210870"></trkpt>
      <trkpt lat="66.425687" lon="14.210395"></trkpt>
      <trkpt lat="66.425686" lon="14.210115"></trkpt>
      <trkpt lat="66.425718" lon="14.209847"></trkpt>
      <trkpt lat="66.425765" lon="14.209686"></trkpt>
      <trkpt lat="66.425862" lon="14.209461"></trkpt>
      <trkpt lat="66.425898" lon="14.209322"></trkpt>
      <trkpt lat="66.425940" lon="14.209030"></trkpt>
      <trkpt lat="66.425955" lon="14.208758"></trkpt>
      <trkpt lat="66.425935" lon="14.208158"></trkpt>
      <trkpt lat="66.425937" lon="14.206676"></trkpt>
      <trkpt lat="66.425942" lon="14.206317"></trkpt>
      <trkpt lat="66.425974" lon="14.205668"></trkpt>
      <trkpt lat="66.425995" lon="14.205399"></trkpt>
      <trkpt lat="66.426038" lon="14.204196"></trkpt>
      <trkpt lat="66.426011" lon="14.203560"></trkpt>
      <trkpt lat="66.426014" lon="14.202986"></trkpt>
      <trkpt lat="66.426026" lon="14.202588"></trkpt>
      <trkpt lat="66.426058" lon="14.201997"></trkpt>
      <trkpt lat="66.426075" lon="14.201400"></trkpt>
      <trkpt lat="66.426108" lon="14.200872"></trkpt>
      <trkpt lat="66.426160" lon="14.200490"></trkpt>
      <trkpt lat="66.426170" lon="14.200285"></trkpt>
      <trkpt lat="66.426167" lon="14.200055"></trkpt>
      <trkpt lat="66.426147" lon="14.199755"></trkpt>
      <trkpt lat="66.426148" lon="14.199600"></trkpt>
      <trkpt lat="66.426217" lon="14.198985"></trkpt>
      <trkpt lat="66.426224" lon="14.198813"></trkpt>
      <trkpt lat="66.426223" lon="14.198672"></trkpt>
      <trkpt lat="66.426193" lon="14.198280"></trkpt>
      <trkpt lat="66.426180" lon="14.197964"></trkpt>
      <trkpt lat="66.426183" lon="14.197700"></trkpt>
      <trkpt lat="66.426231" lon="14.196393"></trkpt>
      <trkpt lat="66.426258" lon="14.196108"></trkpt>
      <trkpt lat="66.426293" lon="14.195591"></trkpt>
      <trkpt lat="66.426400" lon="14.194647"></trkpt>
      <trkpt lat="66.426459" lon="14.194236"></trkpt>
      <trkpt lat="66.426540" lon="14.193848"></trkpt>
      <trkpt lat="66.426664" lon="14.193407"></trkpt>
      <trkpt lat="66.426740" lon="14.193082"></trkpt>
      <trkpt lat="66.426897" lon="14.192627"></trkpt>
      <trkpt lat="66.426920" lon="14.192499"></trkpt>
      <trkpt lat="66.426923" lon="14.192107"></trkpt>
      <trkpt lat="66.426936" lon="14.191902"></trkpt>
      <trkpt lat="66.426993" lon="14.191041"></trkpt>
      <trkpt lat="66.427060" lon="14.190455"></trkpt>
      <trkpt lat="66.427090" lon="14.189905"></trkpt>
      <trkpt lat="66.427118" lon="14.189633"></trkpt>
      <trkpt lat="66.427242" lon="14.188798"></trkpt>
      <trkpt lat="66.427291" lon="14.188265"></trkpt>
      <trkpt lat="66.427347" lon="14.187904"></trkpt>
      <trkpt lat="66.427421" lon="14.187095"></trkpt>
      <trkpt lat="66.427490" lon="14.186766"></trkpt>
      <trkpt lat="66.427543" lon="14.186614"></trkpt>
      <trkpt lat="66.427665" lon="14.186181"></trkpt>
      <trkpt lat="66.427735" lon="14.185866"></trkpt>
      <trkpt lat="66.427825" lon="14.185271"></trkpt>
      <trkpt lat="66.427885" lon="14.184694"></trkpt>
      <trkpt lat="66.427919" lon="14.184493"></trkpt>
      <trkpt lat="66.427942" lon="14.184299"></trkpt>
      <trkpt lat="66.427960" lon="14.183717"></trkpt>
      <trkpt lat="66.428000" lon="14.182896"></trkpt>
      <trkpt lat="66.427995" lon="14.182380"></trkpt>
      <trkpt lat="66.428010" lon="14.182098"></trkpt>
      <trkpt lat="66.428076" lon="14.181246"></trkpt>
      <trkpt lat="66.428098" lon="14.180623"></trkpt>
      <trkpt lat="66.428226" lon="14.179346"></trkpt>
      <trkpt lat="66.428278" lon="14.178310"></trkpt>
      <trkpt lat="66.428285" lon="14.178083"></trkpt>
      <trkpt lat="66.428279" lon="14.177854"></trkpt>
      <trkpt lat="66.428270" lon="14.177343"></trkpt>
      <trkpt lat="66.428237" lon="14.177094"></trkpt>
      <trkpt lat="66.428195" lon="14.176474"></trkpt>
      <trkpt lat="66.428167" lon="14.176185"></trkpt>
      <trkpt lat="66.428132" lon="14.175982"></trkpt>
      <trkpt lat="66.427990" lon="14.175398"></trkpt>
      <trkpt lat="66.427966" lon="14.175329"></trkpt>
      <trkpt lat="66.427727" lon="14.175154"></trkpt>
      <trkpt lat="66.427679" lon="14.175071"></trkpt>
      <trkpt lat="66.427654" lon="14.174988"></trkpt>
      <trkpt lat="66.427638" lon="14.174872"></trkpt>
      <trkpt lat="66.427622" lon="14.174526"></trkpt>
      <trkpt lat="66.427629" lon="14.174208"></trkpt>
      <trkpt lat="66.427706" lon="14.172429"></trkpt>
      <trkpt lat="66.427710" lon="14.171303"></trkpt>
      <trkpt lat="66.427696" lon="14.170917"></trkpt>
      <trkpt lat="66.427700" lon="14.170784"></trkpt>
      <trkpt lat="66.427705" lon="14.170747"></trkpt>
      <trkpt lat="66.427724" lon="14.170711"></trkpt>
      <trkpt lat="66.427898" lon="14.170644"></trkpt>
      <trkpt lat="66.427952" lon="14.170579"></trkpt>
      <trkpt lat="66.427968" lon="14.170526"></trkpt>
      <trkpt lat="66.427974" lon="14.170386"></trkpt>
      <trkpt lat="66.427959" lon="14.169984"></trkpt>
      <trkpt lat="66.427937" lon="14.169688"></trkpt>
      <trkpt lat="66.427940" lon="14.169484"></trkpt>
      <trkpt lat="66.427954" lon="14.169433"></trkpt>
      <trkpt lat="66.427976" lon="14.169414"></trkpt>
      <trkpt lat="66.428017" lon="14.169426"></trkpt>
      <trkpt lat="66.428094" lon="14.169492"></trkpt>
      <trkpt lat="66.428017" lon="14.169426"></trkpt>
      <trkpt lat="66.427976" lon="14.169414"></trkpt>
      <trkpt lat="66.427954" lon="14.169433"></trkpt>
      <trkpt lat="66.427954" lon="14.169433"></trkpt>
      <trkpt lat="66.427940" lon="14.169484"></trkpt>
      <trkpt lat="66.427937" lon="14.169688"></trkpt>
      <trkpt lat="66.427959" lon="14.169984"></trkpt>
      <trkpt lat="66.427974" lon="14.170386"></trkpt>
      <trkpt lat="66.427968" lon="14.170526"></trkpt>
      <trkpt lat="66.427952" lon="14.170579"></trkpt>
      <trkpt lat="66.427898" lon="14.170644"></trkpt>
      <trkpt lat="66.427724" lon="14.170711"></trkpt>
      <trkpt lat="66.427705" lon="14.170747"></trkpt>
      <trkpt lat="66.427700" lon="14.170784"></trkpt>
      <trkpt lat="66.427696" lon="14.170917"></trkpt>
      <trkpt lat="66.427710" lon="14.171303"></trkpt>
      <trkpt lat="66.427706" lon="14.172429"></trkpt>
      <trkpt lat="66.427629" lon="14.174208"></trkpt>
      <trkpt lat="66.427622" lon="14.174526"></trkpt>
      <trkpt lat="66.427638" lon="14.174872"></trkpt>
      <trkpt lat="66.427654" lon="14.174988"></trkpt>
      <trkpt lat="66.427679" lon="14.175071"></trkpt>
      <trkpt lat="66.427727" lon="14.175154"></trkpt>
      <trkpt lat="66.427966" lon="14.175329"></trkpt>
      <trkpt lat="66.427990" lon="14.175398"></trkpt>
      <trkpt lat="66.428132" lon="14.175982"></trkpt>
      <trkpt lat="66.428167" lon="14.176185"></trkpt>
      <trkpt lat="66.428195" lon="14.176474"></trkpt>
      <trkpt lat="66.428237" lon="14.177094"></trkpt>
      <trkpt lat="66.428270" lon="14.177343"></trkpt>
      <trkpt lat="66.428279" lon="14.177854"></trkpt>
      <trkpt lat="66.428285" lon="14.178083"></trkpt>
      <trkpt lat="66.428278" lon="14.178310"></trkpt>
      <trkpt lat="66.428226" lon="14.179346"></trkpt>
      <trkpt lat="66.428098" lon="14.180623"></trkpt>
      <trkpt lat="66.428076" lon="14.181246"></trkpt>
      <trkpt lat="66.428010" lon="14.182098"></trkpt>
      <trkpt lat="66.427995" lon="14.182380"></trkpt>
      <trkpt lat="66.428000" lon="14.182896"></trkpt>
      <trkpt lat="66.427960" lon="14.183717"></trkpt>
      <trkpt lat="66.427942" lon="14.184299"></trkpt>
      <trkpt lat="66.427919" lon="14.184493"></trkpt>
      <trkpt lat="66.427885" lon="14.184694"></trkpt>
      <trkpt lat="66.427825" lon="14.185271"></trkpt>
      <trkpt lat="66.427735" lon="14.185866"></trkpt>
      <trkpt lat="66.427665" lon="14.186181"></trkpt>
      <trkpt lat="66.427543" lon="14.186614"></trkpt>
      <trkpt lat="66.427490" lon="14.186766"></trkpt>
      <trkpt lat="66.427421" lon="14.187095"></trkpt>
      <trkpt lat="66.427347" lon="14.187904"></trkpt>
      <trkpt lat="66.427291" lon="14.188265"></trkpt>
      <trkpt lat="66.427242" lon="14.188798"></trkpt>
      <trkpt lat="66.427118" lon="14.189633"></trkpt>
      <trkpt lat="66.427090" lon="14.189905"></trkpt>
      <trkpt lat="66.427060" lon="14.190455"></trkpt>
      <trkpt lat="66.426993" lon="14.191041"></trkpt>
      <trkpt lat="66.426936" lon="14.191902"></trkpt>
      <trkpt lat="66.426923" lon="14.192107"></trkpt>
      <trkpt lat="66.426920" lon="14.192499"></trkpt>
      <trkpt lat="66.426897" lon="14.192627"></trkpt>
      <trkpt lat="66.426740" lon="14.193082"></trkpt>
      <trkpt lat="66.426664" lon="14.193407"></trkpt>
      <trkpt lat="66.426540" lon="14.193848"></trkpt>
      <trkpt lat="66.426459" lon="14.194236"></trkpt>
      <trkpt lat="66.426400" lon="14.194647"></trkpt>
      <trkpt lat="66.426293" lon="14.195591"></trkpt>
      <trkpt lat="66.426258" lon="14.196108"></trkpt>
      <trkpt lat="66.426231" lon="14.196393"></trkpt>
      <trkpt lat="66.426183" lon="14.197700"></trkpt>
      <trkpt lat="66.426180" lon="14.197964"></trkpt>
      <trkpt lat="66.426193" lon="14.198280"></trkpt>
      <trkpt lat="66.426223" lon="14.198672"></trkpt>
      <trkpt lat="66.426224" lon="14.198813"></trkpt>
      <trkpt lat="66.426217" lon="14.198985"></trkpt>
      <trkpt lat="66.426148" lon="14.199600"></trkpt>
      <trkpt lat="66.426147" lon="14.199755"></trkpt>
      <trkpt lat="66.426167" lon="14.200055"></trkpt>
      <trkpt lat="66.426170" lon="14.200285"></trkpt>
      <trkpt lat="66.426160" lon="14.200490"></trkpt>
      <trkpt lat="66.426108" lon="14.200872"></trkpt>
      <trkpt lat="66.426075" lon="14.201400"></trkpt>
      <trkpt lat="66.426058" lon="14.201997"></trkpt>
      <trkpt lat="66.426026" lon="14.202588"></trkpt>
      <trkpt lat="66.426014" lon="14.202986"></trkpt>
      <trkpt lat="66.426011" lon="14.203560"></trkpt>
      <trkpt lat="66.426038" lon="14.204196"></trkpt>
      <trkpt lat="66.425995" lon="14.205399"></trkpt>
      <trkpt lat="66.425974" lon="14.205668"></trkpt>
      <trkpt lat="66.425942" lon="14.206317"></trkpt>
      <trkpt lat="66.425937" lon="14.206676"></trkpt>
      <trkpt lat="66.425935" lon="14.208158"></trkpt>
      <trkpt lat="66.425955" lon="14.208758"></trkpt>
      <trkpt lat="66.425940" lon="14.209030"></trkpt>
      <trkpt lat="66.425898" lon="14.209322"></trkpt>
      <trkpt lat="66.425862" lon="14.209461"></trkpt>
      <trkpt lat="66.425765" lon="14.209686"></trkpt>
      <trkpt lat="66.425718" lon="14.209847"></trkpt>
      <trkpt lat="66.425686" lon="14.210115"></trkpt>
      <trkpt lat="66.425687" lon="14.210395"></trkpt>
      <trkpt lat="66.425726" lon="14.210870"></trkpt>
      <trkpt lat="66.425763" lon="14.211196"></trkpt>
      <trkpt lat="66.425789" lon="14.211388"></trkpt>
      <trkpt lat="66.425861" lon="14.211800"></trkpt>
      <trkpt lat="66.425882" lon="14.212143"></trkpt>
      <trkpt lat="66.425865" lon="14.212423"></trkpt>
      <trkpt lat="66.425807" lon="14.213020"></trkpt>
      <trkpt lat="66.425776" lon="14.213486"></trkpt>
      <trkpt lat="66.425771" lon="14.213750"></trkpt>
      <trkpt lat="66.425797" lon="14.214203"></trkpt>
      <trkpt lat="66.425862" lon="14.214761"></trkpt>
      <trkpt lat="66.425916" lon="14.215062"></trkpt>
      <trkpt lat="66.426043" lon="14.215498"></trkpt>
      <trkpt lat="66.426119" lon="14.215807"></trkpt>
      <trkpt lat="66.426198" lon="14.216280"></trkpt>
      <trkpt lat="66.426242" lon="14.216663"></trkpt>
      <trkpt lat="66.426273" lon="14.216841"></trkpt>
      <trkpt lat="66.426357" lon="14.217144"></trkpt>
      <trkpt lat="66.426419" lon="14.217272"></trkpt>
      <trkpt lat="66.426506" lon="14.217500"></trkpt>
      <trkpt lat="66.426571" lon="14.217733"></trkpt>
      <trkpt lat="66.426610" lon="14.217918"></trkpt>
      <trkpt lat="66.426645" lon="14.218178"></trkpt>
      <trkpt lat="66.426706" lon="14.219261"></trkpt>
      <trkpt lat="66.426698" lon="14.219442"></trkpt>
      <trkpt lat="66.426679" lon="14.219604"></trkpt>
      <trkpt lat="66.426619" lon="14.220003"></trkpt>
      <trkpt lat="66.426568" lon="14.220441"></trkpt>
      <trkpt lat="66.426535" lon="14.220632"></trkpt>
      <trkpt lat="66.426507" lon="14.220705"></trkpt>
      <trkpt lat="66.426465" lon="14.220764"></trkpt>
      <trkpt lat="66.426381" lon="14.220842"></trkpt>
      <trkpt lat="66.426265" lon="14.220989"></trkpt>
      <trkpt lat="66.426226" lon="14.221077"></trkpt>
      <trkpt lat="66.426195" lon="14.221201"></trkpt>
      <trkpt lat="66.426178" lon="14.221322"></trkpt>
      <trkpt lat="66.426178" lon="14.221584"></trkpt>
      <trkpt lat="66.426191" lon="14.222002"></trkpt>
      <trkpt lat="66.426175" lon="14.222463"></trkpt>
      <trkpt lat="66.426106" lon="14.223105"></trkpt>
      <trkpt lat="66.426048" lon="14.223869"></trkpt>
      <trkpt lat="66.426018" lon="14.224604"></trkpt>
      <trkpt lat="66.426010" lon="14.225133"></trkpt>
      <trkpt lat="66.426019" lon="14.225616"></trkpt>
      <trkpt lat="66.426051" lon="14.225919"></trkpt>
      <trkpt lat="66.426106" lon="14.226134"></trkpt>
      <trkpt lat="66.426140" lon="14.226199"></trkpt>
      <trkpt lat="66.426230" lon="14.226314"></trkpt>
      <trkpt lat="66.426276" lon="14.226458"></trkpt>
      <trkpt lat="66.426305" lon="14.226636"></trkpt>
      <trkpt lat="66.426309" lon="14.226793"></trkpt>
      <trkpt lat="66.426289" lon="14.226930"></trkpt>
      <trkpt lat="66.426240" lon="14.227106"></trkpt>
      <trkpt lat="66.426110" lon="14.227428"></trkpt>
      <trkpt lat="66.425670" lon="14.228359"></trkpt>
      <trkpt lat="66.425462" lon="14.228875"></trkpt>
      <trkpt lat="66.425348" lon="14.229262"></trkpt>
      <trkpt lat="66.425237" lon="14.229568"></trkpt>
      <trkpt lat="66.425173" lon="14.229760"></trkpt>
      <trkpt lat="66.424974" lon="14.230253"></trkpt>
      <trkpt lat="66.424867" lon="14.230369"></trkpt>
      <trkpt lat="66.424648" lon="14.230425"></trkpt>
      <trkpt lat="66.424574" lon="14.230407"></trkpt>
      <trkpt lat="66.424445" lon="14.230312"></trkpt>
      <trkpt lat="66.424408" lon="14.230319"></trkpt>
      <trkpt lat="66.424371" lon="14.230356"></trkpt>
      <trkpt lat="66.424345" lon="14.230430"></trkpt>
      <trkpt lat="66.424317" lon="14.230731"></trkpt>
      <trkpt lat="66.424305" lon="14.230925"></trkpt>
      <trkpt lat="66.424074" lon="14.230716"></trkpt>
      <trkpt lat="66.423601" lon="14.230281"></trkpt>
      <trkpt lat="66.423462" lon="14.230130"></trkpt>
      <trkpt lat="66.423308" lon="14.230047"></trkpt>
      <trkpt lat="66.423209" lon="14.230041"></trkpt>
      <trkpt lat="66.423120" lon="14.230099"></trkpt>
      <trkpt lat="66.422645" lon="14.230563"></trkpt>
      <trkpt lat="66.422426" lon="14.230698"></trkpt>
      <trkpt lat="66.422264" lon="14.230743"></trkpt>
      <trkpt lat="66.422087" lon="14.230765"></trkpt>
      <trkpt lat="66.420907" lon="14.230791"></trkpt>
      <trkpt lat="66.420404" lon="14.230716"></trkpt>
      <trkpt lat="66.419928" lon="14.230700"></trkpt>
      <trkpt lat="66.419118" lon="14.230747"></trkpt>
      <trkpt lat="66.419022" lon="14.230763"></trkpt>
      <trkpt lat="66.418812" lon="14.230868"></trkpt>
      <trkpt lat="66.418264" lon="14.231216"></trkpt>
      <trkpt lat="66.417986" lon="14.231361"></trkpt>
      <trkpt lat="66.417879" lon="14.231399"></trkpt>
      <trkpt lat="66.417639" lon="14.231425"></trkpt>
      <trkpt lat="66.417405" lon="14.231366"></trkpt>
      <trkpt lat="66.417324" lon="14.231349"></trkpt>
      <trkpt lat="66.417386" lon="14.230775"></trkpt>
      <trkpt lat="66.417406" lon="14.230553"></trkpt>
      <trkpt lat="66.417422" lon="14.230347"></trkpt>
      <trkpt lat="66.417463" lon="14.229637"></trkpt>
      <trkpt lat="66.417489" lon="14.228918"></trkpt>
      <trkpt lat="66.417500" lon="14.228362"></trkpt>
      <trkpt lat="66.417501" lon="14.228167"></trkpt>
      <trkpt lat="66.417518" lon="14.227605"></trkpt>
      <trkpt lat="66.417524" lon="14.227148"></trkpt>
      <trkpt lat="66.417555" lon="14.225818"></trkpt>
      <trkpt lat="66.417568" lon="14.225500"></trkpt>
      <trkpt lat="66.417586" lon="14.225157"></trkpt>
      <trkpt lat="66.417633" lon="14.224442"></trkpt>
      <trkpt lat="66.417722" lon="14.223211"></trkpt>
      <trkpt lat="66.417773" lon="14.222628"></trkpt>
      <trkpt lat="66.417811" lon="14.221892"></trkpt>
      <trkpt lat="66.417814" lon="14.221665"></trkpt>
      <trkpt lat="66.417810" lon="14.221423"></trkpt>
      <trkpt lat="66.417779" lon="14.220480"></trkpt>
      <trkpt lat="66.417758" lon="14.219944"></trkpt>
      <trkpt lat="66.417740" lon="14.219347"></trkpt>
      <trkpt lat="66.417700" lon="14.218241"></trkpt>
      <trkpt lat="66.417664" lon="14.216973"></trkpt>
      <trkpt lat="66.417654" lon="14.216502"></trkpt>
      <trkpt lat="66.417638" lon="14.216100"></trkpt>
      <trkpt lat="66.417623" lon="14.215827"></trkpt>
      <trkpt lat="66.417591" lon="14.215450"></trkpt>
      <trkpt lat="66.417557" lon="14.215224"></trkpt>
      <trkpt lat="66.417495" lon="14.214926"></trkpt>
      <trkpt lat="66.417391" lon="14.214474"></trkpt>
      <trkpt lat="66.417243" lon="14.213927"></trkpt>
      <trkpt lat="66.417128" lon="14.213466"></trkpt>
      <trkpt lat="66.417056" lon="14.213235"></trkpt>
      <trkpt lat="66.416812" lon="14.212533"></trkpt>
      <trkpt lat="66.416637" lon="14.212025"></trkpt>
      <trkpt lat="66.416519" lon="14.211671"></trkpt>
      <trkpt lat="66.416397" lon="14.211346"></trkpt>
      <trkpt lat="66.416268" lon="14.210943"></trkpt>
      <trkpt lat="66.416198" lon="14.210634"></trkpt>
      <trkpt lat="66.416176" lon="14.210518"></trkpt>
      <trkpt lat="66.416085" lon="14.209930"></trkpt>
      <trkpt lat="66.416011" lon="14.209499"></trkpt>
      <trkpt lat="66.415926" lon="14.209067"></trkpt>
      <trkpt lat="66.415833" lon="14.208704"></trkpt>
      <trkpt lat="66.415779" lon="14.208544"></trkpt>
      <trkpt lat="66.415642" lon="14.208244"></trkpt>
      <trkpt lat="66.415540" lon="14.208064"></trkpt>
      <trkpt lat="66.415399" lon="14.207838"></trkpt>
      <trkpt lat="66.415268" lon="14.207633"></trkpt>
      <trkpt lat="66.414956" lon="14.207123"></trkpt>
      <trkpt lat="66.414877" lon="14.207002"></trkpt>
      <trkpt lat="66.414610" lon="14.206549"></trkpt>
      <trkpt lat="66.414477" lon="14.206340"></trkpt>
      <trkpt lat="66.414323" lon="14.206060"></trkpt>
      <trkpt lat="66.413965" lon="14.205462"></trkpt>
      <trkpt lat="66.413811" lon="14.205252"></trkpt>
      <trkpt lat="66.413746" lon="14.205154"></trkpt>
      <trkpt lat="66.413718" lon="14.205112"></trkpt>
      <trkpt lat="66.413659" lon="14.204955"></trkpt>
      <trkpt lat="66.413596" lon="14.204748"></trkpt>
      <trkpt lat="66.413536" lon="14.204526"></trkpt>
      <trkpt lat="66.413486" lon="14.204301"></trkpt>
      <trkpt lat="66.413434" lon="14.203977"></trkpt>
      <trkpt lat="66.413391" lon="14.203630"></trkpt>
      <trkpt lat="66.413358" lon="14.203221"></trkpt>
      <trkpt lat="66.413313" lon="14.202340"></trkpt>
      <trkpt lat="66.413285" lon="14.201936"></trkpt>
      <trkpt lat="66.413169" lon="14.200701"></trkpt>
      <trkpt lat="66.413118" lon="14.200201"></trkpt>
      <trkpt lat="66.413016" lon="14.199456"></trkpt>
      <trkpt lat="66.412852" lon="14.198403"></trkpt>
      <trkpt lat="66.412806" lon="14.198199"></trkpt>
      <trkpt lat="66.412740" lon="14.197986"></trkpt>
      <trkpt lat="66.412667" lon="14.197774"></trkpt>
      <trkpt lat="66.412510" lon="14.197509"></trkpt>
      <trkpt lat="66.412358" lon="14.197279"></trkpt>
      <trkpt lat="66.412183" lon="14.196973"></trkpt>
      <trkpt lat="66.412100" lon="14.196762"></trkpt>
      <trkpt lat="66.412027" lon="14.196493"></trkpt>
      <trkpt lat="66.412006" lon="14.196389"></trkpt>
      <trkpt lat="66.411980" lon="14.196223"></trkpt>
      <trkpt lat="66.411927" lon="14.195834"></trkpt>
      <trkpt lat="66.411824" lon="14.194849"></trkpt>
      <trkpt lat="66.411804" lon="14.194636"></trkpt>
      <trkpt lat="66.411790" lon="14.194410"></trkpt>
      <trkpt lat="66.411769" lon="14.193881"></trkpt>
      <trkpt lat="66.411767" lon="14.193778"></trkpt>
      <trkpt lat="66.411760" lon="14.193059"></trkpt>
      <trkpt lat="66.411742" lon="14.192194"></trkpt>
      <trkpt lat="66.411737" lon="14.191927"></trkpt>
      <trkpt lat="66.411708" lon="14.191198"></trkpt>
      <trkpt lat="66.411645" lon="14.190022"></trkpt>
      <trkpt lat="66.411612" lon="14.189494"></trkpt>
      <trkpt lat="66.411588" lon="14.188955"></trkpt>
      <trkpt lat="66.411549" lon="14.188323"></trkpt>
      <trkpt lat="66.411534" lon="14.187853"></trkpt>
      <trkpt lat="66.411522" lon="14.187141"></trkpt>
      <trkpt lat="66.411521" lon="14.186048"></trkpt>
      <trkpt lat="66.411535" lon="14.185708"></trkpt>
      <trkpt lat="66.411568" lon="14.185220"></trkpt>
      <trkpt lat="66.411675" lon="14.184137"></trkpt>
      <trkpt lat="66.411704" lon="14.183706"></trkpt>
      <trkpt lat="66.411710" lon="14.183520"></trkpt>
      <trkpt lat="66.411684" lon="14.183122"></trkpt>
      <trkpt lat="66.411665" lon="14.183006"></trkpt>
      <trkpt lat="66.411618" lon="14.182806"></trkpt>
      <trkpt lat="66.411537" lon="14.182525"></trkpt>
      <trkpt lat="66.411368" lon="14.182015"></trkpt>
      <trkpt lat="66.411201" lon="14.181544"></trkpt>
      <trkpt lat="66.411069" lon="14.181190"></trkpt>
      <trkpt lat="66.410971" lon="14.180904"></trkpt>
      <trkpt lat="66.410926" lon="14.180749"></trkpt>
      <trkpt lat="66.410824" lon="14.180326"></trkpt>
      <trkpt lat="66.410733" lon="14.179852"></trkpt>
      <trkpt lat="66.410665" lon="14.179393"></trkpt>
      <trkpt lat="66.410648" lon="14.179228"></trkpt>
      <trkpt lat="66.410623" lon="14.178582"></trkpt>
      <trkpt lat="66.410629" lon="14.178064"></trkpt>
      <trkpt lat="66.410652" lon="14.177517"></trkpt>
      <trkpt lat="66.410681" lon="14.176963"></trkpt>
      <trkpt lat="66.410703" lon="14.176422"></trkpt>
      <trkpt lat="66.410725" lon="14.175611"></trkpt>
      <trkpt lat="66.410766" lon="14.174759"></trkpt>
      <trkpt lat="66.410806" lon="14.174043"></trkpt>
      <trkpt lat="66.410840" lon="14.173527"></trkpt>
      <trkpt lat="66.410866" lon="14.172993"></trkpt>
      <trkpt lat="66.410867" lon="14.172679"></trkpt>
      <trkpt lat="66.410858" lon="14.172126"></trkpt>
      <trkpt lat="66.410827" lon="14.171086"></trkpt>
      <trkpt lat="66.410809" lon="14.170737"></trkpt>
      <trkpt lat="66.410774" lon="14.170324"></trkpt>
      <trkpt lat="66.410709" lon="14.169842"></trkpt>
      <trkpt lat="66.410651" lon="14.169544"></trkpt>
      <trkpt lat="66.410536" lon="14.169105"></trkpt>
      <trkpt lat="66.410483" lon="14.168922"></trkpt>
      <trkpt lat="66.410414" lon="14.168730"></trkpt>
      <trkpt lat="66.410333" lon="14.168520"></trkpt>
      <trkpt lat="66.410269" lon="14.168374"></trkpt>
      <trkpt lat="66.410139" lon="14.168101"></trkpt>
      <trkpt lat="66.409956" lon="14.167788"></trkpt>
      <trkpt lat="66.409775" lon="14.167511"></trkpt>
      <trkpt lat="66.409717" lon="14.167414"></trkpt>
      <trkpt lat="66.409557" lon="14.167129"></trkpt>
      <trkpt lat="66.409464" lon="14.166946"></trkpt>
      <trkpt lat="66.409401" lon="14.166809"></trkpt>
      <trkpt lat="66.409278" lon="14.166503"></trkpt>
      <trkpt lat="66.409185" lon="14.166227"></trkpt>
      <trkpt lat="66.409148" lon="14.166076"></trkpt>
      <trkpt lat="66.409120" lon="14.165930"></trkpt>
      <trkpt lat="66.409102" lon="14.165803"></trkpt>
      <trkpt lat="66.409082" lon="14.165623"></trkpt>
      <trkpt lat="66.409069" lon="14.165454"></trkpt>
      <trkpt lat="66.409061" lon="14.165246"></trkpt>
      <trkpt lat="66.409058" lon="14.164897"></trkpt>
      <trkpt lat="66.409060" lon="14.164637"></trkpt>
      <trkpt lat="66.409074" lon="14.164093"></trkpt>
      <trkpt lat="66.409075" lon="14.163899"></trkpt>
      <trkpt lat="66.409061" lon="14.163284"></trkpt>
      <trkpt lat="66.409043" lon="14.162788"></trkpt>
      <trkpt lat="66.409025" lon="14.162495"></trkpt>
      <trkpt lat="66.409006" lon="14.162212"></trkpt>
      <trkpt lat="66.408983" lon="14.161940"></trkpt>
      <trkpt lat="66.408955" lon="14.161657"></trkpt>
      <trkpt lat="66.408933" lon="14.161455"></trkpt>
      <trkpt lat="66.408899" lon="14.160914"></trkpt>
      <trkpt lat="66.408887" lon="14.160724"></trkpt>
      <trkpt lat="66.408872" lon="14.160306"></trkpt>
      <trkpt lat="66.408852" lon="14.159882"></trkpt>
      <trkpt lat="66.408765" lon="14.158375"></trkpt>
      <trkpt lat="66.408747" lon="14.158119"></trkpt>
      <trkpt lat="66.408676" lon="14.157434"></trkpt>
      <trkpt lat="66.408659" lon="14.157236"></trkpt>
      <trkpt lat="66.408621" lon="14.156556"></trkpt>
      <trkpt lat="66.408620" lon="14.156439"></trkpt>
      <trkpt lat="66.408630" lon="14.155684"></trkpt>
      <trkpt lat="66.408628" lon="14.155187"></trkpt>
      <trkpt lat="66.408609" lon="14.154740"></trkpt>
      <trkpt lat="66.408594" lon="14.154507"></trkpt>
      <trkpt lat="66.408582" lon="14.154369"></trkpt>
      <trkpt lat="66.408557" lon="14.154198"></trkpt>
      <trkpt lat="66.408430" lon="14.153572"></trkpt>
      <trkpt lat="66.408359" lon="14.153128"></trkpt>
      <trkpt lat="66.408327" lon="14.152856"></trkpt>
      <trkpt lat="66.408309" lon="14.152605"></trkpt>
      <trkpt lat="66.408302" lon="14.152325"></trkpt>
      <trkpt lat="66.408287" lon="14.150993"></trkpt>
      <trkpt lat="66.408285" lon="14.150223"></trkpt>
      <trkpt lat="66.408275" lon="14.149221"></trkpt>
      <trkpt lat="66.408259" lon="14.148443"></trkpt>
      <trkpt lat="66.408259" lon="14.148227"></trkpt>
      <trkpt lat="66.408263" lon="14.148082"></trkpt>
      <trkpt lat="66.408271" lon="14.147944"></trkpt>
      <trkpt lat="66.408280" lon="14.147851"></trkpt>
      <trkpt lat="66.408304" lon="14.147681"></trkpt>
      <trkpt lat="66.408414" lon="14.147018"></trkpt>
      <trkpt lat="66.408461" lon="14.146642"></trkpt>
      <trkpt lat="66.408478" lon="14.146469"></trkpt>
      <trkpt lat="66.408502" lon="14.146059"></trkpt>
      <trkpt lat="66.408507" lon="14.145860"></trkpt>
      <trkpt lat="66.408508" lon="14.145520"></trkpt>
      <trkpt lat="66.408505" lon="14.145089"></trkpt>
      <trkpt lat="66.408503" lon="14.144612"></trkpt>
      <trkpt lat="66.408509" lon="14.143409"></trkpt>
      <trkpt lat="66.408506" lon="14.143104"></trkpt>
      <trkpt lat="66.408500" lon="14.142927"></trkpt>
      <trkpt lat="66.408486" lon="14.142664"></trkpt>
      <trkpt lat="66.408442" lon="14.142110"></trkpt>
      <trkpt lat="66.408416" lon="14.141858"></trkpt>
      <trkpt lat="66.408382" lon="14.141580"></trkpt>
      <trkpt lat="66.408377" lon="14.141516"></trkpt>
      <trkpt lat="66.408368" lon="14.141387"></trkpt>
      <trkpt lat="66.408349" lon="14.140846"></trkpt>
      <trkpt lat="66.408319" lon="14.140419"></trkpt>
      <trkpt lat="66.408299" lon="14.140088"></trkpt>
      <trkpt lat="66.408266" lon="14.139070"></trkpt>
      <trkpt lat="66.408256" lon="14.138839"></trkpt>
      <trkpt lat="66.408209" lon="14.138042"></trkpt>
      <trkpt lat="66.408150" lon="14.137199"></trkpt>
      <trkpt lat="66.408085" lon="14.136418"></trkpt>
      <trkpt lat="66.407996" lon="14.134882"></trkpt>
      <trkpt lat="66.407987" lon="14.134619"></trkpt>
      <trkpt lat="66.407984" lon="14.134385"></trkpt>
      <trkpt lat="66.407989" lon="14.134132"></trkpt>
      <trkpt lat="66.408013" lon="14.133764"></trkpt>
      <trkpt lat="66.408056" lon="14.133180"></trkpt>
      <trkpt lat="66.408132" lon="14.132158"></trkpt>
      <trkpt lat="66.408211" lon="14.131324"></trkpt>
      <trkpt lat="66.408291" lon="14.130657"></trkpt>
      <trkpt lat="66.408354" lon="14.130206"></trkpt>
      <trkpt lat="66.408410" lon="14.129883"></trkpt>
      <trkpt lat="66.408491" lon="14.129442"></trkpt>
      <trkpt lat="66.408654" lon="14.128514"></trkpt>
      <trkpt lat="66.408696" lon="14.128250"></trkpt>
      <trkpt lat="66.408730" lon="14.128000"></trkpt>
      <trkpt lat="66.408857" lon="14.127182"></trkpt>
      <trkpt lat="66.408959" lon="14.126614"></trkpt>
      <trkpt lat="66.409042" lon="14.126104"></trkpt>
      <trkpt lat="66.409147" lon="14.125414"></trkpt>
      <trkpt lat="66.409184" lon="14.125223"></trkpt>
      <trkpt lat="66.409253" lon="14.124923"></trkpt>
      <trkpt lat="66.409288" lon="14.124778"></trkpt>
      <trkpt lat="66.409378" lon="14.124480"></trkpt>
      <trkpt lat="66.409429" lon="14.124334"></trkpt>
      <trkpt lat="66.409675" lon="14.123582"></trkpt>
      <trkpt lat="66.409921" lon="14.122767"></trkpt>
      <trkpt lat="66.409971" lon="14.122589"></trkpt>
      <trkpt lat="66.410029" lon="14.122333"></trkpt>
      <trkpt lat="66.410117" lon="14.121909"></trkpt>
      <trkpt lat="66.410183" lon="14.121610"></trkpt>
      <trkpt lat="66.410276" lon="14.121219"></trkpt>
      <trkpt lat="66.410724" lon="14.119225"></trkpt>
      <trkpt lat="66.410785" lon="14.118923"></trkpt>
      <trkpt lat="66.410817" lon="14.118740"></trkpt>
      <trkpt lat="66.410864" lon="14.118522"></trkpt>
      <trkpt lat="66.410937" lon="14.118175"></trkpt>
      <trkpt lat="66.410973" lon="14.117990"></trkpt>
      <trkpt lat="66.411009" lon="14.117787"></trkpt>
      <trkpt lat="66.411122" lon="14.117084"></trkpt>
      <trkpt lat="66.411197" lon="14.116524"></trkpt>
      <trkpt lat="66.411275" lon="14.115903"></trkpt>
      <trkpt lat="66.411372" lon="14.115075"></trkpt>
      <trkpt lat="66.411455" lon="14.114309"></trkpt>
      <trkpt lat="66.411530" lon="14.113682"></trkpt>
      <trkpt lat="66.411569" lon="14.113310"></trkpt>
      <trkpt lat="66.411606" lon="14.112997"></trkpt>
      <trkpt lat="66.411712" lon="14.112216"></trkpt>
      <trkpt lat="66.411868" lon="14.111258"></trkpt>
      <trkpt lat="66.412078" lon="14.110036"></trkpt>
      <trkpt lat="66.412366" lon="14.108285"></trkpt>
      <trkpt lat="66.412525" lon="14.107375"></trkpt>
      <trkpt lat="66.412659" lon="14.106569"></trkpt>
      <trkpt lat="66.412690" lon="14.106365"></trkpt>
      <trkpt lat="66.412759" lon="14.105858"></trkpt>
      <trkpt lat="66.412812" lon="14.105249"></trkpt>
      <trkpt lat="66.412840" lon="14.104820"></trkpt>
      <trkpt lat="66.412910" lon="14.103628"></trkpt>
      <trkpt lat="66.412991" lon="14.102417"></trkpt>
      <trkpt lat="66.413131" lon="14.099960"></trkpt>
      <trkpt lat="66.413173" lon="14.099365"></trkpt>
      <trkpt lat="66.413327" lon="14.096994"></trkpt>
      <trkpt lat="66.413356" lon="14.096372"></trkpt>
      <trkpt lat="66.413480" lon="14.094610"></trkpt>
      <trkpt lat="66.413497" lon="14.094261"></trkpt>
      <trkpt lat="66.413498" lon="14.093982"></trkpt>
      <trkpt lat="66.413491" lon="14.093738"></trkpt>
      <trkpt lat="66.413473" lon="14.093536"></trkpt>
      <trkpt lat="66.413450" lon="14.093361"></trkpt>
      <trkpt lat="66.413400" lon="14.093089"></trkpt>
      <trkpt lat="66.413348" lon="14.092868"></trkpt>
      <trkpt lat="66.413313" lon="14.092741"></trkpt>
      <trkpt lat="66.413190" lon="14.092425"></trkpt>
      <trkpt lat="66.413084" lon="14.092122"></trkpt>
      <trkpt lat="66.412968" lon="14.091774"></trkpt>
      <trkpt lat="66.412772" lon="14.091206"></trkpt>
      <trkpt lat="66.412403" lon="14.090075"></trkpt>
      <trkpt lat="66.412361" lon="14.089911"></trkpt>
      <trkpt lat="66.412311" lon="14.089677"></trkpt>
      <trkpt lat="66.412281" lon="14.089478"></trkpt>
      <trkpt lat="66.412214" lon="14.088935"></trkpt>
      <trkpt lat="66.412178" lon="14.088523"></trkpt>
      <trkpt lat="66.412077" lon="14.087392"></trkpt>
      <trkpt lat="66.412041" lon="14.086925"></trkpt>
      <trkpt lat="66.412035" lon="14.086713"></trkpt>
      <trkpt lat="66.412036" lon="14.086408"></trkpt>
      <trkpt lat="66.412049" lon="14.086176"></trkpt>
      <trkpt lat="66.412073" lon="14.085917"></trkpt>
      <trkpt lat="66.412184" lon="14.084889"></trkpt>
      <trkpt lat="66.412212" lon="14.084524"></trkpt>
      <trkpt lat="66.412229" lon="14.084095"></trkpt>
      <trkpt lat="66.412231" lon="14.083845"></trkpt>
      <trkpt lat="66.412225" lon="14.083503"></trkpt>
      <trkpt lat="66.412207" lon="14.082808"></trkpt>
      <trkpt lat="66.412200" lon="14.082542"></trkpt>
      <trkpt lat="66.412186" lon="14.082255"></trkpt>
      <trkpt lat="66.412152" lon="14.081242"></trkpt>
      <trkpt lat="66.412132" lon="14.080439"></trkpt>
      <trkpt lat="66.412132" lon="14.080272"></trkpt>
      <trkpt lat="66.412179" lon="14.079451"></trkpt>
      <trkpt lat="66.412215" lon="14.078846"></trkpt>
      <trkpt lat="66.412250" lon="14.078468"></trkpt>
      <trkpt lat="66.412285" lon="14.078187"></trkpt>
      <trkpt lat="66.412326" lon="14.077937"></trkpt>
      <trkpt lat="66.412568" lon="14.076785"></trkpt>
      <trkpt lat="66.412661" lon="14.076318"></trkpt>
      <trkpt lat="66.412701" lon="14.076136"></trkpt>
      <trkpt lat="66.412767" lon="14.075767"></trkpt>
      <trkpt lat="66.412811" lon="14.075561"></trkpt>
      <trkpt lat="66.412968" lon="14.074824"></trkpt>
      <trkpt lat="66.413315" lon="14.073083"></trkpt>
      <trkpt lat="66.413485" lon="14.072200"></trkpt>
      <trkpt lat="66.413636" lon="14.071373"></trkpt>
      <trkpt lat="66.413678" lon="14.071180"></trkpt>
      <trkpt lat="66.413912" lon="14.069940"></trkpt>
      <trkpt lat="66.414022" lon="14.069324"></trkpt>
      <trkpt lat="66.414065" lon="14.069050"></trkpt>
      <trkpt lat="66.414155" lon="14.068563"></trkpt>
      <trkpt lat="66.414208" lon="14.068291"></trkpt>
      <trkpt lat="66.414349" lon="14.067606"></trkpt>
      <trkpt lat="66.414412" lon="14.067244"></trkpt>
      <trkpt lat="66.414617" lon="14.066187"></trkpt>
      <trkpt lat="66.414680" lon="14.065913"></trkpt>
      <trkpt lat="66.414721" lon="14.065771"></trkpt>
      <trkpt lat="66.414766" lon="14.065636"></trkpt>
      <trkpt lat="66.414863" lon="14.065384"></trkpt>
      <trkpt lat="66.415210" lon="14.064425"></trkpt>
      <trkpt lat="66.415304" lon="14.064212"></trkpt>
      <trkpt lat="66.415530" lon="14.063604"></trkpt>
      <trkpt lat="66.415691" lon="14.063183"></trkpt>
      <trkpt lat="66.415760" lon="14.063012"></trkpt>
      <trkpt lat="66.415823" lon="14.062888"></trkpt>
      <trkpt lat="66.416090" lon="14.062484"></trkpt>
      <trkpt lat="66.416204" lon="14.062331"></trkpt>
      <trkpt lat="66.416429" lon="14.062055"></trkpt>
      <trkpt lat="66.416757" lon="14.061633"></trkpt>
      <trkpt lat="66.416908" lon="14.061435"></trkpt>
      <trkpt lat="66.417063" lon="14.061276"></trkpt>
      <trkpt lat="66.417140" lon="14.061206"></trkpt>
      <trkpt lat="66.417210" lon="14.061169"></trkpt>
      <trkpt lat="66.417287" lon="14.061156"></trkpt>
      <trkpt lat="66.417361" lon="14.061161"></trkpt>
      <trkpt lat="66.417480" lon="14.061186"></trkpt>
      <trkpt lat="66.417681" lon="14.061255"></trkpt>
      <trkpt lat="66.417847" lon="14.061322"></trkpt>
      <trkpt lat="66.417940" lon="14.061350"></trkpt>
      <trkpt lat="66.417997" lon="14.061350"></trkpt>
      <trkpt lat="66.418073" lon="14.061339"></trkpt>
      <trkpt lat="66.418155" lon="14.061304"></trkpt>
      <trkpt lat="66.418397" lon="14.061144"></trkpt>
      <trkpt lat="66.418615" lon="14.060985"></trkpt>
      <trkpt lat="66.418725" lon="14.060876"></trkpt>
      <trkpt lat="66.418851" lon="14.060736"></trkpt>
      <trkpt lat="66.419085" lon="14.060493"></trkpt>
      <trkpt lat="66.419208" lon="14.060382"></trkpt>
      <trkpt lat="66.419276" lon="14.060336"></trkpt>
      <trkpt lat="66.419314" lon="14.060320"></trkpt>
      <trkpt lat="66.419421" lon="14.060314"></trkpt>
      <trkpt lat="66.419879" lon="14.060252"></trkpt>
      <trkpt lat="66.420095" lon="14.060198"></trkpt>
      <trkpt lat="66.420107" lon="14.059892"></trkpt>
      <trkpt lat="66.420130" lon="14.059294"></trkpt>
      <trkpt lat="66.420129" lon="14.058750"></trkpt>
      <trkpt lat="66.420106" lon="14.057932"></trkpt>
      <trkpt lat="66.420090" lon="14.057733"></trkpt>
      <trkpt lat="66.420058" lon="14.057482"></trkpt>
      <trkpt lat="66.419937" lon="14.056881"></trkpt>
      <trkpt lat="66.419876" lon="14.056523"></trkpt>
      <trkpt lat="66.419842" lon="14.056092"></trkpt>
      <trkpt lat="66.419839" lon="14.055411"></trkpt>
      <trkpt lat="66.419855" lon="14.054770"></trkpt>
      <trkpt lat="66.419854" lon="14.054394"></trkpt>
      <trkpt lat="66.419824" lon="14.053647"></trkpt>
      <trkpt lat="66.419807" lon="14.053394"></trkpt>
      <trkpt lat="66.419662" lon="14.052008"></trkpt>
      <trkpt lat="66.419527" lon="14.050613"></trkpt>
      <trkpt lat="66.419500" lon="14.049474"></trkpt>
      <trkpt lat="66.419490" lon="14.049346"></trkpt>
      <trkpt lat="66.419450" lon="14.049108"></trkpt>
      <trkpt lat="66.419417" lon="14.048962"></trkpt>
      <trkpt lat="66.419340" lon="14.048758"></trkpt>
      <trkpt lat="66.419292" lon="14.048665"></trkpt>
      <trkpt lat="66.419231" lon="14.048578"></trkpt>
      <trkpt lat="66.419121" lon="14.048484"></trkpt>
      <trkpt lat="66.418721" lon="14.048301"></trkpt>
      <trkpt lat="66.418662" lon="14.048234"></trkpt>
      <trkpt lat="66.418567" lon="14.048086"></trkpt>
      <trkpt lat="66.418168" lon="14.047355"></trkpt>
      <trkpt lat="66.417963" lon="14.046933"></trkpt>
      <trkpt lat="66.417828" lon="14.046604"></trkpt>
      <trkpt lat="66.417777" lon="14.046438"></trkpt>
      <trkpt lat="66.417693" lon="14.046029"></trkpt>
      <trkpt lat="66.417504" lon="14.044634"></trkpt>
      <trkpt lat="66.417433" lon="14.044170"></trkpt>
      <trkpt lat="66.417352" lon="14.043728"></trkpt>
      <trkpt lat="66.417303" lon="14.043550"></trkpt>
      <trkpt lat="66.417233" lon="14.043352"></trkpt>
      <trkpt lat="66.417032" lon="14.042924"></trkpt>
      <trkpt lat="66.416858" lon="14.042586"></trkpt>
      <trkpt lat="66.416745" lon="14.042323"></trkpt>
      <trkpt lat="66.416438" lon="14.041487"></trkpt>
      <trkpt lat="66.415924" lon="14.039981"></trkpt>
      <trkpt lat="66.415846" lon="14.039816"></trkpt>
      <trkpt lat="66.415737" lon="14.039431"></trkpt>
      <trkpt lat="66.415553" lon="14.038636"></trkpt>
      <trkpt lat="66.415460" lon="14.038294"></trkpt>
      <trkpt lat="66.415392" lon="14.038107"></trkpt>
      <trkpt lat="66.415195" lon="14.037713"></trkpt>
      <trkpt lat="66.415158" lon="14.037616"></trkpt>
      <trkpt lat="66.414872" lon="14.036503"></trkpt>
      <trkpt lat="66.414652" lon="14.035785"></trkpt>
      <trkpt lat="66.414515" lon="14.035403"></trkpt>
      <trkpt lat="66.414376" lon="14.035084"></trkpt>
      <trkpt lat="66.414292" lon="14.034800"></trkpt>
      <trkpt lat="66.414181" lon="14.034106"></trkpt>
      <trkpt lat="66.414119" lon="14.033900"></trkpt>
      <trkpt lat="66.414046" lon="14.033703"></trkpt>
      <trkpt lat="66.413974" lon="14.033549"></trkpt>
      <trkpt lat="66.413928" lon="14.033500"></trkpt>
      <trkpt lat="66.413878" lon="14.033472"></trkpt>
      <trkpt lat="66.413576" lon="14.033379"></trkpt>
      <trkpt lat="66.413411" lon="14.033275"></trkpt>
      <trkpt lat="66.413206" lon="14.033115"></trkpt>
      <trkpt lat="66.412679" lon="14.032806"></trkpt>
      <trkpt lat="66.412605" lon="14.032751"></trkpt>
      <trkpt lat="66.412546" lon="14.032668"></trkpt>
      <trkpt lat="66.412432" lon="14.032426"></trkpt>
      <trkpt lat="66.412388" lon="14.032285"></trkpt>
      <trkpt lat="66.412327" lon="14.032023"></trkpt>
      <trkpt lat="66.412309" lon="14.031887"></trkpt>
      <trkpt lat="66.412301" lon="14.031435"></trkpt>
      <trkpt lat="66.412326" lon="14.031026"></trkpt>
      <trkpt lat="66.412398" lon="14.030562"></trkpt>
      <trkpt lat="66.412488" lon="14.030128"></trkpt>
      <trkpt lat="66.412550" lon="14.029873"></trkpt>
      <trkpt lat="66.412627" lon="14.029673"></trkpt>
      <trkpt lat="66.412779" lon="14.029414"></trkpt>
      <trkpt lat="66.412843" lon="14.029328"></trkpt>
      <trkpt lat="66.413016" lon="14.029151"></trkpt>
      <trkpt lat="66.413083" lon="14.029048"></trkpt>
      <trkpt lat="66.413243" lon="14.028695"></trkpt>
      <trkpt lat="66.413548" lon="14.027926"></trkpt>
      <trkpt lat="66.413631" lon="14.027654"></trkpt>
      <trkpt lat="66.413696" lon="14.027342"></trkpt>
      <trkpt lat="66.413793" lon="14.026976"></trkpt>
      <trkpt lat="66.413888" lon="14.026643"></trkpt>
      <trkpt lat="66.413951" lon="14.026470"></trkpt>
      <trkpt lat="66.414009" lon="14.026351"></trkpt>
      <trkpt lat="66.414189" lon="14.026073"></trkpt>
      <trkpt lat="66.414332" lon="14.025882"></trkpt>
      <trkpt lat="66.414465" lon="14.025679"></trkpt>
      <trkpt lat="66.414628" lon="14.025268"></trkpt>
      <trkpt lat="66.414715" lon="14.024930"></trkpt>
      <trkpt lat="66.414898" lon="14.023644"></trkpt>
      <trkpt lat="66.414918" lon="14.023437"></trkpt>
      <trkpt lat="66.414991" lon="14.023074"></trkpt>
      <trkpt lat="66.415190" lon="14.022450"></trkpt>
      <trkpt lat="66.415377" lon="14.021816"></trkpt>
      <trkpt lat="66.415478" lon="14.021530"></trkpt>
      <trkpt lat="66.415538" lon="14.021386"></trkpt>
      <trkpt lat="66.415702" lon="14.021144"></trkpt>
      <trkpt lat="66.416018" lon="14.020729"></trkpt>
      <trkpt lat="66.416353" lon="14.020178"></trkpt>
      <trkpt lat="66.416602" lon="14.019691"></trkpt>
      <trkpt lat="66.416982" lon="14.018657"></trkpt>
      <trkpt lat="66.417082" lon="14.018407"></trkpt>
      <trkpt lat="66.417218" lon="14.018180"></trkpt>
      <trkpt lat="66.417395" lon="14.017933"></trkpt>
      <trkpt lat="66.417730" lon="14.017340"></trkpt>
      <trkpt lat="66.417894" lon="14.017071"></trkpt>
      <trkpt lat="66.418254" lon="14.016380"></trkpt>
      <trkpt lat="66.418685" lon="14.015597"></trkpt>
      <trkpt lat="66.419082" lon="14.014845"></trkpt>
      <trkpt lat="66.419222" lon="14.014644"></trkpt>
      <trkpt lat="66.419377" lon="14.014378"></trkpt>
      <trkpt lat="66.419659" lon="14.013812"></trkpt>
      <trkpt lat="66.419890" lon="14.013305"></trkpt>
      <trkpt lat="66.420023" lon="14.013071"></trkpt>
      <trkpt lat="66.420133" lon="14.012845"></trkpt>
      <trkpt lat="66.420226" lon="14.012712"></trkpt>
      <trkpt lat="66.420514" lon="14.012434"></trkpt>
      <trkpt lat="66.420812" lon="14.012202"></trkpt>
      <trkpt lat="66.421007" lon="14.012076"></trkpt>
      <trkpt lat="66.421052" lon="14.012018"></trkpt>
      <trkpt lat="66.421319" lon="14.011559"></trkpt>
      <trkpt lat="66.421653" lon="14.011103"></trkpt>
      <trkpt lat="66.421723" lon="14.011017"></trkpt>
      <trkpt lat="66.421995" lon="14.010769"></trkpt>
      <trkpt lat="66.422175" lon="14.010555"></trkpt>
      <trkpt lat="66.422239" lon="14.010470"></trkpt>
      <trkpt lat="66.422285" lon="14.010385"></trkpt>
      <trkpt lat="66.422400" lon="14.010089"></trkpt>
      <trkpt lat="66.422671" lon="14.009088"></trkpt>
      <trkpt lat="66.422843" lon="14.008645"></trkpt>
      <trkpt lat="66.423110" lon="14.008123"></trkpt>
      <trkpt lat="66.423203" lon="14.007866"></trkpt>
      <trkpt lat="66.423246" lon="14.007712"></trkpt>
      <trkpt lat="66.423335" lon="14.007290"></trkpt>
      <trkpt lat="66.423395" lon="14.006660"></trkpt>
      <trkpt lat="66.423426" lon="14.006464"></trkpt>
      <trkpt lat="66.423451" lon="14.006355"></trkpt>
      <trkpt lat="66.423531" lon="14.006108"></trkpt>
      <trkpt lat="66.423803" lon="14.005474"></trkpt>
      <trkpt lat="66.424084" lon="14.004867"></trkpt>
      <trkpt lat="66.424351" lon="14.004327"></trkpt>
      <trkpt lat="66.424471" lon="14.004033"></trkpt>
      <trkpt lat="66.424652" lon="14.003672"></trkpt>
      <trkpt lat="66.424820" lon="14.003258"></trkpt>
      <trkpt lat="66.424960" lon="14.002596"></trkpt>
      <trkpt lat="66.425051" lon="14.002211"></trkpt>
      <trkpt lat="66.425128" lon="14.001941"></trkpt>
      <trkpt lat="66.425189" lon="14.001784"></trkpt>
      <trkpt lat="66.425405" lon="14.001428"></trkpt>
      <trkpt lat="66.425553" lon="14.001254"></trkpt>
      <trkpt lat="66.425689" lon="14.001123"></trkpt>
      <trkpt lat="66.426301" lon="14.000285"></trkpt>
      <trkpt lat="66.426459" lon="14.000046"></trkpt>
      <trkpt lat="66.426618" lon="13.999867"></trkpt>
      <trkpt lat="66.426678" lon="13.999753"></trkpt>
      <trkpt lat="66.426847" lon="13.999248"></trkpt>
      <trkpt lat="66.426908" lon="13.999029"></trkpt>
      <trkpt lat="66.426976" lon="13.998737"></trkpt>
      <trkpt lat="66.427150" lon="13.998181"></trkpt>
      <trkpt lat="66.427289" lon="13.997778"></trkpt>
      <trkpt lat="66.427326" lon="13.997647"></trkpt>
      <trkpt lat="66.427379" lon="13.997371"></trkpt>
      <trkpt lat="66.427509" lon="13.996851"></trkpt>
      <trkpt lat="66.427820" lon="13.995854"></trkpt>
      <trkpt lat="66.427917" lon="13.995492"></trkpt>
      <trkpt lat="66.427981" lon="13.995333"></trkpt>
      <trkpt lat="66.428276" lon="13.994781"></trkpt>
      <trkpt lat="66.428532" lon="13.994427"></trkpt>
      <trkpt lat="66.428642" lon="13.994228"></trkpt>
      <trkpt lat="66.428847" lon="13.993756"></trkpt>
      <trkpt lat="66.428998" lon="13.993461"></trkpt>
      <trkpt lat="66.429073" lon="13.993292"></trkpt>
      <trkpt lat="66.429215" lon="13.992907"></trkpt>
      <trkpt lat="66.429536" lon="13.991971"></trkpt>
      <trkpt lat="66.429654" lon="13.991464"></trkpt>
      <trkpt lat="66.429935" lon="13.989770"></trkpt>
      <trkpt lat="66.429986" lon="13.989333"></trkpt>
      <trkpt lat="66.430055" lon="13.988422"></trkpt>
      <trkpt lat="66.430107" lon="13.987907"></trkpt>
      <trkpt lat="66.430141" lon="13.987388"></trkpt>
      <trkpt lat="66.430129" lon="13.987099"></trkpt>
      <trkpt lat="66.430106" lon="13.986981"></trkpt>
      <trkpt lat="66.430081" lon="13.986897"></trkpt>
      <trkpt lat="66.429828" lon="13.986345"></trkpt>
      <trkpt lat="66.429693" lon="13.985962"></trkpt>
      <trkpt lat="66.429479" lon="13.985516"></trkpt>
      <trkpt lat="66.429302" lon="13.985192"></trkpt>
      <trkpt lat="66.429163" lon="13.984877"></trkpt>
      <trkpt lat="66.428974" lon="13.984349"></trkpt>
      <trkpt lat="66.428822" lon="13.983873"></trkpt>
      <trkpt lat="66.428739" lon="13.983542"></trkpt>
      <trkpt lat="66.428679" lon="13.983213"></trkpt>
      <trkpt lat="66.428613" lon="13.982967"></trkpt>
      <trkpt lat="66.428392" lon="13.982369"></trkpt>
      <trkpt lat="66.428289" lon="13.982032"></trkpt>
      <trkpt lat="66.428242" lon="13.981830"></trkpt>
      <trkpt lat="66.428174" lon="13.981593"></trkpt>
      <trkpt lat="66.428126" lon="13.981461"></trkpt>
      <trkpt lat="66.428011" lon="13.981051"></trkpt>
      <trkpt lat="66.427670" lon="13.979917"></trkpt>
      <trkpt lat="66.427446" lon="13.979270"></trkpt>
      <trkpt lat="66.427278" lon="13.978591"></trkpt>
      <trkpt lat="66.427202" lon="13.978240"></trkpt>
      <trkpt lat="66.427169" lon="13.978151"></trkpt>
      <trkpt lat="66.427132" lon="13.978099"></trkpt>
      <trkpt lat="66.426914" lon="13.978048"></trkpt>
      <trkpt lat="66.426486" lon="13.978011"></trkpt>
      <trkpt lat="66.426378" lon="13.978040"></trkpt>
      <trkpt lat="66.426327" lon="13.978085"></trkpt>
      <trkpt lat="66.426191" lon="13.978333"></trkpt>
      <trkpt lat="66.426076" lon="13.978584"></trkpt>
      <trkpt lat="66.425906" lon="13.978882"></trkpt>
      <trkpt lat="66.425853" lon="13.978956"></trkpt>
      <trkpt lat="66.425698" lon="13.979153"></trkpt>
      <trkpt lat="66.425567" lon="13.979292"></trkpt>
      <trkpt lat="66.425479" lon="13.979345"></trkpt>
      <trkpt lat="66.425380" lon="13.979352"></trkpt>
      <trkpt lat="66.425284" lon="13.979320"></trkpt>
      <trkpt lat="66.425049" lon="13.979078"></trkpt>
      <trkpt lat="66.424781" lon="13.978950"></trkpt>
      <trkpt lat="66.424693" lon="13.978891"></trkpt>
      <trkpt lat="66.424546" lon="13.978767"></trkpt>
      <trkpt lat="66.424395" lon="13.978612"></trkpt>
      <trkpt lat="66.424133" lon="13.978430"></trkpt>
      <trkpt lat="66.423843" lon="13.978198"></trkpt>
      <trkpt lat="66.423651" lon="13.978004"></trkpt>
      <trkpt lat="66.423612" lon="13.977949"></trkpt>
      <trkpt lat="66.423538" lon="13.977796"></trkpt>
      <trkpt lat="66.423483" lon="13.977627"></trkpt>
      <trkpt lat="66.423417" lon="13.977321"></trkpt>
      <trkpt lat="66.423401" lon="13.977223"></trkpt>
      <trkpt lat="66.423385" lon="13.976876"></trkpt>
      <trkpt lat="66.423387" lon="13.976567"></trkpt>
      <trkpt lat="66.423396" lon="13.976412"></trkpt>
      <trkpt lat="66.423494" lon="13.975644"></trkpt>
      <trkpt lat="66.423582" lon="13.974854"></trkpt>
      <trkpt lat="66.423583" lon="13.974365"></trkpt>
      <trkpt lat="66.423573" lon="13.974195"></trkpt>
      <trkpt lat="66.423557" lon="13.974079"></trkpt>
      <trkpt lat="66.423488" lon="13.973699"></trkpt>
      <trkpt lat="66.423374" lon="13.973285"></trkpt>
      <trkpt lat="66.423268" lon="13.972846"></trkpt>
      <trkpt lat="66.423162" lon="13.972469"></trkpt>
      <trkpt lat="66.423112" lon="13.972330"></trkpt>
      <trkpt lat="66.423004" lon="13.972106"></trkpt>
      <trkpt lat="66.422879" lon="13.971699"></trkpt>
      <trkpt lat="66.422698" lon="13.971165"></trkpt>
      <trkpt lat="66.422596" lon="13.970810"></trkpt>
      <trkpt lat="66.422473" lon="13.970416"></trkpt>
      <trkpt lat="66.422174" lon="13.969575"></trkpt>
      <trkpt lat="66.421958" lon="13.968937"></trkpt>
      <trkpt lat="66.421816" lon="13.968442"></trkpt>
      <trkpt lat="66.421773" lon="13.968242"></trkpt>
      <trkpt lat="66.421720" lon="13.967917"></trkpt>
      <trkpt lat="66.421692" lon="13.967603"></trkpt>
      <trkpt lat="66.421681" lon="13.966198"></trkpt>
      <trkpt lat="66.421664" lon="13.965854"></trkpt>
      <trkpt lat="66.421641" lon="13.965669"></trkpt>
      <trkpt lat="66.421639" lon="13.965411"></trkpt>
      <trkpt lat="66.421640" lon="13.965177"></trkpt>
      <trkpt lat="66.421664" lon="13.964395"></trkpt>
      <trkpt lat="66.421751" lon="13.962794"></trkpt>
      <trkpt lat="66.421787" lon="13.962084"></trkpt>
      <trkpt lat="66.421836" lon="13.961282"></trkpt>
      <trkpt lat="66.421837" lon="13.961132"></trkpt>
      <trkpt lat="66.421835" lon="13.961102"></trkpt>
      <trkpt lat="66.421825" lon="13.960944"></trkpt>
      <trkpt lat="66.421782" lon="13.960512"></trkpt>
      <trkpt lat="66.421740" lon="13.960046"></trkpt>
      <trkpt lat="66.421699" lon="13.959656"></trkpt>
      <trkpt lat="66.421662" lon="13.959214"></trkpt>
      <trkpt lat="66.421648" lon="13.958989"></trkpt>
      <trkpt lat="66.421635" lon="13.958604"></trkpt>
      <trkpt lat="66.421637" lon="13.958457"></trkpt>
      <trkpt lat="66.421653" lon="13.958284"></trkpt>
      <trkpt lat="66.421676" lon="13.958135"></trkpt>
      <trkpt lat="66.421705" lon="13.958001"></trkpt>
      <trkpt lat="66.421728" lon="13.957916"></trkpt>
      <trkpt lat="66.421817" lon="13.957650"></trkpt>
      <trkpt lat="66.422112" lon="13.956851"></trkpt>
      <trkpt lat="66.422116" lon="13.956839"></trkpt>
      <trkpt lat="66.422642" lon="13.955406"></trkpt>
      <trkpt lat="66.422782" lon="13.954984"></trkpt>
      <trkpt lat="66.422862" lon="13.954704"></trkpt>
      <trkpt lat="66.422927" lon="13.954396"></trkpt>
      <trkpt lat="66.422952" lon="13.954260"></trkpt>
      <trkpt lat="66.422969" lon="13.954134"></trkpt>
      <trkpt lat="66.422986" lon="13.953943"></trkpt>
      <trkpt lat="66.423002" lon="13.953664"></trkpt>
      <trkpt lat="66.423019" lon="13.953286"></trkpt>
      <trkpt lat="66.423031" lon="13.952828"></trkpt>
      <trkpt lat="66.423082" lon="13.951220"></trkpt>
      <trkpt lat="66.423107" lon="13.950604"></trkpt>
      <trkpt lat="66.423200" lon="13.949086"></trkpt>
      <trkpt lat="66.423244" lon="13.948435"></trkpt>
      <trkpt lat="66.423367" lon="13.946847"></trkpt>
      <trkpt lat="66.423534" lon="13.944408"></trkpt>
      <trkpt lat="66.423581" lon="13.943678"></trkpt>
      <trkpt lat="66.423601" lon="13.943304"></trkpt>
      <trkpt lat="66.423629" lon="13.942884"></trkpt>
      <trkpt lat="66.423650" lon="13.942503"></trkpt>
      <trkpt lat="66.423689" lon="13.941681"></trkpt>
      <trkpt lat="66.423902" lon="13.937543"></trkpt>
      <trkpt lat="66.423945" lon="13.936834"></trkpt>
      <trkpt lat="66.423969" lon="13.936556"></trkpt>
      <trkpt lat="66.423994" lon="13.936349"></trkpt>
      <trkpt lat="66.424045" lon="13.936008"></trkpt>
      <trkpt lat="66.424104" lon="13.935651"></trkpt>
      <trkpt lat="66.424455" lon="13.933740"></trkpt>
      <trkpt lat="66.424834" lon="13.931614"></trkpt>
      <trkpt lat="66.425020" lon="13.930552"></trkpt>
      <trkpt lat="66.425132" lon="13.929861"></trkpt>
      <trkpt lat="66.425300" lon="13.928691"></trkpt>
      <trkpt lat="66.425812" lon="13.925245"></trkpt>
      <trkpt lat="66.425929" lon="13.924443"></trkpt>
      <trkpt lat="66.426019" lon="13.923862"></trkpt>
      <trkpt lat="66.426067" lon="13.923598"></trkpt>
      <trkpt lat="66.426115" lon="13.923378"></trkpt>
      <trkpt lat="66.426181" lon="13.923118"></trkpt>
      <trkpt lat="66.426235" lon="13.922943"></trkpt>
      <trkpt lat="66.426296" lon="13.922762"></trkpt>
      <trkpt lat="66.426349" lon="13.922627"></trkpt>
      <trkpt lat="66.426422" lon="13.922455"></trkpt>
      <trkpt lat="66.426497" lon="13.922300"></trkpt>
      <trkpt lat="66.426577" lon="13.922152"></trkpt>
      <trkpt lat="66.426747" lon="13.921888"></trkpt>
      <trkpt lat="66.426816" lon="13.921799"></trkpt>
      <trkpt lat="66.426942" lon="13.921654"></trkpt>
      <trkpt lat="66.427114" lon="13.921479"></trkpt>
      <trkpt lat="66.427284" lon="13.921316"></trkpt>
      <trkpt lat="66.427611" lon="13.921035"></trkpt>
      <trkpt lat="66.427776" lon="13.920902"></trkpt>
      <trkpt lat="66.427944" lon="13.920753"></trkpt>
      <trkpt lat="66.428540" lon="13.920272"></trkpt>
      <trkpt lat="66.429075" lon="13.919877"></trkpt>
      <trkpt lat="66.429294" lon="13.919733"></trkpt>
      <trkpt lat="66.429946" lon="13.919338"></trkpt>
      <trkpt lat="66.430161" lon="13.919196"></trkpt>
      <trkpt lat="66.430404" lon="13.919048"></trkpt>
      <trkpt lat="66.430705" lon="13.918852"></trkpt>
      <trkpt lat="66.430788" lon="13.918791"></trkpt>
      <trkpt lat="66.430889" lon="13.918699"></trkpt>
      <trkpt lat="66.430990" lon="13.918595"></trkpt>
      <trkpt lat="66.431478" lon="13.918053"></trkpt>
      <trkpt lat="66.431573" lon="13.917963"></trkpt>
      <trkpt lat="66.431719" lon="13.917860"></trkpt>
      <trkpt lat="66.431875" lon="13.917784"></trkpt>
      <trkpt lat="66.431998" lon="13.917742"></trkpt>
      <trkpt lat="66.432464" lon="13.917651"></trkpt>
      <trkpt lat="66.432553" lon="13.917623"></trkpt>
      <trkpt lat="66.432625" lon="13.917587"></trkpt>
      <trkpt lat="66.432679" lon="13.917551"></trkpt>
      <trkpt lat="66.432732" lon="13.917502"></trkpt>
      <trkpt lat="66.432774" lon="13.917454"></trkpt>
      <trkpt lat="66.432851" lon="13.917335"></trkpt>
      <trkpt lat="66.432948" lon="13.917163"></trkpt>
      <trkpt lat="66.433036" lon="13.917020"></trkpt>
      <trkpt lat="66.433084" lon="13.916943"></trkpt>
      <trkpt lat="66.433545" lon="13.916122"></trkpt>
      <trkpt lat="66.433670" lon="13.915874"></trkpt>
      <trkpt lat="66.433773" lon="13.915654"></trkpt>
      <trkpt lat="66.433901" lon="13.915349"></trkpt>
      <trkpt lat="66.434009" lon="13.915075"></trkpt>
      <trkpt lat="66.434083" lon="13.914871"></trkpt>
      <trkpt lat="66.434154" lon="13.914653"></trkpt>
      <trkpt lat="66.434279" lon="13.914227"></trkpt>
      <trkpt lat="66.434329" lon="13.914035"></trkpt>
      <trkpt lat="66.434400" lon="13.913731"></trkpt>
      <trkpt lat="66.434456" lon="13.913447"></trkpt>
      <trkpt lat="66.434524" lon="13.913062"></trkpt>
      <trkpt lat="66.434578" lon="13.912740"></trkpt>
      <trkpt lat="66.434631" lon="13.912430"></trkpt>
      <trkpt lat="66.434797" lon="13.911348"></trkpt>
      <trkpt lat="66.434937" lon="13.910469"></trkpt>
      <trkpt lat="66.435238" lon="13.908458"></trkpt>
      <trkpt lat="66.435483" lon="13.906863"></trkpt>
      <trkpt lat="66.435559" lon="13.906410"></trkpt>
      <trkpt lat="66.435644" lon="13.905928"></trkpt>
      <trkpt lat="66.435719" lon="13.905585"></trkpt>
      <trkpt lat="66.435768" lon="13.905381"></trkpt>
      <trkpt lat="66.435874" lon="13.905001"></trkpt>
      <trkpt lat="66.435979" lon="13.904672"></trkpt>
      <trkpt lat="66.436106" lon="13.904353"></trkpt>
      <trkpt lat="66.436265" lon="13.904020"></trkpt>
      <trkpt lat="66.436425" lon="13.903721"></trkpt>
      <trkpt lat="66.436544" lon="13.903529"></trkpt>
      <trkpt lat="66.436896" lon="13.902996"></trkpt>
      <trkpt lat="66.437062" lon="13.902730"></trkpt>
      <trkpt lat="66.437165" lon="13.902589"></trkpt>
      <trkpt lat="66.437215" lon="13.902520"></trkpt>
      <trkpt lat="66.437400" lon="13.902229"></trkpt>
      <trkpt lat="66.437556" lon="13.901964"></trkpt>
      <trkpt lat="66.437702" lon="13.901740"></trkpt>
      <trkpt lat="66.438029" lon="13.901262"></trkpt>
      <trkpt lat="66.438162" lon="13.901054"></trkpt>
      <trkpt lat="66.438324" lon="13.900824"></trkpt>
      <trkpt lat="66.438750" lon="13.900182"></trkpt>
      <trkpt lat="66.438853" lon="13.900012"></trkpt>
      <trkpt lat="66.439042" lon="13.899736"></trkpt>
      <trkpt lat="66.439380" lon="13.899209"></trkpt>
      <trkpt lat="66.439647" lon="13.898805"></trkpt>
      <trkpt lat="66.439869" lon="13.898467"></trkpt>
      <trkpt lat="66.440330" lon="13.897767"></trkpt>
      <trkpt lat="66.440643" lon="13.897303"></trkpt>
      <trkpt lat="66.441085" lon="13.896622"></trkpt>
      <trkpt lat="66.441184" lon="13.896462"></trkpt>
      <trkpt lat="66.441236" lon="13.896380"></trkpt>
      <trkpt lat="66.441433" lon="13.896102"></trkpt>
      <trkpt lat="66.441620" lon="13.895827"></trkpt>
      <trkpt lat="66.442389" lon="13.894679"></trkpt>
      <trkpt lat="66.442650" lon="13.894275"></trkpt>
      <trkpt lat="66.442866" lon="13.893956"></trkpt>
      <trkpt lat="66.443297" lon="13.893298"></trkpt>
      <trkpt lat="66.443431" lon="13.893103"></trkpt>
      <trkpt lat="66.444726" lon="13.891135"></trkpt>
      <trkpt lat="66.445196" lon="13.890397"></trkpt>
      <trkpt lat="66.445478" lon="13.889968"></trkpt>
      <trkpt lat="66.445656" lon="13.889707"></trkpt>
      <trkpt lat="66.445971" lon="13.889278"></trkpt>
      <trkpt lat="66.446049" lon="13.889187"></trkpt>
      <trkpt lat="66.446294" lon="13.888933"></trkpt>
      <trkpt lat="66.446400" lon="13.888841"></trkpt>
      <trkpt lat="66.446576" lon="13.888706"></trkpt>
      <trkpt lat="66.446760" lon="13.888579"></trkpt>
      <trkpt lat="66.447579" lon="13.888049"></trkpt>
      <trkpt lat="66.447876" lon="13.887846"></trkpt>
      <trkpt lat="66.448256" lon="13.887598"></trkpt>
      <trkpt lat="66.448472" lon="13.887433"></trkpt>
      <trkpt lat="66.448609" lon="13.887348"></trkpt>
      <trkpt lat="66.448807" lon="13.887221"></trkpt>
      <trkpt lat="66.449234" lon="13.886917"></trkpt>
      <trkpt lat="66.449598" lon="13.886691"></trkpt>
      <trkpt lat="66.449991" lon="13.886430"></trkpt>
      <trkpt lat="66.450438" lon="13.886118"></trkpt>
      <trkpt lat="66.450818" lon="13.885863"></trkpt>
      <trkpt lat="66.450966" lon="13.885761"></trkpt>
      <trkpt lat="66.451010" lon="13.885725"></trkpt>
      <trkpt lat="66.451050" lon="13.885671"></trkpt>
      <trkpt lat="66.451083" lon="13.885594"></trkpt>
      <trkpt lat="66.451102" lon="13.885517"></trkpt>
      <trkpt lat="66.451131" lon="13.885547"></trkpt>
      <trkpt lat="66.451176" lon="13.885558"></trkpt>
      <trkpt lat="66.451246" lon="13.885547"></trkpt>
      <trkpt lat="66.451471" lon="13.885370"></trkpt>
      <trkpt lat="66.452048" lon="13.884891"></trkpt>
      <trkpt lat="66.452408" lon="13.884545"></trkpt>
      <trkpt lat="66.452885" lon="13.884120"></trkpt>
      <trkpt lat="66.453332" lon="13.883658"></trkpt>
      <trkpt lat="66.453409" lon="13.883594"></trkpt>
      <trkpt lat="66.453734" lon="13.883229"></trkpt>
      <trkpt lat="66.453837" lon="13.883083"></trkpt>
      <trkpt lat="66.453949" lon="13.882917"></trkpt>
      <trkpt lat="66.454062" lon="13.882705"></trkpt>
      <trkpt lat="66.454304" lon="13.882295"></trkpt>
      <trkpt lat="66.454432" lon="13.882195"></trkpt>
      <trkpt lat="66.454633" lon="13.881937"></trkpt>
      <trkpt lat="66.455198" lon="13.881360"></trkpt>
      <trkpt lat="66.455829" lon="13.880822"></trkpt>
      <trkpt lat="66.456141" lon="13.880454"></trkpt>
      <trkpt lat="66.456480" lon="13.880131"></trkpt>
      <trkpt lat="66.456882" lon="13.879844"></trkpt>
      <trkpt lat="66.457067" lon="13.879773"></trkpt>
      <trkpt lat="66.457245" lon="13.879666"></trkpt>
      <trkpt lat="66.457767" lon="13.879300"></trkpt>
      <trkpt lat="66.457978" lon="13.879191"></trkpt>
      <trkpt lat="66.458278" lon="13.879095"></trkpt>
      <trkpt lat="66.458481" lon="13.878978"></trkpt>
      <trkpt lat="66.458578" lon="13.878888"></trkpt>
      <trkpt lat="66.458756" lon="13.878622"></trkpt>
      <trkpt lat="66.459030" lon="13.878143"></trkpt>
      <trkpt lat="66.459208" lon="13.877929"></trkpt>
      <trkpt lat="66.459776" lon="13.877288"></trkpt>
      <trkpt lat="66.459945" lon="13.877157"></trkpt>
      <trkpt lat="66.460148" lon="13.876973"></trkpt>
      <trkpt lat="66.460503" lon="13.876580"></trkpt>
      <trkpt lat="66.460676" lon="13.876413"></trkpt>
      <trkpt lat="66.460811" lon="13.876322"></trkpt>
      <trkpt lat="66.461259" lon="13.876082"></trkpt>
      <trkpt lat="66.461563" lon="13.875864"></trkpt>
      <trkpt lat="66.461771" lon="13.875769"></trkpt>
      <trkpt lat="66.462459" lon="13.875505"></trkpt>
      <trkpt lat="66.462638" lon="13.875364"></trkpt>
      <trkpt lat="66.462861" lon="13.875130"></trkpt>
      <trkpt lat="66.463195" lon="13.874531"></trkpt>
      <trkpt lat="66.463476" lon="13.873958"></trkpt>
      <trkpt lat="66.463634" lon="13.873668"></trkpt>
      <trkpt lat="66.463797" lon="13.873398"></trkpt>
      <trkpt lat="66.463885" lon="13.873270"></trkpt>
      <trkpt lat="66.464089" lon="13.873057"></trkpt>
      <trkpt lat="66.464243" lon="13.872942"></trkpt>
      <trkpt lat="66.465248" lon="13.872596"></trkpt>
      <trkpt lat="66.465607" lon="13.872450"></trkpt>
      <trkpt lat="66.466221" lon="13.872063"></trkpt>
      <trkpt lat="66.466439" lon="13.872006"></trkpt>
      <trkpt lat="66.466738" lon="13.871983"></trkpt>
      <trkpt lat="66.467667" lon="13.871995"></trkpt>
      <trkpt lat="66.468249" lon="13.871980"></trkpt>
      <trkpt lat="66.468526" lon="13.871995"></trkpt>
      <trkpt lat="66.468981" lon="13.872095"></trkpt>
      <trkpt lat="66.470110" lon="13.872469"></trkpt>
      <trkpt lat="66.470660" lon="13.872601"></trkpt>
      <trkpt lat="66.470681" lon="13.872584"></trkpt>
      <trkpt lat="66.471056" lon="13.872567"></trkpt>
      <trkpt lat="66.471265" lon="13.872517"></trkpt>
      <trkpt lat="66.471620" lon="13.872369"></trkpt>
      <trkpt lat="66.471777" lon="13.872261"></trkpt>
      <trkpt lat="66.472176" lon="13.871942"></trkpt>
      <trkpt lat="66.472323" lon="13.871792"></trkpt>
      <trkpt lat="66.472806" lon="13.871372"></trkpt>
      <trkpt lat="66.473220" lon="13.870983"></trkpt>
      <trkpt lat="66.473322" lon="13.870907"></trkpt>
      <trkpt lat="66.473486" lon="13.870774"></trkpt>
      <trkpt lat="66.473588" lon="13.870722"></trkpt>
      <trkpt lat="66.473820" lon="13.870655"></trkpt>
      <trkpt lat="66.474105" lon="13.870521"></trkpt>
      <trkpt lat="66.474391" lon="13.870499"></trkpt>
      <trkpt lat="66.474780" lon="13.870583"></trkpt>
      <trkpt lat="66.475166" lon="13.870767"></trkpt>
      <trkpt lat="66.475363" lon="13.870837"></trkpt>
      <trkpt lat="66.475610" lon="13.870868"></trkpt>
      <trkpt lat="66.475682" lon="13.870861"></trkpt>
      <trkpt lat="66.475805" lon="13.870826"></trkpt>
      <trkpt lat="66.475991" lon="13.870737"></trkpt>
      <trkpt lat="66.476289" lon="13.870505"></trkpt>
      <trkpt lat="66.476642" lon="13.870175"></trkpt>
      <trkpt lat="66.476764" lon="13.870104"></trkpt>
      <trkpt lat="66.476887" lon="13.870088"></trkpt>
      <trkpt lat="66.477082" lon="13.870148"></trkpt>
      <trkpt lat="66.477728" lon="13.870357"></trkpt>
      <trkpt lat="66.477900" lon="13.870381"></trkpt>
      <trkpt lat="66.478327" lon="13.870496"></trkpt>
      <trkpt lat="66.478885" lon="13.870595"></trkpt>
      <trkpt lat="66.480577" lon="13.870619"></trkpt>
      <trkpt lat="66.481434" lon="13.870654"></trkpt>
      <trkpt lat="66.482275" lon="13.870879"></trkpt>
      <trkpt lat="66.482999" lon="13.871100"></trkpt>
      <trkpt lat="66.483219" lon="13.871187"></trkpt>
      <trkpt lat="66.483410" lon="13.871286"></trkpt>
      <trkpt lat="66.483862" lon="13.871571"></trkpt>
      <trkpt lat="66.483947" lon="13.871601"></trkpt>
      <trkpt lat="66.483956" lon="13.871596"></trkpt>
      <trkpt lat="66.484024" lon="13.871575"></trkpt>
      <trkpt lat="66.484096" lon="13.871441"></trkpt>
      <trkpt lat="66.484202" lon="13.871225"></trkpt>
      <trkpt lat="66.484241" lon="13.871163"></trkpt>
      <trkpt lat="66.484311" lon="13.871101"></trkpt>
      <trkpt lat="66.484476" lon="13.870979"></trkpt>
      <trkpt lat="66.484476" lon="13.870979"></trkpt>
      <trkpt lat="66.484311" lon="13.871101"></trkpt>
      <trkpt lat="66.484241" lon="13.871163"></trkpt>
      <trkpt lat="66.484202" lon="13.871225"></trkpt>
      <trkpt lat="66.484096" lon="13.871441"></trkpt>
      <trkpt lat="66.484024" lon="13.871575"></trkpt>
      <trkpt lat="66.483956" lon="13.871596"></trkpt>
      <trkpt lat="66.483947" lon="13.871601"></trkpt>
      <trkpt lat="66.483862" lon="13.871571"></trkpt>
      <trkpt lat="66.483410" lon="13.871286"></trkpt>
      <trkpt lat="66.483219" lon="13.871187"></trkpt>
      <trkpt lat="66.482999" lon="13.871100"></trkpt>
      <trkpt lat="66.482275" lon="13.870879"></trkpt>
      <trkpt lat="66.481434" lon="13.870654"></trkpt>
      <trkpt lat="66.480577" lon="13.870619"></trkpt>
      <trkpt lat="66.478885" lon="13.870595"></trkpt>
      <trkpt lat="66.478327" lon="13.870496"></trkpt>
      <trkpt lat="66.477900" lon="13.870381"></trkpt>
      <trkpt lat="66.477728" lon="13.870357"></trkpt>
      <trkpt lat="66.477082" lon="13.870148"></trkpt>
      <trkpt lat="66.476887" lon="13.870088"></trkpt>
      <trkpt lat="66.476764" lon="13.870104"></trkpt>
      <trkpt lat="66.476642" lon="13.870175"></trkpt>
      <trkpt lat="66.476289" lon="13.870505"></trkpt>
      <trkpt lat="66.475991" lon="13.870737"></trkpt>
      <trkpt lat="66.475805" lon="13.870826"></trkpt>
      <trkpt lat="66.475682" lon="13.870861"></trkpt>
      <trkpt lat="66.475610" lon="13.870868"></trkpt>
      <trkpt lat="66.475363" lon="13.870837"></trkpt>
      <trkpt lat="66.475166" lon="13.870767"></trkpt>
      <trkpt lat="66.474780" lon="13.870583"></trkpt>
      <trkpt lat="66.474391" lon="13.870499"></trkpt>
      <trkpt lat="66.474105" lon="13.870521"></trkpt>
      <trkpt lat="66.473820" lon="13.870655"></trkpt>
      <trkpt lat="66.473588" lon="13.870722"></trkpt>
      <trkpt lat="66.473486" lon="13.870774"></trkpt>
      <trkpt lat="66.473322" lon="13.870907"></trkpt>
      <trkpt lat="66.473220" lon="13.870983"></trkpt>
      <trkpt lat="66.472806" lon="13.871372"></trkpt>
      <trkpt lat="66.472323" lon="13.871792"></trkpt>
      <trkpt lat="66.472176" lon="13.871942"></trkpt>
      <trkpt lat="66.471777" lon="13.872261"></trkpt>
      <trkpt lat="66.471620" lon="13.872369"></trkpt>
      <trkpt lat="66.471265" lon="13.872517"></trkpt>
      <trkpt lat="66.471056" lon="13.872567"></trkpt>
      <trkpt lat="66.470681" lon="13.872584"></trkpt>
      <trkpt lat="66.470660" lon="13.872601"></trkpt>
      <trkpt lat="66.470110" lon="13.872469"></trkpt>
      <trkpt lat="66.468981" lon="13.872095"></trkpt>
      <trkpt lat="66.468526" lon="13.871995"></trkpt>
      <trkpt lat="66.468249" lon="13.871980"></trkpt>
      <trkpt lat="66.467667" lon="13.871995"></trkpt>
      <trkpt lat="66.466738" lon="13.871983"></trkpt>
      <trkpt lat="66.466439" lon="13.872006"></trkpt>
      <trkpt lat="66.466221" lon="13.872063"></trkpt>
      <trkpt lat="66.465607" lon="13.872450"></trkpt>
      <trkpt lat="66.465248" lon="13.872596"></trkpt>
      <trkpt lat="66.464243" lon="13.872942"></trkpt>
      <trkpt lat="66.464089" lon="13.873057"></trkpt>
      <trkpt lat="66.463885" lon="13.873270"></trkpt>
      <trkpt lat="66.463797" lon="13.873398"></trkpt>
      <trkpt lat="66.463634" lon="13.873668"></trkpt>
      <trkpt lat="66.463476" lon="13.873958"></trkpt>
      <trkpt lat="66.463195" lon="13.874531"></trkpt>
      <trkpt lat="66.462861" lon="13.875130"></trkpt>
      <trkpt lat="66.462638" lon="13.875364"></trkpt>
      <trkpt lat="66.462459" lon="13.875505"></trkpt>
      <trkpt lat="66.461771" lon="13.875769"></trkpt>
      <trkpt lat="66.461563" lon="13.875864"></trkpt>
      <trkpt lat="66.461259" lon="13.876082"></trkpt>
      <trkpt lat="66.460811" lon="13.876322"></trkpt>
      <trkpt lat="66.460676" lon="13.876413"></trkpt>
      <trkpt lat="66.460503" lon="13.876580"></trkpt>
      <trkpt lat="66.460148" lon="13.876973"></trkpt>
      <trkpt lat="66.459945" lon="13.877157"></trkpt>
      <trkpt lat="66.459776" lon="13.877288"></trkpt>
      <trkpt lat="66.459208" lon="13.877929"></trkpt>
      <trkpt lat="66.459030" lon="13.878143"></trkpt>
      <trkpt lat="66.458756" lon="13.878622"></trkpt>
      <trkpt lat="66.458578" lon="13.878888"></trkpt>
      <trkpt lat="66.458481" lon="13.878978"></trkpt>
      <trkpt lat="66.458278" lon="13.879095"></trkpt>
      <trkpt lat="66.457978" lon="13.879191"></trkpt>
      <trkpt lat="66.457767" lon="13.879300"></trkpt>
      <trkpt lat="66.457245" lon="13.879666"></trkpt>
      <trkpt lat="66.457067" lon="13.879773"></trkpt>
      <trkpt lat="66.456882" lon="13.879844"></trkpt>
      <trkpt lat="66.456480" lon="13.880131"></trkpt>
      <trkpt lat="66.456141" lon="13.880454"></trkpt>
      <trkpt lat="66.455829" lon="13.880822"></trkpt>
      <trkpt lat="66.455198" lon="13.881360"></trkpt>
      <trkpt lat="66.454633" lon="13.881937"></trkpt>
      <trkpt lat="66.454432" lon="13.882195"></trkpt>
      <trkpt lat="66.454304" lon="13.882295"></trkpt>
      <trkpt lat="66.454062" lon="13.882705"></trkpt>
      <trkpt lat="66.453949" lon="13.882917"></trkpt>
      <trkpt lat="66.453837" lon="13.883083"></trkpt>
      <trkpt lat="66.453734" lon="13.883229"></trkpt>
      <trkpt lat="66.453409" lon="13.883594"></trkpt>
      <trkpt lat="66.453332" lon="13.883658"></trkpt>
      <trkpt lat="66.452885" lon="13.884120"></trkpt>
      <trkpt lat="66.452408" lon="13.884545"></trkpt>
      <trkpt lat="66.452048" lon="13.884891"></trkpt>
      <trkpt lat="66.451471" lon="13.885370"></trkpt>
      <trkpt lat="66.451246" lon="13.885547"></trkpt>
      <trkpt lat="66.451176" lon="13.885558"></trkpt>
      <trkpt lat="66.451131" lon="13.885547"></trkpt>
      <trkpt lat="66.451102" lon="13.885517"></trkpt>
      <trkpt lat="66.451083" lon="13.885594"></trkpt>
      <trkpt lat="66.451050" lon="13.885671"></trkpt>
      <trkpt lat="66.451010" lon="13.885725"></trkpt>
      <trkpt lat="66.450966" lon="13.885761"></trkpt>
      <trkpt lat="66.450818" lon="13.885863"></trkpt>
      <trkpt lat="66.450438" lon="13.886118"></trkpt>
      <trkpt lat="66.449991" lon="13.886430"></trkpt>
      <trkpt lat="66.449598" lon="13.886691"></trkpt>
      <trkpt lat="66.449234" lon="13.886917"></trkpt>
      <trkpt lat="66.448807" lon="13.887221"></trkpt>
      <trkpt lat="66.448609" lon="13.887348"></trkpt>
      <trkpt lat="66.448472" lon="13.887433"></trkpt>
      <trkpt lat="66.448256" lon="13.887598"></trkpt>
      <trkpt lat="66.447876" lon="13.887846"></trkpt>
      <trkpt lat="66.447579" lon="13.888049"></trkpt>
      <trkpt lat="66.446760" lon="13.888579"></trkpt>
      <trkpt lat="66.446576" lon="13.888706"></trkpt>
      <trkpt lat="66.446400" lon="13.888841"></trkpt>
      <trkpt lat="66.446294" lon="13.888933"></trkpt>
      <trkpt lat="66.446049" lon="13.889187"></trkpt>
      <trkpt lat="66.445971" lon="13.889278"></trkpt>
      <trkpt lat="66.445656" lon="13.889707"></trkpt>
      <trkpt lat="66.445478" lon="13.889968"></trkpt>
      <trkpt lat="66.445196" lon="13.890397"></trkpt>
      <trkpt lat="66.444726" lon="13.891135"></trkpt>
      <trkpt lat="66.443431" lon="13.893103"></trkpt>
      <trkpt lat="66.443297" lon="13.893298"></trkpt>
      <trkpt lat="66.442866" lon="13.893956"></trkpt>
      <trkpt lat="66.442650" lon="13.894275"></trkpt>
      <trkpt lat="66.442389" lon="13.894679"></trkpt>
      <trkpt lat="66.441620" lon="13.895827"></trkpt>
      <trkpt lat="66.441433" lon="13.896102"></trkpt>
      <trkpt lat="66.441236" lon="13.896380"></trkpt>
      <trkpt lat="66.441184" lon="13.896462"></trkpt>
      <trkpt lat="66.441085" lon="13.896622"></trkpt>
      <trkpt lat="66.440643" lon="13.897303"></trkpt>
      <trkpt lat="66.440330" lon="13.897767"></trkpt>
      <trkpt lat="66.439869" lon="13.898467"></trkpt>
      <trkpt lat="66.439647" lon="13.898805"></trkpt>
      <trkpt lat="66.439380" lon="13.899209"></trkpt>
      <trkpt lat="66.439042" lon="13.899736"></trkpt>
      <trkpt lat="66.438853" lon="13.900012"></trkpt>
      <trkpt lat="66.438750" lon="13.900182"></trkpt>
      <trkpt lat="66.438324" lon="13.900824"></trkpt>
      <trkpt lat="66.438162" lon="13.901054"></trkpt>
      <trkpt lat="66.438029" lon="13.901262"></trkpt>
      <trkpt lat="66.437702" lon="13.901740"></trkpt>
      <trkpt lat="66.437556" lon="13.901964"></trkpt>
      <trkpt lat="66.437400" lon="13.902229"></trkpt>
      <trkpt lat="66.437215" lon="13.902520"></trkpt>
      <trkpt lat="66.437165" lon="13.902589"></trkpt>
      <trkpt lat="66.437062" lon="13.902730"></trkpt>
      <trkpt lat="66.436896" lon="13.902996"></trkpt>
      <trkpt lat="66.436544" lon="13.903529"></trkpt>
      <trkpt lat="66.436425" lon="13.903721"></trkpt>
      <trkpt lat="66.436265" lon="13.904020"></trkpt>
      <trkpt lat="66.436106" lon="13.904353"></trkpt>
      <trkpt lat="66.435979" lon="13.904672"></trkpt>
      <trkpt lat="66.435874" lon="13.905001"></trkpt>
      <trkpt lat="66.435768" lon="13.905381"></trkpt>
      <trkpt lat="66.435719" lon="13.905585"></trkpt>
      <trkpt lat="66.435644" lon="13.905928"></trkpt>
      <trkpt lat="66.435559" lon="13.906410"></trkpt>
      <trkpt lat="66.435483" lon="13.906863"></trkpt>
      <trkpt lat="66.435238" lon="13.908458"></trkpt>
      <trkpt lat="66.434937" lon="13.910469"></trkpt>
      <trkpt lat="66.434797" lon="13.911348"></trkpt>
      <trkpt lat="66.434631" lon="13.912430"></trkpt>
      <trkpt lat="66.434578" lon="13.912740"></trkpt>
      <trkpt lat="66.434524" lon="13.913062"></trkpt>
      <trkpt lat="66.434456" lon="13.913447"></trkpt>
      <trkpt lat="66.434400" lon="13.913731"></trkpt>
      <trkpt lat="66.434329" lon="13.914035"></trkpt>
      <trkpt lat="66.434279" lon="13.914227"></trkpt>
      <trkpt lat="66.434154" lon="13.914653"></trkpt>
      <trkpt lat="66.434083" lon="13.914871"></trkpt>
      <trkpt lat="66.434009" lon="13.915075"></trkpt>
      <trkpt lat="66.433901" lon="13.915349"></trkpt>
      <trkpt lat="66.433773" lon="13.915654"></trkpt>
      <trkpt lat="66.433670" lon="13.915874"></trkpt>
      <trkpt lat="66.433545" lon="13.916122"></trkpt>
      <trkpt lat="66.433084" lon="13.916943"></trkpt>
      <trkpt lat="66.433036" lon="13.917020"></trkpt>
      <trkpt lat="66.432948" lon="13.917163"></trkpt>
      <trkpt lat="66.432851" lon="13.917335"></trkpt>
      <trkpt lat="66.432774" lon="13.917454"></trkpt>
      <trkpt lat="66.432732" lon="13.917502"></trkpt>
      <trkpt lat="66.432679" lon="13.917551"></trkpt>
      <trkpt lat="66.432625" lon="13.917587"></trkpt>
      <trkpt lat="66.432553" lon="13.917623"></trkpt>
      <trkpt lat="66.432464" lon="13.917651"></trkpt>
      <trkpt lat="66.431998" lon="13.917742"></trkpt>
      <trkpt lat="66.431875" lon="13.917784"></trkpt>
      <trkpt lat="66.431719" lon="13.917860"></trkpt>
      <trkpt lat="66.431573" lon="13.917963"></trkpt>
      <trkpt lat="66.431478" lon="13.918053"></trkpt>
      <trkpt lat="66.430990" lon="13.918595"></trkpt>
      <trkpt lat="66.430889" lon="13.918699"></trkpt>
      <trkpt lat="66.430788" lon="13.918791"></trkpt>
      <trkpt lat="66.430705" lon="13.918852"></trkpt>
      <trkpt lat="66.430404" lon="13.919048"></trkpt>
      <trkpt lat="66.430161" lon="13.919196"></trkpt>
      <trkpt lat="66.429946" lon="13.919338"></trkpt>
      <trkpt lat="66.429294" lon="13.919733"></trkpt>
      <trkpt lat="66.429075" lon="13.919877"></trkpt>
      <trkpt lat="66.428540" lon="13.920272"></trkpt>
      <trkpt lat="66.427944" lon="13.920753"></trkpt>
      <trkpt lat="66.427776" lon="13.920902"></trkpt>
      <trkpt lat="66.427611" lon="13.921035"></trkpt>
      <trkpt lat="66.427284" lon="13.921316"></trkpt>
      <trkpt lat="66.427114" lon="13.921479"></trkpt>
      <trkpt lat="66.426942" lon="13.921654"></trkpt>
      <trkpt lat="66.426816" lon="13.921799"></trkpt>
      <trkpt lat="66.426747" lon="13.921888"></trkpt>
      <trkpt lat="66.426577" lon="13.922152"></trkpt>
      <trkpt lat="66.426497" lon="13.922300"></trkpt>
      <trkpt lat="66.426422" lon="13.922455"></trkpt>
      <trkpt lat="66.426349" lon="13.922627"></trkpt>
      <trkpt lat="66.426296" lon="13.922762"></trkpt>
      <trkpt lat="66.426235" lon="13.922943"></trkpt>
      <trkpt lat="66.426181" lon="13.923118"></trkpt>
      <trkpt lat="66.426115" lon="13.923378"></trkpt>
      <trkpt lat="66.426067" lon="13.923598"></trkpt>
      <trkpt lat="66.426019" lon="13.923862"></trkpt>
      <trkpt lat="66.425929" lon="13.924443"></trkpt>
      <trkpt lat="66.425812" lon="13.925245"></trkpt>
      <trkpt lat="66.425300" lon="13.928691"></trkpt>
      <trkpt lat="66.425132" lon="13.929861"></trkpt>
      <trkpt lat="66.425020" lon="13.930552"></trkpt>
      <trkpt lat="66.424834" lon="13.931614"></trkpt>
      <trkpt lat="66.424455" lon="13.933740"></trkpt>
      <trkpt lat="66.424104" lon="13.935651"></trkpt>
      <trkpt lat="66.424045" lon="13.936008"></trkpt>
      <trkpt lat="66.423994" lon="13.936349"></trkpt>
      <trkpt lat="66.423969" lon="13.936556"></trkpt>
      <trkpt lat="66.423945" lon="13.936834"></trkpt>
      <trkpt lat="66.423902" lon="13.937543"></trkpt>
      <trkpt lat="66.423689" lon="13.941681"></trkpt>
      <trkpt lat="66.423650" lon="13.942503"></trkpt>
      <trkpt lat="66.423629" lon="13.942884"></trkpt>
      <trkpt lat="66.423601" lon="13.943304"></trkpt>
      <trkpt lat="66.423581" lon="13.943678"></trkpt>
      <trkpt lat="66.423534" lon="13.944408"></trkpt>
      <trkpt lat="66.423367" lon="13.946847"></trkpt>
      <trkpt lat="66.423244" lon="13.948435"></trkpt>
      <trkpt lat="66.423200" lon="13.949086"></trkpt>
      <trkpt lat="66.423107" lon="13.950604"></trkpt>
      <trkpt lat="66.423082" lon="13.951220"></trkpt>
      <trkpt lat="66.423031" lon="13.952828"></trkpt>
      <trkpt lat="66.423019" lon="13.953286"></trkpt>
      <trkpt lat="66.423002" lon="13.953664"></trkpt>
      <trkpt lat="66.422986" lon="13.953943"></trkpt>
      <trkpt lat="66.422969" lon="13.954134"></trkpt>
      <trkpt lat="66.422952" lon="13.954260"></trkpt>
      <trkpt lat="66.422927" lon="13.954396"></trkpt>
      <trkpt lat="66.422862" lon="13.954704"></trkpt>
      <trkpt lat="66.422782" lon="13.954984"></trkpt>
      <trkpt lat="66.422642" lon="13.955406"></trkpt>
      <trkpt lat="66.422116" lon="13.956839"></trkpt>
      <trkpt lat="66.422112" lon="13.956851"></trkpt>
      <trkpt lat="66.421817" lon="13.957650"></trkpt>
      <trkpt lat="66.421728" lon="13.957916"></trkpt>
      <trkpt lat="66.421705" lon="13.958001"></trkpt>
      <trkpt lat="66.421676" lon="13.958135"></trkpt>
      <trkpt lat="66.421653" lon="13.958284"></trkpt>
      <trkpt lat="66.421637" lon="13.958457"></trkpt>
      <trkpt lat="66.421635" lon="13.958604"></trkpt>
      <trkpt lat="66.421648" lon="13.958989"></trkpt>
      <trkpt lat="66.421662" lon="13.959214"></trkpt>
      <trkpt lat="66.421699" lon="13.959656"></trkpt>
      <trkpt lat="66.421740" lon="13.960046"></trkpt>
      <trkpt lat="66.421782" lon="13.960512"></trkpt>
      <trkpt lat="66.421825" lon="13.960944"></trkpt>
      <trkpt lat="66.421835" lon="13.961102"></trkpt>
      <trkpt lat="66.421837" lon="13.961132"></trkpt>
      <trkpt lat="66.421836" lon="13.961282"></trkpt>
      <trkpt lat="66.421787" lon="13.962084"></trkpt>
      <trkpt lat="66.421751" lon="13.962794"></trkpt>
      <trkpt lat="66.421664" lon="13.964395"></trkpt>
      <trkpt lat="66.421640" lon="13.965177"></trkpt>
      <trkpt lat="66.421639" lon="13.965411"></trkpt>
      <trkpt lat="66.421641" lon="13.965669"></trkpt>
      <trkpt lat="66.421664" lon="13.965854"></trkpt>
      <trkpt lat="66.421681" lon="13.966198"></trkpt>
      <trkpt lat="66.421692" lon="13.967603"></trkpt>
      <trkpt lat="66.421720" lon="13.967917"></trkpt>
      <trkpt lat="66.421773" lon="13.968242"></trkpt>
      <trkpt lat="66.421816" lon="13.968442"></trkpt>
      <trkpt lat="66.421958" lon="13.968937"></trkpt>
      <trkpt lat="66.422174" lon="13.969575"></trkpt>
      <trkpt lat="66.422473" lon="13.970416"></trkpt>
      <trkpt lat="66.422596" lon="13.970810"></trkpt>
      <trkpt lat="66.422698" lon="13.971165"></trkpt>
      <trkpt lat="66.422879" lon="13.971699"></trkpt>
      <trkpt lat="66.423004" lon="13.972106"></trkpt>
      <trkpt lat="66.423112" lon="13.972330"></trkpt>
      <trkpt lat="66.423162" lon="13.972469"></trkpt>
      <trkpt lat="66.423268" lon="13.972846"></trkpt>
      <trkpt lat="66.423374" lon="13.973285"></trkpt>
      <trkpt lat="66.423488" lon="13.973699"></trkpt>
      <trkpt lat="66.423557" lon="13.974079"></trkpt>
      <trkpt lat="66.423573" lon="13.974195"></trkpt>
      <trkpt lat="66.423583" lon="13.974365"></trkpt>
      <trkpt lat="66.423582" lon="13.974854"></trkpt>
      <trkpt lat="66.423494" lon="13.975644"></trkpt>
      <trkpt lat="66.423396" lon="13.976412"></trkpt>
      <trkpt lat="66.423387" lon="13.976567"></trkpt>
      <trkpt lat="66.423385" lon="13.976876"></trkpt>
      <trkpt lat="66.423401" lon="13.977223"></trkpt>
      <trkpt lat="66.423417" lon="13.977321"></trkpt>
      <trkpt lat="66.423483" lon="13.977627"></trkpt>
      <trkpt lat="66.423538" lon="13.977796"></trkpt>
      <trkpt lat="66.423612" lon="13.977949"></trkpt>
      <trkpt lat="66.423651" lon="13.978004"></trkpt>
      <trkpt lat="66.423843" lon="13.978198"></trkpt>
      <trkpt lat="66.424133" lon="13.978430"></trkpt>
      <trkpt lat="66.424395" lon="13.978612"></trkpt>
      <trkpt lat="66.424546" lon="13.978767"></trkpt>
      <trkpt lat="66.424693" lon="13.978891"></trkpt>
      <trkpt lat="66.424781" lon="13.978950"></trkpt>
      <trkpt lat="66.425049" lon="13.979078"></trkpt>
      <trkpt lat="66.425284" lon="13.979320"></trkpt>
      <trkpt lat="66.425380" lon="13.979352"></trkpt>
      <trkpt lat="66.425479" lon="13.979345"></trkpt>
      <trkpt lat="66.425567" lon="13.979292"></trkpt>
      <trkpt lat="66.425698" lon="13.979153"></trkpt>
      <trkpt lat="66.425853" lon="13.978956"></trkpt>
      <trkpt lat="66.425906" lon="13.978882"></trkpt>
      <trkpt lat="66.426076" lon="13.978584"></trkpt>
      <trkpt lat="66.426191" lon="13.978333"></trkpt>
      <trkpt lat="66.426327" lon="13.978085"></trkpt>
      <trkpt lat="66.426378" lon="13.978040"></trkpt>
      <trkpt lat="66.426486" lon="13.978011"></trkpt>
      <trkpt lat="66.426914" lon="13.978048"></trkpt>
      <trkpt lat="66.427132" lon="13.978099"></trkpt>
      <trkpt lat="66.427169" lon="13.978151"></trkpt>
      <trkpt lat="66.427202" lon="13.978240"></trkpt>
      <trkpt lat="66.427278" lon="13.978591"></trkpt>
      <trkpt lat="66.427446" lon="13.979270"></trkpt>
      <trkpt lat="66.427670" lon="13.979917"></trkpt>
      <trkpt lat="66.428011" lon="13.981051"></trkpt>
      <trkpt lat="66.428126" lon="13.981461"></trkpt>
      <trkpt lat="66.428174" lon="13.981593"></trkpt>
      <trkpt lat="66.428242" lon="13.981830"></trkpt>
      <trkpt lat="66.428289" lon="13.982032"></trkpt>
      <trkpt lat="66.428392" lon="13.982369"></trkpt>
      <trkpt lat="66.428613" lon="13.982967"></trkpt>
      <trkpt lat="66.428679" lon="13.983213"></trkpt>
      <trkpt lat="66.428739" lon="13.983542"></trkpt>
      <trkpt lat="66.428822" lon="13.983873"></trkpt>
      <trkpt lat="66.428974" lon="13.984349"></trkpt>
      <trkpt lat="66.429163" lon="13.984877"></trkpt>
      <trkpt lat="66.429302" lon="13.985192"></trkpt>
      <trkpt lat="66.429479" lon="13.985516"></trkpt>
      <trkpt lat="66.429693" lon="13.985962"></trkpt>
      <trkpt lat="66.429828" lon="13.986345"></trkpt>
      <trkpt lat="66.430081" lon="13.986897"></trkpt>
      <trkpt lat="66.430106" lon="13.986981"></trkpt>
      <trkpt lat="66.430129" lon="13.987099"></trkpt>
      <trkpt lat="66.430141" lon="13.987388"></trkpt>
      <trkpt lat="66.430107" lon="13.987907"></trkpt>
      <trkpt lat="66.430055" lon="13.988422"></trkpt>
      <trkpt lat="66.429986" lon="13.989333"></trkpt>
      <trkpt lat="66.429935" lon="13.989770"></trkpt>
      <trkpt lat="66.429654" lon="13.991464"></trkpt>
      <trkpt lat="66.429536" lon="13.991971"></trkpt>
      <trkpt lat="66.429215" lon="13.992907"></trkpt>
      <trkpt lat="66.429073" lon="13.993292"></trkpt>
      <trkpt lat="66.428998" lon="13.993461"></trkpt>
      <trkpt lat="66.428847" lon="13.993756"></trkpt>
      <trkpt lat="66.428642" lon="13.994228"></trkpt>
      <trkpt lat="66.428532" lon="13.994427"></trkpt>
      <trkpt lat="66.428276" lon="13.994781"></trkpt>
      <trkpt lat="66.427981" lon="13.995333"></trkpt>
      <trkpt lat="66.427917" lon="13.995492"></trkpt>
      <trkpt lat="66.427820" lon="13.995854"></trkpt>
      <trkpt lat="66.427509" lon="13.996851"></trkpt>
      <trkpt lat="66.427379" lon="13.997371"></trkpt>
      <trkpt lat="66.427326" lon="13.997647"></trkpt>
      <trkpt lat="66.427289" lon="13.997778"></trkpt>
      <trkpt lat="66.427150" lon="13.998181"></trkpt>
      <trkpt lat="66.426976" lon="13.998737"></trkpt>
      <trkpt lat="66.426908" lon="13.999029"></trkpt>
      <trkpt lat="66.426847" lon="13.999248"></trkpt>
      <trkpt lat="66.426678" lon="13.999753"></trkpt>
      <trkpt lat="66.426618" lon="13.999867"></trkpt>
      <trkpt lat="66.426459" lon="14.000046"></trkpt>
      <trkpt lat="66.426301" lon="14.000285"></trkpt>
      <trkpt lat="66.425689" lon="14.001123"></trkpt>
      <trkpt lat="66.425553" lon="14.001254"></trkpt>
      <trkpt lat="66.425405" lon="14.001428"></trkpt>
      <trkpt lat="66.425189" lon="14.001784"></trkpt>
      <trkpt lat="66.425128" lon="14.001941"></trkpt>
      <trkpt lat="66.425051" lon="14.002211"></trkpt>
      <trkpt lat="66.424960" lon="14.002596"></trkpt>
      <trkpt lat="66.424820" lon="14.003258"></trkpt>
      <trkpt lat="66.424652" lon="14.003672"></trkpt>
      <trkpt lat="66.424471" lon="14.004033"></trkpt>
      <trkpt lat="66.424351" lon="14.004327"></trkpt>
      <trkpt lat="66.424084" lon="14.004867"></trkpt>
      <trkpt lat="66.423803" lon="14.005474"></trkpt>
      <trkpt lat="66.423531" lon="14.006108"></trkpt>
      <trkpt lat="66.423451" lon="14.006355"></trkpt>
      <trkpt lat="66.423426" lon="14.006464"></trkpt>
      <trkpt lat="66.423395" lon="14.006660"></trkpt>
      <trkpt lat="66.423335" lon="14.007290"></trkpt>
      <trkpt lat="66.423246" lon="14.007712"></trkpt>
      <trkpt lat="66.423203" lon="14.007866"></trkpt>
      <trkpt lat="66.423110" lon="14.008123"></trkpt>
      <trkpt lat="66.422843" lon="14.008645"></trkpt>
      <trkpt lat="66.422671" lon="14.009088"></trkpt>
      <trkpt lat="66.422400" lon="14.010089"></trkpt>
      <trkpt lat="66.422285" lon="14.010385"></trkpt>
      <trkpt lat="66.422239" lon="14.010470"></trkpt>
      <trkpt lat="66.422175" lon="14.010555"></trkpt>
      <trkpt lat="66.421995" lon="14.010769"></trkpt>
      <trkpt lat="66.421723" lon="14.011017"></trkpt>
      <trkpt lat="66.421653" lon="14.011103"></trkpt>
      <trkpt lat="66.421319" lon="14.011559"></trkpt>
      <trkpt lat="66.421052" lon="14.012018"></trkpt>
      <trkpt lat="66.421007" lon="14.012076"></trkpt>
      <trkpt lat="66.420812" lon="14.012202"></trkpt>
      <trkpt lat="66.420514" lon="14.012434"></trkpt>
      <trkpt lat="66.420226" lon="14.012712"></trkpt>
      <trkpt lat="66.420133" lon="14.012845"></trkpt>
      <trkpt lat="66.420023" lon="14.013071"></trkpt>
      <trkpt lat="66.419890" lon="14.013305"></trkpt>
      <trkpt lat="66.419659" lon="14.013812"></trkpt>
      <trkpt lat="66.419377" lon="14.014378"></trkpt>
      <trkpt lat="66.419222" lon="14.014644"></trkpt>
      <trkpt lat="66.419082" lon="14.014845"></trkpt>
      <trkpt lat="66.418685" lon="14.015597"></trkpt>
      <trkpt lat="66.418254" lon="14.016380"></trkpt>
      <trkpt lat="66.417894" lon="14.017071"></trkpt>
      <trkpt lat="66.417730" lon="14.017340"></trkpt>
      <trkpt lat="66.417395" lon="14.017933"></trkpt>
      <trkpt lat="66.417218" lon="14.018180"></trkpt>
      <trkpt lat="66.417082" lon="14.018407"></trkpt>
      <trkpt lat="66.416982" lon="14.018657"></trkpt>
      <trkpt lat="66.416602" lon="14.019691"></trkpt>
      <trkpt lat="66.416353" lon="14.020178"></trkpt>
      <trkpt lat="66.416018" lon="14.020729"></trkpt>
      <trkpt lat="66.415702" lon="14.021144"></trkpt>
      <trkpt lat="66.415538" lon="14.021386"></trkpt>
      <trkpt lat="66.415478" lon="14.021530"></trkpt>
      <trkpt lat="66.415377" lon="14.021816"></trkpt>
      <trkpt lat="66.415190" lon="14.022450"></trkpt>
      <trkpt lat="66.414991" lon="14.023074"></trkpt>
      <trkpt lat="66.414918" lon="14.023437"></trkpt>
      <trkpt lat="66.414898" lon="14.023644"></trkpt>
      <trkpt lat="66.414715" lon="14.024930"></trkpt>
      <trkpt lat="66.414628" lon="14.025268"></trkpt>
      <trkpt lat="66.414465" lon="14.025679"></trkpt>
      <trkpt lat="66.414332" lon="14.025882"></trkpt>
      <trkpt lat="66.414189" lon="14.026073"></trkpt>
      <trkpt lat="66.414009" lon="14.026351"></trkpt>
      <trkpt lat="66.413951" lon="14.026470"></trkpt>
      <trkpt lat="66.413888" lon="14.026643"></trkpt>
      <trkpt lat="66.413793" lon="14.026976"></trkpt>
      <trkpt lat="66.413696" lon="14.027342"></trkpt>
      <trkpt lat="66.413631" lon="14.027654"></trkpt>
      <trkpt lat="66.413548" lon="14.027926"></trkpt>
      <trkpt lat="66.413243" lon="14.028695"></trkpt>
      <trkpt lat="66.413083" lon="14.029048"></trkpt>
      <trkpt lat="66.413016" lon="14.029151"></trkpt>
      <trkpt lat="66.412843" lon="14.029328"></trkpt>
      <trkpt lat="66.412779" lon="14.029414"></trkpt>
      <trkpt lat="66.412627" lon="14.029673"></trkpt>
      <trkpt lat="66.412550" lon="14.029873"></trkpt>
      <trkpt lat="66.412488" lon="14.030128"></trkpt>
      <trkpt lat="66.412398" lon="14.030562"></trkpt>
      <trkpt lat="66.412326" lon="14.031026"></trkpt>
      <trkpt lat="66.412301" lon="14.031435"></trkpt>
      <trkpt lat="66.412309" lon="14.031887"></trkpt>
      <trkpt lat="66.412327" lon="14.032023"></trkpt>
      <trkpt lat="66.412388" lon="14.032285"></trkpt>
      <trkpt lat="66.412432" lon="14.032426"></trkpt>
      <trkpt lat="66.412546" lon="14.032668"></trkpt>
      <trkpt lat="66.412605" lon="14.032751"></trkpt>
      <trkpt lat="66.412679" lon="14.032806"></trkpt>
      <trkpt lat="66.413206" lon="14.033115"></trkpt>
      <trkpt lat="66.413411" lon="14.033275"></trkpt>
      <trkpt lat="66.413576" lon="14.033379"></trkpt>
      <trkpt lat="66.413878" lon="14.033472"></trkpt>
      <trkpt lat="66.413928" lon="14.033500"></trkpt>
      <trkpt lat="66.413974" lon="14.033549"></trkpt>
      <trkpt lat="66.414046" lon="14.033703"></trkpt>
      <trkpt lat="66.414119" lon="14.033900"></trkpt>
      <trkpt lat="66.414181" lon="14.034106"></trkpt>
      <trkpt lat="66.414292" lon="14.034800"></trkpt>
      <trkpt lat="66.414376" lon="14.035084"></trkpt>
      <trkpt lat="66.414515" lon="14.035403"></trkpt>
      <trkpt lat="66.414652" lon="14.035785"></trkpt>
      <trkpt lat="66.414872" lon="14.036503"></trkpt>
      <trkpt lat="66.415158" lon="14.037616"></trkpt>
      <trkpt lat="66.415195" lon="14.037713"></trkpt>
      <trkpt lat="66.415392" lon="14.038107"></trkpt>
      <trkpt lat="66.415460" lon="14.038294"></trkpt>
      <trkpt lat="66.415553" lon="14.038636"></trkpt>
      <trkpt lat="66.415737" lon="14.039431"></trkpt>
      <trkpt lat="66.415846" lon="14.039816"></trkpt>
      <trkpt lat="66.415924" lon="14.039981"></trkpt>
      <trkpt lat="66.416438" lon="14.041487"></trkpt>
      <trkpt lat="66.416745" lon="14.042323"></trkpt>
      <trkpt lat="66.416858" lon="14.042586"></trkpt>
      <trkpt lat="66.417032" lon="14.042924"></trkpt>
      <trkpt lat="66.417233" lon="14.043352"></trkpt>
      <trkpt lat="66.417303" lon="14.043550"></trkpt>
      <trkpt lat="66.417352" lon="14.043728"></trkpt>
      <trkpt lat="66.417433" lon="14.044170"></trkpt>
      <trkpt lat="66.417504" lon="14.044634"></trkpt>
      <trkpt lat="66.417693" lon="14.046029"></trkpt>
      <trkpt lat="66.417777" lon="14.046438"></trkpt>
      <trkpt lat="66.417828" lon="14.046604"></trkpt>
      <trkpt lat="66.417963" lon="14.046933"></trkpt>
      <trkpt lat="66.418168" lon="14.047355"></trkpt>
      <trkpt lat="66.418567" lon="14.048086"></trkpt>
      <trkpt lat="66.418662" lon="14.048234"></trkpt>
      <trkpt lat="66.418721" lon="14.048301"></trkpt>
      <trkpt lat="66.419121" lon="14.048484"></trkpt>
      <trkpt lat="66.419231" lon="14.048578"></trkpt>
      <trkpt lat="66.419292" lon="14.048665"></trkpt>
      <trkpt lat="66.419340" lon="14.048758"></trkpt>
      <trkpt lat="66.419417" lon="14.048962"></trkpt>
      <trkpt lat="66.419450" lon="14.049108"></trkpt>
      <trkpt lat="66.419490" lon="14.049346"></trkpt>
      <trkpt lat="66.419500" lon="14.049474"></trkpt>
      <trkpt lat="66.419527" lon="14.050613"></trkpt>
      <trkpt lat="66.419662" lon="14.052008"></trkpt>
      <trkpt lat="66.419807" lon="14.053394"></trkpt>
      <trkpt lat="66.419824" lon="14.053647"></trkpt>
      <trkpt lat="66.419854" lon="14.054394"></trkpt>
      <trkpt lat="66.419855" lon="14.054770"></trkpt>
      <trkpt lat="66.419839" lon="14.055411"></trkpt>
      <trkpt lat="66.419842" lon="14.056092"></trkpt>
      <trkpt lat="66.419876" lon="14.056523"></trkpt>
      <trkpt lat="66.419937" lon="14.056881"></trkpt>
      <trkpt lat="66.420058" lon="14.057482"></trkpt>
      <trkpt lat="66.420090" lon="14.057733"></trkpt>
      <trkpt lat="66.420106" lon="14.057932"></trkpt>
      <trkpt lat="66.420129" lon="14.058750"></trkpt>
      <trkpt lat="66.420130" lon="14.059294"></trkpt>
      <trkpt lat="66.420107" lon="14.059892"></trkpt>
      <trkpt lat="66.420095" lon="14.060198"></trkpt>
      <trkpt lat="66.419879" lon="14.060252"></trkpt>
      <trkpt lat="66.419421" lon="14.060314"></trkpt>
      <trkpt lat="66.419314" lon="14.060320"></trkpt>
      <trkpt lat="66.419276" lon="14.060336"></trkpt>
      <trkpt lat="66.419208" lon="14.060382"></trkpt>
      <trkpt lat="66.419085" lon="14.060493"></trkpt>
      <trkpt lat="66.418851" lon="14.060736"></trkpt>
      <trkpt lat="66.418725" lon="14.060876"></trkpt>
      <trkpt lat="66.418615" lon="14.060985"></trkpt>
      <trkpt lat="66.418397" lon="14.061144"></trkpt>
      <trkpt lat="66.418155" lon="14.061304"></trkpt>
      <trkpt lat="66.418073" lon="14.061339"></trkpt>
      <trkpt lat="66.417997" lon="14.061350"></trkpt>
      <trkpt lat="66.417940" lon="14.061350"></trkpt>
      <trkpt lat="66.417847" lon="14.061322"></trkpt>
      <trkpt lat="66.417681" lon="14.061255"></trkpt>
      <trkpt lat="66.417480" lon="14.061186"></trkpt>
      <trkpt lat="66.417361" lon="14.061161"></trkpt>
      <trkpt lat="66.417287" lon="14.061156"></trkpt>
      <trkpt lat="66.417210" lon="14.061169"></trkpt>
      <trkpt lat="66.417140" lon="14.061206"></trkpt>
      <trkpt lat="66.417063" lon="14.061276"></trkpt>
      <trkpt lat="66.416908" lon="14.061435"></trkpt>
      <trkpt lat="66.416757" lon="14.061633"></trkpt>
      <trkpt lat="66.416429" lon="14.062055"></trkpt>
      <trkpt lat="66.416204" lon="14.062331"></trkpt>
      <trkpt lat="66.416090" lon="14.062484"></trkpt>
      <trkpt lat="66.415823" lon="14.062888"></trkpt>
      <trkpt lat="66.415760" lon="14.063012"></trkpt>
      <trkpt lat="66.415691" lon="14.063183"></trkpt>
      <trkpt lat="66.415530" lon="14.063604"></trkpt>
      <trkpt lat="66.415304" lon="14.064212"></trkpt>
      <trkpt lat="66.415210" lon="14.064425"></trkpt>
      <trkpt lat="66.414863" lon="14.065384"></trkpt>
      <trkpt lat="66.414766" lon="14.065636"></trkpt>
      <trkpt lat="66.414721" lon="14.065771"></trkpt>
      <trkpt lat="66.414680" lon="14.065913"></trkpt>
      <trkpt lat="66.414617" lon="14.066187"></trkpt>
      <trkpt lat="66.414412" lon="14.067244"></trkpt>
      <trkpt lat="66.414349" lon="14.067606"></trkpt>
      <trkpt lat="66.414208" lon="14.068291"></trkpt>
      <trkpt lat="66.414155" lon="14.068563"></trkpt>
      <trkpt lat="66.414065" lon="14.069050"></trkpt>
      <trkpt lat="66.414022" lon="14.069324"></trkpt>
      <trkpt lat="66.413912" lon="14.069940"></trkpt>
      <trkpt lat="66.413678" lon="14.071180"></trkpt>
      <trkpt lat="66.413636" lon="14.071373"></trkpt>
      <trkpt lat="66.413485" lon="14.072200"></trkpt>
      <trkpt lat="66.413315" lon="14.073083"></trkpt>
      <trkpt lat="66.412968" lon="14.074824"></trkpt>
      <trkpt lat="66.412811" lon="14.075561"></trkpt>
      <trkpt lat="66.412767" lon="14.075767"></trkpt>
      <trkpt lat="66.412701" lon="14.076136"></trkpt>
      <trkpt lat="66.412661" lon="14.076318"></trkpt>
      <trkpt lat="66.412568" lon="14.076785"></trkpt>
      <trkpt lat="66.412326" lon="14.077937"></trkpt>
      <trkpt lat="66.412285" lon="14.078187"></trkpt>
      <trkpt lat="66.412250" lon="14.078468"></trkpt>
      <trkpt lat="66.412215" lon="14.078846"></trkpt>
      <trkpt lat="66.412179" lon="14.079451"></trkpt>
      <trkpt lat="66.412132" lon="14.080272"></trkpt>
      <trkpt lat="66.412132" lon="14.080439"></trkpt>
      <trkpt lat="66.412152" lon="14.081242"></trkpt>
      <trkpt lat="66.412186" lon="14.082255"></trkpt>
      <trkpt lat="66.412200" lon="14.082542"></trkpt>
      <trkpt lat="66.412207" lon="14.082808"></trkpt>
      <trkpt lat="66.412225" lon="14.083503"></trkpt>
      <trkpt lat="66.412231" lon="14.083845"></trkpt>
      <trkpt lat="66.412229" lon="14.084095"></trkpt>
      <trkpt lat="66.412212" lon="14.084524"></trkpt>
      <trkpt lat="66.412184" lon="14.084889"></trkpt>
      <trkpt lat="66.412073" lon="14.085917"></trkpt>
      <trkpt lat="66.412049" lon="14.086176"></trkpt>
      <trkpt lat="66.412036" lon="14.086408"></trkpt>
      <trkpt lat="66.412035" lon="14.086713"></trkpt>
      <trkpt lat="66.412041" lon="14.086925"></trkpt>
      <trkpt lat="66.412077" lon="14.087392"></trkpt>
      <trkpt lat="66.412178" lon="14.088523"></trkpt>
      <trkpt lat="66.412214" lon="14.088935"></trkpt>
      <trkpt lat="66.412281" lon="14.089478"></trkpt>
      <trkpt lat="66.412311" lon="14.089677"></trkpt>
      <trkpt lat="66.412361" lon="14.089911"></trkpt>
      <trkpt lat="66.412403" lon="14.090075"></trkpt>
      <trkpt lat="66.412772" lon="14.091206"></trkpt>
      <trkpt lat="66.412968" lon="14.091774"></trkpt>
      <trkpt lat="66.413084" lon="14.092122"></trkpt>
      <trkpt lat="66.413190" lon="14.092425"></trkpt>
      <trkpt lat="66.413313" lon="14.092741"></trkpt>
      <trkpt lat="66.413348" lon="14.092868"></trkpt>
      <trkpt lat="66.413400" lon="14.093089"></trkpt>
      <trkpt lat="66.413450" lon="14.093361"></trkpt>
      <trkpt lat="66.413473" lon="14.093536"></trkpt>
      <trkpt lat="66.413491" lon="14.093738"></trkpt>
      <trkpt lat="66.413498" lon="14.093982"></trkpt>
      <trkpt lat="66.413497" lon="14.094261"></trkpt>
      <trkpt lat="66.413480" lon="14.094610"></trkpt>
      <trkpt lat="66.413356" lon="14.096372"></trkpt>
      <trkpt lat="66.413327" lon="14.096994"></trkpt>
      <trkpt lat="66.413173" lon="14.099365"></trkpt>
      <trkpt lat="66.413131" lon="14.099960"></trkpt>
      <trkpt lat="66.412991" lon="14.102417"></trkpt>
      <trkpt lat="66.412910" lon="14.103628"></trkpt>
      <trkpt lat="66.412840" lon="14.104820"></trkpt>
      <trkpt lat="66.412812" lon="14.105249"></trkpt>
      <trkpt lat="66.412759" lon="14.105858"></trkpt>
      <trkpt lat="66.412690" lon="14.106365"></trkpt>
      <trkpt lat="66.412659" lon="14.106569"></trkpt>
      <trkpt lat="66.412525" lon="14.107375"></trkpt>
      <trkpt lat="66.412366" lon="14.108285"></trkpt>
      <trkpt lat="66.412078" lon="14.110036"></trkpt>
      <trkpt lat="66.411868" lon="14.111258"></trkpt>
      <trkpt lat="66.411712" lon="14.112216"></trkpt>
      <trkpt lat="66.411606" lon="14.112997"></trkpt>
      <trkpt lat="66.411569" lon="14.113310"></trkpt>
      <trkpt lat="66.411530" lon="14.113682"></trkpt>
      <trkpt lat="66.411455" lon="14.114309"></trkpt>
      <trkpt lat="66.411372" lon="14.115075"></trkpt>
      <trkpt lat="66.411275" lon="14.115903"></trkpt>
      <trkpt lat="66.411197" lon="14.116524"></trkpt>
      <trkpt lat="66.411122" lon="14.117084"></trkpt>
      <trkpt lat="66.411009" lon="14.117787"></trkpt>
      <trkpt lat="66.410973" lon="14.117990"></trkpt>
      <trkpt lat="66.410937" lon="14.118175"></trkpt>
      <trkpt lat="66.410864" lon="14.118522"></trkpt>
      <trkpt lat="66.410817" lon="14.118740"></trkpt>
      <trkpt lat="66.410785" lon="14.118923"></trkpt>
      <trkpt lat="66.410724" lon="14.119225"></trkpt>
      <trkpt lat="66.410276" lon="14.121219"></trkpt>
      <trkpt lat="66.410183" lon="14.121610"></trkpt>
      <trkpt lat="66.410117" lon="14.121909"></trkpt>
      <trkpt lat="66.410029" lon="14.122333"></trkpt>
      <trkpt lat="66.409971" lon="14.122589"></trkpt>
      <trkpt lat="66.409921" lon="14.122767"></trkpt>
      <trkpt lat="66.409675" lon="14.123582"></trkpt>
      <trkpt lat="66.409429" lon="14.124334"></trkpt>
      <trkpt lat="66.409378" lon="14.124480"></trkpt>
      <trkpt lat="66.409288" lon="14.124778"></trkpt>
      <trkpt lat="66.409253" lon="14.124923"></trkpt>
      <trkpt lat="66.409184" lon="14.125223"></trkpt>
      <trkpt lat="66.409147" lon="14.125414"></trkpt>
      <trkpt lat="66.409042" lon="14.126104"></trkpt>
      <trkpt lat="66.408959" lon="14.126614"></trkpt>
      <trkpt lat="66.408857" lon="14.127182"></trkpt>
      <trkpt lat="66.408730" lon="14.128000"></trkpt>
      <trkpt lat="66.408696" lon="14.128250"></trkpt>
      <trkpt lat="66.408654" lon="14.128514"></trkpt>
      <trkpt lat="66.408491" lon="14.129442"></trkpt>
      <trkpt lat="66.408410" lon="14.129883"></trkpt>
      <trkpt lat="66.408354" lon="14.130206"></trkpt>
      <trkpt lat="66.408291" lon="14.130657"></trkpt>
      <trkpt lat="66.408211" lon="14.131324"></trkpt>
      <trkpt lat="66.408132" lon="14.132158"></trkpt>
      <trkpt lat="66.408056" lon="14.133180"></trkpt>
      <trkpt lat="66.408013" lon="14.133764"></trkpt>
      <trkpt lat="66.407989" lon="14.134132"></trkpt>
      <trkpt lat="66.407984" lon="14.134385"></trkpt>
      <trkpt lat="66.407987" lon="14.134619"></trkpt>
      <trkpt lat="66.407996" lon="14.134882"></trkpt>
      <trkpt lat="66.408085" lon="14.136418"></trkpt>
      <trkpt lat="66.408150" lon="14.137199"></trkpt>
      <trkpt lat="66.408209" lon="14.138042"></trkpt>
      <trkpt lat="66.408256" lon="14.138839"></trkpt>
      <trkpt lat="66.408266" lon="14.139070"></trkpt>
      <trkpt lat="66.408299" lon="14.140088"></trkpt>
      <trkpt lat="66.408319" lon="14.140419"></trkpt>
      <trkpt lat="66.408349" lon="14.140846"></trkpt>
      <trkpt lat="66.408368" lon="14.141387"></trkpt>
      <trkpt lat="66.408377" lon="14.141516"></trkpt>
      <trkpt lat="66.408382" lon="14.141580"></trkpt>
      <trkpt lat="66.408416" lon="14.141858"></trkpt>
      <trkpt lat="66.408442" lon="14.142110"></trkpt>
      <trkpt lat="66.408486" lon="14.142664"></trkpt>
      <trkpt lat="66.408500" lon="14.142927"></trkpt>
      <trkpt lat="66.408506" lon="14.143104"></trkpt>
      <trkpt lat="66.408509" lon="14.143409"></trkpt>
      <trkpt lat="66.408503" lon="14.144612"></trkpt>
      <trkpt lat="66.408505" lon="14.145089"></trkpt>
      <trkpt lat="66.408508" lon="14.145520"></trkpt>
      <trkpt lat="66.408507" lon="14.145860"></trkpt>
      <trkpt lat="66.408502" lon="14.146059"></trkpt>
      <trkpt lat="66.408478" lon="14.146469"></trkpt>
      <trkpt lat="66.408461" lon="14.146642"></trkpt>
      <trkpt lat="66.408414" lon="14.147018"></trkpt>
      <trkpt lat="66.408304" lon="14.147681"></trkpt>
      <trkpt lat="66.408280" lon="14.147851"></trkpt>
      <trkpt lat="66.408271" lon="14.147944"></trkpt>
      <trkpt lat="66.408263" lon="14.148082"></trkpt>
      <trkpt lat="66.408259" lon="14.148227"></trkpt>
      <trkpt lat="66.408259" lon="14.148443"></trkpt>
      <trkpt lat="66.408275" lon="14.149221"></trkpt>
      <trkpt lat="66.408285" lon="14.150223"></trkpt>
      <trkpt lat="66.408287" lon="14.150993"></trkpt>
      <trkpt lat="66.408302" lon="14.152325"></trkpt>
      <trkpt lat="66.408309" lon="14.152605"></trkpt>
      <trkpt lat="66.408327" lon="14.152856"></trkpt>
      <trkpt lat="66.408359" lon="14.153128"></trkpt>
      <trkpt lat="66.408430" lon="14.153572"></trkpt>
      <trkpt lat="66.408557" lon="14.154198"></trkpt>
      <trkpt lat="66.408582" lon="14.154369"></trkpt>
      <trkpt lat="66.408594" lon="14.154507"></trkpt>
      <trkpt lat="66.408609" lon="14.154740"></trkpt>
      <trkpt lat="66.408628" lon="14.155187"></trkpt>
      <trkpt lat="66.408630" lon="14.155684"></trkpt>
      <trkpt lat="66.408620" lon="14.156439"></trkpt>
      <trkpt lat="66.408621" lon="14.156556"></trkpt>
      <trkpt lat="66.408659" lon="14.157236"></trkpt>
      <trkpt lat="66.408676" lon="14.157434"></trkpt>
      <trkpt lat="66.408747" lon="14.158119"></trkpt>
      <trkpt lat="66.408765" lon="14.158375"></trkpt>
      <trkpt lat="66.408852" lon="14.159882"></trkpt>
      <trkpt lat="66.408872" lon="14.160306"></trkpt>
      <trkpt lat="66.408887" lon="14.160724"></trkpt>
      <trkpt lat="66.408899" lon="14.160914"></trkpt>
      <trkpt lat="66.408933" lon="14.161455"></trkpt>
      <trkpt lat="66.408955" lon="14.161657"></trkpt>
      <trkpt lat="66.408983" lon="14.161940"></trkpt>
      <trkpt lat="66.409006" lon="14.162212"></trkpt>
      <trkpt lat="66.409025" lon="14.162495"></trkpt>
      <trkpt lat="66.409043" lon="14.162788"></trkpt>
      <trkpt lat="66.409061" lon="14.163284"></trkpt>
      <trkpt lat="66.409075" lon="14.163899"></trkpt>
      <trkpt lat="66.409074" lon="14.164093"></trkpt>
      <trkpt lat="66.409060" lon="14.164637"></trkpt>
      <trkpt lat="66.409058" lon="14.164897"></trkpt>
      <trkpt lat="66.409061" lon="14.165246"></trkpt>
      <trkpt lat="66.409069" lon="14.165454"></trkpt>
      <trkpt lat="66.409082" lon="14.165623"></trkpt>
      <trkpt lat="66.409102" lon="14.165803"></trkpt>
      <trkpt lat="66.409120" lon="14.165930"></trkpt>
      <trkpt lat="66.409148" lon="14.166076"></trkpt>
      <trkpt lat="66.409185" lon="14.166227"></trkpt>
      <trkpt lat="66.409278" lon="14.166503"></trkpt>
      <trkpt lat="66.409401" lon="14.166809"></trkpt>
      <trkpt lat="66.409464" lon="14.166946"></trkpt>
      <trkpt lat="66.409557" lon="14.167129"></trkpt>
      <trkpt lat="66.409717" lon="14.167414"></trkpt>
      <trkpt lat="66.409775" lon="14.167511"></trkpt>
      <trkpt lat="66.409956" lon="14.167788"></trkpt>
      <trkpt lat="66.410139" lon="14.168101"></trkpt>
      <trkpt lat="66.410269" lon="14.168374"></trkpt>
      <trkpt lat="66.410333" lon="14.168520"></trkpt>
      <trkpt lat="66.410414" lon="14.168730"></trkpt>
      <trkpt lat="66.410483" lon="14.168922"></trkpt>
      <trkpt lat="66.410536" lon="14.169105"></trkpt>
      <trkpt lat="66.410651" lon="14.169544"></trkpt>
      <trkpt lat="66.410709" lon="14.169842"></trkpt>
      <trkpt lat="66.410774" lon="14.170324"></trkpt>
      <trkpt lat="66.410809" lon="14.170737"></trkpt>
      <trkpt lat="66.410827" lon="14.171086"></trkpt>
      <trkpt lat="66.410858" lon="14.172126"></trkpt>
      <trkpt lat="66.410867" lon="14.172679"></trkpt>
      <trkpt lat="66.410866" lon="14.172993"></trkpt>
      <trkpt lat="66.410840" lon="14.173527"></trkpt>
      <trkpt lat="66.410806" lon="14.174043"></trkpt>
      <trkpt lat="66.410766" lon="14.174759"></trkpt>
      <trkpt lat="66.410725" lon="14.175611"></trkpt>
      <trkpt lat="66.410703" lon="14.176422"></trkpt>
      <trkpt lat="66.410681" lon="14.176963"></trkpt>
      <trkpt lat="66.410652" lon="14.177517"></trkpt>
      <trkpt lat="66.410629" lon="14.178064"></trkpt>
      <trkpt lat="66.410623" lon="14.178582"></trkpt>
      <trkpt lat="66.410648" lon="14.179228"></trkpt>
      <trkpt lat="66.410665" lon="14.179393"></trkpt>
      <trkpt lat="66.410733" lon="14.179852"></trkpt>
      <trkpt lat="66.410824" lon="14.180326"></trkpt>
      <trkpt lat="66.410926" lon="14.180749"></trkpt>
      <trkpt lat="66.410971" lon="14.180904"></trkpt>
      <trkpt lat="66.411069" lon="14.181190"></trkpt>
      <trkpt lat="66.411201" lon="14.181544"></trkpt>
      <trkpt lat="66.411368" lon="14.182015"></trkpt>
      <trkpt lat="66.411537" lon="14.182525"></trkpt>
      <trkpt lat="66.411618" lon="14.182806"></trkpt>
      <trkpt lat="66.411665" lon="14.183006"></trkpt>
      <trkpt lat="66.411684" lon="14.183122"></trkpt>
      <trkpt lat="66.411710" lon="14.183520"></trkpt>
      <trkpt lat="66.411704" lon="14.183706"></trkpt>
      <trkpt lat="66.411675" lon="14.184137"></trkpt>
      <trkpt lat="66.411568" lon="14.185220"></trkpt>
      <trkpt lat="66.411535" lon="14.185708"></trkpt>
      <trkpt lat="66.411521" lon="14.186048"></trkpt>
      <trkpt lat="66.411522" lon="14.187141"></trkpt>
      <trkpt lat="66.411534" lon="14.187853"></trkpt>
      <trkpt lat="66.411549" lon="14.188323"></trkpt>
      <trkpt lat="66.411588" lon="14.188955"></trkpt>
      <trkpt lat="66.411612" lon="14.189494"></trkpt>
      <trkpt lat="66.411645" lon="14.190022"></trkpt>
      <trkpt lat="66.411708" lon="14.191198"></trkpt>
      <trkpt lat="66.411737" lon="14.191927"></trkpt>
      <trkpt lat="66.411742" lon="14.192194"></trkpt>
      <trkpt lat="66.411760" lon="14.193059"></trkpt>
      <trkpt lat="66.411767" lon="14.193778"></trkpt>
      <trkpt lat="66.411769" lon="14.193881"></trkpt>
      <trkpt lat="66.411790" lon="14.194410"></trkpt>
      <trkpt lat="66.411804" lon="14.194636"></trkpt>
      <trkpt lat="66.411824" lon="14.194849"></trkpt>
      <trkpt lat="66.411927" lon="14.195834"></trkpt>
      <trkpt lat="66.411980" lon="14.196223"></trkpt>
      <trkpt lat="66.412006" lon="14.196389"></trkpt>
      <trkpt lat="66.412027" lon="14.196493"></trkpt>
      <trkpt lat="66.412100" lon="14.196762"></trkpt>
      <trkpt lat="66.412183" lon="14.196973"></trkpt>
      <trkpt lat="66.412358" lon="14.197279"></trkpt>
      <trkpt lat="66.412510" lon="14.197509"></trkpt>
      <trkpt lat="66.412667" lon="14.197774"></trkpt>
      <trkpt lat="66.412740" lon="14.197986"></trkpt>
      <trkpt lat="66.412806" lon="14.198199"></trkpt>
      <trkpt lat="66.412852" lon="14.198403"></trkpt>
      <trkpt lat="66.413016" lon="14.199456"></trkpt>
      <trkpt lat="66.413118" lon="14.200201"></trkpt>
      <trkpt lat="66.413169" lon="14.200701"></trkpt>
      <trkpt lat="66.413285" lon="14.201936"></trkpt>
      <trkpt lat="66.413313" lon="14.202340"></trkpt>
      <trkpt lat="66.413358" lon="14.203221"></trkpt>
      <trkpt lat="66.413391" lon="14.203630"></trkpt>
      <trkpt lat="66.413434" lon="14.203977"></trkpt>
      <trkpt lat="66.413486" lon="14.204301"></trkpt>
      <trkpt lat="66.413536" lon="14.204526"></trkpt>
      <trkpt lat="66.413596" lon="14.204748"></trkpt>
      <trkpt lat="66.413659" lon="14.204955"></trkpt>
      <trkpt lat="66.413718" lon="14.205112"></trkpt>
      <trkpt lat="66.413746" lon="14.205154"></trkpt>
      <trkpt lat="66.413811" lon="14.205252"></trkpt>
      <trkpt lat="66.413965" lon="14.205462"></trkpt>
      <trkpt lat="66.414323" lon="14.206060"></trkpt>
      <trkpt lat="66.414477" lon="14.206340"></trkpt>
      <trkpt lat="66.414610" lon="14.206549"></trkpt>
      <trkpt lat="66.414877" lon="14.207002"></trkpt>
      <trkpt lat="66.414956" lon="14.207123"></trkpt>
      <trkpt lat="66.415268" lon="14.207633"></trkpt>
      <trkpt lat="66.415399" lon="14.207838"></trkpt>
      <trkpt lat="66.415540" lon="14.208064"></trkpt>
      <trkpt lat="66.415642" lon="14.208244"></trkpt>
      <trkpt lat="66.415779" lon="14.208544"></trkpt>
      <trkpt lat="66.415833" lon="14.208704"></trkpt>
      <trkpt lat="66.415926" lon="14.209067"></trkpt>
      <trkpt lat="66.416011" lon="14.209499"></trkpt>
      <trkpt lat="66.416085" lon="14.209930"></trkpt>
      <trkpt lat="66.416176" lon="14.210518"></trkpt>
      <trkpt lat="66.416198" lon="14.210634"></trkpt>
      <trkpt lat="66.416268" lon="14.210943"></trkpt>
      <trkpt lat="66.416397" lon="14.211346"></trkpt>
      <trkpt lat="66.416519" lon="14.211671"></trkpt>
      <trkpt lat="66.416637" lon="14.212025"></trkpt>
      <trkpt lat="66.416812" lon="14.212533"></trkpt>
      <trkpt lat="66.417056" lon="14.213235"></trkpt>
      <trkpt lat="66.417128" lon="14.213466"></trkpt>
      <trkpt lat="66.417243" lon="14.213927"></trkpt>
      <trkpt lat="66.417391" lon="14.214474"></trkpt>
      <trkpt lat="66.417495" lon="14.214926"></trkpt>
      <trkpt lat="66.417557" lon="14.215224"></trkpt>
      <trkpt lat="66.417591" lon="14.215450"></trkpt>
      <trkpt lat="66.417623" lon="14.215827"></trkpt>
      <trkpt lat="66.417638" lon="14.216100"></trkpt>
      <trkpt lat="66.417654" lon="14.216502"></trkpt>
      <trkpt lat="66.417664" lon="14.216973"></trkpt>
      <trkpt lat="66.417700" lon="14.218241"></trkpt>
      <trkpt lat="66.417740" lon="14.219347"></trkpt>
      <trkpt lat="66.417758" lon="14.219944"></trkpt>
      <trkpt lat="66.417779" lon="14.220480"></trkpt>
      <trkpt lat="66.417810" lon="14.221423"></trkpt>
      <trkpt lat="66.417814" lon="14.221665"></trkpt>
      <trkpt lat="66.417811" lon="14.221892"></trkpt>
      <trkpt lat="66.417773" lon="14.222628"></trkpt>
      <trkpt lat="66.417722" lon="14.223211"></trkpt>
      <trkpt lat="66.417633" lon="14.224442"></trkpt>
      <trkpt lat="66.417586" lon="14.225157"></trkpt>
      <trkpt lat="66.417568" lon="14.225500"></trkpt>
      <trkpt lat="66.417555" lon="14.225818"></trkpt>
      <trkpt lat="66.417524" lon="14.227148"></trkpt>
      <trkpt lat="66.417518" lon="14.227605"></trkpt>
      <trkpt lat="66.417501" lon="14.228167"></trkpt>
      <trkpt lat="66.417500" lon="14.228362"></trkpt>
      <trkpt lat="66.417489" lon="14.228918"></trkpt>
      <trkpt lat="66.417463" lon="14.229637"></trkpt>
      <trkpt lat="66.417422" lon="14.230347"></trkpt>
      <trkpt lat="66.417406" lon="14.230553"></trkpt>
      <trkpt lat="66.417386" lon="14.230775"></trkpt>
      <trkpt lat="66.417324" lon="14.231349"></trkpt>
      <trkpt lat="66.417405" lon="14.231366"></trkpt>
      <trkpt lat="66.417639" lon="14.231425"></trkpt>
      <trkpt lat="66.417879" lon="14.231399"></trkpt>
      <trkpt lat="66.417986" lon="14.231361"></trkpt>
      <trkpt lat="66.418264" lon="14.231216"></trkpt>
      <trkpt lat="66.418812" lon="14.230868"></trkpt>
      <trkpt lat="66.419022" lon="14.230763"></trkpt>
      <trkpt lat="66.419118" lon="14.230747"></trkpt>
      <trkpt lat="66.419928" lon="14.230700"></trkpt>
      <trkpt lat="66.420404" lon="14.230716"></trkpt>
      <trkpt lat="66.420907" lon="14.230791"></trkpt>
      <trkpt lat="66.422087" lon="14.230765"></trkpt>
      <trkpt lat="66.422264" lon="14.230743"></trkpt>
      <trkpt lat="66.422426" lon="14.230698"></trkpt>
      <trkpt lat="66.422645" lon="14.230563"></trkpt>
      <trkpt lat="66.423120" lon="14.230099"></trkpt>
      <trkpt lat="66.423209" lon="14.230041"></trkpt>
      <trkpt lat="66.423308" lon="14.230047"></trkpt>
      <trkpt lat="66.423462" lon="14.230130"></trkpt>
      <trkpt lat="66.423601" lon="14.230281"></trkpt>
      <trkpt lat="66.424074" lon="14.230716"></trkpt>
      <trkpt lat="66.424305" lon="14.230925"></trkpt>
      <trkpt lat="66.424317" lon="14.230731"></trkpt>
      <trkpt lat="66.424345" lon="14.230430"></trkpt>
      <trkpt lat="66.424371" lon="14.230356"></trkpt>
      <trkpt lat="66.424408" lon="14.230319"></trkpt>
      <trkpt lat="66.424445" lon="14.230312"></trkpt>
      <trkpt lat="66.424574" lon="14.230407"></trkpt>
      <trkpt lat="66.424648" lon="14.230425"></trkpt>
      <trkpt lat="66.424867" lon="14.230369"></trkpt>
      <trkpt lat="66.424974" lon="14.230253"></trkpt>
      <trkpt lat="66.425173" lon="14.229760"></trkpt>
      <trkpt lat="66.425237" lon="14.229568"></trkpt>
      <trkpt lat="66.425348" lon="14.229262"></trkpt>
      <trkpt lat="66.425462" lon="14.228875"></trkpt>
      <trkpt lat="66.425670" lon="14.228359"></trkpt>
      <trkpt lat="66.426110" lon="14.227428"></trkpt>
      <trkpt lat="66.426240" lon="14.227106"></trkpt>
      <trkpt lat="66.426289" lon="14.226930"></trkpt>
      <trkpt lat="66.426309" lon="14.226793"></trkpt>
      <trkpt lat="66.426305" lon="14.226636"></trkpt>
      <trkpt lat="66.426276" lon="14.226458"></trkpt>
      <trkpt lat="66.426230" lon="14.226314"></trkpt>
      <trkpt lat="66.426140" lon="14.226199"></trkpt>
      <trkpt lat="66.426106" lon="14.226134"></trkpt>
      <trkpt lat="66.426051" lon="14.225919"></trkpt>
      <trkpt lat="66.426019" lon="14.225616"></trkpt>
      <trkpt lat="66.426010" lon="14.225133"></trkpt>
      <trkpt lat="66.426018" lon="14.224604"></trkpt>
      <trkpt lat="66.426048" lon="14.223869"></trkpt>
      <trkpt lat="66.426106" lon="14.223105"></trkpt>
      <trkpt lat="66.426175" lon="14.222463"></trkpt>
      <trkpt lat="66.426191" lon="14.222002"></trkpt>
      <trkpt lat="66.426178" lon="14.221584"></trkpt>
      <trkpt lat="66.426178" lon="14.221322"></trkpt>
      <trkpt lat="66.426195" lon="14.221201"></trkpt>
      <trkpt lat="66.426226" lon="14.221077"></trkpt>
      <trkpt lat="66.426265" lon="14.220989"></trkpt>
      <trkpt lat="66.426381" lon="14.220842"></trkpt>
      <trkpt lat="66.426465" lon="14.220764"></trkpt>
      <trkpt lat="66.426507" lon="14.220705"></trkpt>
      <trkpt lat="66.426535" lon="14.220632"></trkpt>
      <trkpt lat="66.426568" lon="14.220441"></trkpt>
      <trkpt lat="66.426619" lon="14.220003"></trkpt>
      <trkpt lat="66.426679" lon="14.219604"></trkpt>
      <trkpt lat="66.426698" lon="14.219442"></trkpt>
      <trkpt lat="66.426706" lon="14.219261"></trkpt>
      <trkpt lat="66.426645" lon="14.218178"></trkpt>
      <trkpt lat="66.426610" lon="14.217918"></trkpt>
      <trkpt lat="66.426571" lon="14.217733"></trkpt>
      <trkpt lat="66.426506" lon="14.217500"></trkpt>
      <trkpt lat="66.426419" lon="14.217272"></trkpt>
      <trkpt lat="66.426357" lon="14.217144"></trkpt>
      <trkpt lat="66.426273" lon="14.216841"></trkpt>
      <trkpt lat="66.426242" lon="14.216663"></trkpt>
      <trkpt lat="66.426198" lon="14.216280"></trkpt>
      <trkpt lat="66.426119" lon="14.215807"></trkpt>
      <trkpt lat="66.426043" lon="14.215498"></trkpt>
      <trkpt lat="66.425916" lon="14.215062"></trkpt>
      <trkpt lat="66.425862" lon="14.214761"></trkpt>
      <trkpt lat="66.425797" lon="14.214203"></trkpt>
      <trkpt lat="66.425771" lon="14.213750"></trkpt>
      <trkpt lat="66.425776" lon="14.213486"></trkpt>
      <trkpt lat="66.425807" lon="14.213020"></trkpt>
      <trkpt lat="66.425865" lon="14.212423"></trkpt>
      <trkpt lat="66.425882" lon="14.212143"></trkpt>
      <trkpt lat="66.425861" lon="14.211800"></trkpt>
      <trkpt lat="66.425789" lon="14.211388"></trkpt>
      <trkpt lat="66.425763" lon="14.211196"></trkpt>
      <trkpt lat="66.425726" lon="14.210870"></trkpt>
      <trkpt lat="66.425687" lon="14.210395"></trkpt>
      <trkpt lat="66.425686" lon="14.210115"></trkpt>
      <trkpt lat="66.425718" lon="14.209847"></trkpt>
      <trkpt lat="66.425765" lon="14.209686"></trkpt>
      <trkpt lat="66.425862" lon="14.209461"></trkpt>
      <trkpt lat="66.425898" lon="14.209322"></trkpt>
      <trkpt lat="66.425940" lon="14.209030"></trkpt>
      <trkpt lat="66.425955" lon="14.208758"></trkpt>
      <trkpt lat="66.425935" lon="14.208158"></trkpt>
      <trkpt lat="66.425937" lon="14.206676"></trkpt>
      <trkpt lat="66.425942" lon="14.206317"></trkpt>
      <trkpt lat="66.425974" lon="14.205668"></trkpt>
      <trkpt lat="66.425995" lon="14.205399"></trkpt>
      <trkpt lat="66.426038" lon="14.204196"></trkpt>
      <trkpt lat="66.426011" lon="14.203560"></trkpt>
      <trkpt lat="66.426014" lon="14.202986"></trkpt>
      <trkpt lat="66.426026" lon="14.202588"></trkpt>
      <trkpt lat="66.426058" lon="14.201997"></trkpt>
      <trkpt lat="66.426075" lon="14.201400"></trkpt>
      <trkpt lat="66.426108" lon="14.200872"></trkpt>
      <trkpt lat="66.426160" lon="14.200490"></trkpt>
      <trkpt lat="66.426170" lon="14.200285"></trkpt>
      <trkpt lat="66.426167" lon="14.200055"></trkpt>
      <trkpt lat="66.426147" lon="14.199755"></trkpt>
      <trkpt lat="66.426148" lon="14.199600"></trkpt>
      <trkpt lat="66.426217" lon="14.198985"></trkpt>
      <trkpt lat="66.426224" lon="14.198813"></trkpt>
      <trkpt lat="66.426223" lon="14.198672"></trkpt>
      <trkpt lat="66.426193" lon="14.198280"></trkpt>
      <trkpt lat="66.426180" lon="14.197964"></trkpt>
      <trkpt lat="66.426183" lon="14.197700"></trkpt>
      <trkpt lat="66.426231" lon="14.196393"></trkpt>
      <trkpt lat="66.426258" lon="14.196108"></trkpt>
      <trkpt lat="66.426293" lon="14.195591"></trkpt>
      <trkpt lat="66.426400" lon="14.194647"></trkpt>
      <trkpt lat="66.426459" lon="14.194236"></trkpt>
      <trkpt lat="66.426540" lon="14.193848"></trkpt>
      <trkpt lat="66.426664" lon="14.193407"></trkpt>
      <trkpt lat="66.426740" lon="14.193082"></trkpt>
      <trkpt lat="66.426897" lon="14.192627"></trkpt>
      <trkpt lat="66.426920" lon="14.192499"></trkpt>
      <trkpt lat="66.426923" lon="14.192107"></trkpt>
      <trkpt lat="66.426936" lon="14.191902"></trkpt>
      <trkpt lat="66.426993" lon="14.191041"></trkpt>
      <trkpt lat="66.427060" lon="14.190455"></trkpt>
      <trkpt lat="66.427090" lon="14.189905"></trkpt>
      <trkpt lat="66.427118" lon="14.189633"></trkpt>
      <trkpt lat="66.427242" lon="14.188798"></trkpt>
      <trkpt lat="66.427291" lon="14.188265"></trkpt>
      <trkpt lat="66.427347" lon="14.187904"></trkpt>
      <trkpt lat="66.427421" lon="14.187095"></trkpt>
      <trkpt lat="66.427490" lon="14.186766"></trkpt>
      <trkpt lat="66.427543" lon="14.186614"></trkpt>
      <trkpt lat="66.427665" lon="14.186181"></trkpt>
      <trkpt lat="66.427735" lon="14.185866"></trkpt>
      <trkpt lat="66.427825" lon="14.185271"></trkpt>
      <trkpt lat="66.427885" lon="14.184694"></trkpt>
      <trkpt lat="66.427919" lon="14.184493"></trkpt>
      <trkpt lat="66.427942" lon="14.184299"></trkpt>
      <trkpt lat="66.427960" lon="14.183717"></trkpt>
      <trkpt lat="66.428000" lon="14.182896"></trkpt>
      <trkpt lat="66.427995" lon="14.182380"></trkpt>
      <trkpt lat="66.428010" lon="14.182098"></trkpt>
      <trkpt lat="66.428076" lon="14.181246"></trkpt>
      <trkpt lat="66.428098" lon="14.180623"></trkpt>
      <trkpt lat="66.428226" lon="14.179346"></trkpt>
      <trkpt lat="66.428278" lon="14.178310"></trkpt>
      <trkpt lat="66.428285" lon="14.178083"></trkpt>
      <trkpt lat="66.428279" lon="14.177854"></trkpt>
      <trkpt lat="66.428270" lon="14.177343"></trkpt>
      <trkpt lat="66.428237" lon="14.177094"></trkpt>
      <trkpt lat="66.428195" lon="14.176474"></trkpt>
      <trkpt lat="66.428167" lon="14.176185"></trkpt>
      <trkpt lat="66.428132" lon="14.175982"></trkpt>
      <trkpt lat="66.427990" lon="14.175398"></trkpt>
      <trkpt lat="66.427966" lon="14.175329"></trkpt>
      <trkpt lat="66.427727" lon="14.175154"></trkpt>
      <trkpt lat="66.427679" lon="14.175071"></trkpt>
      <trkpt lat="66.427654" lon="14.174988"></trkpt>
      <trkpt lat="66.427638" lon="14.174872"></trkpt>
      <trkpt lat="66.427622" lon="14.174526"></trkpt>
      <trkpt lat="66.427629" lon="14.174208"></trkpt>
      <trkpt lat="66.427706" lon="14.172429"></trkpt>
      <trkpt lat="66.427710" lon="14.171303"></trkpt>
      <trkpt lat="66.427696" lon="14.170917"></trkpt>
      <trkpt lat="66.427700" lon="14.170784"></trkpt>
      <trkpt lat="66.427705" lon="14.170747"></trkpt>
      <trkpt lat="66.427724" lon="14.170711"></trkpt>
      <trkpt lat="66.427898" lon="14.170644"></trkpt>
      <trkpt lat="66.427952" lon="14.170579"></trkpt>
      <trkpt lat="66.427968" lon="14.170526"></trkpt>
      <trkpt lat="66.427974" lon="14.170386"></trkpt>
      <trkpt lat="66.427959" lon="14.169984"></trkpt>
      <trkpt lat="66.427937" lon="14.169688"></trkpt>
      <trkpt lat="66.427940" lon="14.169484"></trkpt>
      <trkpt lat="66.427954" lon="14.169433"></trkpt>
      <trkpt lat="66.427976" lon="14.169414"></trkpt>
      <trkpt lat="66.428017" lon="14.169426"></trkpt>
      <trkpt lat="66.428094" lon="14.169492"></trkpt>
      <trkpt lat="66.428017" lon="14.169426"></trkpt>
      <trkpt lat="66.427976" lon="14.169414"></trkpt>
      <trkpt lat="66.427954" lon="14.169433"></trkpt>
      <trkpt lat="66.427954" lon="14.169433"></trkpt>
      <trkpt lat="66.427940" lon="14.169484"></trkpt>
      <trkpt lat="66.427937" lon="14.169688"></trkpt>
      <trkpt lat="66.427959" lon="14.169984"></trkpt>
      <trkpt lat="66.427974" lon="14.170386"></trkpt>
      <trkpt lat="66.427968" lon="14.170526"></trkpt>
      <trkpt lat="66.427952" lon="14.170579"></trkpt>
      <trkpt lat="66.427898" lon="14.170644"></trkpt>
      <trkpt lat="66.427724" lon="14.170711"></trkpt>
      <trkpt lat="66.427705" lon="14.170747"></trkpt>
      <trkpt lat="66.427700" lon="14.170784"></trkpt>
      <trkpt lat="66.427696" lon="14.170917"></trkpt>
      <trkpt lat="66.427710" lon="14.171303"></trkpt>
      <trkpt lat="66.427706" lon="14.172429"></trkpt>
      <trkpt lat="66.427629" lon="14.174208"></trkpt>
      <trkpt lat="66.427622" lon="14.174526"></trkpt>
      <trkpt lat="66.427638" lon="14.174872"></trkpt>
      <trkpt lat="66.427654" lon="14.174988"></trkpt>
      <trkpt lat="66.427679" lon="14.175071"></trkpt>
      <trkpt lat="66.427727" lon="14.175154"></trkpt>
      <trkpt lat="66.427966" lon="14.175329"></trkpt>
      <trkpt lat="66.427990" lon="14.175398"></trkpt>
      <trkpt lat="66.428132" lon="14.175982"></trkpt>
      <trkpt lat="66.428167" lon="14.176185"></trkpt>
      <trkpt lat="66.428195" lon="14.176474"></trkpt>
      <trkpt lat="66.428237" lon="14.177094"></trkpt>
      <trkpt lat="66.428270" lon="14.177343"></trkpt>
      <trkpt lat="66.428279" lon="14.177854"></trkpt>
      <trkpt lat="66.428285" lon="14.178083"></trkpt>
      <trkpt lat="66.428278" lon="14.178310"></trkpt>
      <trkpt lat="66.428226" lon="14.179346"></trkpt>
      <trkpt lat="66.428098" lon="14.180623"></trkpt>
      <trkpt lat="66.428076" lon="14.181246"></trkpt>
      <trkpt lat="66.428010" lon="14.182098"></trkpt>
      <trkpt lat="66.427995" lon="14.182380"></trkpt>
      <trkpt lat="66.428000" lon="14.182896"></trkpt>
      <trkpt lat="66.427960" lon="14.183717"></trkpt>
      <trkpt lat="66.427942" lon="14.184299"></trkpt>
      <trkpt lat="66.427919" lon="14.184493"></trkpt>
      <trkpt lat="66.427885" lon="14.184694"></trkpt>
      <trkpt lat="66.427825" lon="14.185271"></trkpt>
      <trkpt lat="66.427735" lon="14.185866"></trkpt>
      <trkpt lat="66.427665" lon="14.186181"></trkpt>
      <trkpt lat="66.427543" lon="14.186614"></trkpt>
      <trkpt lat="66.427490" lon="14.186766"></trkpt>
      <trkpt lat="66.427421" lon="14.187095"></trkpt>
      <trkpt lat="66.427347" lon="14.187904"></trkpt>
      <trkpt lat="66.427291" lon="14.188265"></trkpt>
      <trkpt lat="66.427242" lon="14.188798"></trkpt>
      <trkpt lat="66.427118" lon="14.189633"></trkpt>
      <trkpt lat="66.427090" lon="14.189905"></trkpt>
      <trkpt lat="66.427060" lon="14.190455"></trkpt>
      <trkpt lat="66.426993" lon="14.191041"></trkpt>
      <trkpt lat="66.426936" lon="14.191902"></trkpt>
      <trkpt lat="66.426923" lon="14.192107"></trkpt>
      <trkpt lat="66.426920" lon="14.192499"></trkpt>
      <trkpt lat="66.426897" lon="14.192627"></trkpt>
      <trkpt lat="66.426740" lon="14.193082"></trkpt>
      <trkpt lat="66.426664" lon="14.193407"></trkpt>
      <trkpt lat="66.426540" lon="14.193848"></trkpt>
      <trkpt lat="66.426459" lon="14.194236"></trkpt>
      <trkpt lat="66.426400" lon="14.194647"></trkpt>
      <trkpt lat="66.426293" lon="14.195591"></trkpt>
      <trkpt lat="66.426258" lon="14.196108"></trkpt>
      <trkpt lat="66.426231" lon="14.196393"></trkpt>
      <trkpt lat="66.426183" lon="14.197700"></trkpt>
      <trkpt lat="66.426180" lon="14.197964"></trkpt>
      <trkpt lat="66.426193" lon="14.198280"></trkpt>
      <trkpt lat="66.426223" lon="14.198672"></trkpt>
      <trkpt lat="66.426224" lon="14.198813"></trkpt>
      <trkpt lat="66.426217" lon="14.198985"></trkpt>
      <trkpt lat="66.426148" lon="14.199600"></trkpt>
      <trkpt lat="66.426147" lon="14.199755"></trkpt>
      <trkpt lat="66.426167" lon="14.200055"></trkpt>
      <trkpt lat="66.426170" lon="14.200285"></trkpt>
      <trkpt lat="66.426160" lon="14.200490"></trkpt>
      <trkpt lat="66.426108" lon="14.200872"></trkpt>
      <trkpt lat="66.426075" lon="14.201400"></trkpt>
      <trkpt lat="66.426058" lon="14.201997"></trkpt>
      <trkpt lat="66.426026" lon="14.202588"></trkpt>
      <trkpt lat="66.426014" lon="14.202986"></trkpt>
      <trkpt lat="66.426011" lon="14.203560"></trkpt>
      <trkpt lat="66.426038" lon="14.204196"></trkpt>
      <trkpt lat="66.425995" lon="14.205399"></trkpt>
      <trkpt lat="66.425974" lon="14.205668"></trkpt>
      <trkpt lat="66.425942" lon="14.206317"></trkpt>
      <trkpt lat="66.425937" lon="14.206676"></trkpt>
      <trkpt lat="66.425935" lon="14.208158"></trkpt>
      <trkpt lat="66.425955" lon="14.208758"></trkpt>
      <trkpt lat="66.425940" lon="14.209030"></trkpt>
      <trkpt lat="66.425898" lon="14.209322"></trkpt>
      <trkpt lat="66.425862" lon="14.209461"></trkpt>
      <trkpt lat="66.425765" lon="14.209686"></trkpt>
      <trkpt lat="66.425718" lon="14.209847"></trkpt>
      <trkpt lat="66.425686" lon="14.210115"></trkpt>
      <trkpt lat="66.425687" lon="14.210395"></trkpt>
      <trkpt lat="66.425726" lon="14.210870"></trkpt>
      <trkpt lat="66.425763" lon="14.211196"></trkpt>
      <trkpt lat="66.425789" lon="14.211388"></trkpt>
      <trkpt lat="66.425861" lon="14.211800"></trkpt>
      <trkpt lat="66.425882" lon="14.212143"></trkpt>
      <trkpt lat="66.425865" lon="14.212423"></trkpt>
      <trkpt lat="66.425807" lon="14.213020"></trkpt>
      <trkpt lat="66.425776" lon="14.213486"></trkpt>
      <trkpt lat="66.425771" lon="14.213750"></trkpt>
      <trkpt lat="66.425797" lon="14.214203"></trkpt>
      <trkpt lat="66.425862" lon="14.214761"></trkpt>
      <trkpt lat="66.425916" lon="14.215062"></trkpt>
      <trkpt lat="66.426043" lon="14.215498"></trkpt>
      <trkpt lat="66.426119" lon="14.215807"></trkpt>
      <trkpt lat="66.426198" lon="14.216280"></trkpt>
      <trkpt lat="66.426242" lon="14.216663"></trkpt>
      <trkpt lat="66.426273" lon="14.216841"></trkpt>
      <trkpt lat="66.426357" lon="14.217144"></trkpt>
      <trkpt lat="66.426419" lon="14.217272"></trkpt>
      <trkpt lat="66.426506" lon="14.217500"></trkpt>
      <trkpt lat="66.426571" lon="14.217733"></trkpt>
      <trkpt lat="66.426610" lon="14.217918"></trkpt>
      <trkpt lat="66.426645" lon="14.218178"></trkpt>
      <trkpt lat="66.426706" lon="14.219261"></trkpt>
      <trkpt lat="66.426698" lon="14.219442"></trkpt>
      <trkpt lat="66.426679" lon="14.219604"></trkpt>
      <trkpt lat="66.426619" lon="14.220003"></trkpt>
      <trkpt lat="66.426568" lon="14.220441"></trkpt>
      <trkpt lat="66.426535" lon="14.220632"></trkpt>
      <trkpt lat="66.426507" lon="14.220705"></trkpt>
      <trkpt lat="66.426465" lon="14.220764"></trkpt>
      <trkpt lat="66.426381" lon="14.220842"></trkpt>
      <trkpt lat="66.426265" lon="14.220989"></trkpt>
      <trkpt lat="66.426226" lon="14.221077"></trkpt>
      <trkpt lat="66.426195" lon="14.221201"></trkpt>
      <trkpt lat="66.426178" lon="14.221322"></trkpt>
      <trkpt lat="66.426178" lon="14.221584"></trkpt>
      <trkpt lat="66.426191" lon="14.222002"></trkpt>
      <trkpt lat="66.426175" lon="14.222463"></trkpt>
      <trkpt lat="66.426106" lon="14.223105"></trkpt>
      <trkpt lat="66.426048" lon="14.223869"></trkpt>
      <trkpt lat="66.426018" lon="14.224604"></trkpt>
      <trkpt lat="66.426010" lon="14.225133"></trkpt>
      <trkpt lat="66.426019" lon="14.225616"></trkpt>
      <trkpt lat="66.426051" lon="14.225919"></trkpt>
      <trkpt lat="66.426106" lon="14.226134"></trkpt>
      <trkpt lat="66.426140" lon="14.226199"></trkpt>
      <trkpt lat="66.426230" lon="14.226314"></trkpt>
      <trkpt lat="66.426276" lon="14.226458"></trkpt>
      <trkpt lat="66.426305" lon="14.226636"></trkpt>
      <trkpt lat="66.426309" lon="14.226793"></trkpt>
      <trkpt lat="66.426289" lon="14.226930"></trkpt>
      <trkpt lat="66.426240" lon="14.227106"></trkpt>
      <trkpt lat="66.426110" lon="14.227428"></trkpt>
      <trkpt lat="66.425670" lon="14.228359"></trkpt>
      <trkpt lat="66.425462" lon="14.228875"></trkpt>
      <trkpt lat="66.425348" lon="14.229262"></trkpt>
      <trkpt lat="66.425237" lon="14.229568"></trkpt>
      <trkpt lat="66.425173" lon="14.229760"></trkpt>
      <trkpt lat="66.424974" lon="14.230253"></trkpt>
      <trkpt lat="66.424867" lon="14.230369"></trkpt>
      <trkpt lat="66.424648" lon="14.230425"></trkpt>
      <trkpt lat="66.424574" lon="14.230407"></trkpt>
      <trkpt lat="66.424445" lon="14.230312"></trkpt>
      <trkpt lat="66.424408" lon="14.230319"></trkpt>
      <trkpt lat="66.424371" lon="14.230356"></trkpt>
      <trkpt lat="66.424345" lon="14.230430"></trkpt>
      <trkpt lat="66.424317" lon="14.230731"></trkpt>
      <trkpt lat="66.424305" lon="14.230925"></trkpt>
      <trkpt lat="66.424074" lon="14.230716"></trkpt>
      <trkpt lat="66.423601" lon="14.230281"></trkpt>
      <trkpt lat="66.423462" lon="14.230130"></trkpt>
      <trkpt lat="66.423308" lon="14.230047"></trkpt>
      <trkpt lat="66.423209" lon="14.230041"></trkpt>
      <trkpt lat="66.423120" lon="14.230099"></trkpt>
      <trkpt lat="66.422645" lon="14.230563"></trkpt>
      <trkpt lat="66.422426" lon="14.230698"></trkpt>
      <trkpt lat="66.422264" lon="14.230743"></trkpt>
      <trkpt lat="66.422087" lon="14.230765"></trkpt>
      <trkpt lat="66.420907" lon="14.230791"></trkpt>
      <trkpt lat="66.420404" lon="14.230716"></trkpt>
      <trkpt lat="66.419928" lon="14.230700"></trkpt>
      <trkpt lat="66.419118" lon="14.230747"></trkpt>
      <trkpt lat="66.419022" lon="14.230763"></trkpt>
      <trkpt lat="66.418812" lon="14.230868"></trkpt>
      <trkpt lat="66.418264" lon="14.231216"></trkpt>
      <trkpt lat="66.417986" lon="14.231361"></trkpt>
      <trkpt lat="66.417879" lon="14.231399"></trkpt>
      <trkpt lat="66.417639" lon="14.231425"></trkpt>
      <trkpt lat="66.417405" lon="14.231366"></trkpt>
      <trkpt lat="66.417324" lon="14.231349"></trkpt>
      <trkpt lat="66.417301" lon="14.231507"></trkpt>
      <trkpt lat="66.417211" lon="14.232021"></trkpt>
      <trkpt lat="66.417139" lon="14.232396"></trkpt>
      <trkpt lat="66.417086" lon="14.232619"></trkpt>
      <trkpt lat="66.416995" lon="14.232887"></trkpt>
      <trkpt lat="66.416927" lon="14.233037"></trkpt>
      <trkpt lat="66.416841" lon="14.233181"></trkpt>
      <trkpt lat="66.416685" lon="14.233351"></trkpt>
      <trkpt lat="66.416559" lon="14.233453"></trkpt>
      <trkpt lat="66.416427" lon="14.233518"></trkpt>
      <trkpt lat="66.416310" lon="14.233552"></trkpt>
      <trkpt lat="66.416202" lon="14.233561"></trkpt>
      <trkpt lat="66.416127" lon="14.233543"></trkpt>
      <trkpt lat="66.416035" lon="14.233502"></trkpt>
      <trkpt lat="66.415957" lon="14.233434"></trkpt>
      <trkpt lat="66.415881" lon="14.233330"></trkpt>
      <trkpt lat="66.415829" lon="14.233222"></trkpt>
      <trkpt lat="66.415793" lon="14.233110"></trkpt>
      <trkpt lat="66.415767" lon="14.232980"></trkpt>
      <trkpt lat="66.415756" lon="14.232868"></trkpt>
      <trkpt lat="66.415751" lon="14.232709"></trkpt>
      <trkpt lat="66.415746" lon="14.232394"></trkpt>
      <trkpt lat="66.415744" lon="14.232298"></trkpt>
      <trkpt lat="66.415733" lon="14.232188"></trkpt>
      <trkpt lat="66.415715" lon="14.232103"></trkpt>
      <trkpt lat="66.415677" lon="14.231991"></trkpt>
      <trkpt lat="66.415643" lon="14.231912"></trkpt>
      <trkpt lat="66.415600" lon="14.231859"></trkpt>
      <trkpt lat="66.415539" lon="14.231809"></trkpt>
      <trkpt lat="66.415497" lon="14.231801"></trkpt>
      <trkpt lat="66.415440" lon="14.231814"></trkpt>
      <trkpt lat="66.415396" lon="14.231849"></trkpt>
      <trkpt lat="66.415341" lon="14.231936"></trkpt>
      <trkpt lat="66.415289" lon="14.232077"></trkpt>
      <trkpt lat="66.415250" lon="14.232224"></trkpt>
      <trkpt lat="66.415226" lon="14.232362"></trkpt>
      <trkpt lat="66.415209" lon="14.232549"></trkpt>
      <trkpt lat="66.415199" lon="14.232753"></trkpt>
      <trkpt lat="66.415188" lon="14.233110"></trkpt>
      <trkpt lat="66.415178" lon="14.233788"></trkpt>
      <trkpt lat="66.415169" lon="14.234041"></trkpt>
      <trkpt lat="66.415130" lon="14.234570"></trkpt>
      <trkpt lat="66.415101" lon="14.234831"></trkpt>
      <trkpt lat="66.415052" lon="14.235189"></trkpt>
      <trkpt lat="66.415006" lon="14.235477"></trkpt>
      <trkpt lat="66.414943" lon="14.235817"></trkpt>
      <trkpt lat="66.414879" lon="14.236115"></trkpt>
      <trkpt lat="66.414827" lon="14.236303"></trkpt>
      <trkpt lat="66.414760" lon="14.236508"></trkpt>
      <trkpt lat="66.414689" lon="14.236684"></trkpt>
      <trkpt lat="66.414584" lon="14.236889"></trkpt>
      <trkpt lat="66.414527" lon="14.236971"></trkpt>
      <trkpt lat="66.414505" lon="14.237002"></trkpt>
      <trkpt lat="66.414446" lon="14.237066"></trkpt>
      <trkpt lat="66.414365" lon="14.237110"></trkpt>
      <trkpt lat="66.414201" lon="14.237164"></trkpt>
      <trkpt lat="66.413955" lon="14.237222"></trkpt>
      <trkpt lat="66.413821" lon="14.237273"></trkpt>
      <trkpt lat="66.413758" lon="14.237316"></trkpt>
      <trkpt lat="66.413716" lon="14.237395"></trkpt>
      <trkpt lat="66.413680" lon="14.237518"></trkpt>
      <trkpt lat="66.413648" lon="14.237671"></trkpt>
      <trkpt lat="66.413471" lon="14.239315"></trkpt>
      <trkpt lat="66.413432" lon="14.239600"></trkpt>
      <trkpt lat="66.413027" lon="14.240105"></trkpt>
      <trkpt lat="66.412846" lon="14.240338"></trkpt>
      <trkpt lat="66.412685" lon="14.240598"></trkpt>
      <trkpt lat="66.412503" lon="14.240955"></trkpt>
      <trkpt lat="66.412454" lon="14.241075"></trkpt>
      <trkpt lat="66.412368" lon="14.241273"></trkpt>
      <trkpt lat="66.412292" lon="14.241486"></trkpt>
      <trkpt lat="66.412140" lon="14.242002"></trkpt>
      <trkpt lat="66.412047" lon="14.242337"></trkpt>
      <trkpt lat="66.411847" lon="14.243116"></trkpt>
      <trkpt lat="66.411786" lon="14.243284"></trkpt>
      <trkpt lat="66.411506" lon="14.243965"></trkpt>
      <trkpt lat="66.411435" lon="14.244156"></trkpt>
      <trkpt lat="66.411356" lon="14.244397"></trkpt>
      <trkpt lat="66.411300" lon="14.244595"></trkpt>
      <trkpt lat="66.411256" lon="14.244784"></trkpt>
      <trkpt lat="66.411059" lon="14.245749"></trkpt>
      <trkpt lat="66.410964" lon="14.246131"></trkpt>
      <trkpt lat="66.410859" lon="14.246493"></trkpt>
      <trkpt lat="66.410771" lon="14.246778"></trkpt>
      <trkpt lat="66.410655" lon="14.247106"></trkpt>
      <trkpt lat="66.410575" lon="14.247297"></trkpt>
      <trkpt lat="66.410432" lon="14.247605"></trkpt>
      <trkpt lat="66.410351" lon="14.247748"></trkpt>
      <trkpt lat="66.410270" lon="14.247866"></trkpt>
      <trkpt lat="66.410141" lon="14.248017"></trkpt>
      <trkpt lat="66.410026" lon="14.248104"></trkpt>
      <trkpt lat="66.409851" lon="14.248198"></trkpt>
      <trkpt lat="66.409743" lon="14.248247"></trkpt>
      <trkpt lat="66.409689" lon="14.248260"></trkpt>
      <trkpt lat="66.409566" lon="14.248260"></trkpt>
      <trkpt lat="66.409370" lon="14.248238"></trkpt>
      <trkpt lat="66.409175" lon="14.248232"></trkpt>
      <trkpt lat="66.408991" lon="14.248234"></trkpt>
      <trkpt lat="66.408735" lon="14.248262"></trkpt>
      <trkpt lat="66.408607" lon="14.248295"></trkpt>
      <trkpt lat="66.408478" lon="14.248342"></trkpt>
      <trkpt lat="66.408342" lon="14.248415"></trkpt>
      <trkpt lat="66.407966" lon="14.248641"></trkpt>
      <trkpt lat="66.407859" lon="14.248686"></trkpt>
      <trkpt lat="66.407759" lon="14.248692"></trkpt>
      <trkpt lat="66.407671" lon="14.248671"></trkpt>
      <trkpt lat="66.407541" lon="14.248602"></trkpt>
      <trkpt lat="66.407397" lon="14.248500"></trkpt>
      <trkpt lat="66.407337" lon="14.248485"></trkpt>
      <trkpt lat="66.407256" lon="14.248465"></trkpt>
      <trkpt lat="66.407096" lon="14.248472"></trkpt>
      <trkpt lat="66.406944" lon="14.248485"></trkpt>
      <trkpt lat="66.406677" lon="14.248526"></trkpt>
      <trkpt lat="66.406410" lon="14.248551"></trkpt>
      <trkpt lat="66.406253" lon="14.248544"></trkpt>
      <trkpt lat="66.405758" lon="14.248462"></trkpt>
      <trkpt lat="66.405547" lon="14.248445"></trkpt>
      <trkpt lat="66.405392" lon="14.248464"></trkpt>
      <trkpt lat="66.405224" lon="14.248527"></trkpt>
      <trkpt lat="66.405037" lon="14.248631"></trkpt>
      <trkpt lat="66.404818" lon="14.248789"></trkpt>
      <trkpt lat="66.404591" lon="14.248986"></trkpt>
      <trkpt lat="66.404377" lon="14.249203"></trkpt>
      <trkpt lat="66.403947" lon="14.249654"></trkpt>
      <trkpt lat="66.403083" lon="14.250586"></trkpt>
      <trkpt lat="66.402827" lon="14.250854"></trkpt>
      <trkpt lat="66.402501" lon="14.251179"></trkpt>
      <trkpt lat="66.402334" lon="14.251306"></trkpt>
      <trkpt lat="66.402116" lon="14.251450"></trkpt>
      <trkpt lat="66.401897" lon="14.251562"></trkpt>
      <trkpt lat="66.401559" lon="14.251696"></trkpt>
      <trkpt lat="66.401355" lon="14.251761"></trkpt>
      <trkpt lat="66.401107" lon="14.251853"></trkpt>
      <trkpt lat="66.400888" lon="14.251917"></trkpt>
      <trkpt lat="66.400689" lon="14.251944"></trkpt>
      <trkpt lat="66.400487" lon="14.251935"></trkpt>
      <trkpt lat="66.400289" lon="14.251936"></trkpt>
      <trkpt lat="66.400101" lon="14.251958"></trkpt>
      <trkpt lat="66.399959" lon="14.252006"></trkpt>
      <trkpt lat="66.399892" lon="14.252042"></trkpt>
      <trkpt lat="66.399619" lon="14.252248"></trkpt>
      <trkpt lat="66.399409" lon="14.252398"></trkpt>
      <trkpt lat="66.399218" lon="14.252523"></trkpt>
      <trkpt lat="66.399010" lon="14.252626"></trkpt>
      <trkpt lat="66.398702" lon="14.252728"></trkpt>
      <trkpt lat="66.398392" lon="14.252792"></trkpt>
      <trkpt lat="66.398293" lon="14.252845"></trkpt>
      <trkpt lat="66.397838" lon="14.253282"></trkpt>
      <trkpt lat="66.397759" lon="14.253344"></trkpt>
      <trkpt lat="66.397694" lon="14.253396"></trkpt>
      <trkpt lat="66.397307" lon="14.253666"></trkpt>
      <trkpt lat="66.396942" lon="14.253903"></trkpt>
      <trkpt lat="66.396562" lon="14.254175"></trkpt>
      <trkpt lat="66.396312" lon="14.254366"></trkpt>
      <trkpt lat="66.395823" lon="14.254689"></trkpt>
      <trkpt lat="66.395714" lon="14.254779"></trkpt>
      <trkpt lat="66.395599" lon="14.254928"></trkpt>
      <trkpt lat="66.395525" lon="14.255063"></trkpt>
      <trkpt lat="66.395458" lon="14.255217"></trkpt>
      <trkpt lat="66.395394" lon="14.255409"></trkpt>
      <trkpt lat="66.395326" lon="14.255656"></trkpt>
      <trkpt lat="66.395214" lon="14.256095"></trkpt>
      <trkpt lat="66.395129" lon="14.256379"></trkpt>
      <trkpt lat="66.395092" lon="14.256498"></trkpt>
      <trkpt lat="66.394960" lon="14.256832"></trkpt>
      <trkpt lat="66.394930" lon="14.256899"></trkpt>
      <trkpt lat="66.394866" lon="14.257022"></trkpt>
      <trkpt lat="66.394724" lon="14.257215"></trkpt>
      <trkpt lat="66.394552" lon="14.257429"></trkpt>
      <trkpt lat="66.393997" lon="14.258211"></trkpt>
      <trkpt lat="66.393895" lon="14.258396"></trkpt>
      <trkpt lat="66.393831" lon="14.258522"></trkpt>
      <trkpt lat="66.393763" lon="14.258686"></trkpt>
      <trkpt lat="66.393661" lon="14.258962"></trkpt>
      <trkpt lat="66.393583" lon="14.259193"></trkpt>
      <trkpt lat="66.393482" lon="14.259566"></trkpt>
      <trkpt lat="66.393314" lon="14.260277"></trkpt>
      <trkpt lat="66.393268" lon="14.260455"></trkpt>
      <trkpt lat="66.393118" lon="14.261081"></trkpt>
      <trkpt lat="66.393016" lon="14.261492"></trkpt>
      <trkpt lat="66.392921" lon="14.261828"></trkpt>
      <trkpt lat="66.392845" lon="14.262055"></trkpt>
      <trkpt lat="66.392728" lon="14.262430"></trkpt>
      <trkpt lat="66.392526" lon="14.263037"></trkpt>
      <trkpt lat="66.392395" lon="14.263413"></trkpt>
      <trkpt lat="66.392217" lon="14.263944"></trkpt>
      <trkpt lat="66.392080" lon="14.264328"></trkpt>
      <trkpt lat="66.391988" lon="14.264614"></trkpt>
      <trkpt lat="66.391813" lon="14.265120"></trkpt>
      <trkpt lat="66.391679" lon="14.265525"></trkpt>
      <trkpt lat="66.391376" lon="14.266426"></trkpt>
      <trkpt lat="66.391334" lon="14.266534"></trkpt>
      <trkpt lat="66.391189" lon="14.266958"></trkpt>
      <trkpt lat="66.391128" lon="14.267147"></trkpt>
      <trkpt lat="66.390999" lon="14.267524"></trkpt>
      <trkpt lat="66.390961" lon="14.267646"></trkpt>
      <trkpt lat="66.390878" lon="14.267874"></trkpt>
      <trkpt lat="66.390808" lon="14.268080"></trkpt>
      <trkpt lat="66.390682" lon="14.268470"></trkpt>
      <trkpt lat="66.390549" lon="14.268890"></trkpt>
      <trkpt lat="66.390430" lon="14.269310"></trkpt>
      <trkpt lat="66.390292" lon="14.269852"></trkpt>
      <trkpt lat="66.390188" lon="14.270302"></trkpt>
      <trkpt lat="66.389998" lon="14.271097"></trkpt>
      <trkpt lat="66.389916" lon="14.271465"></trkpt>
      <trkpt lat="66.389701" lon="14.272377"></trkpt>
      <trkpt lat="66.389571" lon="14.272958"></trkpt>
      <trkpt lat="66.389532" lon="14.273108"></trkpt>
      <trkpt lat="66.389431" lon="14.273646"></trkpt>
      <trkpt lat="66.389369" lon="14.273956"></trkpt>
      <trkpt lat="66.389337" lon="14.274111"></trkpt>
      <trkpt lat="66.389261" lon="14.274499"></trkpt>
      <trkpt lat="66.389241" lon="14.274587"></trkpt>
      <trkpt lat="66.389131" lon="14.275066"></trkpt>
      <trkpt lat="66.389063" lon="14.275318"></trkpt>
      <trkpt lat="66.389005" lon="14.275516"></trkpt>
      <trkpt lat="66.388880" lon="14.275918"></trkpt>
      <trkpt lat="66.388666" lon="14.276542"></trkpt>
      <trkpt lat="66.388516" lon="14.276905"></trkpt>
      <trkpt lat="66.388452" lon="14.277039"></trkpt>
      <trkpt lat="66.388328" lon="14.277324"></trkpt>
      <trkpt lat="66.388182" lon="14.277614"></trkpt>
      <trkpt lat="66.388005" lon="14.277987"></trkpt>
      <trkpt lat="66.387786" lon="14.278507"></trkpt>
      <trkpt lat="66.387504" lon="14.279265"></trkpt>
      <trkpt lat="66.387437" lon="14.279473"></trkpt>
      <trkpt lat="66.387268" lon="14.279970"></trkpt>
      <trkpt lat="66.387142" lon="14.280329"></trkpt>
      <trkpt lat="66.387023" lon="14.280741"></trkpt>
      <trkpt lat="66.386989" lon="14.280844"></trkpt>
      <trkpt lat="66.386909" lon="14.281202"></trkpt>
      <trkpt lat="66.386851" lon="14.281565"></trkpt>
      <trkpt lat="66.386831" lon="14.281763"></trkpt>
      <trkpt lat="66.386795" lon="14.282281"></trkpt>
      <trkpt lat="66.386783" lon="14.282805"></trkpt>
      <trkpt lat="66.386759" lon="14.283252"></trkpt>
      <trkpt lat="66.386745" lon="14.283389"></trkpt>
      <trkpt lat="66.386705" lon="14.283670"></trkpt>
      <trkpt lat="66.386645" lon="14.283967"></trkpt>
      <trkpt lat="66.386600" lon="14.284158"></trkpt>
      <trkpt lat="66.386280" lon="14.285289"></trkpt>
      <trkpt lat="66.386116" lon="14.285886"></trkpt>
      <trkpt lat="66.386056" lon="14.286129"></trkpt>
      <trkpt lat="66.385865" lon="14.286771"></trkpt>
      <trkpt lat="66.385796" lon="14.286979"></trkpt>
      <trkpt lat="66.385642" lon="14.287342"></trkpt>
      <trkpt lat="66.385533" lon="14.287548"></trkpt>
      <trkpt lat="66.385422" lon="14.287736"></trkpt>
      <trkpt lat="66.385255" lon="14.288053"></trkpt>
      <trkpt lat="66.385151" lon="14.288291"></trkpt>
      <trkpt lat="66.385068" lon="14.288517"></trkpt>
      <trkpt lat="66.384776" lon="14.289415"></trkpt>
      <trkpt lat="66.384609" lon="14.289851"></trkpt>
      <trkpt lat="66.384476" lon="14.290139"></trkpt>
      <trkpt lat="66.384416" lon="14.290257"></trkpt>
      <trkpt lat="66.383979" lon="14.291035"></trkpt>
      <trkpt lat="66.383853" lon="14.291248"></trkpt>
      <trkpt lat="66.383677" lon="14.291562"></trkpt>
      <trkpt lat="66.383601" lon="14.291710"></trkpt>
      <trkpt lat="66.383433" lon="14.292057"></trkpt>
      <trkpt lat="66.383288" lon="14.292404"></trkpt>
      <trkpt lat="66.383171" lon="14.292722"></trkpt>
      <trkpt lat="66.382920" lon="14.293366"></trkpt>
      <trkpt lat="66.382773" lon="14.293708"></trkpt>
      <trkpt lat="66.382678" lon="14.293946"></trkpt>
      <trkpt lat="66.382577" lon="14.294173"></trkpt>
      <trkpt lat="66.382528" lon="14.294300"></trkpt>
      <trkpt lat="66.382355" lon="14.294689"></trkpt>
      <trkpt lat="66.382238" lon="14.294916"></trkpt>
      <trkpt lat="66.382144" lon="14.295078"></trkpt>
      <trkpt lat="66.382096" lon="14.295150"></trkpt>
      <trkpt lat="66.381920" lon="14.295444"></trkpt>
      <trkpt lat="66.381754" lon="14.295714"></trkpt>
      <trkpt lat="66.381698" lon="14.295807"></trkpt>
      <trkpt lat="66.381583" lon="14.295997"></trkpt>
      <trkpt lat="66.381390" lon="14.296316"></trkpt>
      <trkpt lat="66.381213" lon="14.296589"></trkpt>
      <trkpt lat="66.381068" lon="14.296777"></trkpt>
      <trkpt lat="66.380929" lon="14.296906"></trkpt>
      <trkpt lat="66.380778" lon="14.297002"></trkpt>
      <trkpt lat="66.380660" lon="14.297065"></trkpt>
      <trkpt lat="66.380580" lon="14.297096"></trkpt>
      <trkpt lat="66.380464" lon="14.297153"></trkpt>
      <trkpt lat="66.380272" lon="14.297258"></trkpt>
      <trkpt lat="66.380159" lon="14.297335"></trkpt>
      <trkpt lat="66.380085" lon="14.297396"></trkpt>
      <trkpt lat="66.379996" lon="14.297490"></trkpt>
      <trkpt lat="66.379823" lon="14.297701"></trkpt>
      <trkpt lat="66.379671" lon="14.297921"></trkpt>
      <trkpt lat="66.379620" lon="14.298002"></trkpt>
      <trkpt lat="66.379268" lon="14.298575"></trkpt>
      <trkpt lat="66.378815" lon="14.299350"></trkpt>
      <trkpt lat="66.378290" lon="14.300224"></trkpt>
      <trkpt lat="66.378027" lon="14.300702"></trkpt>
      <trkpt lat="66.377862" lon="14.301047"></trkpt>
      <trkpt lat="66.377724" lon="14.301368"></trkpt>
      <trkpt lat="66.377589" lon="14.301667"></trkpt>
      <trkpt lat="66.377421" lon="14.301919"></trkpt>
      <trkpt lat="66.377326" lon="14.302015"></trkpt>
      <trkpt lat="66.377312" lon="14.302029"></trkpt>
      <trkpt lat="66.377202" lon="14.302094"></trkpt>
      <trkpt lat="66.377020" lon="14.302125"></trkpt>
      <trkpt lat="66.376811" lon="14.302110"></trkpt>
      <trkpt lat="66.376531" lon="14.302048"></trkpt>
      <trkpt lat="66.376458" lon="14.302059"></trkpt>
      <trkpt lat="66.376357" lon="14.302093"></trkpt>
      <trkpt lat="66.376277" lon="14.302149"></trkpt>
      <trkpt lat="66.376100" lon="14.302295"></trkpt>
      <trkpt lat="66.375852" lon="14.302549"></trkpt>
      <trkpt lat="66.375657" lon="14.302773"></trkpt>
      <trkpt lat="66.375563" lon="14.302915"></trkpt>
      <trkpt lat="66.375340" lon="14.303282"></trkpt>
      <trkpt lat="66.375098" lon="14.303692"></trkpt>
      <trkpt lat="66.375043" lon="14.303777"></trkpt>
      <trkpt lat="66.374939" lon="14.303917"></trkpt>
      <trkpt lat="66.374837" lon="14.304014"></trkpt>
      <trkpt lat="66.374641" lon="14.304139"></trkpt>
      <trkpt lat="66.374437" lon="14.304200"></trkpt>
      <trkpt lat="66.374227" lon="14.304231"></trkpt>
      <trkpt lat="66.374013" lon="14.304284"></trkpt>
      <trkpt lat="66.373931" lon="14.304311"></trkpt>
      <trkpt lat="66.373832" lon="14.304361"></trkpt>
      <trkpt lat="66.373723" lon="14.304445"></trkpt>
      <trkpt lat="66.373650" lon="14.304510"></trkpt>
      <trkpt lat="66.373340" lon="14.304827"></trkpt>
      <trkpt lat="66.373064" lon="14.305134"></trkpt>
      <trkpt lat="66.372900" lon="14.305307"></trkpt>
      <trkpt lat="66.372698" lon="14.305540"></trkpt>
      <trkpt lat="66.372615" lon="14.305647"></trkpt>
      <trkpt lat="66.372566" lon="14.305713"></trkpt>
      <trkpt lat="66.372452" lon="14.305889"></trkpt>
      <trkpt lat="66.372365" lon="14.306043"></trkpt>
      <trkpt lat="66.372286" lon="14.306200"></trkpt>
      <trkpt lat="66.372161" lon="14.306513"></trkpt>
      <trkpt lat="66.372069" lon="14.306810"></trkpt>
      <trkpt lat="66.372031" lon="14.306947"></trkpt>
      <trkpt lat="66.371924" lon="14.307411"></trkpt>
      <trkpt lat="66.371823" lon="14.307888"></trkpt>
      <trkpt lat="66.371700" lon="14.308425"></trkpt>
      <trkpt lat="66.371600" lon="14.308788"></trkpt>
      <trkpt lat="66.371532" lon="14.309021"></trkpt>
      <trkpt lat="66.371451" lon="14.309215"></trkpt>
      <trkpt lat="66.371266" lon="14.309597"></trkpt>
      <trkpt lat="66.371206" lon="14.309731"></trkpt>
      <trkpt lat="66.371104" lon="14.309933"></trkpt>
      <trkpt lat="66.370892" lon="14.310397"></trkpt>
      <trkpt lat="66.370719" lon="14.310747"></trkpt>
      <trkpt lat="66.370654" lon="14.310874"></trkpt>
      <trkpt lat="66.370575" lon="14.310985"></trkpt>
      <trkpt lat="66.370487" lon="14.311082"></trkpt>
      <trkpt lat="66.370409" lon="14.311149"></trkpt>
      <trkpt lat="66.370305" lon="14.311204"></trkpt>
      <trkpt lat="66.370229" lon="14.311231"></trkpt>
      <trkpt lat="66.370100" lon="14.311236"></trkpt>
      <trkpt lat="66.370000" lon="14.311223"></trkpt>
      <trkpt lat="66.369898" lon="14.311200"></trkpt>
      <trkpt lat="66.369789" lon="14.311150"></trkpt>
      <trkpt lat="66.369659" lon="14.311065"></trkpt>
      <trkpt lat="66.369536" lon="14.310957"></trkpt>
      <trkpt lat="66.369290" lon="14.310635"></trkpt>
      <trkpt lat="66.369121" lon="14.310302"></trkpt>
      <trkpt lat="66.368945" lon="14.309934"></trkpt>
      <trkpt lat="66.368879" lon="14.309772"></trkpt>
      <trkpt lat="66.368750" lon="14.309486"></trkpt>
      <trkpt lat="66.368617" lon="14.309190"></trkpt>
      <trkpt lat="66.368462" lon="14.308862"></trkpt>
      <trkpt lat="66.368284" lon="14.308539"></trkpt>
      <trkpt lat="66.368226" lon="14.308442"></trkpt>
      <trkpt lat="66.368032" lon="14.308153"></trkpt>
      <trkpt lat="66.367969" lon="14.308069"></trkpt>
      <trkpt lat="66.367871" lon="14.307932"></trkpt>
      <trkpt lat="66.367645" lon="14.307660"></trkpt>
      <trkpt lat="66.367513" lon="14.307521"></trkpt>
      <trkpt lat="66.367438" lon="14.307453"></trkpt>
      <trkpt lat="66.367244" lon="14.307343"></trkpt>
      <trkpt lat="66.367038" lon="14.307278"></trkpt>
      <trkpt lat="66.366853" lon="14.307273"></trkpt>
      <trkpt lat="66.366775" lon="14.307282"></trkpt>
      <trkpt lat="66.366326" lon="14.307381"></trkpt>
      <trkpt lat="66.365943" lon="14.307485"></trkpt>
      <trkpt lat="66.365783" lon="14.307522"></trkpt>
      <trkpt lat="66.365368" lon="14.307645"></trkpt>
      <trkpt lat="66.364573" lon="14.307844"></trkpt>
      <trkpt lat="66.364319" lon="14.307909"></trkpt>
      <trkpt lat="66.364275" lon="14.307922"></trkpt>
      <trkpt lat="66.364269" lon="14.307864"></trkpt>
      <trkpt lat="66.364256" lon="14.307815"></trkpt>
      <trkpt lat="66.364237" lon="14.307779"></trkpt>
      <trkpt lat="66.364214" lon="14.307760"></trkpt>
      <trkpt lat="66.364190" lon="14.307760"></trkpt>
      <trkpt lat="66.364168" lon="14.307777"></trkpt>
      <trkpt lat="66.364150" lon="14.307810"></trkpt>
      <trkpt lat="66.364136" lon="14.307856"></trkpt>
      <trkpt lat="66.364129" lon="14.307910"></trkpt>
      <trkpt lat="66.364129" lon="14.307966"></trkpt>
      <trkpt lat="66.364136" lon="14.308023"></trkpt>
      <trkpt lat="66.364149" lon="14.308071"></trkpt>
      <trkpt lat="66.364169" lon="14.308106"></trkpt>
      <trkpt lat="66.364191" lon="14.308124"></trkpt>
      <trkpt lat="66.364215" lon="14.308123"></trkpt>
      <trkpt lat="66.364222" lon="14.308215"></trkpt>
      <trkpt lat="66.364391" lon="14.310420"></trkpt>
      <trkpt lat="66.364444" lon="14.310989"></trkpt>
      <trkpt lat="66.364495" lon="14.311433"></trkpt>
      <trkpt lat="66.364551" lon="14.311835"></trkpt>
      <trkpt lat="66.364608" lon="14.312185"></trkpt>
      <trkpt lat="66.364656" lon="14.312451"></trkpt>
      <trkpt lat="66.364752" lon="14.312944"></trkpt>
      <trkpt lat="66.364924" lon="14.313783"></trkpt>
      <trkpt lat="66.365078" lon="14.314532"></trkpt>
      <trkpt lat="66.365094" lon="14.314621"></trkpt>
      <trkpt lat="66.365113" lon="14.314760"></trkpt>
      <trkpt lat="66.365124" lon="14.314904"></trkpt>
      <trkpt lat="66.365127" lon="14.315026"></trkpt>
      <trkpt lat="66.365126" lon="14.315124"></trkpt>
      <trkpt lat="66.365118" lon="14.315270"></trkpt>
      <trkpt lat="66.365111" lon="14.315341"></trkpt>
      <trkpt lat="66.365083" lon="14.315524"></trkpt>
      <trkpt lat="66.365043" lon="14.315692"></trkpt>
      <trkpt lat="66.364999" lon="14.315823"></trkpt>
      <trkpt lat="66.364955" lon="14.315921"></trkpt>
      <trkpt lat="66.364882" lon="14.316056"></trkpt>
      <trkpt lat="66.364854" lon="14.316049"></trkpt>
      <trkpt lat="66.364772" lon="14.316173"></trkpt>
      <trkpt lat="66.364654" lon="14.316304"></trkpt>
      <trkpt lat="66.364623" lon="14.316336"></trkpt>
      <trkpt lat="66.364559" lon="14.316132"></trkpt>
      <trkpt lat="66.364490" lon="14.315919"></trkpt>
      <trkpt lat="66.364408" lon="14.315693"></trkpt>
      <trkpt lat="66.364327" lon="14.315479"></trkpt>
      <trkpt lat="66.364235" lon="14.315249"></trkpt>
      <trkpt lat="66.364132" lon="14.315011"></trkpt>
      <trkpt lat="66.364043" lon="14.314818"></trkpt>
      <trkpt lat="66.363942" lon="14.314612"></trkpt>
      <trkpt lat="66.363835" lon="14.314454"></trkpt>
      <trkpt lat="66.363734" lon="14.314266"></trkpt>
      <trkpt lat="66.363611" lon="14.314060"></trkpt>
      <trkpt lat="66.363485" lon="14.313865"></trkpt>
      <trkpt lat="66.363357" lon="14.313682"></trkpt>
      <trkpt lat="66.363226" lon="14.313510"></trkpt>
      <trkpt lat="66.363092" lon="14.313351"></trkpt>
      <trkpt lat="66.363002" lon="14.313251"></trkpt>
      <trkpt lat="66.362818" lon="14.313069"></trkpt>
      <trkpt lat="66.362678" lon="14.312948"></trkpt>
      <trkpt lat="66.362537" lon="14.312839"></trkpt>
      <trkpt lat="66.362394" lon="14.312743"></trkpt>
      <trkpt lat="66.362250" lon="14.312660"></trkpt>
      <trkpt lat="66.362153" lon="14.312612"></trkpt>
      <trkpt lat="66.361958" lon="14.312534"></trkpt>
      <trkpt lat="66.361780" lon="14.312484"></trkpt>
      <trkpt lat="66.361663" lon="14.312462"></trkpt>
      <trkpt lat="66.361466" lon="14.312444"></trkpt>
      <trkpt lat="66.361367" lon="14.312444"></trkpt>
      <trkpt lat="66.361268" lon="14.312450"></trkpt>
      <trkpt lat="66.361120" lon="14.312471"></trkpt>
      <trkpt lat="66.360973" lon="14.312505"></trkpt>
      <trkpt lat="66.360833" lon="14.312549"></trkpt>
      <trkpt lat="66.360729" lon="14.312590"></trkpt>
      <trkpt lat="66.360535" lon="14.312687"></trkpt>
      <trkpt lat="66.360480" lon="14.312711"></trkpt>
      <trkpt lat="66.360318" lon="14.312823"></trkpt>
      <trkpt lat="66.360154" lon="14.312948"></trkpt>
      <trkpt lat="66.359968" lon="14.313113"></trkpt>
      <trkpt lat="66.359831" lon="14.313252"></trkpt>
      <trkpt lat="66.359577" lon="14.313544"></trkpt>
      <trkpt lat="66.359000" lon="14.314288"></trkpt>
      <trkpt lat="66.358841" lon="14.314408"></trkpt>
      <trkpt lat="66.358746" lon="14.314502"></trkpt>
      <trkpt lat="66.358570" lon="14.314649"></trkpt>
      <trkpt lat="66.358445" lon="14.314751"></trkpt>
      <trkpt lat="66.358302" lon="14.314861"></trkpt>
      <trkpt lat="66.358086" lon="14.315014"></trkpt>
      <trkpt lat="66.357903" lon="14.315125"></trkpt>
      <trkpt lat="66.357877" lon="14.315312"></trkpt>
      <trkpt lat="66.357883" lon="14.315382"></trkpt>
      <trkpt lat="66.357895" lon="14.315561"></trkpt>
      <trkpt lat="66.357912" lon="14.315734"></trkpt>
      <trkpt lat="66.357926" lon="14.315873"></trkpt>
      <trkpt lat="66.357957" lon="14.315976"></trkpt>
      <trkpt lat="66.358097" lon="14.317708"></trkpt>
      <trkpt lat="66.358111" lon="14.317906"></trkpt>
      <trkpt lat="66.358127" lon="14.318304"></trkpt>
      <trkpt lat="66.358129" lon="14.318705"></trkpt>
      <trkpt lat="66.358124" lon="14.318905"></trkpt>
      <trkpt lat="66.358108" lon="14.319235"></trkpt>
      <trkpt lat="66.358099" lon="14.319339"></trkpt>
      <trkpt lat="66.357972" lon="14.320853"></trkpt>
      <trkpt lat="66.357912" lon="14.321547"></trkpt>
      <trkpt lat="66.357845" lon="14.322310"></trkpt>
      <trkpt lat="66.357826" lon="14.322497"></trkpt>
      <trkpt lat="66.357792" lon="14.322785"></trkpt>
      <trkpt lat="66.357763" lon="14.322934"></trkpt>
      <trkpt lat="66.357734" lon="14.323042"></trkpt>
      <trkpt lat="66.357705" lon="14.323151"></trkpt>
      <trkpt lat="66.356905" lon="14.321588"></trkpt>
      <trkpt lat="66.356617" lon="14.321028"></trkpt>
      <trkpt lat="66.355546" lon="14.318940"></trkpt>
      <trkpt lat="66.355430" lon="14.318719"></trkpt>
      <trkpt lat="66.355181" lon="14.318242"></trkpt>
      <trkpt lat="66.355068" lon="14.318676"></trkpt>
    </trkseg>
  </trk>
</gpx>